HELD2.0  case=installed-held2-paper-rewrite  T=2.981500e+02 K  P=1.013000e+05 Pa

STEP 1
  certificate  stage=STEP 1  complete  reason=step1_complete  wall=2.626900e-05s  cpu=2.500000e-05s  provider=1  solves=0  iterations=0

STEP 2

REFERENCE PRESSURE ROOTS
  root   0  V= 3.102382e-05  P rel.= 8.918163e-09  G/RT=-5.183360e+01  strict_stable
  root   1  V= 7.828554e-04  P rel.= 5.279574e-09  G/RT=-4.746389e+01  unstable
  root   2  V= 1.954605e-02  P rel.= 3.278584e-10  G/RT=-4.832941e+01  strict_stable
  selected root 0  status=selected
  eval     1  TPD=-1.789094e-01  P rel.= 2.232178e-09  V= 4.684854e-05  certified
  certificate  stage=STEP 2  complete  reason=negative_tpd_witness  wall=4.215102e-01s  cpu=4.214600e-01s  provider=546  solves=1  iterations=1

STEP 3
  certificate  stage=STEP 3  complete  reason=step3_complete  wall=7.739139e-01s  cpu=7.738920e-01s  provider=4  solves=0  iterations=0

STEP 4
  STAGE II STEP 4  major=0  upper=-5.184625e+01  LP_primal= 0.000000e+00  LP_dual= 1.040834e-17  active_cuts=5  certified
  certificate  stage=STEP 4  complete  reason=step4_complete  wall=3.868580e-04s  cpu=3.870000e-04s  provider=0  solves=1  iterations=1

STEP 5
  certificate  stage=STEP 5 LOCAL  major=0  attempt=0  accepted  reason=success  P rel.=-1.237236e-03  objective=-5.288519e+01  upper=-5.184625e+01  gap= 1.038943e+00  wall=0.000000e+00s  cpu=0.000000e+00s  provider=0  solves=0  iterations=0
  certificate  stage=STEP 5  complete  reason=step5_complete  wall=2.724179e-02s  cpu=2.724200e-02s  provider=154  solves=1  iterations=22

STEP 6
  certificate  stage=STEP 6  complete  reason=candidate_set  wall=2.870000e-06s  cpu=2.000000e-06s  provider=0  solves=0  iterations=0

STEP 8
  certificate  stage=STEP 8  complete  reason=problem_67_infeasible  wall=2.285990e-04s  cpu=2.290000e-04s  provider=2  solves=1  iterations=0

STEP 7
  certificate  stage=STEP 7  complete  reason=continue_stage_ii  wall=1.040000e-06s  cpu=1.000000e-06s  provider=0  solves=0  iterations=0

STEP 4
  STAGE II STEP 4  major=1  upper=-5.190453e+01  LP_primal= 0.000000e+00  LP_dual= 0.000000e+00  active_cuts=6  certified
  certificate  stage=STEP 4  complete  reason=step4_complete  wall=2.066790e-04s  cpu=2.070000e-04s  provider=0  solves=1  iterations=1

STEP 5
  certificate  stage=STEP 5 LOCAL  major=1  attempt=1  accepted  reason=success  P rel.=-9.652252e-08  objective=-5.233240e+01  upper=-5.190453e+01  gap= 4.278726e-01  wall=0.000000e+00s  cpu=0.000000e+00s  provider=0  solves=0  iterations=0
  certificate  stage=STEP 5  complete  reason=step5_complete  wall=2.426196e-02s  cpu=2.425700e-02s  provider=23  solves=1  iterations=22

STEP 6
  certificate  stage=STEP 6  complete  reason=insufficient_candidates  wall=9.720000e-06s  cpu=1.000000e-05s  provider=0  solves=0  iterations=0

STEP 7
  certificate  stage=STEP 7  complete  reason=continue_stage_ii  wall=9.000000e-07s  cpu=1.000000e-06s  provider=0  solves=0  iterations=0

STEP 4
  STAGE II STEP 4  major=2  upper=-5.213588e+01  LP_primal= 1.421085e-14  LP_dual= 1.110223e-16  active_cuts=7  certified
  certificate  stage=STEP 4  complete  reason=step4_complete  wall=3.164480e-04s  cpu=3.170000e-04s  provider=0  solves=1  iterations=1

STEP 5
  certificate  stage=STEP 5 LOCAL  major=2  attempt=2  accepted  reason=success  P rel.= 4.654314e-14  objective=-4.929013e+01  upper=-5.213588e+01  gap=-2.845751e+00  wall=0.000000e+00s  cpu=0.000000e+00s  provider=0  solves=0  iterations=0
  certificate  stage=STEP 5 LOCAL  major=2  attempt=3  accepted  reason=success  P rel.= 5.875354e-14  objective=-4.929013e+01  upper=-5.213588e+01  gap=-2.845751e+00  wall=0.000000e+00s  cpu=0.000000e+00s  provider=0  solves=0  iterations=0
  certificate  stage=STEP 5 LOCAL  major=2  attempt=4  accepted  reason=success  P rel.=-1.180389e-09  objective=-5.244100e+01  upper=-5.213588e+01  gap= 3.051248e-01  wall=0.000000e+00s  cpu=0.000000e+00s  provider=0  solves=0  iterations=0
  certificate  stage=STEP 5  complete  reason=step5_complete  wall=6.810290e-02s  cpu=6.809300e-02s  provider=64  solves=3  iterations=61

STEP 6
  certificate  stage=STEP 6  complete  reason=candidate_set  wall=3.490000e-06s  cpu=4.000000e-06s  provider=0  solves=0  iterations=0

STEP 8
  certificate  stage=STEP 8  complete  reason=problem_67_infeasible  wall=1.281790e-04s  cpu=1.280000e-04s  provider=2  solves=1  iterations=0

STEP 7
  certificate  stage=STEP 7  complete  reason=continue_stage_ii  wall=1.130000e-06s  cpu=1.000000e-06s  provider=0  solves=0  iterations=0

STEP 4
  STAGE II STEP 4  major=3  upper=-5.221339e+01  LP_primal= 0.000000e+00  LP_dual= 5.551115e-17  active_cuts=8  certified
  certificate  stage=STEP 4  complete  reason=step4_complete  wall=3.009480e-04s  cpu=3.010000e-04s  provider=0  solves=1  iterations=1

STEP 5
  certificate  stage=STEP 5 LOCAL  major=3  attempt=5  accepted  reason=success  P rel.= 6.449960e-14  objective=-4.936775e+01  upper=-5.221339e+01  gap=-2.845638e+00  wall=0.000000e+00s  cpu=0.000000e+00s  provider=0  solves=0  iterations=0
  certificate  stage=STEP 5 LOCAL  major=3  attempt=6  accepted  reason=success  P rel.=-1.534671e-09  objective=-5.236710e+01  upper=-5.221339e+01  gap= 1.537032e-01  wall=0.000000e+00s  cpu=0.000000e+00s  provider=0  solves=0  iterations=0
  certificate  stage=STEP 5  complete  reason=step5_complete  wall=3.840008e-02s  cpu=3.840100e-02s  provider=37  solves=2  iterations=32

STEP 6
  certificate  stage=STEP 6  complete  reason=candidate_set  wall=3.080000e-06s  cpu=4.000000e-06s  provider=0  solves=0  iterations=0

STEP 8
  certificate  stage=STEP 8  complete  reason=problem_67_infeasible  wall=1.120090e-04s  cpu=1.130000e-04s  provider=2  solves=1  iterations=0

STEP 7
  certificate  stage=STEP 7  complete  reason=continue_stage_ii  wall=1.050000e-06s  cpu=1.000000e-06s  provider=0  solves=0  iterations=0

STEP 4
  STAGE II STEP 4  major=4  upper=-5.221371e+01  LP_primal= 0.000000e+00  LP_dual= 1.110223e-16  active_cuts=9  certified
  certificate  stage=STEP 4  complete  reason=step4_complete  wall=2.663180e-04s  cpu=2.670000e-04s  provider=0  solves=1  iterations=1

STEP 5
  certificate  stage=STEP 5 LOCAL  major=4  attempt=7  accepted  reason=success  P rel.=-1.330132e-09  objective=-5.225117e+01  upper=-5.221371e+01  gap= 3.745731e-02  wall=0.000000e+00s  cpu=0.000000e+00s  provider=0  solves=0  iterations=0
  certificate  stage=STEP 5  complete  reason=step5_complete  wall=1.869571e-02s  cpu=1.869600e-02s  provider=18  solves=1  iterations=15

STEP 6
  certificate  stage=STEP 6  complete  reason=candidate_set  wall=2.920000e-06s  cpu=3.000000e-06s  provider=0  solves=0  iterations=0

STEP 8
  certificate  stage=STEP 8  complete  reason=step8_complete  wall=5.142588e-02s  cpu=5.141900e-02s  provider=102  solves=2  iterations=14

STEP 9
  certificate  stage=STEP 9  failed  objective=-5.221466e+01  upper=-5.221371e+01  gap= 9.492429e-04  wall=0.000000e+00s  cpu=0.000000e+00s  provider=0  solves=0  iterations=0
  certificate  stage=STEP 9  complete  reason=paper_free_energy_convergence_failed  wall=1.545500e-03s  cpu=1.546000e-03s  provider=2  solves=0  iterations=0

STEP 7
  certificate  stage=STEP 7  complete  reason=continue_stage_ii  wall=1.050000e-06s  cpu=1.000000e-06s  provider=0  solves=0  iterations=0

STEP 4
  STAGE II STEP 4  major=5  upper=-5.221387e+01  LP_primal= 7.105427e-15  LP_dual= 5.551115e-17  active_cuts=10  certified
  certificate  stage=STEP 4  complete  reason=step4_complete  wall=2.522580e-04s  cpu=2.520000e-04s  provider=0  solves=1  iterations=1

STEP 5
  certificate  stage=STEP 5 LOCAL  major=5  attempt=8  accepted  reason=success  P rel.= 6.148292e-14  objective=-4.790025e+01  upper=-5.221387e+01  gap=-4.313610e+00  wall=0.000000e+00s  cpu=0.000000e+00s  provider=0  solves=0  iterations=0
  certificate  stage=STEP 5 LOCAL  major=5  attempt=9  accepted  reason=success  P rel.= 2.498103e-13  objective=-4.936808e+01  upper=-5.221387e+01  gap=-2.845788e+00  wall=0.000000e+00s  cpu=0.000000e+00s  provider=0  solves=0  iterations=0
  certificate  stage=STEP 5 LOCAL  major=5  attempt=10  accepted  reason=success  P rel.= 2.154775e-14  objective=-4.790025e+01  upper=-5.221387e+01  gap=-4.313610e+00  wall=0.000000e+00s  cpu=0.000000e+00s  provider=0  solves=0  iterations=0
  certificate  stage=STEP 5 LOCAL  major=5  attempt=11  accepted  reason=success  P rel.= 5.392684e-13  objective=-4.936808e+01  upper=-5.221387e+01  gap=-2.845788e+00  wall=0.000000e+00s  cpu=0.000000e+00s  provider=0  solves=0  iterations=0
  certificate  stage=STEP 5 LOCAL  major=5  attempt=12  accepted  reason=success  P rel.= 4.582489e-14  objective=-4.936808e+01  upper=-5.221387e+01  gap=-2.845788e+00  wall=0.000000e+00s  cpu=0.000000e+00s  provider=0  solves=0  iterations=0
  certificate  stage=STEP 5 LOCAL  major=5  attempt=13  accepted  reason=success  P rel.=-1.266211e-09  objective=-5.222353e+01  upper=-5.221387e+01  gap= 9.665569e-03  wall=0.000000e+00s  cpu=0.000000e+00s  provider=0  solves=0  iterations=0
  certificate  stage=STEP 5  complete  reason=step5_complete  wall=1.220242e-01s  cpu=1.219980e-01s  provider=116  solves=6  iterations=104

STEP 6
  certificate  stage=STEP 6  complete  reason=candidate_set  wall=4.060000e-06s  cpu=4.000000e-06s  provider=0  solves=0  iterations=0

STEP 8
  certificate  stage=STEP 8  complete  reason=step8_complete  wall=5.051713e-02s  cpu=5.050900e-02s  provider=99  solves=2  iterations=13

STEP 9
  certificate  stage=STEP 9  failed  objective=-5.221466e+01  upper=-5.221387e+01  gap= 7.951440e-04  wall=0.000000e+00s  cpu=0.000000e+00s  provider=0  solves=0  iterations=0
  certificate  stage=STEP 9  complete  reason=paper_free_energy_convergence_failed  wall=1.563571e-03s  cpu=1.564000e-03s  provider=2  solves=0  iterations=0

STEP 7
  certificate  stage=STEP 7  complete  reason=continue_stage_ii  wall=1.150000e-06s  cpu=1.000000e-06s  provider=0  solves=0  iterations=0

STEP 4
  STAGE II STEP 4  major=6  upper=-5.221395e+01  LP_primal= 0.000000e+00  LP_dual= 2.775558e-17  active_cuts=11  certified
  certificate  stage=STEP 4  complete  reason=step4_complete  wall=2.627890e-04s  cpu=2.630000e-04s  provider=0  solves=1  iterations=1

STEP 5
  certificate  stage=STEP 5 LOCAL  major=6  attempt=14  accepted  reason=success  P rel.= 7.900842e-14  objective=-4.936816e+01  upper=-5.221395e+01  gap=-2.845788e+00  wall=0.000000e+00s  cpu=0.000000e+00s  provider=0  solves=0  iterations=0
  certificate  stage=STEP 5 LOCAL  major=6  attempt=15  accepted  reason=success  P rel.= 3.045416e-14  objective=-4.936816e+01  upper=-5.221395e+01  gap=-2.845788e+00  wall=0.000000e+00s  cpu=0.000000e+00s  provider=0  solves=0  iterations=0
  certificate  stage=STEP 5 LOCAL  major=6  attempt=16  accepted  reason=success  P rel.=-1.227351e-09  objective=-5.221695e+01  upper=-5.221395e+01  gap= 3.002788e-03  wall=0.000000e+00s  cpu=0.000000e+00s  provider=0  solves=0  iterations=0
  certificate  stage=STEP 5  complete  reason=step5_complete  wall=6.366762e-02s  cpu=6.366900e-02s  provider=61  solves=3  iterations=55

STEP 6
  certificate  stage=STEP 6  complete  reason=candidate_set  wall=4.430000e-06s  cpu=5.000000e-06s  provider=0  solves=0  iterations=0

STEP 8
  certificate  stage=STEP 8  complete  reason=step8_complete  wall=6.170190e-02s  cpu=6.170300e-02s  provider=144  solves=1  iterations=15

STEP 9
  certificate  stage=STEP 9  failed  objective=-5.221468e+01  upper=-5.221395e+01  gap= 7.335112e-04  wall=0.000000e+00s  cpu=0.000000e+00s  provider=0  solves=0  iterations=0
  certificate  stage=STEP 9  complete  reason=paper_free_energy_convergence_failed  wall=2.350776e-03s  cpu=2.351000e-03s  provider=3  solves=0  iterations=0

STEP 7
  certificate  stage=STEP 7  complete  reason=continue_stage_ii  wall=1.080000e-06s  cpu=1.000000e-06s  provider=0  solves=0  iterations=0

STEP 4
  STAGE II STEP 4  major=7  upper=-5.221402e+01  LP_primal= 7.105427e-15  LP_dual= 8.326673e-17  active_cuts=12  certified
  certificate  stage=STEP 4  complete  reason=step4_complete  wall=3.460780e-04s  cpu=3.460000e-04s  provider=0  solves=1  iterations=1

STEP 5
  certificate  stage=STEP 5 LOCAL  major=7  attempt=17  accepted  reason=success  P rel.= 4.050977e-14  objective=-4.936823e+01  upper=-5.221402e+01  gap=-2.845783e+00  wall=0.000000e+00s  cpu=0.000000e+00s  provider=0  solves=0  iterations=0
  certificate  stage=STEP 5 LOCAL  major=7  attempt=18  accepted  reason=success  P rel.= 6.521786e-14  objective=-4.936823e+01  upper=-5.221402e+01  gap=-2.845783e+00  wall=0.000000e+00s  cpu=0.000000e+00s  provider=0  solves=0  iterations=0
  certificate  stage=STEP 5 LOCAL  major=7  attempt=19  accepted  reason=success  P rel.=-1.189960e-09  objective=-5.221615e+01  upper=-5.221402e+01  gap= 2.137069e-03  wall=0.000000e+00s  cpu=0.000000e+00s  provider=0  solves=0  iterations=0
  certificate  stage=STEP 5  complete  reason=step5_complete  wall=6.038746e-02s  cpu=6.037900e-02s  provider=59  solves=3  iterations=51

STEP 6
  certificate  stage=STEP 6  complete  reason=candidate_set  wall=4.760000e-06s  cpu=4.000000e-06s  provider=0  solves=0  iterations=0

STEP 8
  certificate  stage=STEP 8  complete  reason=step8_complete  wall=7.345303e-02s  cpu=7.344800e-02s  provider=154  solves=2  iterations=15

STEP 9
  certificate  stage=STEP 9  failed  objective=-5.221497e+01  upper=-5.221402e+01  gap= 9.478742e-04  wall=0.000000e+00s  cpu=0.000000e+00s  provider=0  solves=0  iterations=0
  certificate  stage=STEP 9  complete  reason=paper_free_energy_convergence_failed  wall=2.309177e-03s  cpu=2.310000e-03s  provider=3  solves=0  iterations=0

STEP 7
  certificate  stage=STEP 7  complete  reason=continue_stage_ii  wall=1.070000e-06s  cpu=1.000000e-06s  provider=0  solves=0  iterations=0

STEP 4
  STAGE II STEP 4  major=8  upper=-5.221437e+01  LP_primal= 0.000000e+00  LP_dual= 2.775558e-17  active_cuts=13  certified
  certificate  stage=STEP 4  complete  reason=step4_complete  wall=2.660480e-04s  cpu=2.670000e-04s  provider=0  solves=1  iterations=1

STEP 5
  certificate  stage=STEP 5 LOCAL  major=8  attempt=20  accepted  reason=success  P rel.= 6.105196e-14  objective=-4.936859e+01  upper=-5.221437e+01  gap=-2.845786e+00  wall=0.000000e+00s  cpu=0.000000e+00s  provider=0  solves=0  iterations=0
  certificate  stage=STEP 5 LOCAL  major=8  attempt=23  accepted  reason=success  P rel.= 5.875354e-14  objective=-4.936859e+01  upper=-5.221437e+01  gap=-2.845786e+00  wall=0.000000e+00s  cpu=0.000000e+00s  provider=0  solves=0  iterations=0
  certificate  stage=STEP 5 LOCAL  major=8  attempt=24  accepted  reason=success  P rel.=-3.355152e-08  objective=-5.221520e+01  upper=-5.221437e+01  gap= 8.339003e-04  wall=0.000000e+00s  cpu=0.000000e+00s  provider=0  solves=0  iterations=0
  certificate  stage=STEP 5  complete  reason=step5_complete  wall=7.308138e-02s  cpu=7.307200e-02s  provider=74  solves=5  iterations=55

STEP 6
  certificate  stage=STEP 6  complete  reason=candidate_set  wall=4.330000e-06s  cpu=4.000000e-06s  provider=0  solves=0  iterations=0

STEP 8
  certificate  stage=STEP 8  complete  reason=step8_complete  wall=4.890037e-01s  cpu=4.889380e-01s  provider=1234  solves=2  iterations=127

STEP 9
  certificate  stage=STEP 9  failed  objective=-5.221503e+01  upper=-5.221437e+01  gap= 6.581510e-04  wall=0.000000e+00s  cpu=0.000000e+00s  provider=0  solves=0  iterations=0
  certificate  stage=STEP 9  complete  reason=paper_free_energy_convergence_failed  wall=2.364566e-03s  cpu=2.364000e-03s  provider=3  solves=0  iterations=0

STEP 7
  certificate  stage=STEP 7  complete  reason=continue_stage_ii  wall=1.090000e-06s  cpu=1.000000e-06s  provider=0  solves=0  iterations=0

STEP 4
  STAGE II STEP 4  major=9  upper=-5.221499e+01  LP_primal= 0.000000e+00  LP_dual= 1.387779e-17  active_cuts=14  certified
  certificate  stage=STEP 4  complete  reason=step4_complete  wall=3.052080e-04s  cpu=3.060000e-04s  provider=0  solves=1  iterations=1

STEP 5
  certificate  stage=STEP 5 LOCAL  major=9  attempt=25  accepted  reason=success  P rel.= 4.797966e-14  objective=-4.936837e+01  upper=-5.221499e+01  gap=-2.846622e+00  wall=0.000000e+00s  cpu=0.000000e+00s  provider=0  solves=0  iterations=0
  certificate  stage=STEP 5 LOCAL  major=9  attempt=26  accepted  reason=success  P rel.=-1.212750e-09  objective=-5.221553e+01  upper=-5.221499e+01  gap= 5.366736e-04  wall=0.000000e+00s  cpu=0.000000e+00s  provider=0  solves=0  iterations=0
  certificate  stage=STEP 5  complete  reason=step5_complete  wall=4.467662e-02s  cpu=4.465500e-02s  provider=42  solves=2  iterations=39

STEP 6
  certificate  stage=STEP 6  complete  reason=candidate_set  wall=5.610000e-06s  cpu=6.000000e-06s  provider=0  solves=0  iterations=0

STEP 8
  certificate  stage=STEP 8  complete  reason=step8_complete  wall=7.380820e-02s  cpu=7.380700e-02s  provider=170  solves=2  iterations=15

STEP 9
  certificate  stage=STEP 9  failed  objective=-5.221508e+01  upper=-5.221499e+01  gap= 8.914716e-05  wall=0.000000e+00s  cpu=0.000000e+00s  provider=0  solves=0  iterations=0
  certificate  stage=STEP 9  complete  reason=paper_potential_convergence_failed  wall=2.303627e-03s  cpu=2.304000e-03s  provider=3  solves=0  iterations=0

STEP 7
  certificate  stage=STEP 7  complete  reason=continue_stage_ii  wall=1.130000e-06s  cpu=1.000000e-06s  provider=0  solves=0  iterations=0

STEP 4
  STAGE II STEP 4  major=10  upper=-5.221506e+01  LP_primal= 7.105427e-15  LP_dual= 2.775558e-17  active_cuts=15  certified
  certificate  stage=STEP 4  complete  reason=step4_complete  wall=2.808580e-04s  cpu=2.820000e-04s  provider=0  solves=1  iterations=1

STEP 5
  certificate  stage=STEP 5 LOCAL  major=10  attempt=27  accepted  reason=success  P rel.= 6.105196e-14  objective=-4.936848e+01  upper=-5.221506e+01  gap=-2.846582e+00  wall=0.000000e+00s  cpu=0.000000e+00s  provider=0  solves=0  iterations=0
  certificate  stage=STEP 5 LOCAL  major=10  attempt=28  accepted  reason=success  P rel.= 4.812331e-14  objective=-4.794535e+01  upper=-5.221506e+01  gap=-4.269711e+00  wall=0.000000e+00s  cpu=0.000000e+00s  provider=0  solves=0  iterations=0
  certificate  stage=STEP 5 LOCAL  major=10  attempt=29  accepted  reason=success  P rel.= 5.458764e-14  objective=-4.936848e+01  upper=-5.221506e+01  gap=-2.846582e+00  wall=0.000000e+00s  cpu=0.000000e+00s  provider=0  solves=0  iterations=0
  certificate  stage=STEP 5 LOCAL  major=10  attempt=30  accepted  reason=success  P rel.= 5.947180e-14  objective=-4.936848e+01  upper=-5.221506e+01  gap=-2.846582e+00  wall=0.000000e+00s  cpu=0.000000e+00s  provider=0  solves=0  iterations=0
  certificate  stage=STEP 5 LOCAL  major=10  attempt=31  accepted  reason=success  P rel.= 6.191387e-14  objective=-4.936848e+01  upper=-5.221506e+01  gap=-2.846582e+00  wall=0.000000e+00s  cpu=0.000000e+00s  provider=0  solves=0  iterations=0
  certificate  stage=STEP 5 LOCAL  major=10  attempt=32  accepted  reason=success  P rel.= 1.781281e-14  objective=-4.936848e+01  upper=-5.221506e+01  gap=-2.846582e+00  wall=0.000000e+00s  cpu=0.000000e+00s  provider=0  solves=0  iterations=0
  certificate  stage=STEP 5 LOCAL  major=10  attempt=33  accepted  reason=success  P rel.= 3.605657e-14  objective=-4.936848e+01  upper=-5.221506e+01  gap=-2.846582e+00  wall=0.000000e+00s  cpu=0.000000e+00s  provider=0  solves=0  iterations=0
  certificate  stage=STEP 5 LOCAL  major=10  attempt=34  accepted  reason=success  P rel.= 6.133927e-14  objective=-4.936848e+01  upper=-5.221506e+01  gap=-2.846582e+00  wall=0.000000e+00s  cpu=0.000000e+00s  provider=0  solves=0  iterations=0
  certificate  stage=STEP 5 LOCAL  major=10  attempt=35  accepted  reason=success  P rel.= 5.746067e-14  objective=-4.936848e+01  upper=-5.221506e+01  gap=-2.846582e+00  wall=0.000000e+00s  cpu=0.000000e+00s  provider=0  solves=0  iterations=0
  certificate  stage=STEP 5 LOCAL  major=10  attempt=36  accepted  reason=success  P rel.=-1.210213e-09  objective=-5.221520e+01  upper=-5.221506e+01  gap= 1.338804e-04  wall=0.000000e+00s  cpu=0.000000e+00s  provider=0  solves=0  iterations=0
  certificate  stage=STEP 5  complete  reason=step5_complete  wall=2.100678e-01s  cpu=2.100700e-01s  provider=198  solves=10  iterations=187

STEP 6
  certificate  stage=STEP 6  complete  reason=candidate_set  wall=5.330000e-06s  cpu=5.000000e-06s  provider=0  solves=0  iterations=0

STEP 8
  certificate  stage=STEP 8  complete  reason=step8_complete  wall=4.870794e-01s  cpu=4.870320e-01s  provider=1484  solves=2  iterations=122

STEP 9
  certificate  stage=STEP 9  failed  objective=-5.221510e+01  upper=-5.221506e+01  gap= 3.487149e-05  wall=0.000000e+00s  cpu=0.000000e+00s  provider=0  solves=0  iterations=0
  certificate  stage=STEP 9  complete  reason=paper_potential_convergence_failed  wall=1.598811e-03s  cpu=1.599000e-03s  provider=2  solves=0  iterations=0

STEP 7
  certificate  stage=STEP 7  complete  reason=continue_stage_ii  wall=1.070000e-06s  cpu=1.000000e-06s  provider=0  solves=0  iterations=0

STEP 4
  STAGE II STEP 4  major=11  upper=-5.221510e+01  LP_primal= 7.105427e-15  LP_dual= 1.387779e-17  active_cuts=16  certified
  certificate  stage=STEP 4  complete  reason=step4_complete  wall=3.022780e-04s  cpu=3.020000e-04s  provider=0  solves=1  iterations=1

STEP 5
  certificate  stage=STEP 5 LOCAL  major=11  attempt=37  accepted  reason=success  P rel.=-3.358553e-08  objective=-5.221510e+01  upper=-5.221510e+01  gap= 1.487927e-07  wall=0.000000e+00s  cpu=0.000000e+00s  provider=0  solves=0  iterations=0
  certificate  stage=STEP 5  complete  reason=step5_complete  wall=2.706632e-02s  cpu=2.706700e-02s  provider=26  solves=1  iterations=21

STEP 6
  certificate  stage=STEP 6  complete  reason=candidate_set  wall=9.370000e-06s  cpu=9.000000e-06s  provider=0  solves=0  iterations=0

STEP 8
  certificate  stage=STEP 8  complete  reason=step8_complete  wall=3.389959e-02s  cpu=3.390000e-02s  provider=58  solves=1  iterations=11

STEP 9
  certificate  stage=STEP 9  failed  objective=-5.221510e+01  upper=-5.221510e+01  gap= 1.681050e-06  wall=0.000000e+00s  cpu=0.000000e+00s  provider=0  solves=0  iterations=0
  certificate  stage=STEP 9  complete  reason=paper_potential_convergence_failed  wall=1.676850e-03s  cpu=1.677000e-03s  provider=2  solves=0  iterations=0

STEP 7
  certificate  stage=STEP 7  complete  reason=continue_stage_ii  wall=1.150000e-06s  cpu=1.000000e-06s  provider=0  solves=0  iterations=0

STEP 4
  STAGE II STEP 4  major=12  upper=-5.221510e+01  LP_primal= 0.000000e+00  LP_dual= 4.163336e-17  active_cuts=17  certified
  certificate  stage=STEP 4  complete  reason=step4_complete  wall=4.066780e-04s  cpu=4.070000e-04s  provider=0  solves=1  iterations=1

STEP 5
  certificate  stage=STEP 5 LOCAL  major=12  attempt=38  accepted  reason=success  P rel.= 6.622342e-14  objective=-4.936849e+01  upper=-5.221510e+01  gap=-2.846601e+00  wall=0.000000e+00s  cpu=0.000000e+00s  provider=0  solves=0  iterations=0
  certificate  stage=STEP 5 LOCAL  major=12  attempt=39  accepted  reason=success  P rel.= 6.363769e-14  objective=-4.936849e+01  upper=-5.221510e+01  gap=-2.846601e+00  wall=0.000000e+00s  cpu=0.000000e+00s  provider=0  solves=0  iterations=0
  certificate  stage=STEP 5 LOCAL  major=12  attempt=40  accepted  reason=success  P rel.= 7.900842e-14  objective=-4.936849e+01  upper=-5.221510e+01  gap=-2.846601e+00  wall=0.000000e+00s  cpu=0.000000e+00s  provider=0  solves=0  iterations=0
  certificate  stage=STEP 5 LOCAL  major=12  attempt=41  accepted  reason=success  P rel.= 2.485174e-14  objective=-4.936849e+01  upper=-5.221510e+01  gap=-2.846601e+00  wall=0.000000e+00s  cpu=0.000000e+00s  provider=0  solves=0  iterations=0
  certificate  stage=STEP 5 LOCAL  major=12  attempt=42  accepted  reason=success  P rel.= 6.363769e-14  objective=-4.936849e+01  upper=-5.221510e+01  gap=-2.846601e+00  wall=0.000000e+00s  cpu=0.000000e+00s  provider=0  solves=0  iterations=0
  certificate  stage=STEP 5 LOCAL  major=12  attempt=43  accepted  reason=success  P rel.=-3.351485e-08  objective=-5.221510e+01  upper=-5.221510e+01  gap=-2.131628e-14  wall=0.000000e+00s  cpu=0.000000e+00s  provider=0  solves=0  iterations=0
  certificate  stage=STEP 5  complete  reason=step5_complete  wall=1.411035e-01s  cpu=1.410960e-01s  provider=130  solves=6  iterations=121

STEP 6
  certificate  stage=STEP 6  complete  reason=candidate_set  wall=9.030000e-06s  cpu=9.000000e-06s  provider=0  solves=0  iterations=0

STEP 8
  certificate  stage=STEP 8  complete  reason=step8_complete  wall=3.215621e-02s  cpu=3.215700e-02s  provider=58  solves=1  iterations=11

STEP 9
  certificate  stage=STEP 9  failed  objective=-5.221510e+01  upper=-5.221510e+01  gap= 1.570604e-06  wall=0.000000e+00s  cpu=0.000000e+00s  provider=0  solves=0  iterations=0
  certificate  stage=STEP 9  complete  reason=paper_potential_convergence_failed  wall=1.633200e-03s  cpu=1.633000e-03s  provider=2  solves=0  iterations=0

STEP 7
  certificate  stage=STEP 7  complete  reason=continue_stage_ii  wall=1.100000e-06s  cpu=1.000000e-06s  provider=0  solves=0  iterations=0

STEP 4
  STAGE II STEP 4  major=13  upper=-5.221510e+01  LP_primal= 0.000000e+00  LP_dual= 4.163336e-17  active_cuts=18  certified
  certificate  stage=STEP 4  complete  reason=step4_complete  wall=3.697380e-04s  cpu=3.700000e-04s  provider=0  solves=1  iterations=1

STEP 5
  certificate  stage=STEP 5 LOCAL  major=13  attempt=44  accepted  reason=success  P rel.= 3.878595e-14  objective=-4.794224e+01  upper=-5.221510e+01  gap=-4.272855e+00  wall=0.000000e+00s  cpu=0.000000e+00s  provider=0  solves=0  iterations=0
  certificate  stage=STEP 5 LOCAL  major=13  attempt=45  accepted  reason=success  P rel.= 6.995837e-14  objective=-4.936849e+01  upper=-5.221510e+01  gap=-2.846601e+00  wall=0.000000e+00s  cpu=0.000000e+00s  provider=0  solves=0  iterations=0
  certificate  stage=STEP 5 LOCAL  major=13  attempt=47  accepted  reason=success  P rel.=-3.351485e-08  objective=-5.221510e+01  upper=-5.221510e+01  gap=-2.131628e-14  wall=0.000000e+00s  cpu=0.000000e+00s  provider=0  solves=0  iterations=0
  certificate  stage=STEP 5  complete  reason=step5_complete  wall=6.066244e-02s  cpu=6.066300e-02s  provider=59  solves=4  iterations=50

STEP 6
  certificate  stage=STEP 6  complete  reason=candidate_set  wall=1.459000e-05s  cpu=1.500000e-05s  provider=0  solves=0  iterations=0

STEP 8
  certificate  stage=STEP 8  complete  reason=step8_complete  wall=4.971440e-02s  cpu=4.971500e-02s  provider=58  solves=1  iterations=11

STEP 9
  certificate  stage=STEP 9  failed  objective=-5.221510e+01  upper=-5.221510e+01  gap= 1.570604e-06  wall=0.000000e+00s  cpu=0.000000e+00s  provider=0  solves=0  iterations=0
  certificate  stage=STEP 9  complete  reason=paper_potential_convergence_failed  wall=2.439906e-03s  cpu=2.440000e-03s  provider=2  solves=0  iterations=0

STEP 7
  certificate  stage=STEP 7  complete  reason=continue_stage_ii  wall=1.910000e-06s  cpu=2.000000e-06s  provider=0  solves=0  iterations=0

STEP 4
  STAGE II STEP 4  major=14  upper=-5.221510e+01  LP_primal= 0.000000e+00  LP_dual= 4.163336e-17  active_cuts=19  certified
  certificate  stage=STEP 4  complete  reason=step4_complete  wall=5.791660e-04s  cpu=5.790000e-04s  provider=0  solves=1  iterations=1

STEP 5
  certificate  stage=STEP 5 LOCAL  major=14  attempt=48  accepted  reason=success  P rel.= 4.285130e-13  objective=-4.936849e+01  upper=-5.221510e+01  gap=-2.846601e+00  wall=0.000000e+00s  cpu=0.000000e+00s  provider=0  solves=0  iterations=0
  certificate  stage=STEP 5 LOCAL  major=14  attempt=49  accepted  reason=success  P rel.= 5.042174e-14  objective=-4.936849e+01  upper=-5.221510e+01  gap=-2.846601e+00  wall=0.000000e+00s  cpu=0.000000e+00s  provider=0  solves=0  iterations=0
  certificate  stage=STEP 5 LOCAL  major=14  attempt=50  accepted  reason=success  P rel.= 3.792404e-14  objective=-4.936849e+01  upper=-5.221510e+01  gap=-2.846601e+00  wall=0.000000e+00s  cpu=0.000000e+00s  provider=0  solves=0  iterations=0
  certificate  stage=STEP 5 LOCAL  major=14  attempt=51  accepted  reason=success  P rel.= 3.878595e-14  objective=-4.794224e+01  upper=-5.221510e+01  gap=-4.272855e+00  wall=0.000000e+00s  cpu=0.000000e+00s  provider=0  solves=0  iterations=0
  certificate  stage=STEP 5 LOCAL  major=14  attempt=52  accepted  reason=success  P rel.= 2.427713e-14  objective=-4.936849e+01  upper=-5.221510e+01  gap=-2.846601e+00  wall=0.000000e+00s  cpu=0.000000e+00s  provider=0  solves=0  iterations=0
  certificate  stage=STEP 5 LOCAL  major=14  attempt=53  accepted  reason=success  P rel.= 4.841062e-14  objective=-4.936849e+01  upper=-5.221510e+01  gap=-2.846601e+00  wall=0.000000e+00s  cpu=0.000000e+00s  provider=0  solves=0  iterations=0
  certificate  stage=STEP 5 LOCAL  major=14  attempt=54  accepted  reason=success  P rel.= 5.042174e-14  objective=-4.936849e+01  upper=-5.221510e+01  gap=-2.846601e+00  wall=0.000000e+00s  cpu=0.000000e+00s  provider=0  solves=0  iterations=0
  certificate  stage=STEP 5 LOCAL  major=14  attempt=55  accepted  reason=success  P rel.= 5.611035e-13  objective=-4.936849e+01  upper=-5.221510e+01  gap=-2.846601e+00  wall=0.000000e+00s  cpu=0.000000e+00s  provider=0  solves=0  iterations=0
  certificate  stage=STEP 5 LOCAL  major=14  attempt=56  accepted  reason=success  P rel.= 3.240782e-13  objective=-4.936849e+01  upper=-5.221510e+01  gap=-2.846601e+00  wall=0.000000e+00s  cpu=0.000000e+00s  provider=0  solves=0  iterations=0
  certificate  stage=STEP 5 LOCAL  major=14  attempt=57  accepted  reason=success  P rel.= 5.588050e-14  objective=-4.936849e+01  upper=-5.221510e+01  gap=-2.846601e+00  wall=0.000000e+00s  cpu=0.000000e+00s  provider=0  solves=0  iterations=0
  certificate  stage=STEP 5 LOCAL  major=14  attempt=59  accepted  reason=success  P rel.= 6.428413e-13  objective=-4.936849e+01  upper=-5.221510e+01  gap=-2.846601e+00  wall=0.000000e+00s  cpu=0.000000e+00s  provider=0  solves=0  iterations=0
  certificate  stage=STEP 5 LOCAL  major=14  attempt=60  accepted  reason=success  P rel.= 4.869792e-14  objective=-4.936849e+01  upper=-5.221510e+01  gap=-2.846601e+00  wall=0.000000e+00s  cpu=0.000000e+00s  provider=0  solves=0  iterations=0
  certificate  stage=STEP 5 LOCAL  major=14  attempt=61  accepted  reason=success  P rel.= 4.266455e-14  objective=-4.936849e+01  upper=-5.221510e+01  gap=-2.846601e+00  wall=0.000000e+00s  cpu=0.000000e+00s  provider=0  solves=0  iterations=0
  certificate  stage=STEP 5 LOCAL  major=14  attempt=62  accepted  reason=success  P rel.=-1.201311e-09  objective=-5.221513e+01  upper=-5.221510e+01  gap= 3.350980e-05  wall=0.000000e+00s  cpu=0.000000e+00s  provider=0  solves=0  iterations=0
  certificate  stage=STEP 5  complete  reason=step5_complete  wall=4.004675e-01s  cpu=3.940210e-01s  provider=310  solves=15  iterations=275

STEP 6
  certificate  stage=STEP 6  complete  reason=candidate_set  wall=1.735000e-05s  cpu=1.800000e-05s  provider=0  solves=0  iterations=0

STEP 8
  certificate  stage=STEP 8  complete  reason=step8_complete  wall=7.237346e-02s  cpu=7.236700e-02s  provider=129  solves=2  iterations=18

STEP 9
  certificate  stage=STEP 9  failed  objective=-5.221510e+01  upper=-5.221510e+01  gap= 1.570603e-06  wall=0.000000e+00s  cpu=0.000000e+00s  provider=0  solves=0  iterations=0
  certificate  stage=STEP 9  complete  reason=paper_potential_convergence_failed  wall=1.655950e-03s  cpu=1.656000e-03s  provider=2  solves=0  iterations=0

STEP 7
  certificate  stage=STEP 7  complete  reason=continue_stage_ii  wall=1.070000e-06s  cpu=1.000000e-06s  provider=0  solves=0  iterations=0

STEP 4
  STAGE II STEP 4  major=15  upper=-5.221510e+01  LP_primal= 7.105427e-15  LP_dual= 5.898060e-17  active_cuts=20  certified
  certificate  stage=STEP 4  complete  reason=step4_complete  wall=3.210080e-04s  cpu=3.220000e-04s  provider=0  solves=1  iterations=1

STEP 5
  certificate  stage=STEP 5 LOCAL  major=15  attempt=63  accepted  reason=success  P rel.=-1.193654e-09  objective=-5.221510e+01  upper=-5.221510e+01  gap= 8.372883e-06  wall=0.000000e+00s  cpu=0.000000e+00s  provider=0  solves=0  iterations=0
  certificate  stage=STEP 5  complete  reason=step5_complete  wall=2.072703e-02s  cpu=2.072700e-02s  provider=19  solves=1  iterations=17

STEP 6
  certificate  stage=STEP 6  complete  reason=candidate_set  wall=8.960000e-06s  cpu=9.000000e-06s  provider=0  solves=0  iterations=0

STEP 8
  certificate  stage=STEP 8  complete  reason=step8_complete  wall=6.404331e-02s  cpu=6.403800e-02s  provider=123  solves=2  iterations=17

STEP 9
  certificate  stage=STEP 9  failed  objective=-5.221510e+01  upper=-5.221510e+01  gap= 8.009883e-07  wall=0.000000e+00s  cpu=0.000000e+00s  provider=0  solves=0  iterations=0
  certificate  stage=STEP 9  complete  reason=paper_potential_convergence_failed  wall=1.635400e-03s  cpu=1.636000e-03s  provider=2  solves=0  iterations=0

STEP 7
  certificate  stage=STEP 7  complete  reason=continue_stage_ii  wall=1.420000e-06s  cpu=1.000000e-06s  provider=0  solves=0  iterations=0

STEP 4
  STAGE II STEP 4  major=16  upper=-5.221510e+01  LP_primal= 0.000000e+00  LP_dual= 4.857226e-17  active_cuts=21  certified
  certificate  stage=STEP 4  complete  reason=step4_complete  wall=3.186180e-04s  cpu=3.190000e-04s  provider=0  solves=1  iterations=1

STEP 5
  certificate  stage=STEP 5 LOCAL  major=16  attempt=64  accepted  reason=success  P rel.=-2.121044e-09  objective=-5.221510e+01  upper=-5.221510e+01  gap= 2.092777e-06  wall=0.000000e+00s  cpu=0.000000e+00s  provider=0  solves=0  iterations=0
  certificate  stage=STEP 5  complete  reason=step5_complete  wall=1.878588e-02s  cpu=1.878600e-02s  provider=17  solves=1  iterations=16

STEP 6
  certificate  stage=STEP 6  complete  reason=candidate_set  wall=7.970000e-06s  cpu=8.000000e-06s  provider=0  solves=0  iterations=0

STEP 8
  certificate  stage=STEP 8  complete  reason=step8_complete  wall=6.782945e-02s  cpu=6.780600e-02s  provider=123  solves=2  iterations=17

STEP 9
  certificate  stage=STEP 9  failed  objective=-5.221510e+01  upper=-5.221510e+01  gap= 4.164911e-07  wall=0.000000e+00s  cpu=0.000000e+00s  provider=0  solves=0  iterations=0
  certificate  stage=STEP 9  complete  reason=paper_potential_convergence_failed  wall=2.494545e-03s  cpu=2.495000e-03s  provider=2  solves=0  iterations=0

STEP 7
  certificate  stage=STEP 7  complete  reason=continue_stage_ii  wall=2.240000e-06s  cpu=2.000000e-06s  provider=0  solves=0  iterations=0

STEP 4
  STAGE II STEP 4  major=17  upper=-5.221510e+01  LP_primal= 0.000000e+00  LP_dual= 1.249001e-16  active_cuts=22  certified
  certificate  stage=STEP 4  complete  reason=step4_complete  wall=4.916170e-04s  cpu=4.920000e-04s  provider=0  solves=1  iterations=1

STEP 5
  certificate  stage=STEP 5 LOCAL  major=17  attempt=65  accepted  reason=success  P rel.= 6.852185e-14  objective=-4.936851e+01  upper=-5.221510e+01  gap=-2.846584e+00  wall=0.000000e+00s  cpu=0.000000e+00s  provider=0  solves=0  iterations=0
  certificate  stage=STEP 5 LOCAL  major=17  attempt=66  accepted  reason=success  P rel.= 5.171460e-14  objective=-4.936851e+01  upper=-5.221510e+01  gap=-2.846584e+00  wall=0.000000e+00s  cpu=0.000000e+00s  provider=0  solves=0  iterations=0
  certificate  stage=STEP 5 LOCAL  major=17  attempt=67  accepted  reason=success  P rel.= 6.636708e-14  objective=-4.936851e+01  upper=-5.221510e+01  gap=-2.846584e+00  wall=0.000000e+00s  cpu=0.000000e+00s  provider=0  solves=0  iterations=0
  certificate  stage=STEP 5 LOCAL  major=17  attempt=68  accepted  reason=success  P rel.= 5.257652e-14  objective=-4.936851e+01  upper=-5.221510e+01  gap=-2.846584e+00  wall=0.000000e+00s  cpu=0.000000e+00s  provider=0  solves=0  iterations=0
  certificate  stage=STEP 5 LOCAL  major=17  attempt=69  accepted  reason=success  P rel.= 5.171460e-14  objective=-4.936851e+01  upper=-5.221510e+01  gap=-2.846584e+00  wall=0.000000e+00s  cpu=0.000000e+00s  provider=0  solves=0  iterations=0
  certificate  stage=STEP 5 LOCAL  major=17  attempt=70  accepted  reason=success  P rel.=-1.212572e-09  objective=-5.221510e+01  upper=-5.221510e+01  gap= 5.232615e-07  wall=0.000000e+00s  cpu=0.000000e+00s  provider=0  solves=0  iterations=0
  certificate  stage=STEP 5  complete  reason=step5_complete  wall=1.976875e-01s  cpu=1.842420e-01s  provider=120  solves=6  iterations=112

STEP 6
  certificate  stage=STEP 6  complete  reason=candidate_set  wall=1.267900e-05s  cpu=1.300000e-05s  provider=0  solves=0  iterations=0

STEP 8
  certificate  stage=STEP 8  complete  reason=step8_complete  wall=1.724391e-01s  cpu=1.722890e-01s  provider=504  solves=2  iterations=51

STEP 9
  certificate  stage=STEP 9  failed  objective=-5.221510e+01  upper=-5.221510e+01  gap= 9.936431e-08  wall=0.000000e+00s  cpu=0.000000e+00s  provider=0  solves=0  iterations=0
  certificate  stage=STEP 9  complete  reason=paper_potential_convergence_failed  wall=1.559671e-03s  cpu=1.560000e-03s  provider=2  solves=0  iterations=0

STEP 7
  certificate  stage=STEP 7  complete  reason=continue_stage_ii  wall=1.110000e-06s  cpu=1.000000e-06s  provider=0  solves=0  iterations=0

STEP 4
  STAGE II STEP 4  major=18  upper=-5.221510e+01  LP_primal= 0.000000e+00  LP_dual= 8.326673e-17  active_cuts=23  certified
  certificate  stage=STEP 4  complete  reason=step4_complete  wall=3.213280e-04s  cpu=3.220000e-04s  provider=0  solves=1  iterations=1

STEP 5
  certificate  stage=STEP 5 LOCAL  major=18  attempt=71  accepted  reason=success  P rel.= 4.151534e-14  objective=-4.936851e+01  upper=-5.221510e+01  gap=-2.846583e+00  wall=0.000000e+00s  cpu=0.000000e+00s  provider=0  solves=0  iterations=0
  certificate  stage=STEP 5 LOCAL  major=18  attempt=72  accepted  reason=success  P rel.= 4.927253e-14  objective=-4.936851e+01  upper=-5.221510e+01  gap=-2.846583e+00  wall=0.000000e+00s  cpu=0.000000e+00s  provider=0  solves=0  iterations=0
  certificate  stage=STEP 5 LOCAL  major=18  attempt=73  accepted  reason=success  P rel.= 2.334340e-13  objective=-4.936851e+01  upper=-5.221510e+01  gap=-2.846583e+00  wall=0.000000e+00s  cpu=0.000000e+00s  provider=0  solves=0  iterations=0
  certificate  stage=STEP 5 LOCAL  major=18  attempt=74  accepted  reason=success  P rel.= 2.093005e-13  objective=-4.936851e+01  upper=-5.221510e+01  gap=-2.846583e+00  wall=0.000000e+00s  cpu=0.000000e+00s  provider=0  solves=0  iterations=0
  certificate  stage=STEP 5 LOCAL  major=18  attempt=75  accepted  reason=success  P rel.= 5.918449e-14  objective=-4.936851e+01  upper=-5.221510e+01  gap=-2.846583e+00  wall=0.000000e+00s  cpu=0.000000e+00s  provider=0  solves=0  iterations=0
  certificate  stage=STEP 5 LOCAL  major=18  attempt=76  accepted  reason=success  P rel.= 6.721462e-13  objective=-4.936851e+01  upper=-5.221510e+01  gap=-2.846583e+00  wall=0.000000e+00s  cpu=0.000000e+00s  provider=0  solves=0  iterations=0
  certificate  stage=STEP 5 LOCAL  major=18  attempt=77  accepted  reason=success  P rel.= 2.159085e-13  objective=-4.936851e+01  upper=-5.221510e+01  gap=-2.846583e+00  wall=0.000000e+00s  cpu=0.000000e+00s  provider=0  solves=0  iterations=0
  certificate  stage=STEP 5 LOCAL  major=18  attempt=78  accepted  reason=success  P rel.= 3.160337e-14  objective=-4.936851e+01  upper=-5.221510e+01  gap=-2.846583e+00  wall=0.000000e+00s  cpu=0.000000e+00s  provider=0  solves=0  iterations=0
  certificate  stage=STEP 5 LOCAL  major=18  attempt=79  accepted  reason=success  P rel.= 4.266455e-14  objective=-4.936851e+01  upper=-5.221510e+01  gap=-2.846583e+00  wall=0.000000e+00s  cpu=0.000000e+00s  provider=0  solves=0  iterations=0
  certificate  stage=STEP 5 LOCAL  major=18  attempt=80  accepted  reason=success  P rel.= 4.726140e-14  objective=-4.936851e+01  upper=-5.221510e+01  gap=-2.846583e+00  wall=0.000000e+00s  cpu=0.000000e+00s  provider=0  solves=0  iterations=0
  certificate  stage=STEP 5 LOCAL  major=18  attempt=81  accepted  reason=success  P rel.= 1.685034e-13  objective=-4.936851e+01  upper=-5.221510e+01  gap=-2.846583e+00  wall=0.000000e+00s  cpu=0.000000e+00s  provider=0  solves=0  iterations=0
  certificate  stage=STEP 5 LOCAL  major=18  attempt=82  accepted  reason=success  P rel.= 3.921691e-14  objective=-4.936851e+01  upper=-5.221510e+01  gap=-2.846583e+00  wall=0.000000e+00s  cpu=0.000000e+00s  provider=0  solves=0  iterations=0
  certificate  stage=STEP 5 LOCAL  major=18  attempt=83  accepted  reason=success  P rel.= 5.961545e-14  objective=-4.936851e+01  upper=-5.221510e+01  gap=-2.846583e+00  wall=0.000000e+00s  cpu=0.000000e+00s  provider=0  solves=0  iterations=0
  certificate  stage=STEP 5 LOCAL  major=18  attempt=84  accepted  reason=success  P rel.= 3.835500e-14  objective=-4.936851e+01  upper=-5.221510e+01  gap=-2.846583e+00  wall=0.000000e+00s  cpu=0.000000e+00s  provider=0  solves=0  iterations=0
  certificate  stage=STEP 5 LOCAL  major=18  attempt=85  accepted  reason=success  P rel.= 4.496298e-14  objective=-4.794509e+01  upper=-5.221510e+01  gap=-4.270008e+00  wall=0.000000e+00s  cpu=0.000000e+00s  provider=0  solves=0  iterations=0
  certificate  stage=STEP 5 LOCAL  major=18  attempt=87  accepted  reason=success  P rel.= 6.938376e-14  objective=-4.936851e+01  upper=-5.221510e+01  gap=-2.846583e+00  wall=0.000000e+00s  cpu=0.000000e+00s  provider=0  solves=0  iterations=0
  certificate  stage=STEP 5 LOCAL  major=18  attempt=88  accepted  reason=success  P rel.= 3.720579e-14  objective=-4.936851e+01  upper=-5.221510e+01  gap=-2.846583e+00  wall=0.000000e+00s  cpu=0.000000e+00s  provider=0  solves=0  iterations=0
  certificate  stage=STEP 5 LOCAL  major=18  attempt=89  accepted  reason=success  P rel.=-1.202334e-09  objective=-5.221510e+01  upper=-5.221510e+01  gap= 1.309462e-07  wall=0.000000e+00s  cpu=0.000000e+00s  provider=0  solves=0  iterations=0
  certificate  stage=STEP 5  complete  reason=step5_complete  wall=5.457277e-01s  cpu=5.318890e-01s  provider=375  solves=19  iterations=346

STEP 6
  certificate  stage=STEP 6  complete  reason=candidate_set  wall=2.385000e-05s  cpu=2.400000e-05s  provider=0  solves=0  iterations=0

STEP 8
  certificate  stage=STEP 8  complete  reason=step8_complete  wall=1.194617e-01s  cpu=1.113270e-01s  provider=129  solves=2  iterations=18

STEP 9
  certificate  stage=STEP 9  failed  objective=-5.221510e+01  upper=-5.221510e+01  gap= 1.281706e-07  wall=0.000000e+00s  cpu=0.000000e+00s  provider=0  solves=0  iterations=0
  certificate  stage=STEP 9  complete  reason=paper_potential_convergence_failed  wall=6.068404e-03s  cpu=3.068000e-03s  provider=2  solves=0  iterations=0

STEP 7
  certificate  stage=STEP 7  complete  reason=continue_stage_ii  wall=2.620000e-06s  cpu=2.000000e-06s  provider=0  solves=0  iterations=0

STEP 4
  STAGE II STEP 4  major=19  upper=-5.221510e+01  LP_primal= 0.000000e+00  LP_dual= 1.387779e-17  active_cuts=24  certified
  certificate  stage=STEP 4  complete  reason=step4_complete  wall=7.002560e-04s  cpu=7.010000e-04s  provider=0  solves=1  iterations=1

STEP 5
  certificate  stage=STEP 5 LOCAL  major=19  attempt=90  accepted  reason=success  P rel.= 4.596854e-14  objective=-4.936851e+01  upper=-5.221510e+01  gap=-2.846584e+00  wall=0.000000e+00s  cpu=0.000000e+00s  provider=0  solves=0  iterations=0
  certificate  stage=STEP 5 LOCAL  major=19  attempt=91  accepted  reason=success  P rel.=-1.204515e-09  objective=-5.221510e+01  upper=-5.221510e+01  gap= 3.273769e-08  wall=0.000000e+00s  cpu=0.000000e+00s  provider=0  solves=0  iterations=0
  certificate  stage=STEP 5  complete  reason=step5_complete  wall=8.058729e-02s  cpu=7.196400e-02s  provider=45  solves=2  iterations=39

STEP 6
  certificate  stage=STEP 6  complete  reason=candidate_set  wall=2.321000e-05s  cpu=2.300000e-05s  provider=0  solves=0  iterations=0

STEP 8
  certificate  stage=STEP 8  complete  reason=step8_complete  wall=1.019564e-01s  cpu=1.008270e-01s  provider=123  solves=2  iterations=17

STEP 9
  certificate  stage=STEP 9  failed  objective=-5.221510e+01  upper=-5.221510e+01  gap= 1.088065e-07  wall=0.000000e+00s  cpu=0.000000e+00s  provider=0  solves=0  iterations=0
  certificate  stage=STEP 9  complete  reason=paper_potential_convergence_failed  wall=2.751794e-03s  cpu=2.732000e-03s  provider=2  solves=0  iterations=0

STEP 7
  certificate  stage=STEP 7  complete  reason=continue_stage_ii  wall=2.099000e-06s  cpu=2.000000e-06s  provider=0  solves=0  iterations=0

STEP 4
  STAGE II STEP 4  major=20  upper=-5.221510e+01  LP_primal= 0.000000e+00  LP_dual= 2.775558e-17  active_cuts=25  certified
  certificate  stage=STEP 4  complete  reason=step4_complete  wall=6.491260e-04s  cpu=6.500000e-04s  provider=0  solves=1  iterations=1

STEP 5
  certificate  stage=STEP 5 LOCAL  major=20  attempt=92  accepted  reason=success  P rel.= 5.228921e-14  objective=-4.936851e+01  upper=-5.221510e+01  gap=-2.846583e+00  wall=0.000000e+00s  cpu=0.000000e+00s  provider=0  solves=0  iterations=0
  certificate  stage=STEP 5 LOCAL  major=20  attempt=93  accepted  reason=success  P rel.= 6.840693e-13  objective=-4.936851e+01  upper=-5.221510e+01  gap=-2.846583e+00  wall=0.000000e+00s  cpu=0.000000e+00s  provider=0  solves=0  iterations=0
  certificate  stage=STEP 5 LOCAL  major=20  attempt=94  accepted  reason=success  P rel.= 3.720579e-14  objective=-4.936851e+01  upper=-5.221510e+01  gap=-2.846583e+00  wall=0.000000e+00s  cpu=0.000000e+00s  provider=0  solves=0  iterations=0
  certificate  stage=STEP 5 LOCAL  major=20  attempt=95  accepted  reason=success  P rel.=-1.192052e-09  objective=-5.221510e+01  upper=-5.221510e+01  gap= 8.184280e-09  wall=0.000000e+00s  cpu=0.000000e+00s  provider=0  solves=0  iterations=0
  certificate  stage=STEP 5  complete  reason=step5_complete  wall=1.521999e-01s  cpu=1.475980e-01s  provider=87  solves=4  iterations=79

STEP 6
  certificate  stage=STEP 6  complete  reason=candidate_set  wall=2.783000e-05s  cpu=2.700000e-05s  provider=0  solves=0  iterations=0

STEP 8
  certificate  stage=STEP 8  complete  reason=step8_complete  wall=8.399763e-02s  cpu=8.387100e-02s  provider=123  solves=2  iterations=17

STEP 9
  certificate  stage=STEP 9  failed  objective=-5.221510e+01  upper=-5.221510e+01  gap= 1.016103e-07  wall=0.000000e+00s  cpu=0.000000e+00s  provider=0  solves=0  iterations=0
  certificate  stage=STEP 9  complete  reason=paper_potential_convergence_failed  wall=2.684724e-03s  cpu=2.685000e-03s  provider=2  solves=0  iterations=0

STEP 7
  certificate  stage=STEP 7  complete  reason=continue_stage_ii  wall=1.360000e-06s  cpu=1.000000e-06s  provider=0  solves=0  iterations=0

STEP 4
  STAGE II STEP 4  major=21  upper=-5.221510e+01  LP_primal= 0.000000e+00  LP_dual= 2.775558e-17  active_cuts=26  certified
  certificate  stage=STEP 4  complete  reason=step4_complete  wall=6.222970e-04s  cpu=6.230000e-04s  provider=0  solves=1  iterations=1

STEP 5
  certificate  stage=STEP 5 LOCAL  major=21  attempt=96  accepted  reason=success  P rel.=-3.324239e-09  objective=-5.221510e+01  upper=-5.221510e+01  gap= 2.046100e-09  wall=0.000000e+00s  cpu=0.000000e+00s  provider=0  solves=0  iterations=0
  certificate  stage=STEP 5  complete  reason=step5_complete  wall=3.270724e-02s  cpu=3.263900e-02s  provider=22  solves=1  iterations=17

STEP 6
  certificate  stage=STEP 6  complete  reason=candidate_set  wall=2.228000e-05s  cpu=2.300000e-05s  provider=0  solves=0  iterations=0

STEP 8
  certificate  stage=STEP 8  complete  reason=step8_complete  wall=9.518991e-02s  cpu=9.495000e-02s  provider=120  solves=2  iterations=17

STEP 9
  certificate  stage=STEP 9  failed  objective=-5.221510e+01  upper=-5.221510e+01  gap= 1.009926e-07  wall=0.000000e+00s  cpu=0.000000e+00s  provider=0  solves=0  iterations=0
  certificate  stage=STEP 9  complete  reason=paper_potential_convergence_failed  wall=2.501875e-03s  cpu=2.495000e-03s  provider=2  solves=0  iterations=0

STEP 7
  certificate  stage=STEP 7  complete  reason=continue_stage_ii  wall=2.350000e-06s  cpu=2.000000e-06s  provider=0  solves=0  iterations=0

STEP 4
  STAGE II STEP 4  major=22  upper=-5.221510e+01  LP_primal= 0.000000e+00  LP_dual= 2.775558e-17  active_cuts=27  certified
  certificate  stage=STEP 4  complete  reason=step4_complete  wall=5.974560e-04s  cpu=5.980000e-04s  provider=0  solves=1  iterations=1

STEP 5
  certificate  stage=STEP 5 LOCAL  major=22  attempt=97  accepted  reason=success  P rel.=-3.352001e-08  objective=-5.221510e+01  upper=-5.221510e+01  gap= 1.371825e-07  wall=0.000000e+00s  cpu=0.000000e+00s  provider=0  solves=0  iterations=0
  certificate  stage=STEP 5  complete  reason=step5_complete  wall=3.293814e-02s  cpu=3.292300e-02s  provider=20  solves=1  iterations=19

STEP 6
  certificate  stage=STEP 6  complete  reason=candidate_set  wall=2.839000e-05s  cpu=2.800000e-05s  provider=0  solves=0  iterations=0

STEP 8
  certificate  stage=STEP 8  complete  reason=step8_complete  wall=1.051005e-01s  cpu=1.041210e-01s  provider=120  solves=2  iterations=17

STEP 9
  certificate  stage=STEP 9  failed  objective=-5.221510e+01  upper=-5.221510e+01  gap= 1.006812e-07  wall=0.000000e+00s  cpu=0.000000e+00s  provider=0  solves=0  iterations=0
  certificate  stage=STEP 9  complete  reason=paper_potential_convergence_failed  wall=2.555895e-03s  cpu=2.556000e-03s  provider=2  solves=0  iterations=0

STEP 7
  certificate  stage=STEP 7  complete  reason=continue_stage_ii  wall=2.090000e-06s  cpu=2.000000e-06s  provider=0  solves=0  iterations=0

STEP 4
  STAGE II STEP 4  major=23  upper=-5.221510e+01  LP_primal= 0.000000e+00  LP_dual= 0.000000e+00  active_cuts=28  certified
  certificate  stage=STEP 4  complete  reason=step4_complete  wall=6.058270e-04s  cpu=6.070000e-04s  provider=0  solves=1  iterations=1

STEP 5
  certificate  stage=STEP 5 LOCAL  major=23  attempt=98  accepted  reason=success  P rel.= 4.338281e-14  objective=-4.936851e+01  upper=-5.221510e+01  gap=-2.846584e+00  wall=0.000000e+00s  cpu=0.000000e+00s  provider=0  solves=0  iterations=0
  certificate  stage=STEP 5 LOCAL  major=23  attempt=99  accepted  reason=success  P rel.= 2.097315e-14  objective=-4.936851e+01  upper=-5.221510e+01  gap=-2.846584e+00  wall=0.000000e+00s  cpu=0.000000e+00s  provider=0  solves=0  iterations=0
  certificate  stage=STEP 5 LOCAL  major=23  attempt=100  accepted  reason=success  P rel.= 6.248848e-14  objective=-4.936851e+01  upper=-5.221510e+01  gap=-2.846584e+00  wall=0.000000e+00s  cpu=0.000000e+00s  provider=0  solves=0  iterations=0
  certificate  stage=STEP 5 LOCAL  major=23  attempt=102  accepted  reason=success  P rel.= 3.002320e-14  objective=-4.936851e+01  upper=-5.221510e+01  gap=-2.846584e+00  wall=0.000000e+00s  cpu=0.000000e+00s  provider=0  solves=0  iterations=0
  certificate  stage=STEP 5 LOCAL  major=23  attempt=103  accepted  reason=success  P rel.= 6.133927e-14  objective=-4.936851e+01  upper=-5.221510e+01  gap=-2.846584e+00  wall=0.000000e+00s  cpu=0.000000e+00s  provider=0  solves=0  iterations=0
  certificate  stage=STEP 5 LOCAL  major=23  attempt=104  accepted  reason=success  P rel.=-1.202779e-09  objective=-5.221510e+01  upper=-5.221510e+01  gap= 8.184571e-09  wall=0.000000e+00s  cpu=0.000000e+00s  provider=0  solves=0  iterations=0
  certificate  stage=STEP 5  complete  reason=step5_complete  wall=1.962942e-01s  cpu=1.947020e-01s  provider=120  solves=7  iterations=112

STEP 6
  certificate  stage=STEP 6  complete  reason=candidate_set  wall=2.819000e-05s  cpu=2.800000e-05s  provider=0  solves=0  iterations=0

STEP 8
  certificate  stage=STEP 8  complete  reason=step8_complete  wall=1.080133e-01s  cpu=1.035180e-01s  provider=123  solves=2  iterations=17

STEP 9
  certificate  stage=STEP 9  failed  objective=-5.221510e+01  upper=-5.221510e+01  gap= 1.656367e-09  wall=0.000000e+00s  cpu=0.000000e+00s  provider=0  solves=0  iterations=0
  certificate  stage=STEP 9  complete  reason=paper_potential_convergence_failed  wall=2.691804e-03s  cpu=2.692000e-03s  provider=2  solves=0  iterations=0

STEP 7
  certificate  stage=STEP 7  complete  reason=continue_stage_ii  wall=1.690000e-06s  cpu=2.000000e-06s  provider=0  solves=0  iterations=0

STEP 4
  STAGE II STEP 4  major=24  upper=-5.221510e+01  LP_primal= 0.000000e+00  LP_dual= 2.775558e-17  active_cuts=29  certified
  certificate  stage=STEP 4  complete  reason=step4_complete  wall=7.523950e-04s  cpu=7.330000e-04s  provider=0  solves=1  iterations=1

STEP 5
  certificate  stage=STEP 5 LOCAL  major=24  attempt=105  accepted  reason=success  P rel.= 6.119562e-14  objective=-4.936851e+01  upper=-5.221510e+01  gap=-2.846584e+00  wall=0.000000e+00s  cpu=0.000000e+00s  provider=0  solves=0  iterations=0
  certificate  stage=STEP 5 LOCAL  major=24  attempt=106  accepted  reason=success  P rel.= 6.277578e-14  objective=-4.936851e+01  upper=-5.221510e+01  gap=-2.846584e+00  wall=0.000000e+00s  cpu=0.000000e+00s  provider=0  solves=0  iterations=0
  certificate  stage=STEP 5 LOCAL  major=24  attempt=107  accepted  reason=success  P rel.= 4.627021e-13  objective=-4.936851e+01  upper=-5.221510e+01  gap=-2.846584e+00  wall=0.000000e+00s  cpu=0.000000e+00s  provider=0  solves=0  iterations=0
  certificate  stage=STEP 5 LOCAL  major=24  attempt=108  accepted  reason=success  P rel.= 4.342590e-13  objective=-4.936851e+01  upper=-5.221510e+01  gap=-2.846584e+00  wall=0.000000e+00s  cpu=0.000000e+00s  provider=0  solves=0  iterations=0
  certificate  stage=STEP 5 LOCAL  major=24  attempt=109  accepted  reason=success  P rel.=-1.190805e-09  objective=-5.221510e+01  upper=-5.221510e+01  gap= 2.046114e-09  wall=0.000000e+00s  cpu=0.000000e+00s  provider=0  solves=0  iterations=0
  certificate  stage=STEP 5  complete  reason=step5_complete  wall=2.231258e-01s  cpu=1.953640e-01s  provider=115  solves=5  iterations=105

STEP 6
  certificate  stage=STEP 6  complete  reason=candidate_set  wall=2.719000e-05s  cpu=2.700000e-05s  provider=0  solves=0  iterations=0

STEP 8
  certificate  stage=STEP 8  complete  reason=step8_complete  wall=9.672311e-02s  cpu=9.481300e-02s  provider=132  solves=2  iterations=19

STEP 9
  certificate  stage=STEP 9  failed  objective=-5.221510e+01  upper=-5.221510e+01  gap= 5.361613e-10  wall=0.000000e+00s  cpu=0.000000e+00s  provider=0  solves=0  iterations=0
  certificate  stage=STEP 9  complete  reason=paper_potential_convergence_failed  wall=2.096398e-03s  cpu=2.097000e-03s  provider=2  solves=0  iterations=0

STEP 7
  certificate  stage=STEP 7  complete  reason=continue_stage_ii  wall=1.980000e-06s  cpu=2.000000e-06s  provider=0  solves=0  iterations=0

STEP 4
  STAGE II STEP 4  major=25  upper=-5.221510e+01  LP_primal= 0.000000e+00  LP_dual= 1.387779e-17  active_cuts=30  certified
  certificate  stage=STEP 4  complete  reason=step4_complete  wall=5.912860e-04s  cpu=5.910000e-04s  provider=0  solves=1  iterations=1

STEP 5
  certificate  stage=STEP 5 LOCAL  major=25  attempt=110  accepted  reason=success  P rel.= 3.892961e-14  objective=-4.936851e+01  upper=-5.221510e+01  gap=-2.846584e+00  wall=0.000000e+00s  cpu=0.000000e+00s  provider=0  solves=0  iterations=0
  certificate  stage=STEP 5 LOCAL  major=25  attempt=111  accepted  reason=success  P rel.= 3.892961e-14  objective=-4.936851e+01  upper=-5.221510e+01  gap=-2.846584e+00  wall=0.000000e+00s  cpu=0.000000e+00s  provider=0  solves=0  iterations=0
  certificate  stage=STEP 5 LOCAL  major=25  attempt=112  accepted  reason=success  P rel.= 6.981472e-14  objective=-4.936851e+01  upper=-5.221510e+01  gap=-2.846584e+00  wall=0.000000e+00s  cpu=0.000000e+00s  provider=0  solves=0  iterations=0
  certificate  stage=STEP 5 LOCAL  major=25  attempt=113  accepted  reason=success  P rel.= 5.200191e-14  objective=-4.936851e+01  upper=-5.221510e+01  gap=-2.846584e+00  wall=0.000000e+00s  cpu=0.000000e+00s  provider=0  solves=0  iterations=0
  certificate  stage=STEP 5 LOCAL  major=25  attempt=114  accepted  reason=success  P rel.= 4.050977e-14  objective=-4.794496e+01  upper=-5.221510e+01  gap=-4.270139e+00  wall=0.000000e+00s  cpu=0.000000e+00s  provider=0  solves=0  iterations=0
  certificate  stage=STEP 5 LOCAL  major=25  attempt=115  accepted  reason=success  P rel.= 3.792404e-14  objective=-4.794496e+01  upper=-5.221510e+01  gap=-4.270139e+00  wall=0.000000e+00s  cpu=0.000000e+00s  provider=0  solves=0  iterations=0
  certificate  stage=STEP 5 LOCAL  major=25  attempt=116  accepted  reason=success  P rel.=-3.357983e-08  objective=-5.221510e+01  upper=-5.221510e+01  gap= 4.003908e-11  wall=0.000000e+00s  cpu=0.000000e+00s  provider=0  solves=0  iterations=0
  certificate  stage=STEP 5  complete  reason=step5_complete  wall=2.140634e-01s  cpu=2.133510e-01s  provider=137  solves=7  iterations=118

STEP 6
  certificate  stage=STEP 6  complete  reason=candidate_set  wall=1.870000e-05s  cpu=1.800000e-05s  provider=0  solves=0  iterations=0

STEP 8
  certificate  stage=STEP 8  complete  reason=step8_complete  wall=1.795307e-01s  cpu=1.777210e-01s  provider=345  solves=2  iterations=37

STEP 9
  certificate  stage=STEP 9  failed  objective=-5.221510e+01  upper=-5.221510e+01  gap=-1.248928e-07  wall=0.000000e+00s  cpu=0.000000e+00s  provider=0  solves=0  iterations=0
  certificate  stage=STEP 9  complete  reason=paper_potential_convergence_failed  wall=1.854269e-03s  cpu=1.854000e-03s  provider=2  solves=0  iterations=0

STEP 7
  certificate  stage=STEP 7  complete  reason=continue_stage_ii  wall=1.230000e-06s  cpu=1.000000e-06s  provider=0  solves=0  iterations=0

STEP 4
  STAGE II STEP 4  major=26  upper=-5.221510e+01  LP_primal= 7.105427e-15  LP_dual= 0.000000e+00  active_cuts=31  certified
  certificate  stage=STEP 4  complete  reason=step4_complete  wall=4.542270e-04s  cpu=4.550000e-04s  provider=0  solves=1  iterations=1

STEP 5
  certificate  stage=STEP 5 LOCAL  major=26  attempt=117  accepted  reason=success  P rel.= 3.849865e-14  objective=-4.936851e+01  upper=-5.221510e+01  gap=-2.846584e+00  wall=0.000000e+00s  cpu=0.000000e+00s  provider=0  solves=0  iterations=0
  certificate  stage=STEP 5 LOCAL  major=26  attempt=118  accepted  reason=success  P rel.= 4.020811e-13  objective=-4.936851e+01  upper=-5.221510e+01  gap=-2.846584e+00  wall=0.000000e+00s  cpu=0.000000e+00s  provider=0  solves=0  iterations=0
  certificate  stage=STEP 5 LOCAL  major=26  attempt=119  accepted  reason=success  P rel.= 7.311871e-14  objective=-4.936851e+01  upper=-5.221510e+01  gap=-2.846584e+00  wall=0.000000e+00s  cpu=0.000000e+00s  provider=0  solves=0  iterations=0
  certificate  stage=STEP 5 LOCAL  major=26  attempt=120  accepted  reason=success  P rel.= 6.445651e-13  objective=-4.936851e+01  upper=-5.221510e+01  gap=-2.846584e+00  wall=0.000000e+00s  cpu=0.000000e+00s  provider=0  solves=0  iterations=0
  certificate  stage=STEP 5 LOCAL  major=26  attempt=121  accepted  reason=success  P rel.= 6.737264e-14  objective=-4.936851e+01  upper=-5.221510e+01  gap=-2.846584e+00  wall=0.000000e+00s  cpu=0.000000e+00s  provider=0  solves=0  iterations=0
  certificate  stage=STEP 5 LOCAL  major=26  attempt=122  accepted  reason=success  P rel.=-1.193743e-09  objective=-5.221510e+01  upper=-5.221510e+01  gap= 5.115339e-10  wall=0.000000e+00s  cpu=0.000000e+00s  provider=0  solves=0  iterations=0
  certificate  stage=STEP 5  complete  reason=step5_complete  wall=1.671972e-01s  cpu=1.671990e-01s  provider=142  solves=6  iterations=134

STEP 6
  certificate  stage=STEP 6  complete  reason=candidate_set  wall=1.427000e-05s  cpu=1.500000e-05s  provider=0  solves=0  iterations=0

STEP 8
  certificate  stage=STEP 8  complete  reason=step8_complete  wall=7.978377e-02s  cpu=7.971600e-02s  provider=129  solves=2  iterations=18

STEP 9
  certificate  stage=STEP 9  failed  objective=-5.221510e+01  upper=-5.221510e+01  gap= 1.188027e-11  wall=0.000000e+00s  cpu=0.000000e+00s  provider=0  solves=0  iterations=0
  certificate  stage=STEP 9  complete  reason=paper_potential_convergence_failed  wall=1.951088e-03s  cpu=1.951000e-03s  provider=2  solves=0  iterations=0

STEP 7
  certificate  stage=STEP 7  complete  reason=continue_stage_ii  wall=1.290000e-06s  cpu=2.000000e-06s  provider=0  solves=0  iterations=0

STEP 4
  STAGE II STEP 4  major=27  upper=-5.221510e+01  LP_primal= 0.000000e+00  LP_dual= 3.729655e-17  active_cuts=32  certified
  certificate  stage=STEP 4  complete  reason=step4_complete  wall=5.669060e-04s  cpu=5.670000e-04s  provider=0  solves=1  iterations=1

STEP 5
  certificate  stage=STEP 5 LOCAL  major=27  attempt=123  accepted  reason=success  P rel.= 4.410107e-14  objective=-4.936851e+01  upper=-5.221510e+01  gap=-2.846584e+00  wall=0.000000e+00s  cpu=0.000000e+00s  provider=0  solves=0  iterations=0
  certificate  stage=STEP 5 LOCAL  major=27  attempt=124  accepted  reason=success  P rel.= 5.171460e-14  objective=-4.936851e+01  upper=-5.221510e+01  gap=-2.846584e+00  wall=0.000000e+00s  cpu=0.000000e+00s  provider=0  solves=0  iterations=0
  certificate  stage=STEP 5 LOCAL  major=27  attempt=125  accepted  reason=success  P rel.=-1.187155e-09  objective=-5.221510e+01  upper=-5.221510e+01  gap= 1.278835e-10  wall=0.000000e+00s  cpu=0.000000e+00s  provider=0  solves=0  iterations=0
  certificate  stage=STEP 5  complete  reason=step5_complete  wall=6.588157e-02s  cpu=6.588300e-02s  provider=58  solves=3  iterations=53

STEP 6
  certificate  stage=STEP 6  complete  reason=candidate_set  wall=1.432000e-05s  cpu=1.400000e-05s  provider=0  solves=0  iterations=0

STEP 8
  certificate  stage=STEP 8  complete  reason=step8_complete  wall=6.653718e-02s  cpu=6.653900e-02s  provider=123  solves=2  iterations=17

STEP 9
  certificate  stage=STEP 9  failed  objective=-5.221510e+01  upper=-5.221510e+01  gap= 2.742695e-12  wall=0.000000e+00s  cpu=0.000000e+00s  provider=0  solves=0  iterations=0
  certificate  stage=STEP 9  complete  reason=paper_potential_convergence_failed  wall=1.958428e-03s  cpu=1.959000e-03s  provider=2  solves=0  iterations=0

STEP 7
  certificate  stage=STEP 7  complete  reason=continue_stage_ii  wall=2.250000e-06s  cpu=2.000000e-06s  provider=0  solves=0  iterations=0

STEP 4
  STAGE II STEP 4  major=28  upper=-5.221510e+01  LP_primal= 0.000000e+00  LP_dual= 5.551115e-17  active_cuts=33  certified
  certificate  stage=STEP 4  complete  reason=step4_complete  wall=4.288280e-04s  cpu=4.290000e-04s  provider=0  solves=1  iterations=1

STEP 5
  certificate  stage=STEP 5 LOCAL  major=28  attempt=126  accepted  reason=success  P rel.= 6.909646e-14  objective=-4.936851e+01  upper=-5.221510e+01  gap=-2.846584e+00  wall=0.000000e+00s  cpu=0.000000e+00s  provider=0  solves=0  iterations=0
  certificate  stage=STEP 5 LOCAL  major=28  attempt=127  accepted  reason=success  P rel.= 6.694168e-14  objective=-4.936851e+01  upper=-5.221510e+01  gap=-2.846584e+00  wall=0.000000e+00s  cpu=0.000000e+00s  provider=0  solves=0  iterations=0
  certificate  stage=STEP 5 LOCAL  major=28  attempt=128  accepted  reason=success  P rel.= 3.792404e-14  objective=-4.936851e+01  upper=-5.221510e+01  gap=-2.846584e+00  wall=0.000000e+00s  cpu=0.000000e+00s  provider=0  solves=0  iterations=0
  certificate  stage=STEP 5 LOCAL  major=28  attempt=129  accepted  reason=success  P rel.=-1.213908e-09  objective=-5.221510e+01  upper=-5.221510e+01  gap= 3.197442e-11  wall=0.000000e+00s  cpu=0.000000e+00s  provider=0  solves=0  iterations=0
  certificate  stage=STEP 5  complete  reason=step5_complete  wall=9.567157e-02s  cpu=9.565300e-02s  provider=84  solves=4  iterations=76

STEP 6
  certificate  stage=STEP 6  complete  reason=candidate_set  wall=1.674000e-05s  cpu=1.700000e-05s  provider=0  solves=0  iterations=0

STEP 8
  certificate  stage=STEP 8  complete  reason=step8_complete  wall=6.511529e-02s  cpu=6.510700e-02s  provider=123  solves=2  iterations=17

STEP 9
  certificate  stage=STEP 9  failed  objective=-5.221510e+01  upper=-5.221510e+01  gap=-5.556444e-12  wall=0.000000e+00s  cpu=0.000000e+00s  provider=0  solves=0  iterations=0
  certificate  stage=STEP 9  complete  reason=paper_potential_convergence_failed  wall=1.614481e-03s  cpu=1.615000e-03s  provider=2  solves=0  iterations=0

STEP 7
  certificate  stage=STEP 7  complete  reason=continue_stage_ii  wall=1.080000e-06s  cpu=1.000000e-06s  provider=0  solves=0  iterations=0

STEP 4
  STAGE II STEP 4  major=29  upper=-5.221510e+01  LP_primal= 3.197442e-11  LP_dual= 5.551115e-17  active_cuts=34  certified
  certificate  stage=STEP 4  complete  reason=step4_complete  wall=4.173080e-04s  cpu=4.180000e-04s  provider=0  solves=1  iterations=1

STEP 5
  certificate  stage=STEP 5 LOCAL  major=29  attempt=130  accepted  reason=success  P rel.= 2.341522e-14  objective=-4.794497e+01  upper=-5.221510e+01  gap=-4.270130e+00  wall=0.000000e+00s  cpu=0.000000e+00s  provider=0  solves=0  iterations=0
  certificate  stage=STEP 5 LOCAL  major=29  attempt=131  accepted  reason=success  P rel.=-1.214754e-09  objective=-5.221510e+01  upper=-5.221510e+01  gap= 3.198153e-11  wall=0.000000e+00s  cpu=0.000000e+00s  provider=0  solves=0  iterations=0
  certificate  stage=STEP 5  complete  reason=step5_complete  wall=3.745508e-02s  cpu=3.744600e-02s  provider=35  solves=2  iterations=29

STEP 6
  certificate  stage=STEP 6  complete  reason=candidate_set  wall=1.469000e-05s  cpu=1.500000e-05s  provider=0  solves=0  iterations=0

STEP 8
  certificate  stage=STEP 8  complete  reason=step8_complete  wall=6.446200e-02s  cpu=6.445200e-02s  provider=120  solves=2  iterations=17

STEP 9
  certificate  stage=STEP 9  failed  objective=-5.221510e+01  upper=-5.221510e+01  gap=-7.247536e-13  wall=0.000000e+00s  cpu=0.000000e+00s  provider=0  solves=0  iterations=0
  certificate  stage=STEP 9  complete  reason=paper_potential_convergence_failed  wall=1.652971e-03s  cpu=1.654000e-03s  provider=2  solves=0  iterations=0

STEP 7
  certificate  stage=STEP 7  complete  reason=continue_stage_ii  wall=1.100000e-06s  cpu=1.000000e-06s  provider=0  solves=0  iterations=0

STEP 4
  STAGE II STEP 4  major=30  upper=-5.221510e+01  LP_primal= 3.198153e-11  LP_dual= 5.551115e-17  active_cuts=35  certified
  certificate  stage=STEP 4  complete  reason=step4_complete  wall=4.114870e-04s  cpu=4.120000e-04s  provider=0  solves=1  iterations=1

STEP 5
  certificate  stage=STEP 5 LOCAL  major=30  attempt=132  accepted  reason=success  P rel.= 3.634388e-14  objective=-4.936851e+01  upper=-5.221510e+01  gap=-2.846584e+00  wall=0.000000e+00s  cpu=0.000000e+00s  provider=0  solves=0  iterations=0
  certificate  stage=STEP 5 LOCAL  major=30  attempt=133  accepted  reason=success  P rel.=-1.200331e-09  objective=-5.221510e+01  upper=-5.221510e+01  gap= 3.197442e-11  wall=0.000000e+00s  cpu=0.000000e+00s  provider=0  solves=0  iterations=0
  certificate  stage=STEP 5  complete  reason=step5_complete  wall=4.517414e-02s  cpu=4.516900e-02s  provider=43  solves=2  iterations=39

STEP 6
  certificate  stage=STEP 6  complete  reason=candidate_set  wall=1.373000e-05s  cpu=1.400000e-05s  provider=0  solves=0  iterations=0

STEP 8
  certificate  stage=STEP 8  complete  reason=step8_complete  wall=6.725774e-02s  cpu=6.724500e-02s  provider=120  solves=2  iterations=17

STEP 9
  certificate  stage=STEP 9  failed  objective=-5.221510e+01  upper=-5.221510e+01  gap=-9.094947e-13  wall=0.000000e+00s  cpu=0.000000e+00s  provider=0  solves=0  iterations=0
  certificate  stage=STEP 9  complete  reason=paper_potential_convergence_failed  wall=1.672679e-03s  cpu=1.673000e-03s  provider=2  solves=0  iterations=0

STEP 7
  certificate  stage=STEP 7  complete  reason=continue_stage_ii  wall=1.120000e-06s  cpu=1.000000e-06s  provider=0  solves=0  iterations=0

STEP 4
  STAGE II STEP 4  major=31  upper=-5.221510e+01  LP_primal= 3.198153e-11  LP_dual= 5.551115e-17  active_cuts=36  certified
  certificate  stage=STEP 4  complete  reason=step4_complete  wall=4.453170e-04s  cpu=4.450000e-04s  provider=0  solves=1  iterations=1

STEP 5
  certificate  stage=STEP 5 LOCAL  major=31  attempt=134  accepted  reason=success  P rel.= 7.383696e-14  objective=-4.936851e+01  upper=-5.221510e+01  gap=-2.846584e+00  wall=0.000000e+00s  cpu=0.000000e+00s  provider=0  solves=0  iterations=0
  certificate  stage=STEP 5 LOCAL  major=31  attempt=135  accepted  reason=success  P rel.=-1.205183e-09  objective=-5.221510e+01  upper=-5.221510e+01  gap= 3.198153e-11  wall=0.000000e+00s  cpu=0.000000e+00s  provider=0  solves=0  iterations=0
  certificate  stage=STEP 5  complete  reason=step5_complete  wall=4.489401e-02s  cpu=4.488900e-02s  provider=41  solves=2  iterations=35

STEP 6
  certificate  stage=STEP 6  complete  reason=candidate_set  wall=1.631000e-05s  cpu=1.600000e-05s  provider=0  solves=0  iterations=0

STEP 8
  certificate  stage=STEP 8  complete  reason=step8_complete  wall=6.419986e-02s  cpu=6.419400e-02s  provider=123  solves=2  iterations=17

STEP 9
  certificate  stage=STEP 9  failed  objective=-5.221510e+01  upper=-5.221510e+01  gap=-8.171241e-13  wall=0.000000e+00s  cpu=0.000000e+00s  provider=0  solves=0  iterations=0
  certificate  stage=STEP 9  complete  reason=paper_potential_convergence_failed  wall=1.655170e-03s  cpu=1.656000e-03s  provider=2  solves=0  iterations=0

STEP 7
  certificate  stage=STEP 7  complete  reason=continue_stage_ii  wall=1.380000e-06s  cpu=1.000000e-06s  provider=0  solves=0  iterations=0

STEP 4
  STAGE II STEP 4  major=32  upper=-5.221510e+01  LP_primal= 3.198153e-11  LP_dual= 5.551115e-17  active_cuts=37  certified
  certificate  stage=STEP 4  complete  reason=step4_complete  wall=4.631080e-04s  cpu=4.640000e-04s  provider=0  solves=1  iterations=1

STEP 5
  certificate  stage=STEP 5 LOCAL  major=32  attempt=137  accepted  reason=success  P rel.= 3.993517e-14  objective=-4.936851e+01  upper=-5.221510e+01  gap=-2.846584e+00  wall=0.000000e+00s  cpu=0.000000e+00s  provider=0  solves=0  iterations=0
  certificate  stage=STEP 5 LOCAL  major=32  attempt=138  accepted  reason=success  P rel.= 6.049172e-13  objective=-4.936851e+01  upper=-5.221510e+01  gap=-2.846584e+00  wall=0.000000e+00s  cpu=0.000000e+00s  provider=0  solves=0  iterations=0
  certificate  stage=STEP 5 LOCAL  major=32  attempt=139  accepted  reason=success  P rel.= 6.105196e-14  objective=-4.936851e+01  upper=-5.221510e+01  gap=-2.846584e+00  wall=0.000000e+00s  cpu=0.000000e+00s  provider=0  solves=0  iterations=0
  certificate  stage=STEP 5 LOCAL  major=32  attempt=141  accepted  reason=success  P rel.= 3.634388e-14  objective=-4.936851e+01  upper=-5.221510e+01  gap=-2.846584e+00  wall=0.000000e+00s  cpu=0.000000e+00s  provider=0  solves=0  iterations=0
  certificate  stage=STEP 5 LOCAL  major=32  attempt=142  accepted  reason=success  P rel.= 2.973590e-14  objective=-4.936851e+01  upper=-5.221510e+01  gap=-2.846584e+00  wall=0.000000e+00s  cpu=0.000000e+00s  provider=0  solves=0  iterations=0
  certificate  stage=STEP 5 LOCAL  major=32  attempt=143  accepted  reason=success  P rel.= 6.291944e-14  objective=-4.936851e+01  upper=-5.221510e+01  gap=-2.846584e+00  wall=0.000000e+00s  cpu=0.000000e+00s  provider=0  solves=0  iterations=0
  certificate  stage=STEP 5 LOCAL  major=32  attempt=144  accepted  reason=success  P rel.=-1.196414e-09  objective=-5.221510e+01  upper=-5.221510e+01  gap= 3.198153e-11  wall=0.000000e+00s  cpu=0.000000e+00s  provider=0  solves=0  iterations=0
  certificate  stage=STEP 5  complete  reason=step5_complete  wall=1.660592e-01s  cpu=1.660540e-01s  provider=152  solves=9  iterations=138

STEP 6
  certificate  stage=STEP 6  complete  reason=candidate_set  wall=1.415000e-05s  cpu=1.400000e-05s  provider=0  solves=0  iterations=0

STEP 8
  certificate  stage=STEP 8  complete  reason=step8_complete  wall=9.179260e-02s  cpu=9.179500e-02s  provider=132  solves=2  iterations=19

STEP 9
  certificate  stage=STEP 9  failed  objective=-5.221510e+01  upper=-5.221510e+01  gap=-1.776357e-12  wall=0.000000e+00s  cpu=0.000000e+00s  provider=0  solves=0  iterations=0
  certificate  stage=STEP 9  complete  reason=paper_potential_convergence_failed  wall=2.486176e-03s  cpu=2.487000e-03s  provider=2  solves=0  iterations=0

STEP 7
  certificate  stage=STEP 7  complete  reason=continue_stage_ii  wall=1.590000e-06s  cpu=2.000000e-06s  provider=0  solves=0  iterations=0

STEP 4
  STAGE II STEP 4  major=33  upper=-5.221510e+01  LP_primal= 3.198153e-11  LP_dual= 5.551115e-17  active_cuts=38  certified
  certificate  stage=STEP 4  complete  reason=step4_complete  wall=6.565660e-04s  cpu=6.580000e-04s  provider=0  solves=1  iterations=1

STEP 5
  certificate  stage=STEP 5 LOCAL  major=33  attempt=145  accepted  reason=success  P rel.=-1.201934e-09  objective=-5.221510e+01  upper=-5.221510e+01  gap= 3.197442e-11  wall=0.000000e+00s  cpu=0.000000e+00s  provider=0  solves=0  iterations=0
  certificate  stage=STEP 5  complete  reason=step5_complete  wall=3.138631e-02s  cpu=3.138800e-02s  provider=18  solves=1  iterations=16

STEP 6
  certificate  stage=STEP 6  complete  reason=candidate_set  wall=2.884000e-05s  cpu=2.900000e-05s  provider=0  solves=0  iterations=0

STEP 8
  certificate  stage=STEP 8  complete  reason=step8_complete  wall=1.937390e-01s  cpu=1.893270e-01s  provider=345  solves=2  iterations=37

STEP 9
  certificate  stage=STEP 9  failed  objective=-5.221510e+01  upper=-5.221510e+01  gap=-1.249356e-07  wall=0.000000e+00s  cpu=0.000000e+00s  provider=0  solves=0  iterations=0
  certificate  stage=STEP 9  complete  reason=paper_potential_convergence_failed  wall=1.777120e-03s  cpu=1.778000e-03s  provider=2  solves=0  iterations=0

STEP 7
  certificate  stage=STEP 7  complete  reason=continue_stage_ii  wall=1.380000e-06s  cpu=2.000000e-06s  provider=0  solves=0  iterations=0

STEP 4
  STAGE II STEP 4  major=34  upper=-5.221510e+01  LP_primal= 3.198153e-11  LP_dual= 5.551115e-17  active_cuts=39  certified
  certificate  stage=STEP 4  complete  reason=step4_complete  wall=6.075170e-04s  cpu=6.070000e-04s  provider=0  solves=1  iterations=1

STEP 5
  certificate  stage=STEP 5 LOCAL  major=34  attempt=146  accepted  reason=success  P rel.=-1.195479e-09  objective=-5.221510e+01  upper=-5.221510e+01  gap= 3.197442e-11  wall=0.000000e+00s  cpu=0.000000e+00s  provider=0  solves=0  iterations=0
  certificate  stage=STEP 5  complete  reason=step5_complete  wall=2.214831e-02s  cpu=2.213700e-02s  provider=13  solves=1  iterations=12

STEP 6
  certificate  stage=STEP 6  complete  reason=candidate_set  wall=3.031000e-05s  cpu=3.000000e-05s  provider=0  solves=0  iterations=0

STEP 8
  certificate  stage=STEP 8  complete  reason=step8_complete  wall=9.904283e-02s  cpu=9.587300e-02s  provider=129  solves=2  iterations=18

STEP 9
  certificate  stage=STEP 9  failed  objective=-5.221510e+01  upper=-5.221510e+01  gap=-1.158185e-12  wall=0.000000e+00s  cpu=0.000000e+00s  provider=0  solves=0  iterations=0
  certificate  stage=STEP 9  complete  reason=paper_potential_convergence_failed  wall=2.754963e-03s  cpu=2.666000e-03s  provider=2  solves=0  iterations=0

STEP 7
  certificate  stage=STEP 7  complete  reason=continue_stage_ii  wall=2.150000e-06s  cpu=2.000000e-06s  provider=0  solves=0  iterations=0

STEP 4
  STAGE II STEP 4  major=35  upper=-5.221510e+01  LP_primal= 3.198153e-11  LP_dual= 5.551115e-17  active_cuts=40  certified
  certificate  stage=STEP 4  complete  reason=step4_complete  wall=6.932460e-04s  cpu=6.930000e-04s  provider=0  solves=1  iterations=1

STEP 5
  certificate  stage=STEP 5 LOCAL  major=35  attempt=147  accepted  reason=success  P rel.= 6.794724e-14  objective=-4.936851e+01  upper=-5.221510e+01  gap=-2.846584e+00  wall=0.000000e+00s  cpu=0.000000e+00s  provider=0  solves=0  iterations=0
  certificate  stage=STEP 5 LOCAL  major=35  attempt=148  accepted  reason=success  P rel.= 5.221739e-13  objective=-4.936851e+01  upper=-5.221510e+01  gap=-2.846584e+00  wall=0.000000e+00s  cpu=0.000000e+00s  provider=0  solves=0  iterations=0
  certificate  stage=STEP 5 LOCAL  major=35  attempt=149  accepted  reason=success  P rel.=-1.208255e-09  objective=-5.221510e+01  upper=-5.221510e+01  gap= 3.198153e-11  wall=0.000000e+00s  cpu=0.000000e+00s  provider=0  solves=0  iterations=0
  certificate  stage=STEP 5  complete  reason=step5_complete  wall=8.962444e-02s  cpu=8.959200e-02s  provider=61  solves=3  iterations=58

STEP 6
  certificate  stage=STEP 6  complete  reason=candidate_set  wall=2.750900e-05s  cpu=2.700000e-05s  provider=0  solves=0  iterations=0

STEP 8
  certificate  stage=STEP 8  complete  reason=step8_complete  wall=8.675977e-02s  cpu=8.676100e-02s  provider=123  solves=2  iterations=17

STEP 9
  certificate  stage=STEP 9  failed  objective=-5.221510e+01  upper=-5.221510e+01  gap=-1.598721e-12  wall=0.000000e+00s  cpu=0.000000e+00s  provider=0  solves=0  iterations=0
  certificate  stage=STEP 9  complete  reason=paper_potential_convergence_failed  wall=1.715700e-03s  cpu=1.715000e-03s  provider=2  solves=0  iterations=0

STEP 7
  certificate  stage=STEP 7  complete  reason=continue_stage_ii  wall=1.180000e-06s  cpu=1.000000e-06s  provider=0  solves=0  iterations=0

STEP 4
  STAGE II STEP 4  major=36  upper=-5.221510e+01  LP_primal= 3.198153e-11  LP_dual= 5.551115e-17  active_cuts=41  certified
  certificate  stage=STEP 4  complete  reason=step4_complete  wall=4.623070e-04s  cpu=4.630000e-04s  provider=0  solves=1  iterations=1

STEP 5
  certificate  stage=STEP 5 LOCAL  major=36  attempt=151  accepted  reason=success  P rel.= 3.634388e-14  objective=-4.936851e+01  upper=-5.221510e+01  gap=-2.846584e+00  wall=0.000000e+00s  cpu=0.000000e+00s  provider=0  solves=0  iterations=0
  certificate  stage=STEP 5 LOCAL  major=36  attempt=152  accepted  reason=success  P rel.=-1.219160e-09  objective=-5.221510e+01  upper=-5.221510e+01  gap= 3.197442e-11  wall=0.000000e+00s  cpu=0.000000e+00s  provider=0  solves=0  iterations=0
  certificate  stage=STEP 5  complete  reason=step5_complete  wall=4.674091e-02s  cpu=4.674200e-02s  provider=42  solves=3  iterations=38

STEP 6
  certificate  stage=STEP 6  complete  reason=candidate_set  wall=1.837000e-05s  cpu=1.800000e-05s  provider=0  solves=0  iterations=0

STEP 8
  certificate  stage=STEP 8  complete  reason=step8_complete  wall=7.062162e-02s  cpu=7.062400e-02s  provider=123  solves=2  iterations=17

STEP 9
  certificate  stage=STEP 9  failed  objective=-5.221510e+01  upper=-5.221510e+01  gap=-5.563550e-12  wall=0.000000e+00s  cpu=0.000000e+00s  provider=0  solves=0  iterations=0
  certificate  stage=STEP 9  complete  reason=paper_potential_convergence_failed  wall=2.288676e-03s  cpu=2.289000e-03s  provider=2  solves=0  iterations=0

STEP 7
  certificate  stage=STEP 7  complete  reason=continue_stage_ii  wall=1.840000e-06s  cpu=1.000000e-06s  provider=0  solves=0  iterations=0

STEP 4
  STAGE II STEP 4  major=37  upper=-5.221510e+01  LP_primal= 3.198153e-11  LP_dual= 5.551115e-17  active_cuts=42  certified
  certificate  stage=STEP 4  complete  reason=step4_complete  wall=7.361950e-04s  cpu=7.370000e-04s  provider=0  solves=1  iterations=1

STEP 5
  certificate  stage=STEP 5 LOCAL  major=37  attempt=153  accepted  reason=success  P rel.= 2.801208e-14  objective=-4.936851e+01  upper=-5.221510e+01  gap=-2.846584e+00  wall=0.000000e+00s  cpu=0.000000e+00s  provider=0  solves=0  iterations=0
  certificate  stage=STEP 5 LOCAL  major=37  attempt=154  accepted  reason=success  P rel.=-1.194144e-09  objective=-5.221510e+01  upper=-5.221510e+01  gap= 3.198153e-11  wall=0.000000e+00s  cpu=0.000000e+00s  provider=0  solves=0  iterations=0
  certificate  stage=STEP 5  complete  reason=step5_complete  wall=6.172572e-02s  cpu=6.167700e-02s  provider=40  solves=2  iterations=37

STEP 6
  certificate  stage=STEP 6  complete  reason=candidate_set  wall=3.296000e-05s  cpu=3.300000e-05s  provider=0  solves=0  iterations=0

STEP 8
  certificate  stage=STEP 8  complete  reason=step8_complete  wall=7.913385e-02s  cpu=7.909400e-02s  provider=120  solves=2  iterations=17

STEP 9
  certificate  stage=STEP 9  failed  objective=-5.221510e+01  upper=-5.221510e+01  gap=-7.318590e-13  wall=0.000000e+00s  cpu=0.000000e+00s  provider=0  solves=0  iterations=0
  certificate  stage=STEP 9  complete  reason=paper_potential_convergence_failed  wall=2.648234e-03s  cpu=2.649000e-03s  provider=2  solves=0  iterations=0

STEP 7
  certificate  stage=STEP 7  complete  reason=continue_stage_ii  wall=2.490000e-06s  cpu=2.000000e-06s  provider=0  solves=0  iterations=0

STEP 4
  STAGE II STEP 4  major=38  upper=-5.221510e+01  LP_primal= 3.198153e-11  LP_dual= 5.551115e-17  active_cuts=43  certified
  certificate  stage=STEP 4  complete  reason=step4_complete  wall=7.299960e-04s  cpu=7.300000e-04s  provider=0  solves=1  iterations=1

STEP 5
  certificate  stage=STEP 5 LOCAL  major=38  attempt=155  accepted  reason=success  P rel.= 4.094073e-14  objective=-4.936851e+01  upper=-5.221510e+01  gap=-2.846584e+00  wall=0.000000e+00s  cpu=0.000000e+00s  provider=0  solves=0  iterations=0
  certificate  stage=STEP 5 LOCAL  major=38  attempt=156  accepted  reason=success  P rel.= 4.323916e-14  objective=-4.936851e+01  upper=-5.221510e+01  gap=-2.846584e+00  wall=0.000000e+00s  cpu=0.000000e+00s  provider=0  solves=0  iterations=0
  certificate  stage=STEP 5 LOCAL  major=38  attempt=157  accepted  reason=success  P rel.= 2.901764e-14  objective=-4.936851e+01  upper=-5.221510e+01  gap=-2.846584e+00  wall=0.000000e+00s  cpu=0.000000e+00s  provider=0  solves=0  iterations=0
  certificate  stage=STEP 5 LOCAL  major=38  attempt=158  accepted  reason=success  P rel.= 6.378135e-14  objective=-4.794497e+01  upper=-5.221510e+01  gap=-4.270130e+00  wall=0.000000e+00s  cpu=0.000000e+00s  provider=0  solves=0  iterations=0
  certificate  stage=STEP 5 LOCAL  major=38  attempt=159  accepted  reason=success  P rel.=-2.885605e-09  objective=-5.221510e+01  upper=-5.221510e+01  gap= 3.198863e-11  wall=0.000000e+00s  cpu=0.000000e+00s  provider=0  solves=0  iterations=0
  certificate  stage=STEP 5  complete  reason=step5_complete  wall=1.455945e-01s  cpu=1.446980e-01s  provider=96  solves=5  iterations=89

STEP 6
  certificate  stage=STEP 6  complete  reason=candidate_set  wall=3.101900e-05s  cpu=3.100000e-05s  provider=0  solves=0  iterations=0

STEP 8
  certificate  stage=STEP 8  complete  reason=step8_complete  wall=9.352036e-02s  cpu=9.326100e-02s  provider=120  solves=2  iterations=17

STEP 9
  certificate  stage=STEP 9  failed  objective=-5.221510e+01  upper=-5.221510e+01  gap=-8.952838e-13  wall=0.000000e+00s  cpu=0.000000e+00s  provider=0  solves=0  iterations=0
  certificate  stage=STEP 9  complete  reason=paper_potential_convergence_failed  wall=1.879659e-03s  cpu=1.879000e-03s  provider=2  solves=0  iterations=0

STEP 7
  certificate  stage=STEP 7  complete  reason=continue_stage_ii  wall=1.300000e-06s  cpu=1.000000e-06s  provider=0  solves=0  iterations=0

STEP 4
  STAGE II STEP 4  major=39  upper=-5.221510e+01  LP_primal= 0.000000e+00  LP_dual= 6.938894e-17  active_cuts=44  certified
  certificate  stage=STEP 4  complete  reason=step4_complete  wall=5.273570e-04s  cpu=5.280000e-04s  provider=0  solves=1  iterations=1

STEP 5
  certificate  stage=STEP 5 LOCAL  major=39  attempt=160  accepted  reason=success  P rel.= 6.363769e-14  objective=-4.936851e+01  upper=-5.221510e+01  gap=-2.846584e+00  wall=0.000000e+00s  cpu=0.000000e+00s  provider=0  solves=0  iterations=0
  certificate  stage=STEP 5 LOCAL  major=39  attempt=161  accepted  reason=success  P rel.=-1.204694e-09  objective=-5.221510e+01  upper=-5.221510e+01  gap= 7.986500e-12  wall=0.000000e+00s  cpu=0.000000e+00s  provider=0  solves=0  iterations=0
  certificate  stage=STEP 5  complete  reason=step5_complete  wall=5.704524e-02s  cpu=5.703900e-02s  provider=38  solves=2  iterations=34

STEP 6
  certificate  stage=STEP 6  complete  reason=candidate_set  wall=2.023000e-05s  cpu=2.100000e-05s  provider=0  solves=0  iterations=0

STEP 8
  certificate  stage=STEP 8  complete  reason=step8_complete  wall=7.778465e-02s  cpu=7.778600e-02s  provider=123  solves=2  iterations=17

STEP 9
  certificate  stage=STEP 9  failed  objective=-5.221510e+01  upper=-5.221510e+01  gap=-2.991385e-12  wall=0.000000e+00s  cpu=0.000000e+00s  provider=0  solves=0  iterations=0
  certificate  stage=STEP 9  complete  reason=paper_potential_convergence_failed  wall=1.728530e-03s  cpu=1.730000e-03s  provider=2  solves=0  iterations=0

STEP 7
  certificate  stage=STEP 7  complete  reason=continue_stage_ii  wall=1.230000e-06s  cpu=1.000000e-06s  provider=0  solves=0  iterations=0

STEP 4
  STAGE II STEP 4  major=40  upper=-5.221510e+01  LP_primal= 7.986500e-12  LP_dual= 6.938894e-17  active_cuts=45  certified
  certificate  stage=STEP 4  complete  reason=step4_complete  wall=5.320570e-04s  cpu=5.330000e-04s  provider=0  solves=1  iterations=1

STEP 5
  certificate  stage=STEP 5 LOCAL  major=40  attempt=162  accepted  reason=success  P rel.= 2.528270e-14  objective=-4.936851e+01  upper=-5.221510e+01  gap=-2.846584e+00  wall=0.000000e+00s  cpu=0.000000e+00s  provider=0  solves=0  iterations=0
  certificate  stage=STEP 5 LOCAL  major=40  attempt=163  accepted  reason=success  P rel.= 1.404913e-13  objective=-4.936851e+01  upper=-5.221510e+01  gap=-2.846584e+00  wall=0.000000e+00s  cpu=0.000000e+00s  provider=0  solves=0  iterations=0
  certificate  stage=STEP 5 LOCAL  major=40  attempt=164  accepted  reason=success  P rel.= 5.961545e-14  objective=-4.936851e+01  upper=-5.221510e+01  gap=-2.846584e+00  wall=0.000000e+00s  cpu=0.000000e+00s  provider=0  solves=0  iterations=0
  certificate  stage=STEP 5 LOCAL  major=40  attempt=165  accepted  reason=success  P rel.= 3.519466e-14  objective=-4.936851e+01  upper=-5.221510e+01  gap=-2.846584e+00  wall=0.000000e+00s  cpu=0.000000e+00s  provider=0  solves=0  iterations=0
  certificate  stage=STEP 5 LOCAL  major=40  attempt=166  accepted  reason=success  P rel.= 4.681608e-13  objective=-4.936851e+01  upper=-5.221510e+01  gap=-2.846584e+00  wall=0.000000e+00s  cpu=0.000000e+00s  provider=0  solves=0  iterations=0
  certificate  stage=STEP 5 LOCAL  major=40  attempt=167  accepted  reason=success  P rel.=-1.191429e-09  objective=-5.221510e+01  upper=-5.221510e+01  gap= 8.000711e-12  wall=0.000000e+00s  cpu=0.000000e+00s  provider=0  solves=0  iterations=0
  certificate  stage=STEP 5  complete  reason=step5_complete  wall=2.100184e-01s  cpu=2.099790e-01s  provider=136  solves=6  iterations=128

STEP 6
  certificate  stage=STEP 6  complete  reason=candidate_set  wall=3.326900e-05s  cpu=3.300000e-05s  provider=0  solves=0  iterations=0

STEP 8
  certificate  stage=STEP 8  complete  reason=step8_complete  wall=8.023329e-02s  cpu=8.023500e-02s  provider=132  solves=2  iterations=19

STEP 9
  certificate  stage=STEP 9  failed  objective=-5.221510e+01  upper=-5.221510e+01  gap=-3.943512e-12  wall=0.000000e+00s  cpu=0.000000e+00s  provider=0  solves=0  iterations=0
  certificate  stage=STEP 9  complete  reason=paper_potential_convergence_failed  wall=1.725449e-03s  cpu=1.725000e-03s  provider=2  solves=0  iterations=0

STEP 7
  certificate  stage=STEP 7  complete  reason=continue_stage_ii  wall=1.230000e-06s  cpu=1.000000e-06s  provider=0  solves=0  iterations=0

STEP 4
  STAGE II STEP 4  major=41  upper=-5.221510e+01  LP_primal= 8.000711e-12  LP_dual= 6.938894e-17  active_cuts=46  certified
  certificate  stage=STEP 4  complete  reason=step4_complete  wall=4.876170e-04s  cpu=4.880000e-04s  provider=0  solves=1  iterations=1

STEP 5
  certificate  stage=STEP 5 LOCAL  major=41  attempt=169  accepted  reason=success  P rel.= 7.369331e-14  objective=-4.936851e+01  upper=-5.221510e+01  gap=-2.846584e+00  wall=0.000000e+00s  cpu=0.000000e+00s  provider=0  solves=0  iterations=0
  certificate  stage=STEP 5 LOCAL  major=41  attempt=170  accepted  reason=success  P rel.= 3.390180e-14  objective=-4.936851e+01  upper=-5.221510e+01  gap=-2.846584e+00  wall=0.000000e+00s  cpu=0.000000e+00s  provider=0  solves=0  iterations=0
  certificate  stage=STEP 5 LOCAL  major=41  attempt=171  accepted  reason=success  P rel.= 5.114000e-14  objective=-4.936851e+01  upper=-5.221510e+01  gap=-2.846584e+00  wall=0.000000e+00s  cpu=0.000000e+00s  provider=0  solves=0  iterations=0
  certificate  stage=STEP 5 LOCAL  major=41  attempt=172  accepted  reason=success  P rel.= 5.056539e-14  objective=-4.936851e+01  upper=-5.221510e+01  gap=-2.846584e+00  wall=0.000000e+00s  cpu=0.000000e+00s  provider=0  solves=0  iterations=0
  certificate  stage=STEP 5 LOCAL  major=41  attempt=173  accepted  reason=success  P rel.= 5.616781e-14  objective=-4.936851e+01  upper=-5.221510e+01  gap=-2.846584e+00  wall=0.000000e+00s  cpu=0.000000e+00s  provider=0  solves=0  iterations=0
  certificate  stage=STEP 5 LOCAL  major=41  attempt=174  accepted  reason=success  P rel.=-1.201043e-09  objective=-5.221510e+01  upper=-5.221510e+01  gap= 7.986500e-12  wall=0.000000e+00s  cpu=0.000000e+00s  provider=0  solves=0  iterations=0
  certificate  stage=STEP 5  complete  reason=step5_complete  wall=1.707851e-01s  cpu=1.707680e-01s  provider=126  solves=7  iterations=112

STEP 6
  certificate  stage=STEP 6  complete  reason=candidate_set  wall=1.979000e-05s  cpu=2.000000e-05s  provider=0  solves=0  iterations=0

STEP 8
  certificate  stage=STEP 8  complete  reason=step8_complete  wall=1.585026e-01s  cpu=1.585000e-01s  provider=345  solves=2  iterations=37

STEP 9
  certificate  stage=STEP 9  failed  objective=-5.221510e+01  upper=-5.221510e+01  gap=-1.249378e-07  wall=0.000000e+00s  cpu=0.000000e+00s  provider=0  solves=0  iterations=0
  certificate  stage=STEP 9  complete  reason=paper_potential_convergence_failed  wall=1.659140e-03s  cpu=1.659000e-03s  provider=2  solves=0  iterations=0

STEP 7
  certificate  stage=STEP 7  complete  reason=continue_stage_ii  wall=1.320000e-06s  cpu=1.000000e-06s  provider=0  solves=0  iterations=0

STEP 4
  STAGE II STEP 4  major=42  upper=-5.221510e+01  LP_primal= 8.000711e-12  LP_dual= 6.938894e-17  active_cuts=47  certified
  certificate  stage=STEP 4  complete  reason=step4_complete  wall=6.842660e-04s  cpu=6.850000e-04s  provider=0  solves=1  iterations=1

STEP 5
  certificate  stage=STEP 5 LOCAL  major=42  attempt=175  accepted  reason=success  P rel.=-1.199352e-09  objective=-5.221510e+01  upper=-5.221510e+01  gap= 7.986500e-12  wall=0.000000e+00s  cpu=0.000000e+00s  provider=0  solves=0  iterations=0
  certificate  stage=STEP 5  complete  reason=step5_complete  wall=2.324860e-02s  cpu=2.325000e-02s  provider=14  solves=1  iterations=13

STEP 6
  certificate  stage=STEP 6  complete  reason=candidate_set  wall=4.763900e-05s  cpu=4.800000e-05s  provider=0  solves=0  iterations=0

STEP 8
  certificate  stage=STEP 8  complete  reason=step8_complete  wall=1.140506e-01s  cpu=1.069530e-01s  provider=129  solves=2  iterations=18

STEP 9
  certificate  stage=STEP 9  failed  objective=-5.221510e+01  upper=-5.221510e+01  gap=-3.339551e-12  wall=0.000000e+00s  cpu=0.000000e+00s  provider=0  solves=0  iterations=0
  certificate  stage=STEP 9  complete  reason=paper_potential_convergence_failed  wall=5.719846e-03s  cpu=2.693000e-03s  provider=2  solves=0  iterations=0

STEP 7
  certificate  stage=STEP 7  complete  reason=continue_stage_ii  wall=1.860000e-06s  cpu=1.000000e-06s  provider=0  solves=0  iterations=0

STEP 4
  STAGE II STEP 4  major=43  upper=-5.221510e+01  LP_primal= 8.000711e-12  LP_dual= 6.938894e-17  active_cuts=48  certified
  certificate  stage=STEP 4  complete  reason=step4_complete  wall=7.681560e-04s  cpu=7.690000e-04s  provider=0  solves=1  iterations=1

STEP 5
  certificate  stage=STEP 5 LOCAL  major=43  attempt=176  accepted  reason=success  P rel.= 5.947180e-14  objective=-4.936851e+01  upper=-5.221510e+01  gap=-2.846584e+00  wall=0.000000e+00s  cpu=0.000000e+00s  provider=0  solves=0  iterations=0
  certificate  stage=STEP 5 LOCAL  major=43  attempt=177  accepted  reason=success  P rel.=-1.197883e-09  objective=-5.221510e+01  upper=-5.221510e+01  gap= 7.993606e-12  wall=0.000000e+00s  cpu=0.000000e+00s  provider=0  solves=0  iterations=0
  certificate  stage=STEP 5  complete  reason=step5_complete  wall=7.455291e-02s  cpu=7.427200e-02s  provider=44  solves=2  iterations=38

STEP 6
  certificate  stage=STEP 6  complete  reason=candidate_set  wall=4.015000e-05s  cpu=4.000000e-05s  provider=0  solves=0  iterations=0

STEP 8
  certificate  stage=STEP 8  complete  reason=step8_complete  wall=1.001759e-01s  cpu=9.995600e-02s  provider=123  solves=2  iterations=17

STEP 9
  certificate  stage=STEP 9  failed  objective=-5.221510e+01  upper=-5.221510e+01  gap=-3.780087e-12  wall=0.000000e+00s  cpu=0.000000e+00s  provider=0  solves=0  iterations=0
  certificate  stage=STEP 9  complete  reason=paper_potential_convergence_failed  wall=2.390945e-03s  cpu=2.391000e-03s  provider=2  solves=0  iterations=0

STEP 7
  certificate  stage=STEP 7  complete  reason=continue_stage_ii  wall=2.360000e-06s  cpu=3.000000e-06s  provider=0  solves=0  iterations=0

STEP 4
  STAGE II STEP 4  major=44  upper=-5.221510e+01  LP_primal= 8.000711e-12  LP_dual= 6.938894e-17  active_cuts=49  certified
  certificate  stage=STEP 4  complete  reason=step4_complete  wall=5.629770e-04s  cpu=5.640000e-04s  provider=0  solves=1  iterations=1

STEP 5
  certificate  stage=STEP 5 LOCAL  major=44  attempt=178  accepted  reason=success  P rel.=-1.202646e-09  objective=-5.221510e+01  upper=-5.221510e+01  gap= 7.986500e-12  wall=0.000000e+00s  cpu=0.000000e+00s  provider=0  solves=0  iterations=0
  certificate  stage=STEP 5  complete  reason=step5_complete  wall=3.398027e-02s  cpu=3.208900e-02s  provider=20  solves=1  iterations=16

STEP 6
  certificate  stage=STEP 6  complete  reason=candidate_set  wall=3.721000e-05s  cpu=3.600000e-05s  provider=0  solves=0  iterations=0

STEP 8
  certificate  stage=STEP 8  complete  reason=step8_complete  wall=9.493138e-02s  cpu=9.474200e-02s  provider=123  solves=2  iterations=17

STEP 9
  certificate  stage=STEP 9  failed  objective=-5.221510e+01  upper=-5.221510e+01  gap=-7.737810e-12  wall=0.000000e+00s  cpu=0.000000e+00s  provider=0  solves=0  iterations=0
  certificate  stage=STEP 9  complete  reason=paper_potential_convergence_failed  wall=2.809793e-03s  cpu=2.810000e-03s  provider=2  solves=0  iterations=0

STEP 7
  certificate  stage=STEP 7  complete  reason=continue_stage_ii  wall=2.620000e-06s  cpu=2.000000e-06s  provider=0  solves=0  iterations=0

STEP 4
  STAGE II STEP 4  major=45  upper=-5.221510e+01  LP_primal= 8.000711e-12  LP_dual= 6.938894e-17  active_cuts=50  certified
  certificate  stage=STEP 4  complete  reason=step4_complete  wall=8.689750e-04s  cpu=8.690000e-04s  provider=0  solves=1  iterations=1

STEP 5
  certificate  stage=STEP 5 LOCAL  major=45  attempt=179  accepted  reason=success  P rel.= 5.487494e-14  objective=-4.936851e+01  upper=-5.221510e+01  gap=-2.846584e+00  wall=0.000000e+00s  cpu=0.000000e+00s  provider=0  solves=0  iterations=0
  certificate  stage=STEP 5 LOCAL  major=45  attempt=180  accepted  reason=success  P rel.= 7.541713e-14  objective=-4.936851e+01  upper=-5.221510e+01  gap=-2.846584e+00  wall=0.000000e+00s  cpu=0.000000e+00s  provider=0  solves=0  iterations=0
  certificate  stage=STEP 5 LOCAL  major=45  attempt=182  accepted  reason=success  P rel.= 6.665438e-14  objective=-4.794497e+01  upper=-5.221510e+01  gap=-4.270128e+00  wall=0.000000e+00s  cpu=0.000000e+00s  provider=0  solves=0  iterations=0
  certificate  stage=STEP 5 LOCAL  major=45  attempt=183  accepted  reason=success  P rel.= 5.817893e-14  objective=-4.936851e+01  upper=-5.221510e+01  gap=-2.846584e+00  wall=0.000000e+00s  cpu=0.000000e+00s  provider=0  solves=0  iterations=0
  certificate  stage=STEP 5 LOCAL  major=45  attempt=184  accepted  reason=success  P rel.= 7.484253e-14  objective=-4.936851e+01  upper=-5.221510e+01  gap=-2.846584e+00  wall=0.000000e+00s  cpu=0.000000e+00s  provider=0  solves=0  iterations=0
  certificate  stage=STEP 5 LOCAL  major=45  attempt=185  accepted  reason=success  P rel.=-1.200109e-09  objective=-5.221510e+01  upper=-5.221510e+01  gap= 7.986500e-12  wall=0.000000e+00s  cpu=0.000000e+00s  provider=0  solves=0  iterations=0
  certificate  stage=STEP 5  complete  reason=step5_complete  wall=1.787843e-01s  cpu=1.782080e-01s  provider=118  solves=7  iterations=104

STEP 6
  certificate  stage=STEP 6  complete  reason=candidate_set  wall=3.900000e-05s  cpu=3.800000e-05s  provider=0  solves=0  iterations=0

STEP 8
  certificate  stage=STEP 8  complete  reason=step8_complete  wall=1.024461e-01s  cpu=1.008910e-01s  provider=120  solves=2  iterations=17

STEP 9
  certificate  stage=STEP 9  failed  objective=-5.221510e+01  upper=-5.221510e+01  gap=-2.927436e-12  wall=0.000000e+00s  cpu=0.000000e+00s  provider=0  solves=0  iterations=0
  certificate  stage=STEP 9  complete  reason=paper_potential_convergence_failed  wall=2.716433e-03s  cpu=2.717000e-03s  provider=2  solves=0  iterations=0

STEP 7
  certificate  stage=STEP 7  complete  reason=continue_stage_ii  wall=2.480000e-06s  cpu=2.000000e-06s  provider=0  solves=0  iterations=0

STEP 4
  STAGE II STEP 4  major=46  upper=-5.221510e+01  LP_primal= 8.000711e-12  LP_dual= 6.938894e-17  active_cuts=51  certified
  certificate  stage=STEP 4  complete  reason=step4_complete  wall=8.559750e-04s  cpu=8.560000e-04s  provider=0  solves=1  iterations=1

STEP 5
  certificate  stage=STEP 5 LOCAL  major=46  attempt=186  accepted  reason=success  P rel.= 8.145050e-14  objective=-4.936851e+01  upper=-5.221510e+01  gap=-2.846584e+00  wall=0.000000e+00s  cpu=0.000000e+00s  provider=0  solves=0  iterations=0
  certificate  stage=STEP 5 LOCAL  major=46  attempt=187  accepted  reason=success  P rel.= 4.898522e-14  objective=-4.936851e+01  upper=-5.221510e+01  gap=-2.846584e+00  wall=0.000000e+00s  cpu=0.000000e+00s  provider=0  solves=0  iterations=0
  certificate  stage=STEP 5 LOCAL  major=46  attempt=188  accepted  reason=success  P rel.= 6.521786e-14  objective=-4.936851e+01  upper=-5.221510e+01  gap=-2.846584e+00  wall=0.000000e+00s  cpu=0.000000e+00s  provider=0  solves=0  iterations=0
  certificate  stage=STEP 5 LOCAL  major=46  attempt=189  accepted  reason=success  P rel.= 3.993517e-14  objective=-4.794497e+01  upper=-5.221510e+01  gap=-4.270128e+00  wall=0.000000e+00s  cpu=0.000000e+00s  provider=0  solves=0  iterations=0
  certificate  stage=STEP 5 LOCAL  major=46  attempt=190  accepted  reason=success  P rel.= 5.114000e-14  objective=-4.794497e+01  upper=-5.221510e+01  gap=-4.270128e+00  wall=0.000000e+00s  cpu=0.000000e+00s  provider=0  solves=0  iterations=0
  certificate  stage=STEP 5 LOCAL  major=46  attempt=191  accepted  reason=success  P rel.= 2.817009e-13  objective=-4.936851e+01  upper=-5.221510e+01  gap=-2.846584e+00  wall=0.000000e+00s  cpu=0.000000e+00s  provider=0  solves=0  iterations=0
  certificate  stage=STEP 5 LOCAL  major=46  attempt=192  accepted  reason=success  P rel.= 5.702972e-14  objective=-4.936851e+01  upper=-5.221510e+01  gap=-2.846584e+00  wall=0.000000e+00s  cpu=0.000000e+00s  provider=0  solves=0  iterations=0
  certificate  stage=STEP 5 LOCAL  major=46  attempt=193  accepted  reason=success  P rel.= 1.953663e-14  objective=-4.936851e+01  upper=-5.221510e+01  gap=-2.846584e+00  wall=0.000000e+00s  cpu=0.000000e+00s  provider=0  solves=0  iterations=0
  certificate  stage=STEP 5 LOCAL  major=46  attempt=194  accepted  reason=success  P rel.=-1.200465e-09  objective=-5.221510e+01  upper=-5.221510e+01  gap= 7.986500e-12  wall=0.000000e+00s  cpu=0.000000e+00s  provider=0  solves=0  iterations=0
  certificate  stage=STEP 5  complete  reason=step5_complete  wall=3.095814e-01s  cpu=3.017790e-01s  provider=180  solves=9  iterations=163

STEP 6
  certificate  stage=STEP 6  complete  reason=candidate_set  wall=3.746000e-05s  cpu=3.700000e-05s  provider=0  solves=0  iterations=0

STEP 8
  certificate  stage=STEP 8  complete  reason=step8_complete  wall=1.198911e-01s  cpu=1.098550e-01s  provider=120  solves=2  iterations=17

STEP 9
  certificate  stage=STEP 9  failed  objective=-5.221510e+01  upper=-5.221510e+01  gap=-3.097966e-12  wall=0.000000e+00s  cpu=0.000000e+00s  provider=0  solves=0  iterations=0
  certificate  stage=STEP 9  complete  reason=paper_potential_convergence_failed  wall=2.968333e-03s  cpu=2.776000e-03s  provider=2  solves=0  iterations=0

STEP 7
  certificate  stage=STEP 7  complete  reason=continue_stage_ii  wall=3.140000e-06s  cpu=3.000000e-06s  provider=0  solves=0  iterations=0

STEP 4
  STAGE II STEP 4  major=47  upper=-5.221510e+01  LP_primal= 8.000711e-12  LP_dual= 6.938894e-17  active_cuts=52  certified
  certificate  stage=STEP 4  complete  reason=step4_complete  wall=8.434850e-04s  cpu=8.440000e-04s  provider=0  solves=1  iterations=1

STEP 5
  certificate  stage=STEP 5 LOCAL  major=47  attempt=195  accepted  reason=success  P rel.= 4.654314e-14  objective=-4.936851e+01  upper=-5.221510e+01  gap=-2.846584e+00  wall=0.000000e+00s  cpu=0.000000e+00s  provider=0  solves=0  iterations=0
  certificate  stage=STEP 5 LOCAL  major=47  attempt=196  accepted  reason=success  P rel.= 7.196949e-14  objective=-4.936851e+01  upper=-5.221510e+01  gap=-2.846584e+00  wall=0.000000e+00s  cpu=0.000000e+00s  provider=0  solves=0  iterations=0
  certificate  stage=STEP 5 LOCAL  major=47  attempt=197  accepted  reason=success  P rel.=-7.761413e-09  objective=-5.221510e+01  upper=-5.221510e+01  gap= 7.986500e-12  wall=0.000000e+00s  cpu=0.000000e+00s  provider=0  solves=0  iterations=0
  certificate  stage=STEP 5  complete  reason=step5_complete  wall=1.059181e-01s  cpu=1.035480e-01s  provider=61  solves=3  iterations=58

STEP 6
  certificate  stage=STEP 6  complete  reason=candidate_set  wall=2.280000e-05s  cpu=2.300000e-05s  provider=0  solves=0  iterations=0

STEP 8
  certificate  stage=STEP 8  complete  reason=step8_complete  wall=9.213172e-02s  cpu=9.165200e-02s  provider=123  solves=2  iterations=17

STEP 9
  certificate  stage=STEP 9  failed  objective=-5.221510e+01  upper=-5.221510e+01  gap=-3.005596e-12  wall=0.000000e+00s  cpu=0.000000e+00s  provider=0  solves=0  iterations=0
  certificate  stage=STEP 9  complete  reason=paper_potential_convergence_failed  wall=2.698334e-03s  cpu=2.699000e-03s  provider=2  solves=0  iterations=0

STEP 7
  certificate  stage=STEP 7  complete  reason=continue_stage_ii  wall=2.180000e-06s  cpu=2.000000e-06s  provider=0  solves=0  iterations=0

STEP 4
  STAGE II STEP 4  major=48  upper=-5.221510e+01  LP_primal= 7.105427e-15  LP_dual= 5.551115e-17  active_cuts=53  certified
  certificate  stage=STEP 4  complete  reason=step4_complete  wall=8.262950e-04s  cpu=8.260000e-04s  provider=0  solves=1  iterations=1

STEP 5
  certificate  stage=STEP 5 LOCAL  major=48  attempt=198  accepted  reason=success  P rel.=-3.348404e-08  objective=-5.221510e+01  upper=-5.221510e+01  gap= 2.181366e-12  wall=0.000000e+00s  cpu=0.000000e+00s  provider=0  solves=0  iterations=0
  certificate  stage=STEP 5  complete  reason=step5_complete  wall=2.883388e-02s  cpu=2.883500e-02s  provider=26  solves=1  iterations=22

STEP 6
  certificate  stage=STEP 6  complete  reason=candidate_set  wall=2.098000e-05s  cpu=2.100000e-05s  provider=0  solves=0  iterations=0

STEP 8
  certificate  stage=STEP 8  complete  reason=step8_complete  wall=8.351056e-02s  cpu=8.351300e-02s  provider=132  solves=2  iterations=19

STEP 9
  certificate  stage=STEP 9  failed  objective=-5.221510e+01  upper=-5.221510e+01  gap=-5.016432e-12  wall=0.000000e+00s  cpu=0.000000e+00s  provider=0  solves=0  iterations=0
  certificate  stage=STEP 9  complete  reason=paper_potential_convergence_failed  wall=1.917489e-03s  cpu=1.917000e-03s  provider=2  solves=0  iterations=0

STEP 7
  certificate  stage=STEP 7  complete  reason=continue_stage_ii  wall=1.470000e-06s  cpu=2.000000e-06s  provider=0  solves=0  iterations=0

STEP 4
  STAGE II STEP 4  major=49  upper=-5.221510e+01  LP_primal= 2.181366e-12  LP_dual= 5.551115e-17  active_cuts=54  certified
  certificate  stage=STEP 4  complete  reason=step4_complete  wall=6.035260e-04s  cpu=6.040000e-04s  provider=0  solves=1  iterations=1

STEP 5
  certificate  stage=STEP 5 LOCAL  major=49  attempt=199  accepted  reason=success  P rel.=-1.206341e-09  objective=-5.221510e+01  upper=-5.221510e+01  gap= 2.010836e-12  wall=0.000000e+00s  cpu=0.000000e+00s  provider=0  solves=0  iterations=0
  certificate  stage=STEP 5  complete  reason=step5_complete  wall=2.829400e-02s  cpu=2.828900e-02s  provider=24  solves=1  iterations=18

STEP 6
  certificate  stage=STEP 6  complete  reason=candidate_set  wall=3.962900e-05s  cpu=4.000000e-05s  provider=0  solves=0  iterations=0

STEP 8
  certificate  stage=STEP 8  complete  reason=step8_complete  wall=3.067527e-01s  cpu=2.529550e-01s  provider=804  solves=2  iterations=43

STEP 9
  certificate  stage=STEP 9  failed  objective=-5.221510e+01  upper=-5.221510e+01  gap=-1.249387e-07  wall=0.000000e+00s  cpu=0.000000e+00s  provider=0  solves=0  iterations=0
  certificate  stage=STEP 9  complete  reason=paper_potential_convergence_failed  wall=2.751363e-03s  cpu=2.751000e-03s  provider=2  solves=0  iterations=0

STEP 7
  certificate  stage=STEP 7  complete  reason=continue_stage_ii  wall=2.310000e-06s  cpu=2.000000e-06s  provider=0  solves=0  iterations=0

STEP 4
  STAGE II STEP 4  major=50  upper=-5.221510e+01  LP_primal= 2.181366e-12  LP_dual= 5.551115e-17  active_cuts=55  certified
  certificate  stage=STEP 4  complete  reason=step4_complete  wall=1.987739e-03s  cpu=9.710000e-04s  provider=0  solves=1  iterations=1

STEP 5
  certificate  stage=STEP 5 LOCAL  major=50  attempt=200  accepted  reason=success  P rel.= 4.453202e-14  objective=-4.936851e+01  upper=-5.221510e+01  gap=-2.846584e+00  wall=0.000000e+00s  cpu=0.000000e+00s  provider=0  solves=0  iterations=0
  certificate  stage=STEP 5 LOCAL  major=50  attempt=201  accepted  reason=success  P rel.=-1.208299e-09  objective=-5.221510e+01  upper=-5.221510e+01  gap= 2.003731e-12  wall=0.000000e+00s  cpu=0.000000e+00s  provider=0  solves=0  iterations=0
  certificate  stage=STEP 5  complete  reason=step5_complete  wall=5.682586e-02s  cpu=5.682700e-02s  provider=36  solves=2  iterations=33

STEP 6
  certificate  stage=STEP 6  complete  reason=candidate_set  wall=2.744000e-05s  cpu=2.700000e-05s  provider=0  solves=0  iterations=0

STEP 8
  certificate  stage=STEP 8  complete  reason=step8_complete  wall=1.052133e-01s  cpu=1.021090e-01s  provider=129  solves=2  iterations=18

STEP 9
  certificate  stage=STEP 9  failed  objective=-5.221510e+01  upper=-5.221510e+01  gap=-4.419576e-12  wall=0.000000e+00s  cpu=0.000000e+00s  provider=0  solves=0  iterations=0
  certificate  stage=STEP 9  complete  reason=paper_potential_convergence_failed  wall=2.695834e-03s  cpu=2.696000e-03s  provider=2  solves=0  iterations=0

STEP 7
  certificate  stage=STEP 7  complete  reason=continue_stage_ii  wall=2.400000e-06s  cpu=2.000000e-06s  provider=0  solves=0  iterations=0

STEP 4
  STAGE II STEP 4  major=51  upper=-5.221510e+01  LP_primal= 2.181366e-12  LP_dual= 5.551115e-17  active_cuts=56  certified
  certificate  stage=STEP 4  complete  reason=step4_complete  wall=9.140640e-04s  cpu=9.140000e-04s  provider=0  solves=1  iterations=1

STEP 5
  certificate  stage=STEP 5 LOCAL  major=51  attempt=202  accepted  reason=success  P rel.= 5.085269e-14  objective=-4.936851e+01  upper=-5.221510e+01  gap=-2.846584e+00  wall=0.000000e+00s  cpu=0.000000e+00s  provider=0  solves=0  iterations=0
  certificate  stage=STEP 5 LOCAL  major=51  attempt=203  accepted  reason=success  P rel.= 6.408301e-13  objective=-4.936851e+01  upper=-5.221510e+01  gap=-2.846584e+00  wall=0.000000e+00s  cpu=0.000000e+00s  provider=0  solves=0  iterations=0
  certificate  stage=STEP 5 LOCAL  major=51  attempt=204  accepted  reason=success  P rel.= 6.981472e-14  objective=-4.936851e+01  upper=-5.221510e+01  gap=-2.846584e+00  wall=0.000000e+00s  cpu=0.000000e+00s  provider=0  solves=0  iterations=0
  certificate  stage=STEP 5 LOCAL  major=51  attempt=206  accepted  reason=success  P rel.= 3.548197e-14  objective=-4.936851e+01  upper=-5.221510e+01  gap=-2.846584e+00  wall=0.000000e+00s  cpu=0.000000e+00s  provider=0  solves=0  iterations=0
  certificate  stage=STEP 5 LOCAL  major=51  attempt=207  accepted  reason=success  P rel.= 6.320674e-14  objective=-4.936851e+01  upper=-5.221510e+01  gap=-2.846584e+00  wall=0.000000e+00s  cpu=0.000000e+00s  provider=0  solves=0  iterations=0
  certificate  stage=STEP 5 LOCAL  major=51  attempt=208  accepted  reason=success  P rel.=-7.281937e-08  objective=-5.221510e+01  upper=-5.221510e+01  gap=-8.441248e-12  wall=0.000000e+00s  cpu=0.000000e+00s  provider=0  solves=0  iterations=0
  certificate  stage=STEP 5  complete  reason=step5_complete  wall=2.764701e-01s  cpu=2.412410e-01s  provider=137  solves=7  iterations=127

STEP 6
  certificate  stage=STEP 6  complete  reason=candidate_set  wall=4.060900e-05s  cpu=4.100000e-05s  provider=0  solves=0  iterations=0

STEP 8
  certificate  stage=STEP 8  complete  reason=step8_complete  wall=1.155989e-01s  cpu=1.025410e-01s  provider=123  solves=2  iterations=17

STEP 9
  certificate  stage=STEP 9  failed  objective=-5.221510e+01  upper=-5.221510e+01  gap=-4.845901e-12  wall=0.000000e+00s  cpu=0.000000e+00s  provider=0  solves=0  iterations=0
  certificate  stage=STEP 9  complete  reason=paper_potential_convergence_failed  wall=2.836543e-03s  cpu=2.830000e-03s  provider=2  solves=0  iterations=0

STEP 7
  certificate  stage=STEP 7  complete  reason=continue_stage_ii  wall=1.800000e-06s  cpu=1.000000e-06s  provider=0  solves=0  iterations=0

STEP 4
  STAGE II STEP 4  major=52  upper=-5.221510e+01  LP_primal= 2.181366e-12  LP_dual= 5.551115e-17  active_cuts=57  certified
  certificate  stage=STEP 4  complete  reason=step4_complete  wall=9.391940e-04s  cpu=9.400000e-04s  provider=0  solves=1  iterations=1

STEP 5
  certificate  stage=STEP 5 LOCAL  major=52  attempt=209  accepted  reason=success  P rel.= 1.669233e-13  objective=-4.936851e+01  upper=-5.221510e+01  gap=-2.846584e+00  wall=0.000000e+00s  cpu=0.000000e+00s  provider=0  solves=0  iterations=0
  certificate  stage=STEP 5 LOCAL  major=52  attempt=210  accepted  reason=success  P rel.=-1.209457e-09  objective=-5.221510e+01  upper=-5.221510e+01  gap= 2.003731e-12  wall=0.000000e+00s  cpu=0.000000e+00s  provider=0  solves=0  iterations=0
  certificate  stage=STEP 5  complete  reason=step5_complete  wall=1.215978e-01s  cpu=7.387700e-02s  provider=42  solves=2  iterations=36

STEP 6
  certificate  stage=STEP 6  complete  reason=candidate_set  wall=4.951000e-05s  cpu=5.000000e-05s  provider=0  solves=0  iterations=0

STEP 8
  certificate  stage=STEP 8  complete  reason=step8_complete  wall=1.593632e-01s  cpu=1.047090e-01s  provider=123  solves=2  iterations=17

STEP 9
  certificate  stage=STEP 9  failed  objective=-5.221510e+01  upper=-5.221510e+01  gap=-8.839152e-12  wall=0.000000e+00s  cpu=0.000000e+00s  provider=0  solves=0  iterations=0
  certificate  stage=STEP 9  complete  reason=paper_potential_convergence_failed  wall=2.730623e-03s  cpu=2.731000e-03s  provider=2  solves=0  iterations=0

STEP 7
  certificate  stage=STEP 7  complete  reason=continue_stage_ii  wall=2.480000e-06s  cpu=2.000000e-06s  provider=0  solves=0  iterations=0

STEP 4
  STAGE II STEP 4  major=53  upper=-5.221510e+01  LP_primal= 2.181366e-12  LP_dual= 5.551115e-17  active_cuts=58  certified
  certificate  stage=STEP 4  complete  reason=step4_complete  wall=9.374540e-04s  cpu=9.380000e-04s  provider=0  solves=1  iterations=1

STEP 5
  certificate  stage=STEP 5 LOCAL  major=53  attempt=211  accepted  reason=success  P rel.= 4.797966e-14  objective=-4.936851e+01  upper=-5.221510e+01  gap=-2.846584e+00  wall=0.000000e+00s  cpu=0.000000e+00s  provider=0  solves=0  iterations=0
  certificate  stage=STEP 5 LOCAL  major=53  attempt=212  accepted  reason=success  P rel.= 5.803528e-14  objective=-4.936851e+01  upper=-5.221510e+01  gap=-2.846584e+00  wall=0.000000e+00s  cpu=0.000000e+00s  provider=0  solves=0  iterations=0
  certificate  stage=STEP 5 LOCAL  major=53  attempt=213  accepted  reason=success  P rel.= 7.110758e-14  objective=-4.936851e+01  upper=-5.221510e+01  gap=-2.846584e+00  wall=0.000000e+00s  cpu=0.000000e+00s  provider=0  solves=0  iterations=0
  certificate  stage=STEP 5 LOCAL  major=53  attempt=214  accepted  reason=success  P rel.= 7.110758e-14  objective=-4.936851e+01  upper=-5.221510e+01  gap=-2.846584e+00  wall=0.000000e+00s  cpu=0.000000e+00s  provider=0  solves=0  iterations=0
  certificate  stage=STEP 5 LOCAL  major=53  attempt=215  accepted  reason=success  P rel.= 5.286382e-14  objective=-4.936851e+01  upper=-5.221510e+01  gap=-2.846584e+00  wall=0.000000e+00s  cpu=0.000000e+00s  provider=0  solves=0  iterations=0
  certificate  stage=STEP 5 LOCAL  major=53  attempt=216  accepted  reason=success  P rel.= 2.226601e-14  objective=-4.936851e+01  upper=-5.221510e+01  gap=-2.846584e+00  wall=0.000000e+00s  cpu=0.000000e+00s  provider=0  solves=0  iterations=0
  certificate  stage=STEP 5 LOCAL  major=53  attempt=217  accepted  reason=success  P rel.= 2.456444e-13  objective=-4.936851e+01  upper=-5.221510e+01  gap=-2.846584e+00  wall=0.000000e+00s  cpu=0.000000e+00s  provider=0  solves=0  iterations=0
  certificate  stage=STEP 5 LOCAL  major=53  attempt=218  accepted  reason=success  P rel.= 5.702972e-14  objective=-4.936851e+01  upper=-5.221510e+01  gap=-2.846584e+00  wall=0.000000e+00s  cpu=0.000000e+00s  provider=0  solves=0  iterations=0
  certificate  stage=STEP 5 LOCAL  major=53  attempt=219  accepted  reason=success  P rel.= 3.907326e-14  objective=-4.936851e+01  upper=-5.221510e+01  gap=-2.846584e+00  wall=0.000000e+00s  cpu=0.000000e+00s  provider=0  solves=0  iterations=0
  certificate  stage=STEP 5 LOCAL  major=53  attempt=220  accepted  reason=success  P rel.= 2.226601e-14  objective=-4.936851e+01  upper=-5.221510e+01  gap=-2.846584e+00  wall=0.000000e+00s  cpu=0.000000e+00s  provider=0  solves=0  iterations=0
  certificate  stage=STEP 5 LOCAL  major=53  attempt=221  accepted  reason=success  P rel.= 9.093151e-14  objective=-4.936851e+01  upper=-5.221510e+01  gap=-2.846584e+00  wall=0.000000e+00s  cpu=0.000000e+00s  provider=0  solves=0  iterations=0
  certificate  stage=STEP 5 LOCAL  major=53  attempt=222  accepted  reason=success  P rel.= 5.060849e-13  objective=-4.936851e+01  upper=-5.221510e+01  gap=-2.846584e+00  wall=0.000000e+00s  cpu=0.000000e+00s  provider=0  solves=0  iterations=0
  certificate  stage=STEP 5 LOCAL  major=53  attempt=223  accepted  reason=success  P rel.= 5.702972e-14  objective=-4.936851e+01  upper=-5.221510e+01  gap=-2.846584e+00  wall=0.000000e+00s  cpu=0.000000e+00s  provider=0  solves=0  iterations=0
  certificate  stage=STEP 5 LOCAL  major=53  attempt=224  accepted  reason=success  P rel.= 1.896202e-13  objective=-4.936851e+01  upper=-5.221510e+01  gap=-2.846584e+00  wall=0.000000e+00s  cpu=0.000000e+00s  provider=0  solves=0  iterations=0
  certificate  stage=STEP 5 LOCAL  major=53  attempt=225  accepted  reason=success  P rel.= 5.257652e-14  objective=-4.936851e+01  upper=-5.221510e+01  gap=-2.846584e+00  wall=0.000000e+00s  cpu=0.000000e+00s  provider=0  solves=0  iterations=0
  certificate  stage=STEP 5 LOCAL  major=53  attempt=226  accepted  reason=success  P rel.= 3.892961e-14  objective=-4.936851e+01  upper=-5.221510e+01  gap=-2.846584e+00  wall=0.000000e+00s  cpu=0.000000e+00s  provider=0  solves=0  iterations=0
  certificate  stage=STEP 5 LOCAL  major=53  attempt=228  accepted  reason=success  P rel.= 2.614461e-14  objective=-4.936851e+01  upper=-5.221510e+01  gap=-2.846584e+00  wall=0.000000e+00s  cpu=0.000000e+00s  provider=0  solves=0  iterations=0
  certificate  stage=STEP 5 LOCAL  major=53  attempt=229  accepted  reason=success  P rel.= 4.639949e-14  objective=-4.936851e+01  upper=-5.221510e+01  gap=-2.846584e+00  wall=0.000000e+00s  cpu=0.000000e+00s  provider=0  solves=0  iterations=0
  certificate  stage=STEP 5 LOCAL  major=53  attempt=230  accepted  reason=success  P rel.= 7.512983e-14  objective=-4.936851e+01  upper=-5.221510e+01  gap=-2.846584e+00  wall=0.000000e+00s  cpu=0.000000e+00s  provider=0  solves=0  iterations=0
  certificate  stage=STEP 5 LOCAL  major=53  attempt=231  accepted  reason=success  P rel.= 4.367011e-14  objective=-4.936851e+01  upper=-5.221510e+01  gap=-2.846584e+00  wall=0.000000e+00s  cpu=0.000000e+00s  provider=0  solves=0  iterations=0
  certificate  stage=STEP 5 LOCAL  major=53  attempt=232  accepted  reason=success  P rel.= 7.038932e-14  objective=-4.936851e+01  upper=-5.221510e+01  gap=-2.846584e+00  wall=0.000000e+00s  cpu=0.000000e+00s  provider=0  solves=0  iterations=0
  certificate  stage=STEP 5 LOCAL  major=53  attempt=233  accepted  reason=success  P rel.= 4.467567e-14  objective=-4.936851e+01  upper=-5.221510e+01  gap=-2.846584e+00  wall=0.000000e+00s  cpu=0.000000e+00s  provider=0  solves=0  iterations=0
  certificate  stage=STEP 5 LOCAL  major=53  attempt=235  accepted  reason=success  P rel.= 7.153854e-14  objective=-4.936851e+01  upper=-5.221510e+01  gap=-2.846584e+00  wall=0.000000e+00s  cpu=0.000000e+00s  provider=0  solves=0  iterations=0
  certificate  stage=STEP 5 LOCAL  major=53  attempt=236  accepted  reason=success  P rel.= 5.085269e-14  objective=-4.936851e+01  upper=-5.221510e+01  gap=-2.846584e+00  wall=0.000000e+00s  cpu=0.000000e+00s  provider=0  solves=0  iterations=0
  certificate  stage=STEP 5 LOCAL  major=53  attempt=237  accepted  reason=success  P rel.= 5.860989e-14  objective=-4.936851e+01  upper=-5.221510e+01  gap=-2.846584e+00  wall=0.000000e+00s  cpu=0.000000e+00s  provider=0  solves=0  iterations=0
  certificate  stage=STEP 5 LOCAL  major=53  attempt=238  accepted  reason=success  P rel.= 4.925816e-13  objective=-4.936851e+01  upper=-5.221510e+01  gap=-2.846584e+00  wall=0.000000e+00s  cpu=0.000000e+00s  provider=0  solves=0  iterations=0
  certificate  stage=STEP 5 LOCAL  major=53  attempt=239  accepted  reason=success  P rel.= 8.188146e-14  objective=-4.936851e+01  upper=-5.221510e+01  gap=-2.846584e+00  wall=0.000000e+00s  cpu=0.000000e+00s  provider=0  solves=0  iterations=0
  certificate  stage=STEP 5 LOCAL  major=53  attempt=240  accepted  reason=success  P rel.=-3.348404e-08  objective=-5.221510e+01  upper=-5.221510e+01  gap= 2.181366e-12  wall=0.000000e+00s  cpu=0.000000e+00s  provider=0  solves=0  iterations=0
  certificate  stage=STEP 5  complete  reason=step5_complete  wall=1.332131e+00s  cpu=1.060062e+00s  provider=609  solves=30  iterations=567

STEP 6
  certificate  stage=STEP 6  complete  reason=candidate_set  wall=4.629000e-05s  cpu=4.600000e-05s  provider=0  solves=0  iterations=0

STEP 8
  certificate  stage=STEP 8  complete  reason=step8_complete  wall=1.279540e-01s  cpu=1.256270e-01s  provider=120  solves=2  iterations=17

STEP 9
  certificate  stage=STEP 9  failed  objective=-5.221510e+01  upper=-5.221510e+01  gap=-3.993250e-12  wall=0.000000e+00s  cpu=0.000000e+00s  provider=0  solves=0  iterations=0
  certificate  stage=STEP 9  complete  reason=paper_potential_convergence_failed  wall=2.072898e-03s  cpu=2.073000e-03s  provider=2  solves=0  iterations=0

STEP 7
  certificate  stage=STEP 7  complete  reason=continue_stage_ii  wall=1.470000e-06s  cpu=1.000000e-06s  provider=0  solves=0  iterations=0

STEP 4
  STAGE II STEP 4  major=54  upper=-5.221510e+01  LP_primal= 2.181366e-12  LP_dual= 5.551115e-17  active_cuts=59  certified
  certificate  stage=STEP 4  complete  reason=step4_complete  wall=8.324550e-04s  cpu=8.330000e-04s  provider=0  solves=1  iterations=1

STEP 5
  certificate  stage=STEP 5 LOCAL  major=54  attempt=241  accepted  reason=success  P rel.= 3.907326e-14  objective=-4.936851e+01  upper=-5.221510e+01  gap=-2.846584e+00  wall=0.000000e+00s  cpu=0.000000e+00s  provider=0  solves=0  iterations=0
  certificate  stage=STEP 5 LOCAL  major=54  attempt=242  accepted  reason=success  P rel.= 2.338649e-13  objective=-4.936851e+01  upper=-5.221510e+01  gap=-2.846584e+00  wall=0.000000e+00s  cpu=0.000000e+00s  provider=0  solves=0  iterations=0
  certificate  stage=STEP 5 LOCAL  major=54  attempt=243  accepted  reason=success  P rel.=-1.213685e-09  objective=-5.221510e+01  upper=-5.221510e+01  gap= 2.003731e-12  wall=0.000000e+00s  cpu=0.000000e+00s  provider=0  solves=0  iterations=0
  certificate  stage=STEP 5  complete  reason=step5_complete  wall=9.373839e-02s  cpu=9.372400e-02s  provider=67  solves=3  iterations=60

STEP 6
  certificate  stage=STEP 6  complete  reason=candidate_set  wall=2.957000e-05s  cpu=3.000000e-05s  provider=0  solves=0  iterations=0

STEP 8
  certificate  stage=STEP 8  complete  reason=step8_complete  wall=8.313213e-02s  cpu=8.312700e-02s  provider=120  solves=2  iterations=17

STEP 9
  certificate  stage=STEP 9  failed  objective=-5.221510e+01  upper=-5.221510e+01  gap=-4.170886e-12  wall=0.000000e+00s  cpu=0.000000e+00s  provider=0  solves=0  iterations=0
  certificate  stage=STEP 9  complete  reason=paper_potential_convergence_failed  wall=2.565395e-03s  cpu=2.555000e-03s  provider=2  solves=0  iterations=0

STEP 7
  certificate  stage=STEP 7  complete  reason=continue_stage_ii  wall=1.790000e-06s  cpu=1.000000e-06s  provider=0  solves=0  iterations=0

STEP 4
  STAGE II STEP 4  major=55  upper=-5.221510e+01  LP_primal= 2.181366e-12  LP_dual= 5.551115e-17  active_cuts=60  certified
  certificate  stage=STEP 4  complete  reason=step4_complete  wall=7.974150e-04s  cpu=7.980000e-04s  provider=0  solves=1  iterations=1

STEP 5
  certificate  stage=STEP 5 LOCAL  major=55  attempt=244  accepted  reason=success  P rel.= 2.798335e-13  objective=-4.936851e+01  upper=-5.221510e+01  gap=-2.846584e+00  wall=0.000000e+00s  cpu=0.000000e+00s  provider=0  solves=0  iterations=0
  certificate  stage=STEP 5 LOCAL  major=55  attempt=245  accepted  reason=success  P rel.= 3.303989e-14  objective=-4.794497e+01  upper=-5.221510e+01  gap=-4.270128e+00  wall=0.000000e+00s  cpu=0.000000e+00s  provider=0  solves=0  iterations=0
  certificate  stage=STEP 5 LOCAL  major=55  attempt=246  accepted  reason=success  P rel.= 6.579247e-14  objective=-4.936851e+01  upper=-5.221510e+01  gap=-2.846584e+00  wall=0.000000e+00s  cpu=0.000000e+00s  provider=0  solves=0  iterations=0
  certificate  stage=STEP 5 LOCAL  major=55  attempt=247  accepted  reason=success  P rel.= 7.900842e-14  objective=-4.794497e+01  upper=-5.221510e+01  gap=-4.270128e+00  wall=0.000000e+00s  cpu=0.000000e+00s  provider=0  solves=0  iterations=0
  certificate  stage=STEP 5 LOCAL  major=55  attempt=248  accepted  reason=success  P rel.=-3.348404e-08  objective=-5.221510e+01  upper=-5.221510e+01  gap= 2.181366e-12  wall=0.000000e+00s  cpu=0.000000e+00s  provider=0  solves=0  iterations=0
  certificate  stage=STEP 5  complete  reason=step5_complete  wall=1.744426e-01s  cpu=1.727340e-01s  provider=100  solves=5  iterations=90

STEP 6
  certificate  stage=STEP 6  complete  reason=candidate_set  wall=4.380000e-05s  cpu=4.400000e-05s  provider=0  solves=0  iterations=0

STEP 8
  certificate  stage=STEP 8  complete  reason=step8_complete  wall=9.205168e-02s  cpu=9.012100e-02s  provider=123  solves=2  iterations=17

STEP 9
  certificate  stage=STEP 9  failed  objective=-5.221510e+01  upper=-5.221510e+01  gap=-4.085621e-12  wall=0.000000e+00s  cpu=0.000000e+00s  provider=0  solves=0  iterations=0
  certificate  stage=STEP 9  complete  reason=paper_potential_convergence_failed  wall=2.550445e-03s  cpu=2.551000e-03s  provider=2  solves=0  iterations=0

STEP 7
  certificate  stage=STEP 7  complete  reason=continue_stage_ii  wall=1.160000e-06s  cpu=1.000000e-06s  provider=0  solves=0  iterations=0

STEP 4
  STAGE II STEP 4  major=56  upper=-5.221510e+01  LP_primal= 2.181366e-12  LP_dual= 5.551115e-17  active_cuts=61  certified
  certificate  stage=STEP 4  complete  reason=step4_complete  wall=6.193360e-04s  cpu=6.200000e-04s  provider=0  solves=1  iterations=1

STEP 5
  certificate  stage=STEP 5 LOCAL  major=56  attempt=249  accepted  reason=success  P rel.= 3.763674e-14  objective=-4.794497e+01  upper=-5.221510e+01  gap=-4.270128e+00  wall=0.000000e+00s  cpu=0.000000e+00s  provider=0  solves=0  iterations=0
  certificate  stage=STEP 5 LOCAL  major=56  attempt=250  accepted  reason=success  P rel.= 3.347084e-14  objective=-4.936851e+01  upper=-5.221510e+01  gap=-2.846584e+00  wall=0.000000e+00s  cpu=0.000000e+00s  provider=0  solves=0  iterations=0
  certificate  stage=STEP 5 LOCAL  major=56  attempt=251  accepted  reason=success  P rel.= 5.860989e-14  objective=-4.936851e+01  upper=-5.221510e+01  gap=-2.846584e+00  wall=0.000000e+00s  cpu=0.000000e+00s  provider=0  solves=0  iterations=0
  certificate  stage=STEP 5 LOCAL  major=56  attempt=253  accepted  reason=success  P rel.= 6.652509e-13  objective=-4.936851e+01  upper=-5.221510e+01  gap=-2.846584e+00  wall=0.000000e+00s  cpu=0.000000e+00s  provider=0  solves=0  iterations=0
  certificate  stage=STEP 5 LOCAL  major=56  attempt=254  accepted  reason=success  P rel.=-1.188669e-09  objective=-5.221510e+01  upper=-5.221510e+01  gap= 1.996625e-12  wall=0.000000e+00s  cpu=0.000000e+00s  provider=0  solves=0  iterations=0
  certificate  stage=STEP 5  complete  reason=step5_complete  wall=1.527182e-01s  cpu=1.518300e-01s  provider=110  solves=6  iterations=95

STEP 6
  certificate  stage=STEP 6  complete  reason=candidate_set  wall=4.672900e-05s  cpu=4.700000e-05s  provider=0  solves=0  iterations=0

STEP 8
  certificate  stage=STEP 8  complete  reason=step8_complete  wall=1.054000e-01s  cpu=1.037840e-01s  provider=132  solves=2  iterations=19

STEP 9
  certificate  stage=STEP 9  failed  objective=-5.221510e+01  upper=-5.221510e+01  gap=-5.030643e-12  wall=0.000000e+00s  cpu=0.000000e+00s  provider=0  solves=0  iterations=0
  certificate  stage=STEP 9  complete  reason=paper_potential_convergence_failed  wall=1.820749e-03s  cpu=1.820000e-03s  provider=2  solves=0  iterations=0

STEP 7
  certificate  stage=STEP 7  complete  reason=continue_stage_ii  wall=1.190000e-06s  cpu=1.000000e-06s  provider=0  solves=0  iterations=0

STEP 4
  STAGE II STEP 4  major=57  upper=-5.221510e+01  LP_primal= 2.181366e-12  LP_dual= 5.551115e-17  active_cuts=62  certified
  certificate  stage=STEP 4  complete  reason=step4_complete  wall=5.875170e-04s  cpu=5.880000e-04s  provider=0  solves=1  iterations=1

STEP 5
  certificate  stage=STEP 5 LOCAL  major=57  attempt=255  accepted  reason=success  P rel.=-1.189425e-09  objective=-5.221510e+01  upper=-5.221510e+01  gap= 2.003731e-12  wall=0.000000e+00s  cpu=0.000000e+00s  provider=0  solves=0  iterations=0
  certificate  stage=STEP 5  complete  reason=step5_complete  wall=2.035214e-02s  cpu=2.012100e-02s  provider=14  solves=1  iterations=13

STEP 6
  certificate  stage=STEP 6  complete  reason=candidate_set  wall=2.593000e-05s  cpu=2.600000e-05s  provider=0  solves=0  iterations=0

STEP 8
  certificate  stage=STEP 8  complete  reason=step8_complete  wall=9.473061e-02s  cpu=9.457800e-02s  provider=123  solves=2  iterations=17

STEP 9
  certificate  stage=STEP 9  failed  objective=-5.221510e+01  upper=-5.221510e+01  gap=-1.002576e-11  wall=0.000000e+00s  cpu=0.000000e+00s  provider=0  solves=0  iterations=0
  certificate  stage=STEP 9  complete  reason=paper_potential_convergence_failed  wall=2.934352e-03s  cpu=2.934000e-03s  provider=2  solves=0  iterations=0

STEP 7
  certificate  stage=STEP 7  complete  reason=continue_stage_ii  wall=2.230000e-06s  cpu=1.000000e-06s  provider=0  solves=0  iterations=0

STEP 4
  STAGE II STEP 4  major=58  upper=-5.221510e+01  LP_primal= 2.181366e-12  LP_dual= 5.551115e-17  active_cuts=63  certified
  certificate  stage=STEP 4  complete  reason=step4_complete  wall=8.767150e-04s  cpu=8.770000e-04s  provider=0  solves=1  iterations=1

STEP 5
  certificate  stage=STEP 5 LOCAL  major=58  attempt=258  accepted  reason=success  P rel.= 2.614461e-14  objective=-4.936851e+01  upper=-5.221510e+01  gap=-2.846584e+00  wall=0.000000e+00s  cpu=0.000000e+00s  provider=0  solves=0  iterations=0
  certificate  stage=STEP 5 LOCAL  major=58  attempt=259  accepted  reason=success  P rel.= 4.208994e-14  objective=-4.936851e+01  upper=-5.221510e+01  gap=-2.846584e+00  wall=0.000000e+00s  cpu=0.000000e+00s  provider=0  solves=0  iterations=0
  certificate  stage=STEP 5 LOCAL  major=58  attempt=260  accepted  reason=success  P rel.=-4.440903e-08  objective=-5.221510e+01  upper=-5.221510e+01  gap=-7.602807e-13  wall=0.000000e+00s  cpu=0.000000e+00s  provider=0  solves=0  iterations=0
  certificate  stage=STEP 5  complete  reason=step5_complete  wall=1.172343e-01s  cpu=1.170390e-01s  provider=75  solves=5  iterations=63

STEP 6
  certificate  stage=STEP 6  complete  reason=candidate_set  wall=5.285000e-05s  cpu=5.300000e-05s  provider=0  solves=0  iterations=0

STEP 8
  certificate  stage=STEP 8  complete  reason=step8_complete  wall=8.657455e-02s  cpu=8.654600e-02s  provider=120  solves=2  iterations=17

STEP 9
  certificate  stage=STEP 9  failed  objective=-5.221510e+01  upper=-5.221510e+01  gap=-4.092726e-12  wall=0.000000e+00s  cpu=0.000000e+00s  provider=0  solves=0  iterations=0
  certificate  stage=STEP 9  complete  reason=paper_potential_convergence_failed  wall=2.807523e-03s  cpu=2.779000e-03s  provider=2  solves=0  iterations=0

STEP 7
  certificate  stage=STEP 7  complete  reason=continue_stage_ii  wall=1.790000e-06s  cpu=2.000000e-06s  provider=0  solves=0  iterations=0

STEP 4
  STAGE II STEP 4  major=59  upper=-5.221510e+01  LP_primal= 2.181366e-12  LP_dual= 5.551115e-17  active_cuts=64  certified
  certificate  stage=STEP 4  complete  reason=step4_complete  wall=9.288640e-04s  cpu=9.300000e-04s  provider=0  solves=1  iterations=1

STEP 5
  certificate  stage=STEP 5 LOCAL  major=59  attempt=261  accepted  reason=success  P rel.=-4.994511e-09  objective=-5.221510e+01  upper=-5.221510e+01  gap= 2.010836e-12  wall=0.000000e+00s  cpu=0.000000e+00s  provider=0  solves=0  iterations=0
  certificate  stage=STEP 5  complete  reason=step5_complete  wall=3.059503e-02s  cpu=3.059600e-02s  provider=18  solves=1  iterations=17

STEP 6
  certificate  stage=STEP 6  complete  reason=candidate_set  wall=3.585000e-05s  cpu=3.600000e-05s  provider=0  solves=0  iterations=0

STEP 8
  certificate  stage=STEP 8  complete  reason=step8_complete  wall=1.115257e-01s  cpu=1.108090e-01s  provider=132  solves=2  iterations=19

STEP 9
  certificate  stage=STEP 9  failed  objective=-5.221510e+01  upper=-5.221510e+01  gap=-4.462208e-12  wall=0.000000e+00s  cpu=0.000000e+00s  provider=0  solves=0  iterations=0
  certificate  stage=STEP 9  complete  reason=paper_potential_convergence_failed  wall=2.031118e-03s  cpu=2.031000e-03s  provider=2  solves=0  iterations=0

STEP 7
  certificate  stage=STEP 7  complete  reason=continue_stage_ii  wall=1.860000e-06s  cpu=2.000000e-06s  provider=0  solves=0  iterations=0

STEP 4
  STAGE II STEP 4  major=60  upper=-5.221510e+01  LP_primal= 2.195577e-12  LP_dual= 5.551115e-17  active_cuts=65  certified
  certificate  stage=STEP 4  complete  reason=step4_complete  wall=8.296150e-04s  cpu=8.300000e-04s  provider=0  solves=1  iterations=1

STEP 5
  certificate  stage=STEP 5 LOCAL  major=60  attempt=262  accepted  reason=success  P rel.= 3.414600e-13  objective=-4.936851e+01  upper=-5.221510e+01  gap=-2.846584e+00  wall=0.000000e+00s  cpu=0.000000e+00s  provider=0  solves=0  iterations=0
  certificate  stage=STEP 5 LOCAL  major=60  attempt=263  accepted  reason=success  P rel.= 3.260893e-14  objective=-4.936851e+01  upper=-5.221510e+01  gap=-2.846584e+00  wall=0.000000e+00s  cpu=0.000000e+00s  provider=0  solves=0  iterations=0
  certificate  stage=STEP 5 LOCAL  major=60  attempt=264  accepted  reason=success  P rel.= 6.378135e-14  objective=-4.936851e+01  upper=-5.221510e+01  gap=-2.846584e+00  wall=0.000000e+00s  cpu=0.000000e+00s  provider=0  solves=0  iterations=0
  certificate  stage=STEP 5 LOCAL  major=60  attempt=265  accepted  reason=success  P rel.= 6.019005e-14  objective=-4.936851e+01  upper=-5.221510e+01  gap=-2.846584e+00  wall=0.000000e+00s  cpu=0.000000e+00s  provider=0  solves=0  iterations=0
  certificate  stage=STEP 5 LOCAL  major=60  attempt=266  accepted  reason=success  P rel.= 6.220118e-14  objective=-4.936851e+01  upper=-5.221510e+01  gap=-2.846584e+00  wall=0.000000e+00s  cpu=0.000000e+00s  provider=0  solves=0  iterations=0
  certificate  stage=STEP 5 LOCAL  major=60  attempt=267  accepted  reason=success  P rel.= 1.723820e-14  objective=-4.936851e+01  upper=-5.221510e+01  gap=-2.846584e+00  wall=0.000000e+00s  cpu=0.000000e+00s  provider=0  solves=0  iterations=0
  certificate  stage=STEP 5 LOCAL  major=60  attempt=268  accepted  reason=success  P rel.= 4.065343e-14  objective=-4.794497e+01  upper=-5.221510e+01  gap=-4.270128e+00  wall=0.000000e+00s  cpu=0.000000e+00s  provider=0  solves=0  iterations=0
  certificate  stage=STEP 5 LOCAL  major=60  attempt=269  accepted  reason=success  P rel.= 4.165899e-14  objective=-4.936851e+01  upper=-5.221510e+01  gap=-2.846584e+00  wall=0.000000e+00s  cpu=0.000000e+00s  provider=0  solves=0  iterations=0
  certificate  stage=STEP 5 LOCAL  major=60  attempt=270  accepted  reason=success  P rel.=-1.199441e-09  objective=-5.221510e+01  upper=-5.221510e+01  gap= 1.996625e-12  wall=0.000000e+00s  cpu=0.000000e+00s  provider=0  solves=0  iterations=0
  certificate  stage=STEP 5  complete  reason=step5_complete  wall=2.502231e-01s  cpu=2.499650e-01s  provider=186  solves=9  iterations=170

STEP 6
  certificate  stage=STEP 6  complete  reason=candidate_set  wall=4.427000e-05s  cpu=4.400000e-05s  provider=0  solves=0  iterations=0

STEP 8
  certificate  stage=STEP 8  complete  reason=step8_complete  wall=7.079819e-02s  cpu=7.078700e-02s  provider=123  solves=2  iterations=17

STEP 9
  certificate  stage=STEP 9  failed  objective=-5.221510e+01  upper=-5.221510e+01  gap=-5.037748e-12  wall=0.000000e+00s  cpu=0.000000e+00s  provider=0  solves=0  iterations=0
  certificate  stage=STEP 9  complete  reason=paper_potential_convergence_failed  wall=2.031578e-03s  cpu=2.032000e-03s  provider=2  solves=0  iterations=0

STEP 7
  certificate  stage=STEP 7  complete  reason=continue_stage_ii  wall=1.270000e-06s  cpu=2.000000e-06s  provider=0  solves=0  iterations=0

STEP 4
  STAGE II STEP 4  major=61  upper=-5.221510e+01  LP_primal= 2.400924e-11  LP_dual= 6.938894e-18  active_cuts=66  certified
  certificate  stage=STEP 4  complete  reason=step4_complete  wall=5.699260e-04s  cpu=5.710000e-04s  provider=0  solves=1  iterations=1

STEP 5
  certificate  stage=STEP 5 LOCAL  major=61  attempt=271  accepted  reason=success  P rel.= 5.631146e-14  objective=-4.936851e+01  upper=-5.221510e+01  gap=-2.846584e+00  wall=0.000000e+00s  cpu=0.000000e+00s  provider=0  solves=0  iterations=0
  certificate  stage=STEP 5 LOCAL  major=61  attempt=272  accepted  reason=success  P rel.= 4.754871e-14  objective=-4.936851e+01  upper=-5.221510e+01  gap=-2.846584e+00  wall=0.000000e+00s  cpu=0.000000e+00s  provider=0  solves=0  iterations=0
  certificate  stage=STEP 5 LOCAL  major=61  attempt=273  accepted  reason=success  P rel.=-6.889379e-08  objective=-5.221510e+01  upper=-5.221510e+01  gap= 2.449951e-11  wall=0.000000e+00s  cpu=0.000000e+00s  provider=0  solves=0  iterations=0
  certificate  stage=STEP 5  complete  reason=step5_complete  wall=8.481666e-02s  cpu=8.480800e-02s  provider=59  solves=3  iterations=55

STEP 6
  certificate  stage=STEP 6  complete  reason=candidate_set  wall=2.895000e-05s  cpu=2.900000e-05s  provider=0  solves=0  iterations=0

STEP 8
  certificate  stage=STEP 8  indeterminate  reason=problem_67_not_converged  wall=1.542741e-01s  cpu=1.542590e-01s  provider=310  solves=2  iterations=46
