HELD2.0  case=installed-held2-paper-rewrite  T=2.981500e+02 K  P=1.013000e+05 Pa

STEP 1
  certificate  stage=STEP 1  complete  reason=step1_complete  wall=2.470000e-05s  cpu=2.400000e-05s  provider=1  solves=0  iterations=0

STEP 2

REFERENCE PRESSURE ROOTS
  root   0  V= 2.918570e-05  P rel.=-1.338679e-09  G/RT=-1.684404e+01  strict_stable
  root   1  V= 5.691377e-04  P rel.=-4.566410e-09  G/RT=-1.224996e+01  unstable
  root   2  V= 2.267603e-02  P rel.= 2.586420e-11  G/RT=-1.363737e+01  strict_stable
  selected root 0  status=selected
  eval     1  TPD= 3.605977e-01  P rel.= 2.232178e-09  V= 4.684854e-05  certified
  eval     2  TPD=-5.331028e-04  P rel.=-9.329527e-09  V= 5.717807e-05  certified
  certificate  stage=STEP 2  complete  reason=negative_tpd_witness  wall=5.819612e-01s  cpu=5.818890e-01s  provider=822  solves=1  iterations=2

STEP 3
  certificate  stage=STEP 3  complete  reason=step3_complete  wall=8.425657e-01s  cpu=8.423550e-01s  provider=4  solves=0  iterations=0

STEP 4
  STAGE II STEP 4  major=0  upper=-1.686010e+01  LP_primal= 0.000000e+00  LP_dual= 5.551115e-17  active_cuts=5  certified
  certificate  stage=STEP 4  complete  reason=step4_complete  wall=4.009880e-04s  cpu=4.010000e-04s  provider=0  solves=1  iterations=1

STEP 5
  certificate  stage=STEP 5 LOCAL  major=0  attempt=0  accepted  reason=success  P rel.=-2.503448e-03  objective=-1.689738e+01  upper=-1.686010e+01  gap= 3.728062e-02  wall=0.000000e+00s  cpu=0.000000e+00s  provider=0  solves=0  iterations=0
  certificate  stage=STEP 5  complete  reason=step5_complete  wall=2.437152e-02s  cpu=2.436300e-02s  provider=152  solves=1  iterations=20

STEP 6
  certificate  stage=STEP 6  complete  reason=candidate_set  wall=2.820000e-06s  cpu=3.000000e-06s  provider=0  solves=0  iterations=0

STEP 8
  certificate  stage=STEP 8  complete  reason=problem_67_infeasible  wall=2.254390e-04s  cpu=2.260000e-04s  provider=2  solves=1  iterations=0

STEP 7
  certificate  stage=STEP 7  complete  reason=continue_stage_ii  wall=1.000000e-06s  cpu=1.000000e-06s  provider=0  solves=0  iterations=0

STEP 4
  STAGE II STEP 4  major=1  upper=-1.686895e+01  LP_primal= 0.000000e+00  LP_dual= 2.775558e-17  active_cuts=6  certified
  certificate  stage=STEP 4  complete  reason=step4_complete  wall=1.914390e-04s  cpu=1.920000e-04s  provider=0  solves=1  iterations=1

STEP 5
  certificate  stage=STEP 5 LOCAL  major=1  attempt=1  accepted  reason=success  P rel.=-7.883632e-08  objective=-1.701859e+01  upper=-1.686895e+01  gap= 1.496434e-01  wall=0.000000e+00s  cpu=0.000000e+00s  provider=0  solves=0  iterations=0
  certificate  stage=STEP 5  complete  reason=step5_complete  wall=2.128956e-02s  cpu=2.129000e-02s  provider=21  solves=1  iterations=20

STEP 6
  certificate  stage=STEP 6  complete  reason=candidate_set  wall=2.480000e-06s  cpu=3.000000e-06s  provider=0  solves=0  iterations=0

STEP 8
  certificate  stage=STEP 8  complete  reason=problem_67_infeasible  wall=2.031490e-04s  cpu=2.040000e-04s  provider=2  solves=1  iterations=0

STEP 7
  certificate  stage=STEP 7  complete  reason=continue_stage_ii  wall=8.900000e-07s  cpu=1.000000e-06s  provider=0  solves=0  iterations=0

STEP 4
  STAGE II STEP 4  major=2  upper=-1.690026e+01  LP_primal= 0.000000e+00  LP_dual= 6.938894e-18  active_cuts=7  certified
  certificate  stage=STEP 4  complete  reason=step4_complete  wall=2.383590e-04s  cpu=2.390000e-04s  provider=0  solves=1  iterations=1

STEP 5
  certificate  stage=STEP 5 LOCAL  major=2  attempt=2  accepted  reason=success  P rel.= 7.613539e-14  objective=-1.385456e+01  upper=-1.690026e+01  gap=-3.045696e+00  wall=0.000000e+00s  cpu=0.000000e+00s  provider=0  solves=0  iterations=0
  certificate  stage=STEP 5 LOCAL  major=2  attempt=3  accepted  reason=success  P rel.= 6.248848e-14  objective=-1.385456e+01  upper=-1.690026e+01  gap=-3.045696e+00  wall=0.000000e+00s  cpu=0.000000e+00s  provider=0  solves=0  iterations=0
  certificate  stage=STEP 5 LOCAL  major=2  attempt=4  accepted  reason=success  P rel.=-3.854392e-09  objective=-1.692999e+01  upper=-1.690026e+01  gap= 2.973399e-02  wall=0.000000e+00s  cpu=0.000000e+00s  provider=0  solves=0  iterations=0
  certificate  stage=STEP 5  complete  reason=step5_complete  wall=6.594923e-02s  cpu=6.592300e-02s  provider=66  solves=3  iterations=59

STEP 6
  certificate  stage=STEP 6  complete  reason=candidate_set  wall=3.110000e-06s  cpu=3.000000e-06s  provider=0  solves=0  iterations=0

STEP 8
  certificate  stage=STEP 8  complete  reason=step8_complete  wall=6.194852e-02s  cpu=6.194300e-02s  provider=138  solves=2  iterations=13

STEP 9
  certificate  stage=STEP 9  failed  objective=-1.690146e+01  upper=-1.690026e+01  gap= 1.203805e-03  wall=0.000000e+00s  cpu=0.000000e+00s  provider=0  solves=0  iterations=0
  certificate  stage=STEP 9  complete  reason=paper_free_energy_convergence_failed  wall=2.181228e-03s  cpu=2.181000e-03s  provider=3  solves=0  iterations=0

STEP 7
  certificate  stage=STEP 7  complete  reason=continue_stage_ii  wall=9.600000e-07s  cpu=1.000000e-06s  provider=0  solves=0  iterations=0

STEP 4
  STAGE II STEP 4  major=3  upper=-1.691548e+01  LP_primal= 3.552714e-15  LP_dual= 1.110223e-16  active_cuts=8  certified
  certificate  stage=STEP 4  complete  reason=step4_complete  wall=2.495490e-04s  cpu=2.500000e-04s  provider=0  solves=1  iterations=1

STEP 5
  certificate  stage=STEP 5 LOCAL  major=3  attempt=5  accepted  reason=success  P rel.= 9.351724e-14  objective=-1.386987e+01  upper=-1.691548e+01  gap=-3.045618e+00  wall=0.000000e+00s  cpu=0.000000e+00s  provider=0  solves=0  iterations=0
  certificate  stage=STEP 5 LOCAL  major=3  attempt=6  accepted  reason=success  P rel.=-2.479309e-08  objective=-1.696929e+01  upper=-1.691548e+01  gap= 5.380560e-02  wall=0.000000e+00s  cpu=0.000000e+00s  provider=0  solves=0  iterations=0
  certificate  stage=STEP 5  complete  reason=step5_complete  wall=4.800470e-02s  cpu=4.799400e-02s  provider=49  solves=2  iterations=39

STEP 6
  certificate  stage=STEP 6  complete  reason=candidate_set  wall=3.890000e-06s  cpu=4.000000e-06s  provider=0  solves=0  iterations=0

STEP 8
  certificate  stage=STEP 8  complete  reason=problem_67_infeasible  wall=2.402180e-04s  cpu=2.410000e-04s  provider=2  solves=1  iterations=0

STEP 7
  certificate  stage=STEP 7  complete  reason=continue_stage_ii  wall=9.200000e-07s  cpu=1.000000e-06s  provider=0  solves=0  iterations=0

STEP 4
  STAGE II STEP 4  major=4  upper=-1.692534e+01  LP_primal= 3.552714e-15  LP_dual= 2.081668e-17  active_cuts=9  certified
  certificate  stage=STEP 4  complete  reason=step4_complete  wall=2.449390e-04s  cpu=2.450000e-04s  provider=0  solves=1  iterations=1

STEP 5
  certificate  stage=STEP 5 LOCAL  major=4  attempt=7  accepted  reason=success  P rel.=-2.971693e-09  objective=-1.693292e+01  upper=-1.692534e+01  gap= 7.574954e-03  wall=0.000000e+00s  cpu=0.000000e+00s  provider=0  solves=0  iterations=0
  certificate  stage=STEP 5  complete  reason=step5_complete  wall=2.101191e-02s  cpu=2.101200e-02s  provider=21  solves=1  iterations=18

STEP 6
  certificate  stage=STEP 6  complete  reason=candidate_set  wall=3.440000e-06s  cpu=3.000000e-06s  provider=0  solves=0  iterations=0

STEP 8
  certificate  stage=STEP 8  complete  reason=step8_complete  wall=6.870913e-02s  cpu=6.870400e-02s  provider=146  solves=2  iterations=15

STEP 9
  certificate  stage=STEP 9  failed  objective=-1.692662e+01  upper=-1.692534e+01  gap= 1.282446e-03  wall=0.000000e+00s  cpu=0.000000e+00s  provider=0  solves=0  iterations=0
  certificate  stage=STEP 9  complete  reason=paper_free_energy_convergence_failed  wall=2.199478e-03s  cpu=2.199000e-03s  provider=3  solves=0  iterations=0

STEP 7
  certificate  stage=STEP 7  complete  reason=continue_stage_ii  wall=1.060000e-06s  cpu=1.000000e-06s  provider=0  solves=0  iterations=0

STEP 4
  STAGE II STEP 4  major=5  upper=-1.692722e+01  LP_primal= 0.000000e+00  LP_dual= 5.551115e-17  active_cuts=10  certified
  certificate  stage=STEP 4  complete  reason=step4_complete  wall=2.578590e-04s  cpu=2.580000e-04s  provider=0  solves=1  iterations=1

STEP 5
  certificate  stage=STEP 5 LOCAL  major=5  attempt=8  accepted  reason=success  P rel.= 8.346163e-14  objective=-1.389123e+01  upper=-1.692722e+01  gap=-3.035993e+00  wall=0.000000e+00s  cpu=0.000000e+00s  provider=0  solves=0  iterations=0
  certificate  stage=STEP 5 LOCAL  major=5  attempt=9  accepted  reason=success  P rel.= 2.993701e-13  objective=-1.389123e+01  upper=-1.692722e+01  gap=-3.035993e+00  wall=0.000000e+00s  cpu=0.000000e+00s  provider=0  solves=0  iterations=0
  certificate  stage=STEP 5 LOCAL  major=5  attempt=10  accepted  reason=success  P rel.= 5.961545e-14  objective=-1.389123e+01  upper=-1.692722e+01  gap=-3.035993e+00  wall=0.000000e+00s  cpu=0.000000e+00s  provider=0  solves=0  iterations=0
  certificate  stage=STEP 5 LOCAL  major=5  attempt=11  accepted  reason=success  P rel.= 7.107885e-13  objective=-1.389123e+01  upper=-1.692722e+01  gap=-3.035993e+00  wall=0.000000e+00s  cpu=0.000000e+00s  provider=0  solves=0  iterations=0
  certificate  stage=STEP 5 LOCAL  major=5  attempt=12  accepted  reason=success  P rel.= 7.426792e-14  objective=-1.389123e+01  upper=-1.692722e+01  gap=-3.035993e+00  wall=0.000000e+00s  cpu=0.000000e+00s  provider=0  solves=0  iterations=0
  certificate  stage=STEP 5 LOCAL  major=5  attempt=13  accepted  reason=success  P rel.=-2.850617e-09  objective=-1.692763e+01  upper=-1.692722e+01  gap= 4.099467e-04  wall=0.000000e+00s  cpu=0.000000e+00s  provider=0  solves=0  iterations=0
  certificate  stage=STEP 5  complete  reason=step5_complete  wall=1.219918e-01s  cpu=1.219580e-01s  provider=122  solves=6  iterations=112

STEP 6
  certificate  stage=STEP 6  complete  reason=candidate_set  wall=4.470000e-06s  cpu=4.000000e-06s  provider=0  solves=0  iterations=0

STEP 8
  certificate  stage=STEP 8  complete  reason=step8_complete  wall=8.288784e-02s  cpu=8.287500e-02s  provider=174  solves=2  iterations=18

STEP 9
  certificate  stage=STEP 9  failed  objective=-1.692678e+01  upper=-1.692722e+01  gap=-4.420795e-04  wall=0.000000e+00s  cpu=0.000000e+00s  provider=0  solves=0  iterations=0
  certificate  stage=STEP 9  complete  reason=paper_free_energy_convergence_failed  wall=2.260988e-03s  cpu=2.262000e-03s  provider=3  solves=0  iterations=0

STEP 7
  certificate  stage=STEP 7  complete  reason=continue_stage_ii  wall=1.010000e-06s  cpu=1.000000e-06s  provider=0  solves=0  iterations=0

STEP 4
  STAGE II STEP 4  major=6  upper=-1.692739e+01  LP_primal= 3.552714e-15  LP_dual= 5.551115e-17  active_cuts=11  certified
  certificate  stage=STEP 4  complete  reason=step4_complete  wall=2.663490e-04s  cpu=2.660000e-04s  provider=0  solves=1  iterations=1

STEP 5
  certificate  stage=STEP 5 LOCAL  major=6  attempt=14  accepted  reason=success  P rel.= 7.383696e-14  objective=-1.389140e+01  upper=-1.692739e+01  gap=-3.035994e+00  wall=0.000000e+00s  cpu=0.000000e+00s  provider=0  solves=0  iterations=0
  certificate  stage=STEP 5 LOCAL  major=6  attempt=15  accepted  reason=success  P rel.= 4.797966e-14  objective=-1.389140e+01  upper=-1.692739e+01  gap=-3.035994e+00  wall=0.000000e+00s  cpu=0.000000e+00s  provider=0  solves=0  iterations=0
  certificate  stage=STEP 5 LOCAL  major=6  attempt=16  accepted  reason=success  P rel.=-2.844830e-09  objective=-1.692739e+01  upper=-1.692739e+01  gap= 2.415899e-07  wall=0.000000e+00s  cpu=0.000000e+00s  provider=0  solves=0  iterations=0
  certificate  stage=STEP 5  complete  reason=step5_complete  wall=5.808097e-02s  cpu=5.808200e-02s  provider=58  solves=3  iterations=50

STEP 6
  certificate  stage=STEP 6  complete  reason=candidate_set  wall=4.499000e-06s  cpu=5.000000e-06s  provider=0  solves=0  iterations=0

STEP 8
  certificate  stage=STEP 8  complete  reason=step8_complete  wall=6.270479e-02s  cpu=6.269600e-02s  provider=129  solves=1  iterations=17

STEP 9
  certificate  stage=STEP 9  failed  objective=-1.692678e+01  upper=-1.692739e+01  gap=-6.164146e-04  wall=0.000000e+00s  cpu=0.000000e+00s  provider=0  solves=0  iterations=0
  certificate  stage=STEP 9  complete  reason=paper_free_energy_convergence_failed  wall=2.232328e-03s  cpu=2.232000e-03s  provider=3  solves=0  iterations=0

STEP 7
  certificate  stage=STEP 7  complete  reason=continue_stage_ii  wall=1.000000e-06s  cpu=1.000000e-06s  provider=0  solves=0  iterations=0

STEP 4
  STAGE II STEP 4  major=7  upper=-1.692739e+01  LP_primal= 0.000000e+00  LP_dual= 5.551115e-17  active_cuts=12  certified
  certificate  stage=STEP 4  complete  reason=step4_complete  wall=2.898890e-04s  cpu=2.910000e-04s  provider=0  solves=1  iterations=1

STEP 5
  certificate  stage=STEP 5 LOCAL  major=7  attempt=17  accepted  reason=success  P rel.= 3.878595e-14  objective=-1.389140e+01  upper=-1.692739e+01  gap=-3.035994e+00  wall=0.000000e+00s  cpu=0.000000e+00s  provider=0  solves=0  iterations=0
  certificate  stage=STEP 5 LOCAL  major=7  attempt=18  accepted  reason=success  P rel.= 5.501859e-14  objective=-1.389140e+01  upper=-1.692739e+01  gap=-3.035994e+00  wall=0.000000e+00s  cpu=0.000000e+00s  provider=0  solves=0  iterations=0
  certificate  stage=STEP 5 LOCAL  major=7  attempt=19  accepted  reason=success  P rel.=-2.863526e-09  objective=-1.692739e+01  upper=-1.692739e+01  gap= 8.881784e-14  wall=0.000000e+00s  cpu=0.000000e+00s  provider=0  solves=0  iterations=0
  certificate  stage=STEP 5  complete  reason=step5_complete  wall=6.041925e-02s  cpu=6.042000e-02s  provider=61  solves=3  iterations=56

STEP 6
  certificate  stage=STEP 6  complete  reason=candidate_set  wall=4.250000e-06s  cpu=4.000000e-06s  provider=0  solves=0  iterations=0

STEP 8
  certificate  stage=STEP 8  complete  reason=step8_complete  wall=6.263002e-02s  cpu=6.263100e-02s  provider=129  solves=1  iterations=17

STEP 9
  certificate  stage=STEP 9  failed  objective=-1.692678e+01  upper=-1.692739e+01  gap=-6.165175e-04  wall=0.000000e+00s  cpu=0.000000e+00s  provider=0  solves=0  iterations=0
  certificate  stage=STEP 9  complete  reason=paper_free_energy_convergence_failed  wall=2.220198e-03s  cpu=2.220000e-03s  provider=3  solves=0  iterations=0

STEP 7
  certificate  stage=STEP 7  complete  reason=continue_stage_ii  wall=8.800000e-07s  cpu=1.000000e-06s  provider=0  solves=0  iterations=0

STEP 4
  STAGE II STEP 4  major=8  upper=-1.692739e+01  LP_primal= 8.881784e-14  LP_dual= 5.551115e-17  active_cuts=13  certified
  certificate  stage=STEP 4  complete  reason=step4_complete  wall=2.739180e-04s  cpu=2.740000e-04s  provider=0  solves=1  iterations=1

STEP 5
  certificate  stage=STEP 5 LOCAL  major=8  attempt=20  accepted  reason=success  P rel.= 5.573685e-14  objective=-1.389140e+01  upper=-1.692739e+01  gap=-3.035994e+00  wall=0.000000e+00s  cpu=0.000000e+00s  provider=0  solves=0  iterations=0
  certificate  stage=STEP 5 LOCAL  major=8  attempt=23  accepted  reason=success  P rel.= 6.076466e-14  objective=-1.389140e+01  upper=-1.692739e+01  gap=-3.035994e+00  wall=0.000000e+00s  cpu=0.000000e+00s  provider=0  solves=0  iterations=0
  certificate  stage=STEP 5 LOCAL  major=8  attempt=24  accepted  reason=success  P rel.=-2.837797e-09  objective=-1.692739e+01  upper=-1.692739e+01  gap= 8.526513e-14  wall=0.000000e+00s  cpu=0.000000e+00s  provider=0  solves=0  iterations=0
  certificate  stage=STEP 5  complete  reason=step5_complete  wall=5.536924e-02s  cpu=5.534900e-02s  provider=56  solves=5  iterations=49

STEP 6
  certificate  stage=STEP 6  complete  reason=candidate_set  wall=4.510000e-06s  cpu=4.000000e-06s  provider=0  solves=0  iterations=0

STEP 8
  certificate  stage=STEP 8  complete  reason=step8_complete  wall=6.288172e-02s  cpu=6.287500e-02s  provider=129  solves=1  iterations=17

STEP 9
  certificate  stage=STEP 9  failed  objective=-1.692678e+01  upper=-1.692739e+01  gap=-6.165175e-04  wall=0.000000e+00s  cpu=0.000000e+00s  provider=0  solves=0  iterations=0
  certificate  stage=STEP 9  complete  reason=paper_free_energy_convergence_failed  wall=2.243588e-03s  cpu=2.244000e-03s  provider=3  solves=0  iterations=0

STEP 7
  certificate  stage=STEP 7  complete  reason=continue_stage_ii  wall=9.000000e-07s  cpu=1.000000e-06s  provider=0  solves=0  iterations=0

STEP 4
  STAGE II STEP 4  major=9  upper=-1.692739e+01  LP_primal= 8.881784e-14  LP_dual= 5.551115e-17  active_cuts=14  certified
  certificate  stage=STEP 4  complete  reason=step4_complete  wall=2.789190e-04s  cpu=2.790000e-04s  provider=0  solves=1  iterations=1

STEP 5
  certificate  stage=STEP 5 LOCAL  major=9  attempt=25  accepted  reason=success  P rel.= 6.866550e-14  objective=-1.389140e+01  upper=-1.692739e+01  gap=-3.035994e+00  wall=0.000000e+00s  cpu=0.000000e+00s  provider=0  solves=0  iterations=0
  certificate  stage=STEP 5 LOCAL  major=9  attempt=26  accepted  reason=success  P rel.=-2.860944e-09  objective=-1.692739e+01  upper=-1.692739e+01  gap= 8.171241e-14  wall=0.000000e+00s  cpu=0.000000e+00s  provider=0  solves=0  iterations=0
  certificate  stage=STEP 5  complete  reason=step5_complete  wall=4.457930e-02s  cpu=4.458000e-02s  provider=44  solves=2  iterations=40

STEP 6
  certificate  stage=STEP 6  complete  reason=candidate_set  wall=4.540000e-06s  cpu=4.000000e-06s  provider=0  solves=0  iterations=0

STEP 8
  certificate  stage=STEP 8  complete  reason=step8_complete  wall=6.327550e-02s  cpu=6.327700e-02s  provider=129  solves=1  iterations=17

STEP 9
  certificate  stage=STEP 9  failed  objective=-1.692678e+01  upper=-1.692739e+01  gap=-6.165175e-04  wall=0.000000e+00s  cpu=0.000000e+00s  provider=0  solves=0  iterations=0
  certificate  stage=STEP 9  complete  reason=paper_free_energy_convergence_failed  wall=2.261998e-03s  cpu=2.262000e-03s  provider=3  solves=0  iterations=0

STEP 7
  certificate  stage=STEP 7  complete  reason=continue_stage_ii  wall=8.700000e-07s  cpu=1.000000e-06s  provider=0  solves=0  iterations=0

STEP 4
  STAGE II STEP 4  major=10  upper=-1.692739e+01  LP_primal= 8.881784e-14  LP_dual= 5.551115e-17  active_cuts=15  certified
  certificate  stage=STEP 4  complete  reason=step4_complete  wall=2.769080e-04s  cpu=2.770000e-04s  provider=0  solves=1  iterations=1

STEP 5
  certificate  stage=STEP 5 LOCAL  major=10  attempt=27  accepted  reason=success  P rel.= 6.564882e-14  objective=-1.389140e+01  upper=-1.692739e+01  gap=-3.035994e+00  wall=0.000000e+00s  cpu=0.000000e+00s  provider=0  solves=0  iterations=0
  certificate  stage=STEP 5 LOCAL  major=10  attempt=28  accepted  reason=success  P rel.= 5.645511e-14  objective=-1.389140e+01  upper=-1.692739e+01  gap=-3.035994e+00  wall=0.000000e+00s  cpu=0.000000e+00s  provider=0  solves=0  iterations=0
  certificate  stage=STEP 5 LOCAL  major=10  attempt=29  accepted  reason=success  P rel.= 6.378135e-14  objective=-1.389140e+01  upper=-1.692739e+01  gap=-3.035994e+00  wall=0.000000e+00s  cpu=0.000000e+00s  provider=0  solves=0  iterations=0
  certificate  stage=STEP 5 LOCAL  major=10  attempt=30  accepted  reason=success  P rel.= 6.564882e-14  objective=-1.389140e+01  upper=-1.692739e+01  gap=-3.035994e+00  wall=0.000000e+00s  cpu=0.000000e+00s  provider=0  solves=0  iterations=0
  certificate  stage=STEP 5 LOCAL  major=10  attempt=31  accepted  reason=success  P rel.= 8.705292e-14  objective=-1.389140e+01  upper=-1.692739e+01  gap=-3.035994e+00  wall=0.000000e+00s  cpu=0.000000e+00s  provider=0  solves=0  iterations=0
  certificate  stage=STEP 5 LOCAL  major=10  attempt=32  accepted  reason=success  P rel.= 5.257652e-14  objective=-1.389140e+01  upper=-1.692739e+01  gap=-3.035994e+00  wall=0.000000e+00s  cpu=0.000000e+00s  provider=0  solves=0  iterations=0
  certificate  stage=STEP 5 LOCAL  major=10  attempt=33  accepted  reason=success  P rel.= 6.363769e-14  objective=-1.389140e+01  upper=-1.692739e+01  gap=-3.035994e+00  wall=0.000000e+00s  cpu=0.000000e+00s  provider=0  solves=0  iterations=0
  certificate  stage=STEP 5 LOCAL  major=10  attempt=34  accepted  reason=success  P rel.= 5.659876e-14  objective=-1.389140e+01  upper=-1.692739e+01  gap=-3.035994e+00  wall=0.000000e+00s  cpu=0.000000e+00s  provider=0  solves=0  iterations=0
  certificate  stage=STEP 5 LOCAL  major=10  attempt=35  accepted  reason=success  P rel.= 5.401303e-14  objective=-1.389140e+01  upper=-1.692739e+01  gap=-3.035994e+00  wall=0.000000e+00s  cpu=0.000000e+00s  provider=0  solves=0  iterations=0
  certificate  stage=STEP 5 LOCAL  major=10  attempt=36  accepted  reason=success  P rel.=-2.848926e-09  objective=-1.692739e+01  upper=-1.692739e+01  gap= 8.881784e-14  wall=0.000000e+00s  cpu=0.000000e+00s  provider=0  solves=0  iterations=0
  certificate  stage=STEP 5  complete  reason=step5_complete  wall=2.063880e-01s  cpu=2.063900e-01s  provider=204  solves=10  iterations=193

STEP 6
  certificate  stage=STEP 6  complete  reason=candidate_set  wall=5.430000e-06s  cpu=5.000000e-06s  provider=0  solves=0  iterations=0

STEP 8
  certificate  stage=STEP 8  complete  reason=step8_complete  wall=6.279548e-02s  cpu=6.279700e-02s  provider=129  solves=1  iterations=17

STEP 9
  certificate  stage=STEP 9  failed  objective=-1.692678e+01  upper=-1.692739e+01  gap=-6.165175e-04  wall=0.000000e+00s  cpu=0.000000e+00s  provider=0  solves=0  iterations=0
  certificate  stage=STEP 9  complete  reason=paper_free_energy_convergence_failed  wall=2.233628e-03s  cpu=2.234000e-03s  provider=3  solves=0  iterations=0

STEP 7
  certificate  stage=STEP 7  complete  reason=continue_stage_ii  wall=1.040000e-06s  cpu=1.000000e-06s  provider=0  solves=0  iterations=0

STEP 4
  STAGE II STEP 4  major=11  upper=-1.692739e+01  LP_primal= 8.881784e-14  LP_dual= 5.551115e-17  active_cuts=16  certified
  certificate  stage=STEP 4  complete  reason=step4_complete  wall=3.137980e-04s  cpu=3.140000e-04s  provider=0  solves=1  iterations=1

STEP 5
  certificate  stage=STEP 5 LOCAL  major=11  attempt=37  accepted  reason=success  P rel.=-2.843228e-09  objective=-1.692739e+01  upper=-1.692739e+01  gap= 8.171241e-14  wall=0.000000e+00s  cpu=0.000000e+00s  provider=0  solves=0  iterations=0
  certificate  stage=STEP 5  complete  reason=step5_complete  wall=2.459124e-02s  cpu=2.459200e-02s  provider=25  solves=1  iterations=20

STEP 6
  certificate  stage=STEP 6  complete  reason=candidate_set  wall=7.660000e-06s  cpu=8.000000e-06s  provider=0  solves=0  iterations=0

STEP 8
  certificate  stage=STEP 8  complete  reason=step8_complete  wall=6.266741e-02s  cpu=6.266300e-02s  provider=129  solves=1  iterations=17

STEP 9
  certificate  stage=STEP 9  failed  objective=-1.692678e+01  upper=-1.692739e+01  gap=-6.165175e-04  wall=0.000000e+00s  cpu=0.000000e+00s  provider=0  solves=0  iterations=0
  certificate  stage=STEP 9  complete  reason=paper_free_energy_convergence_failed  wall=2.236149e-03s  cpu=2.236000e-03s  provider=3  solves=0  iterations=0

STEP 7
  certificate  stage=STEP 7  complete  reason=continue_stage_ii  wall=1.180000e-06s  cpu=1.000000e-06s  provider=0  solves=0  iterations=0

STEP 4
  STAGE II STEP 4  major=12  upper=-1.692739e+01  LP_primal= 8.881784e-14  LP_dual= 5.551115e-17  active_cuts=17  certified
  certificate  stage=STEP 4  complete  reason=step4_complete  wall=3.594380e-04s  cpu=3.600000e-04s  provider=0  solves=1  iterations=1

STEP 5
  certificate  stage=STEP 5 LOCAL  major=12  attempt=38  accepted  reason=success  P rel.= 6.148292e-14  objective=-1.389140e+01  upper=-1.692739e+01  gap=-3.035994e+00  wall=0.000000e+00s  cpu=0.000000e+00s  provider=0  solves=0  iterations=0
  certificate  stage=STEP 5 LOCAL  major=12  attempt=39  accepted  reason=success  P rel.= 5.329477e-14  objective=-1.389140e+01  upper=-1.692739e+01  gap=-3.035994e+00  wall=0.000000e+00s  cpu=0.000000e+00s  provider=0  solves=0  iterations=0
  certificate  stage=STEP 5 LOCAL  major=12  attempt=40  accepted  reason=success  P rel.= 6.033371e-14  objective=-1.389140e+01  upper=-1.692739e+01  gap=-3.035994e+00  wall=0.000000e+00s  cpu=0.000000e+00s  provider=0  solves=0  iterations=0
  certificate  stage=STEP 5 LOCAL  major=12  attempt=41  accepted  reason=success  P rel.= 5.947180e-14  objective=-1.389140e+01  upper=-1.692739e+01  gap=-3.035994e+00  wall=0.000000e+00s  cpu=0.000000e+00s  provider=0  solves=0  iterations=0
  certificate  stage=STEP 5 LOCAL  major=12  attempt=42  accepted  reason=success  P rel.= 6.105196e-14  objective=-1.389140e+01  upper=-1.692739e+01  gap=-3.035994e+00  wall=0.000000e+00s  cpu=0.000000e+00s  provider=0  solves=0  iterations=0
  certificate  stage=STEP 5 LOCAL  major=12  attempt=43  accepted  reason=success  P rel.=-2.829073e-09  objective=-1.692739e+01  upper=-1.692739e+01  gap= 8.171241e-14  wall=0.000000e+00s  cpu=0.000000e+00s  provider=0  solves=0  iterations=0
  certificate  stage=STEP 5  complete  reason=step5_complete  wall=1.261748e-01s  cpu=1.261770e-01s  provider=125  solves=6  iterations=116

STEP 6
  certificate  stage=STEP 6  complete  reason=candidate_set  wall=8.820000e-06s  cpu=9.000000e-06s  provider=0  solves=0  iterations=0

STEP 8
  certificate  stage=STEP 8  complete  reason=step8_complete  wall=6.281839e-02s  cpu=6.281000e-02s  provider=129  solves=1  iterations=17

STEP 9
  certificate  stage=STEP 9  failed  objective=-1.692678e+01  upper=-1.692739e+01  gap=-6.165175e-04  wall=0.000000e+00s  cpu=0.000000e+00s  provider=0  solves=0  iterations=0
  certificate  stage=STEP 9  complete  reason=paper_free_energy_convergence_failed  wall=2.238038e-03s  cpu=2.238000e-03s  provider=3  solves=0  iterations=0

STEP 7
  certificate  stage=STEP 7  complete  reason=continue_stage_ii  wall=1.070000e-06s  cpu=1.000000e-06s  provider=0  solves=0  iterations=0

STEP 4
  STAGE II STEP 4  major=13  upper=-1.692739e+01  LP_primal= 8.881784e-14  LP_dual= 5.551115e-17  active_cuts=18  certified
  certificate  stage=STEP 4  complete  reason=step4_complete  wall=3.315080e-04s  cpu=3.310000e-04s  provider=0  solves=1  iterations=1

STEP 5
  certificate  stage=STEP 5 LOCAL  major=13  attempt=44  accepted  reason=success  P rel.= 5.645511e-14  objective=-1.389140e+01  upper=-1.692739e+01  gap=-3.035994e+00  wall=0.000000e+00s  cpu=0.000000e+00s  provider=0  solves=0  iterations=0
  certificate  stage=STEP 5 LOCAL  major=13  attempt=45  accepted  reason=success  P rel.= 5.990275e-14  objective=-1.389140e+01  upper=-1.692739e+01  gap=-3.035994e+00  wall=0.000000e+00s  cpu=0.000000e+00s  provider=0  solves=0  iterations=0
  certificate  stage=STEP 5 LOCAL  major=13  attempt=47  accepted  reason=success  P rel.=-2.852843e-09  objective=-1.692739e+01  upper=-1.692739e+01  gap= 8.171241e-14  wall=0.000000e+00s  cpu=0.000000e+00s  provider=0  solves=0  iterations=0
  certificate  stage=STEP 5  complete  reason=step5_complete  wall=6.503265e-02s  cpu=6.501000e-02s  provider=68  solves=4  iterations=53

STEP 6
  certificate  stage=STEP 6  complete  reason=candidate_set  wall=8.730000e-06s  cpu=8.000000e-06s  provider=0  solves=0  iterations=0

STEP 8
  certificate  stage=STEP 8  complete  reason=step8_complete  wall=6.307502e-02s  cpu=6.306700e-02s  provider=129  solves=1  iterations=17

STEP 9
  certificate  stage=STEP 9  failed  objective=-1.692678e+01  upper=-1.692739e+01  gap=-6.165175e-04  wall=0.000000e+00s  cpu=0.000000e+00s  provider=0  solves=0  iterations=0
  certificate  stage=STEP 9  complete  reason=paper_free_energy_convergence_failed  wall=2.258199e-03s  cpu=2.258000e-03s  provider=3  solves=0  iterations=0

STEP 7
  certificate  stage=STEP 7  complete  reason=continue_stage_ii  wall=1.040000e-06s  cpu=1.000000e-06s  provider=0  solves=0  iterations=0

STEP 4
  STAGE II STEP 4  major=14  upper=-1.692739e+01  LP_primal= 8.881784e-14  LP_dual= 5.551115e-17  active_cuts=19  certified
  certificate  stage=STEP 4  complete  reason=step4_complete  wall=2.874780e-04s  cpu=2.880000e-04s  provider=0  solves=1  iterations=1

STEP 5
  certificate  stage=STEP 5 LOCAL  major=14  attempt=48  accepted  reason=success  P rel.= 5.141294e-13  objective=-1.389140e+01  upper=-1.692739e+01  gap=-3.035994e+00  wall=0.000000e+00s  cpu=0.000000e+00s  provider=0  solves=0  iterations=0
  certificate  stage=STEP 5 LOCAL  major=14  attempt=49  accepted  reason=success  P rel.= 5.731702e-14  objective=-1.389140e+01  upper=-1.692739e+01  gap=-3.035994e+00  wall=0.000000e+00s  cpu=0.000000e+00s  provider=0  solves=0  iterations=0
  certificate  stage=STEP 5 LOCAL  major=14  attempt=50  accepted  reason=success  P rel.= 5.487494e-14  objective=-1.389140e+01  upper=-1.692739e+01  gap=-3.035994e+00  wall=0.000000e+00s  cpu=0.000000e+00s  provider=0  solves=0  iterations=0
  certificate  stage=STEP 5 LOCAL  major=14  attempt=51  accepted  reason=success  P rel.= 6.651073e-14  objective=-1.389140e+01  upper=-1.692739e+01  gap=-3.035994e+00  wall=0.000000e+00s  cpu=0.000000e+00s  provider=0  solves=0  iterations=0
  certificate  stage=STEP 5 LOCAL  major=14  attempt=52  accepted  reason=success  P rel.= 5.157095e-14  objective=-1.389140e+01  upper=-1.692739e+01  gap=-3.035994e+00  wall=0.000000e+00s  cpu=0.000000e+00s  provider=0  solves=0  iterations=0
  certificate  stage=STEP 5 LOCAL  major=14  attempt=53  accepted  reason=success  P rel.= 5.659876e-14  objective=-1.389140e+01  upper=-1.692739e+01  gap=-3.035994e+00  wall=0.000000e+00s  cpu=0.000000e+00s  provider=0  solves=0  iterations=0
  certificate  stage=STEP 5 LOCAL  major=14  attempt=54  accepted  reason=success  P rel.= 7.685365e-14  objective=-1.389140e+01  upper=-1.692739e+01  gap=-3.035994e+00  wall=0.000000e+00s  cpu=0.000000e+00s  provider=0  solves=0  iterations=0
  certificate  stage=STEP 5 LOCAL  major=14  attempt=55  accepted  reason=success  P rel.= 6.867987e-13  objective=-1.389140e+01  upper=-1.692739e+01  gap=-3.035994e+00  wall=0.000000e+00s  cpu=0.000000e+00s  provider=0  solves=0  iterations=0
  certificate  stage=STEP 5 LOCAL  major=14  attempt=56  accepted  reason=success  P rel.= 4.098382e-13  objective=-1.389140e+01  upper=-1.692739e+01  gap=-3.035994e+00  wall=0.000000e+00s  cpu=0.000000e+00s  provider=0  solves=0  iterations=0
  certificate  stage=STEP 5 LOCAL  major=14  attempt=57  accepted  reason=success  P rel.= 6.823455e-14  objective=-1.389140e+01  upper=-1.692739e+01  gap=-3.035994e+00  wall=0.000000e+00s  cpu=0.000000e+00s  provider=0  solves=0  iterations=0
  certificate  stage=STEP 5 LOCAL  major=14  attempt=59  accepted  reason=success  P rel.= 7.885041e-13  objective=-1.389140e+01  upper=-1.692739e+01  gap=-3.035994e+00  wall=0.000000e+00s  cpu=0.000000e+00s  provider=0  solves=0  iterations=0
  certificate  stage=STEP 5 LOCAL  major=14  attempt=60  accepted  reason=success  P rel.= 4.596854e-14  objective=-1.389140e+01  upper=-1.692739e+01  gap=-3.035994e+00  wall=0.000000e+00s  cpu=0.000000e+00s  provider=0  solves=0  iterations=0
  certificate  stage=STEP 5 LOCAL  major=14  attempt=61  accepted  reason=success  P rel.= 6.722899e-14  objective=-1.389140e+01  upper=-1.692739e+01  gap=-3.035994e+00  wall=0.000000e+00s  cpu=0.000000e+00s  provider=0  solves=0  iterations=0
  certificate  stage=STEP 5 LOCAL  major=14  attempt=62  accepted  reason=success  P rel.=-2.862190e-09  objective=-1.692739e+01  upper=-1.692739e+01  gap= 8.526513e-14  wall=0.000000e+00s  cpu=0.000000e+00s  provider=0  solves=0  iterations=0
  certificate  stage=STEP 5  complete  reason=step5_complete  wall=2.870525e-01s  cpu=2.870190e-01s  provider=289  solves=15  iterations=261

STEP 6
  certificate  stage=STEP 6  complete  reason=candidate_set  wall=8.760000e-06s  cpu=9.000000e-06s  provider=0  solves=0  iterations=0

STEP 8
  certificate  stage=STEP 8  complete  reason=step8_complete  wall=6.292964e-02s  cpu=6.291300e-02s  provider=129  solves=1  iterations=17

STEP 9
  certificate  stage=STEP 9  failed  objective=-1.692678e+01  upper=-1.692739e+01  gap=-6.165175e-04  wall=0.000000e+00s  cpu=0.000000e+00s  provider=0  solves=0  iterations=0
  certificate  stage=STEP 9  complete  reason=paper_free_energy_convergence_failed  wall=2.233028e-03s  cpu=2.233000e-03s  provider=3  solves=0  iterations=0

STEP 7
  certificate  stage=STEP 7  complete  reason=continue_stage_ii  wall=1.040000e-06s  cpu=1.000000e-06s  provider=0  solves=0  iterations=0

STEP 4
  STAGE II STEP 4  major=15  upper=-1.692739e+01  LP_primal= 8.881784e-14  LP_dual= 5.551115e-17  active_cuts=20  certified
  certificate  stage=STEP 4  complete  reason=step4_complete  wall=2.987290e-04s  cpu=2.990000e-04s  provider=0  solves=1  iterations=1

STEP 5
  certificate  stage=STEP 5 LOCAL  major=15  attempt=63  accepted  reason=success  P rel.=-2.832099e-09  objective=-1.692739e+01  upper=-1.692739e+01  gap= 8.526513e-14  wall=0.000000e+00s  cpu=0.000000e+00s  provider=0  solves=0  iterations=0
  certificate  stage=STEP 5  complete  reason=step5_complete  wall=2.327691e-02s  cpu=2.327700e-02s  provider=24  solves=1  iterations=18

STEP 6
  certificate  stage=STEP 6  complete  reason=candidate_set  wall=7.680000e-06s  cpu=8.000000e-06s  provider=0  solves=0  iterations=0

STEP 8
  certificate  stage=STEP 8  complete  reason=step8_complete  wall=6.360123e-02s  cpu=6.360200e-02s  provider=129  solves=1  iterations=17

STEP 9
  certificate  stage=STEP 9  failed  objective=-1.692678e+01  upper=-1.692739e+01  gap=-6.165175e-04  wall=0.000000e+00s  cpu=0.000000e+00s  provider=0  solves=0  iterations=0
  certificate  stage=STEP 9  complete  reason=paper_free_energy_convergence_failed  wall=2.269947e-03s  cpu=2.270000e-03s  provider=3  solves=0  iterations=0

STEP 7
  certificate  stage=STEP 7  complete  reason=continue_stage_ii  wall=9.500000e-07s  cpu=1.000000e-06s  provider=0  solves=0  iterations=0

STEP 4
  STAGE II STEP 4  major=16  upper=-1.692739e+01  LP_primal= 8.881784e-14  LP_dual= 5.551115e-17  active_cuts=21  certified
  certificate  stage=STEP 4  complete  reason=step4_complete  wall=3.184880e-04s  cpu=3.190000e-04s  provider=0  solves=1  iterations=1

STEP 5
  certificate  stage=STEP 5 LOCAL  major=16  attempt=64  accepted  reason=success  P rel.=-4.850955e-09  objective=-1.692739e+01  upper=-1.692739e+01  gap= 8.171241e-14  wall=0.000000e+00s  cpu=0.000000e+00s  provider=0  solves=0  iterations=0
  certificate  stage=STEP 5  complete  reason=step5_complete  wall=2.072520e-02s  cpu=2.072600e-02s  provider=20  solves=1  iterations=19

STEP 6
  certificate  stage=STEP 6  complete  reason=candidate_set  wall=6.750000e-06s  cpu=6.000000e-06s  provider=0  solves=0  iterations=0

STEP 8
  certificate  stage=STEP 8  complete  reason=step8_complete  wall=6.293821e-02s  cpu=6.293900e-02s  provider=129  solves=1  iterations=17

STEP 9
  certificate  stage=STEP 9  failed  objective=-1.692678e+01  upper=-1.692739e+01  gap=-6.165175e-04  wall=0.000000e+00s  cpu=0.000000e+00s  provider=0  solves=0  iterations=0
  certificate  stage=STEP 9  complete  reason=paper_free_energy_convergence_failed  wall=2.212547e-03s  cpu=2.212000e-03s  provider=3  solves=0  iterations=0

STEP 7
  certificate  stage=STEP 7  complete  reason=continue_stage_ii  wall=9.800000e-07s  cpu=1.000000e-06s  provider=0  solves=0  iterations=0

STEP 4
  STAGE II STEP 4  major=17  upper=-1.692739e+01  LP_primal= 7.105427e-15  LP_dual= 5.551115e-17  active_cuts=22  certified
  certificate  stage=STEP 4  complete  reason=step4_complete  wall=3.235480e-04s  cpu=3.240000e-04s  provider=0  solves=1  iterations=1

STEP 5
  certificate  stage=STEP 5 LOCAL  major=17  attempt=65  accepted  reason=success  P rel.= 6.493056e-14  objective=-1.389140e+01  upper=-1.692739e+01  gap=-3.035994e+00  wall=0.000000e+00s  cpu=0.000000e+00s  provider=0  solves=0  iterations=0
  certificate  stage=STEP 5 LOCAL  major=17  attempt=66  accepted  reason=success  P rel.= 3.160337e-14  objective=-1.389140e+01  upper=-1.692739e+01  gap=-3.035994e+00  wall=0.000000e+00s  cpu=0.000000e+00s  provider=0  solves=0  iterations=0
  certificate  stage=STEP 5 LOCAL  major=17  attempt=67  accepted  reason=success  P rel.= 5.990275e-14  objective=-1.389140e+01  upper=-1.692739e+01  gap=-3.035994e+00  wall=0.000000e+00s  cpu=0.000000e+00s  provider=0  solves=0  iterations=0
  certificate  stage=STEP 5 LOCAL  major=17  attempt=68  accepted  reason=success  P rel.= 6.880915e-14  objective=-1.389140e+01  upper=-1.692739e+01  gap=-3.035994e+00  wall=0.000000e+00s  cpu=0.000000e+00s  provider=0  solves=0  iterations=0
  certificate  stage=STEP 5 LOCAL  major=17  attempt=69  accepted  reason=success  P rel.= 6.622342e-14  objective=-1.389140e+01  upper=-1.692739e+01  gap=-3.035994e+00  wall=0.000000e+00s  cpu=0.000000e+00s  provider=0  solves=0  iterations=0
  certificate  stage=STEP 5 LOCAL  major=17  attempt=70  accepted  reason=success  P rel.=-2.845097e-09  objective=-1.692739e+01  upper=-1.692739e+01  gap=-3.552714e-15  wall=0.000000e+00s  cpu=0.000000e+00s  provider=0  solves=0  iterations=0
  certificate  stage=STEP 5  complete  reason=step5_complete  wall=1.270239e-01s  cpu=1.270280e-01s  provider=124  solves=6  iterations=118

STEP 6
  certificate  stage=STEP 6  complete  reason=candidate_set  wall=1.064000e-05s  cpu=1.100000e-05s  provider=0  solves=0  iterations=0

STEP 8
  certificate  stage=STEP 8  complete  reason=step8_complete  wall=6.343944e-02s  cpu=6.340500e-02s  provider=129  solves=1  iterations=17

STEP 9
  certificate  stage=STEP 9  failed  objective=-1.692678e+01  upper=-1.692739e+01  gap=-6.165175e-04  wall=0.000000e+00s  cpu=0.000000e+00s  provider=0  solves=0  iterations=0
  certificate  stage=STEP 9  complete  reason=paper_free_energy_convergence_failed  wall=2.262098e-03s  cpu=2.262000e-03s  provider=3  solves=0  iterations=0

STEP 7
  certificate  stage=STEP 7  complete  reason=continue_stage_ii  wall=1.290000e-06s  cpu=2.000000e-06s  provider=0  solves=0  iterations=0

STEP 4
  STAGE II STEP 4  major=18  upper=-1.692739e+01  LP_primal= 7.105427e-15  LP_dual= 5.551115e-17  active_cuts=23  certified
  certificate  stage=STEP 4  complete  reason=step4_complete  wall=3.810480e-04s  cpu=3.810000e-04s  provider=0  solves=1  iterations=1

STEP 5
  certificate  stage=STEP 5 LOCAL  major=18  attempt=71  accepted  reason=success  P rel.= 5.042174e-14  objective=-1.389140e+01  upper=-1.692739e+01  gap=-3.035994e+00  wall=0.000000e+00s  cpu=0.000000e+00s  provider=0  solves=0  iterations=0
  certificate  stage=STEP 5 LOCAL  major=18  attempt=72  accepted  reason=success  P rel.= 5.128365e-14  objective=-1.389140e+01  upper=-1.692739e+01  gap=-3.035994e+00  wall=0.000000e+00s  cpu=0.000000e+00s  provider=0  solves=0  iterations=0
  certificate  stage=STEP 5 LOCAL  major=18  attempt=73  accepted  reason=success  P rel.= 2.676231e-13  objective=-1.389140e+01  upper=-1.692739e+01  gap=-3.035994e+00  wall=0.000000e+00s  cpu=0.000000e+00s  provider=0  solves=0  iterations=0
  certificate  stage=STEP 5 LOCAL  major=18  attempt=74  accepted  reason=success  P rel.= 2.648937e-13  objective=-1.389140e+01  upper=-1.692739e+01  gap=-3.035994e+00  wall=0.000000e+00s  cpu=0.000000e+00s  provider=0  solves=0  iterations=0
  certificate  stage=STEP 5 LOCAL  major=18  attempt=75  accepted  reason=success  P rel.= 5.487494e-14  objective=-1.389140e+01  upper=-1.692739e+01  gap=-3.035994e+00  wall=0.000000e+00s  cpu=0.000000e+00s  provider=0  solves=0  iterations=0
  certificate  stage=STEP 5 LOCAL  major=18  attempt=76  accepted  reason=success  P rel.= 8.410806e-13  objective=-1.389140e+01  upper=-1.692739e+01  gap=-3.035994e+00  wall=0.000000e+00s  cpu=0.000000e+00s  provider=0  solves=0  iterations=0
  certificate  stage=STEP 5 LOCAL  major=18  attempt=77  accepted  reason=success  P rel.= 3.029614e-13  objective=-1.389140e+01  upper=-1.692739e+01  gap=-3.035994e+00  wall=0.000000e+00s  cpu=0.000000e+00s  provider=0  solves=0  iterations=0
  certificate  stage=STEP 5 LOCAL  major=18  attempt=78  accepted  reason=success  P rel.= 7.125123e-14  objective=-1.389140e+01  upper=-1.692739e+01  gap=-3.035994e+00  wall=0.000000e+00s  cpu=0.000000e+00s  provider=0  solves=0  iterations=0
  certificate  stage=STEP 5 LOCAL  major=18  attempt=79  accepted  reason=success  P rel.= 7.441157e-14  objective=-1.389140e+01  upper=-1.692739e+01  gap=-3.035994e+00  wall=0.000000e+00s  cpu=0.000000e+00s  provider=0  solves=0  iterations=0
  certificate  stage=STEP 5 LOCAL  major=18  attempt=80  accepted  reason=success  P rel.= 5.358208e-14  objective=-1.389140e+01  upper=-1.692739e+01  gap=-3.035994e+00  wall=0.000000e+00s  cpu=0.000000e+00s  provider=0  solves=0  iterations=0
  certificate  stage=STEP 5 LOCAL  major=18  attempt=81  accepted  reason=success  P rel.= 1.860289e-13  objective=-1.389140e+01  upper=-1.692739e+01  gap=-3.035994e+00  wall=0.000000e+00s  cpu=0.000000e+00s  provider=0  solves=0  iterations=0
  certificate  stage=STEP 5 LOCAL  major=18  attempt=82  accepted  reason=success  P rel.= 3.648753e-14  objective=-1.389140e+01  upper=-1.692739e+01  gap=-3.035994e+00  wall=0.000000e+00s  cpu=0.000000e+00s  provider=0  solves=0  iterations=0
  certificate  stage=STEP 5 LOCAL  major=18  attempt=83  accepted  reason=success  P rel.= 4.970348e-14  objective=-1.389140e+01  upper=-1.692739e+01  gap=-3.035994e+00  wall=0.000000e+00s  cpu=0.000000e+00s  provider=0  solves=0  iterations=0
  certificate  stage=STEP 5 LOCAL  major=18  attempt=84  accepted  reason=success  P rel.= 6.148292e-14  objective=-1.389140e+01  upper=-1.692739e+01  gap=-3.035994e+00  wall=0.000000e+00s  cpu=0.000000e+00s  provider=0  solves=0  iterations=0
  certificate  stage=STEP 5 LOCAL  major=18  attempt=85  accepted  reason=success  P rel.= 6.119562e-14  objective=-1.389140e+01  upper=-1.692739e+01  gap=-3.035994e+00  wall=0.000000e+00s  cpu=0.000000e+00s  provider=0  solves=0  iterations=0
  certificate  stage=STEP 5 LOCAL  major=18  attempt=87  accepted  reason=success  P rel.= 4.898522e-14  objective=-1.389140e+01  upper=-1.692739e+01  gap=-3.035994e+00  wall=0.000000e+00s  cpu=0.000000e+00s  provider=0  solves=0  iterations=0
  certificate  stage=STEP 5 LOCAL  major=18  attempt=88  accepted  reason=success  P rel.= 6.220118e-14  objective=-1.389140e+01  upper=-1.692739e+01  gap=-3.035994e+00  wall=0.000000e+00s  cpu=0.000000e+00s  provider=0  solves=0  iterations=0
  certificate  stage=STEP 5 LOCAL  major=18  attempt=89  accepted  reason=success  P rel.=-2.853822e-09  objective=-1.692739e+01  upper=-1.692739e+01  gap= 3.552714e-15  wall=0.000000e+00s  cpu=0.000000e+00s  provider=0  solves=0  iterations=0
  certificate  stage=STEP 5  complete  reason=step5_complete  wall=3.819636e-01s  cpu=3.819470e-01s  provider=376  solves=19  iterations=345

STEP 6
  certificate  stage=STEP 6  complete  reason=candidate_set  wall=1.047000e-05s  cpu=1.100000e-05s  provider=0  solves=0  iterations=0

STEP 8
  certificate  stage=STEP 8  complete  reason=step8_complete  wall=6.377290e-02s  cpu=6.376300e-02s  provider=129  solves=1  iterations=17

STEP 9
  certificate  stage=STEP 9  failed  objective=-1.692678e+01  upper=-1.692739e+01  gap=-6.165175e-04  wall=0.000000e+00s  cpu=0.000000e+00s  provider=0  solves=0  iterations=0
  certificate  stage=STEP 9  complete  reason=paper_free_energy_convergence_failed  wall=2.252588e-03s  cpu=2.253000e-03s  provider=3  solves=0  iterations=0

STEP 7
  certificate  stage=STEP 7  complete  reason=continue_stage_ii  wall=1.130000e-06s  cpu=1.000000e-06s  provider=0  solves=0  iterations=0

STEP 4
  STAGE II STEP 4  major=19  upper=-1.692739e+01  LP_primal= 7.105427e-15  LP_dual= 5.551115e-17  active_cuts=24  certified
  certificate  stage=STEP 4  complete  reason=step4_complete  wall=3.410180e-04s  cpu=3.420000e-04s  provider=0  solves=1  iterations=1

STEP 5
  certificate  stage=STEP 5 LOCAL  major=19  attempt=90  accepted  reason=success  P rel.= 7.469887e-14  objective=-1.389140e+01  upper=-1.692739e+01  gap=-3.035994e+00  wall=0.000000e+00s  cpu=0.000000e+00s  provider=0  solves=0  iterations=0
  certificate  stage=STEP 5 LOCAL  major=19  attempt=91  accepted  reason=success  P rel.= 5.372573e-14  objective=-1.389140e+01  upper=-1.692739e+01  gap=-3.035994e+00  wall=0.000000e+00s  cpu=0.000000e+00s  provider=0  solves=0  iterations=0
  certificate  stage=STEP 5 LOCAL  major=19  attempt=92  accepted  reason=success  P rel.= 4.410107e-14  objective=-1.389140e+01  upper=-1.692739e+01  gap=-3.035994e+00  wall=0.000000e+00s  cpu=0.000000e+00s  provider=0  solves=0  iterations=0
  certificate  stage=STEP 5 LOCAL  major=19  attempt=93  accepted  reason=success  P rel.= 8.061732e-13  objective=-1.389140e+01  upper=-1.692739e+01  gap=-3.035994e+00  wall=0.000000e+00s  cpu=0.000000e+00s  provider=0  solves=0  iterations=0
  certificate  stage=STEP 5 LOCAL  major=19  attempt=94  accepted  reason=success  P rel.= 5.817893e-14  objective=-1.389140e+01  upper=-1.692739e+01  gap=-3.035994e+00  wall=0.000000e+00s  cpu=0.000000e+00s  provider=0  solves=0  iterations=0
  certificate  stage=STEP 5 LOCAL  major=19  attempt=95  accepted  reason=success  P rel.=-2.831476e-09  objective=-1.692739e+01  upper=-1.692739e+01  gap=-7.105427e-15  wall=0.000000e+00s  cpu=0.000000e+00s  provider=0  solves=0  iterations=0
  certificate  stage=STEP 5  complete  reason=step5_complete  wall=1.348651e-01s  cpu=1.348660e-01s  provider=132  solves=6  iterations=122

STEP 6
  certificate  stage=STEP 6  complete  reason=candidate_set  wall=1.063000e-05s  cpu=1.100000e-05s  provider=0  solves=0  iterations=0

STEP 8
  certificate  stage=STEP 8  complete  reason=step8_complete  wall=7.131052e-02s  cpu=7.131300e-02s  provider=129  solves=1  iterations=17

STEP 9
  certificate  stage=STEP 9  failed  objective=-1.692678e+01  upper=-1.692739e+01  gap=-6.165175e-04  wall=0.000000e+00s  cpu=0.000000e+00s  provider=0  solves=0  iterations=0
  certificate  stage=STEP 9  complete  reason=paper_free_energy_convergence_failed  wall=3.048854e-03s  cpu=3.050000e-03s  provider=3  solves=0  iterations=0

STEP 7
  certificate  stage=STEP 7  complete  reason=continue_stage_ii  wall=1.280000e-06s  cpu=1.000000e-06s  provider=0  solves=0  iterations=0

STEP 4
  STAGE II STEP 4  major=20  upper=-1.692739e+01  LP_primal= 7.105427e-15  LP_dual= 5.551115e-17  active_cuts=25  certified
  certificate  stage=STEP 4  complete  reason=step4_complete  wall=6.004170e-04s  cpu=5.950000e-04s  provider=0  solves=1  iterations=1

STEP 5
  certificate  stage=STEP 5 LOCAL  major=20  attempt=96  accepted  reason=success  P rel.=-7.167484e-08  objective=-1.694103e+01  upper=-1.692739e+01  gap= 1.363873e-02  wall=0.000000e+00s  cpu=0.000000e+00s  provider=0  solves=0  iterations=0
  certificate  stage=STEP 5  complete  reason=step5_complete  wall=3.626274e-02s  cpu=3.626400e-02s  provider=24  solves=1  iterations=23

STEP 6
  certificate  stage=STEP 6  complete  reason=candidate_set  wall=2.102000e-05s  cpu=2.100000e-05s  provider=0  solves=0  iterations=0

STEP 8
  certificate  stage=STEP 8  complete  reason=step8_complete  wall=8.165191e-02s  cpu=8.165400e-02s  provider=129  solves=1  iterations=17

STEP 9
  certificate  stage=STEP 9  failed  objective=-1.692678e+01  upper=-1.692739e+01  gap=-6.165175e-04  wall=0.000000e+00s  cpu=0.000000e+00s  provider=0  solves=0  iterations=0
  certificate  stage=STEP 9  complete  reason=paper_free_energy_convergence_failed  wall=2.632576e-03s  cpu=2.633000e-03s  provider=3  solves=0  iterations=0

STEP 7
  certificate  stage=STEP 7  complete  reason=continue_stage_ii  wall=1.140000e-06s  cpu=1.000000e-06s  provider=0  solves=0  iterations=0

STEP 4
  STAGE II STEP 4  major=21  upper=-1.693037e+01  LP_primal= 7.105427e-15  LP_dual= 5.551115e-17  active_cuts=26  certified
  certificate  stage=STEP 4  complete  reason=step4_complete  wall=4.035380e-04s  cpu=4.040000e-04s  provider=0  solves=1  iterations=1

STEP 5
  certificate  stage=STEP 5 LOCAL  major=21  attempt=97  accepted  reason=success  P rel.=-3.328334e-09  objective=-1.693205e+01  upper=-1.693037e+01  gap= 1.681001e-03  wall=0.000000e+00s  cpu=0.000000e+00s  provider=0  solves=0  iterations=0
  certificate  stage=STEP 5  complete  reason=step5_complete  wall=1.775021e-02s  cpu=1.775200e-02s  provider=15  solves=1  iterations=14

STEP 6
  certificate  stage=STEP 6  complete  reason=candidate_set  wall=1.483000e-05s  cpu=1.500000e-05s  provider=0  solves=0  iterations=0

STEP 8
  certificate  stage=STEP 8  complete  reason=problem_67_infeasible  wall=3.801680e-04s  cpu=3.810000e-04s  provider=3  solves=1  iterations=0

STEP 7
  certificate  stage=STEP 7  complete  reason=continue_stage_ii  wall=1.100000e-06s  cpu=1.000000e-06s  provider=0  solves=0  iterations=0

STEP 4
  STAGE II STEP 4  major=22  upper=-1.693120e+01  LP_primal= 7.105427e-15  LP_dual= 5.551115e-17  active_cuts=27  certified
  certificate  stage=STEP 4  complete  reason=step4_complete  wall=3.521290e-04s  cpu=3.530000e-04s  provider=0  solves=1  iterations=1

STEP 5
  certificate  stage=STEP 5 LOCAL  major=22  attempt=98  accepted  reason=success  P rel.= 5.544955e-14  objective=-1.385990e+01  upper=-1.693120e+01  gap=-3.071303e+00  wall=0.000000e+00s  cpu=0.000000e+00s  provider=0  solves=0  iterations=0
  certificate  stage=STEP 5 LOCAL  major=22  attempt=99  accepted  reason=success  P rel.= 4.984713e-14  objective=-1.385990e+01  upper=-1.693120e+01  gap=-3.071303e+00  wall=0.000000e+00s  cpu=0.000000e+00s  provider=0  solves=0  iterations=0
  certificate  stage=STEP 5 LOCAL  major=22  attempt=100  accepted  reason=success  P rel.= 6.148292e-14  objective=-1.385990e+01  upper=-1.693120e+01  gap=-3.071303e+00  wall=0.000000e+00s  cpu=0.000000e+00s  provider=0  solves=0  iterations=0
  certificate  stage=STEP 5 LOCAL  major=22  attempt=102  accepted  reason=success  P rel.= 5.573685e-14  objective=-1.385990e+01  upper=-1.693120e+01  gap=-3.071303e+00  wall=0.000000e+00s  cpu=0.000000e+00s  provider=0  solves=0  iterations=0
  certificate  stage=STEP 5 LOCAL  major=22  attempt=103  accepted  reason=success  P rel.= 7.455522e-14  objective=-1.385990e+01  upper=-1.693120e+01  gap=-3.071303e+00  wall=0.000000e+00s  cpu=0.000000e+00s  provider=0  solves=0  iterations=0
  certificate  stage=STEP 5 LOCAL  major=22  attempt=104  accepted  reason=success  P rel.=-3.374093e-09  objective=-1.693120e+01  upper=-1.693120e+01  gap= 5.278822e-06  wall=0.000000e+00s  cpu=0.000000e+00s  provider=0  solves=0  iterations=0
  certificate  stage=STEP 5  complete  reason=step5_complete  wall=1.354371e-01s  cpu=1.354020e-01s  provider=121  solves=7  iterations=107

STEP 6
  certificate  stage=STEP 6  complete  reason=candidate_set  wall=1.370000e-05s  cpu=1.400000e-05s  provider=0  solves=0  iterations=0

STEP 8
  certificate  stage=STEP 8  complete  reason=step8_complete  wall=1.593054e-01s  cpu=1.593070e-01s  provider=291  solves=2  iterations=16

STEP 9
  certificate  stage=STEP 9  failed  objective=-1.693137e+01  upper=-1.693120e+01  gap= 1.699275e-04  wall=0.000000e+00s  cpu=0.000000e+00s  provider=0  solves=0  iterations=0
  certificate  stage=STEP 9  complete  reason=paper_free_energy_convergence_failed  wall=2.310628e-03s  cpu=2.311000e-03s  provider=3  solves=0  iterations=0

STEP 7
  certificate  stage=STEP 7  complete  reason=continue_stage_ii  wall=1.200000e-06s  cpu=1.000000e-06s  provider=0  solves=0  iterations=0

STEP 4
  STAGE II STEP 4  major=23  upper=-1.693120e+01  LP_primal= 3.552714e-15  LP_dual= 5.551115e-17  active_cuts=28  certified
  certificate  stage=STEP 4  complete  reason=step4_complete  wall=3.606780e-04s  cpu=3.610000e-04s  provider=0  solves=1  iterations=1

STEP 5
  certificate  stage=STEP 5 LOCAL  major=23  attempt=105  accepted  reason=success  P rel.= 6.392500e-14  objective=-1.385990e+01  upper=-1.693120e+01  gap=-3.071303e+00  wall=0.000000e+00s  cpu=0.000000e+00s  provider=0  solves=0  iterations=0
  certificate  stage=STEP 5 LOCAL  major=23  attempt=106  accepted  reason=success  P rel.= 4.869792e-14  objective=-1.385990e+01  upper=-1.693120e+01  gap=-3.071303e+00  wall=0.000000e+00s  cpu=0.000000e+00s  provider=0  solves=0  iterations=0
  certificate  stage=STEP 5 LOCAL  major=23  attempt=107  accepted  reason=success  P rel.= 5.621090e-13  objective=-1.385990e+01  upper=-1.693120e+01  gap=-3.071303e+00  wall=0.000000e+00s  cpu=0.000000e+00s  provider=0  solves=0  iterations=0
  certificate  stage=STEP 5 LOCAL  major=23  attempt=108  accepted  reason=success  P rel.= 5.454454e-13  objective=-1.385990e+01  upper=-1.693120e+01  gap=-3.071303e+00  wall=0.000000e+00s  cpu=0.000000e+00s  provider=0  solves=0  iterations=0
  certificate  stage=STEP 5 LOCAL  major=23  attempt=109  accepted  reason=success  P rel.=-3.349433e-09  objective=-1.693120e+01  upper=-1.693120e+01  gap= 5.276846e-11  wall=0.000000e+00s  cpu=0.000000e+00s  provider=0  solves=0  iterations=0
  certificate  stage=STEP 5  complete  reason=step5_complete  wall=9.952787e-02s  cpu=9.951900e-02s  provider=95  solves=5  iterations=88

STEP 6
  certificate  stage=STEP 6  complete  reason=candidate_set  wall=1.185000e-05s  cpu=1.200000e-05s  provider=0  solves=0  iterations=0

STEP 8
  certificate  stage=STEP 8  complete  reason=unchanged_problem_67  wall=2.110000e-06s  cpu=2.000000e-06s  provider=0  solves=0  iterations=0

STEP 9
  certificate  stage=STEP 9  failed  objective=-1.693137e+01  upper=-1.693120e+01  gap= 1.673100e-04  wall=0.000000e+00s  cpu=0.000000e+00s  provider=0  solves=0  iterations=0
  certificate  stage=STEP 9  complete  reason=paper_free_energy_convergence_failed  wall=2.300727e-03s  cpu=2.301000e-03s  provider=3  solves=0  iterations=0

STEP 7
  certificate  stage=STEP 7  complete  reason=continue_stage_ii  wall=1.040000e-06s  cpu=1.000000e-06s  provider=0  solves=0  iterations=0

STEP 4
  STAGE II STEP 4  major=24  upper=-1.693120e+01  LP_primal= 5.276846e-11  LP_dual= 5.551115e-17  active_cuts=29  certified
  certificate  stage=STEP 4  complete  reason=step4_complete  wall=3.863580e-04s  cpu=3.870000e-04s  provider=0  solves=1  iterations=1

STEP 5
  certificate  stage=STEP 5 LOCAL  major=24  attempt=110  accepted  reason=success  P rel.= 5.990275e-14  objective=-1.385990e+01  upper=-1.693120e+01  gap=-3.071303e+00  wall=0.000000e+00s  cpu=0.000000e+00s  provider=0  solves=0  iterations=0
  certificate  stage=STEP 5 LOCAL  major=24  attempt=111  accepted  reason=success  P rel.= 6.607977e-14  objective=-1.385990e+01  upper=-1.693120e+01  gap=-3.071303e+00  wall=0.000000e+00s  cpu=0.000000e+00s  provider=0  solves=0  iterations=0
  certificate  stage=STEP 5 LOCAL  major=24  attempt=112  accepted  reason=success  P rel.= 6.019005e-14  objective=-1.385990e+01  upper=-1.693120e+01  gap=-3.071303e+00  wall=0.000000e+00s  cpu=0.000000e+00s  provider=0  solves=0  iterations=0
  certificate  stage=STEP 5 LOCAL  major=24  attempt=113  accepted  reason=success  P rel.= 7.728460e-14  objective=-1.385990e+01  upper=-1.693120e+01  gap=-3.071303e+00  wall=0.000000e+00s  cpu=0.000000e+00s  provider=0  solves=0  iterations=0
  certificate  stage=STEP 5 LOCAL  major=24  attempt=114  accepted  reason=success  P rel.= 6.133927e-14  objective=-1.385990e+01  upper=-1.693120e+01  gap=-3.071303e+00  wall=0.000000e+00s  cpu=0.000000e+00s  provider=0  solves=0  iterations=0
  certificate  stage=STEP 5 LOCAL  major=24  attempt=115  accepted  reason=success  P rel.= 7.053298e-14  objective=-1.385990e+01  upper=-1.693120e+01  gap=-3.071303e+00  wall=0.000000e+00s  cpu=0.000000e+00s  provider=0  solves=0  iterations=0
  certificate  stage=STEP 5 LOCAL  major=24  attempt=116  accepted  reason=success  P rel.=-3.344359e-09  objective=-1.693120e+01  upper=-1.693120e+01  gap= 5.277201e-11  wall=0.000000e+00s  cpu=0.000000e+00s  provider=0  solves=0  iterations=0
  certificate  stage=STEP 5  complete  reason=step5_complete  wall=1.291256e-01s  cpu=1.291180e-01s  provider=124  solves=7  iterations=110

STEP 6
  certificate  stage=STEP 6  complete  reason=candidate_set  wall=1.351000e-05s  cpu=1.400000e-05s  provider=0  solves=0  iterations=0

STEP 8
  certificate  stage=STEP 8  complete  reason=unchanged_problem_67  wall=2.220000e-06s  cpu=2.000000e-06s  provider=0  solves=0  iterations=0

STEP 9
  certificate  stage=STEP 9  failed  objective=-1.693137e+01  upper=-1.693120e+01  gap= 1.673100e-04  wall=0.000000e+00s  cpu=0.000000e+00s  provider=0  solves=0  iterations=0
  certificate  stage=STEP 9  complete  reason=paper_free_energy_convergence_failed  wall=2.219658e-03s  cpu=2.220000e-03s  provider=3  solves=0  iterations=0

STEP 7
  certificate  stage=STEP 7  complete  reason=continue_stage_ii  wall=1.100000e-06s  cpu=1.000000e-06s  provider=0  solves=0  iterations=0

STEP 4
  STAGE II STEP 4  major=25  upper=-1.693120e+01  LP_primal= 5.277201e-11  LP_dual= 5.551115e-17  active_cuts=30  certified
  certificate  stage=STEP 4  complete  reason=step4_complete  wall=4.129780e-04s  cpu=4.140000e-04s  provider=0  solves=1  iterations=1

STEP 5
  certificate  stage=STEP 5 LOCAL  major=25  attempt=117  accepted  reason=success  P rel.= 7.297505e-14  objective=-1.385990e+01  upper=-1.693120e+01  gap=-3.071303e+00  wall=0.000000e+00s  cpu=0.000000e+00s  provider=0  solves=0  iterations=0
  certificate  stage=STEP 5 LOCAL  major=25  attempt=118  accepted  reason=success  P rel.= 5.223175e-13  objective=-1.385990e+01  upper=-1.693120e+01  gap=-3.071303e+00  wall=0.000000e+00s  cpu=0.000000e+00s  provider=0  solves=0  iterations=0
  certificate  stage=STEP 5 LOCAL  major=25  attempt=119  accepted  reason=success  P rel.= 8.446719e-14  objective=-1.385990e+01  upper=-1.693120e+01  gap=-3.071303e+00  wall=0.000000e+00s  cpu=0.000000e+00s  provider=0  solves=0  iterations=0
  certificate  stage=STEP 5 LOCAL  major=25  attempt=120  accepted  reason=success  P rel.= 7.948247e-13  objective=-1.385990e+01  upper=-1.693120e+01  gap=-3.071303e+00  wall=0.000000e+00s  cpu=0.000000e+00s  provider=0  solves=0  iterations=0
  certificate  stage=STEP 5 LOCAL  major=25  attempt=121  accepted  reason=success  P rel.= 6.062101e-14  objective=-1.385990e+01  upper=-1.693120e+01  gap=-3.071303e+00  wall=0.000000e+00s  cpu=0.000000e+00s  provider=0  solves=0  iterations=0
  certificate  stage=STEP 5 LOCAL  major=25  attempt=122  accepted  reason=success  P rel.=-3.338483e-09  objective=-1.693120e+01  upper=-1.693120e+01  gap= 5.277201e-11  wall=0.000000e+00s  cpu=0.000000e+00s  provider=0  solves=0  iterations=0
  certificate  stage=STEP 5  complete  reason=step5_complete  wall=1.343139e-01s  cpu=1.342940e-01s  provider=113  solves=6  iterations=106

STEP 6
  certificate  stage=STEP 6  complete  reason=candidate_set  wall=1.469000e-05s  cpu=1.400000e-05s  provider=0  solves=0  iterations=0

STEP 8
  certificate  stage=STEP 8  complete  reason=unchanged_problem_67  wall=2.710000e-06s  cpu=2.000000e-06s  provider=0  solves=0  iterations=0

STEP 9
  certificate  stage=STEP 9  failed  objective=-1.693137e+01  upper=-1.693120e+01  gap= 1.673100e-04  wall=0.000000e+00s  cpu=0.000000e+00s  provider=0  solves=0  iterations=0
  certificate  stage=STEP 9  complete  reason=paper_free_energy_convergence_failed  wall=2.470457e-03s  cpu=2.471000e-03s  provider=3  solves=0  iterations=0

STEP 7
  certificate  stage=STEP 7  complete  reason=continue_stage_ii  wall=1.190000e-06s  cpu=2.000000e-06s  provider=0  solves=0  iterations=0

STEP 4
  STAGE II STEP 4  major=26  upper=-1.693120e+01  LP_primal= 5.277201e-11  LP_dual= 5.551115e-17  active_cuts=31  certified
  certificate  stage=STEP 4  complete  reason=step4_complete  wall=4.067080e-04s  cpu=4.070000e-04s  provider=0  solves=1  iterations=1

STEP 5
  certificate  stage=STEP 5 LOCAL  major=26  attempt=123  accepted  reason=success  P rel.= 6.478691e-14  objective=-1.385990e+01  upper=-1.693120e+01  gap=-3.071303e+00  wall=0.000000e+00s  cpu=0.000000e+00s  provider=0  solves=0  iterations=0
  certificate  stage=STEP 5 LOCAL  major=26  attempt=124  accepted  reason=success  P rel.= 6.722899e-14  objective=-1.385990e+01  upper=-1.693120e+01  gap=-3.071303e+00  wall=0.000000e+00s  cpu=0.000000e+00s  provider=0  solves=0  iterations=0
  certificate  stage=STEP 5 LOCAL  major=26  attempt=125  accepted  reason=success  P rel.= 8.288702e-14  objective=-1.385990e+01  upper=-1.693120e+01  gap=-3.071303e+00  wall=0.000000e+00s  cpu=0.000000e+00s  provider=0  solves=0  iterations=0
  certificate  stage=STEP 5 LOCAL  major=26  attempt=126  accepted  reason=success  P rel.= 5.157095e-14  objective=-1.385990e+01  upper=-1.693120e+01  gap=-3.071303e+00  wall=0.000000e+00s  cpu=0.000000e+00s  provider=0  solves=0  iterations=0
  certificate  stage=STEP 5 LOCAL  major=26  attempt=127  accepted  reason=success  P rel.= 8.101955e-14  objective=-1.385990e+01  upper=-1.693120e+01  gap=-3.071303e+00  wall=0.000000e+00s  cpu=0.000000e+00s  provider=0  solves=0  iterations=0
  certificate  stage=STEP 5 LOCAL  major=26  attempt=128  accepted  reason=success  P rel.= 6.220118e-14  objective=-1.385990e+01  upper=-1.693120e+01  gap=-3.071303e+00  wall=0.000000e+00s  cpu=0.000000e+00s  provider=0  solves=0  iterations=0
  certificate  stage=STEP 5 LOCAL  major=26  attempt=129  accepted  reason=success  P rel.=-3.347564e-09  objective=-1.693120e+01  upper=-1.693120e+01  gap= 5.276846e-11  wall=0.000000e+00s  cpu=0.000000e+00s  provider=0  solves=0  iterations=0
  certificate  stage=STEP 5  complete  reason=step5_complete  wall=1.465477e-01s  cpu=1.465220e-01s  provider=131  solves=7  iterations=118

STEP 6
  certificate  stage=STEP 6  complete  reason=candidate_set  wall=1.446000e-05s  cpu=1.500000e-05s  provider=0  solves=0  iterations=0

STEP 8
  certificate  stage=STEP 8  complete  reason=unchanged_problem_67  wall=2.750000e-06s  cpu=3.000000e-06s  provider=0  solves=0  iterations=0

STEP 9
  certificate  stage=STEP 9  failed  objective=-1.693137e+01  upper=-1.693120e+01  gap= 1.673100e-04  wall=0.000000e+00s  cpu=0.000000e+00s  provider=0  solves=0  iterations=0
  certificate  stage=STEP 9  complete  reason=paper_free_energy_convergence_failed  wall=2.303807e-03s  cpu=2.304000e-03s  provider=3  solves=0  iterations=0

STEP 7
  certificate  stage=STEP 7  complete  reason=continue_stage_ii  wall=1.110000e-06s  cpu=1.000000e-06s  provider=0  solves=0  iterations=0

STEP 4
  STAGE II STEP 4  major=27  upper=-1.693120e+01  LP_primal= 5.277201e-11  LP_dual= 5.551115e-17  active_cuts=32  certified
  certificate  stage=STEP 4  complete  reason=step4_complete  wall=4.344680e-04s  cpu=4.340000e-04s  provider=0  solves=1  iterations=1

STEP 5
  certificate  stage=STEP 5 LOCAL  major=27  attempt=130  accepted  reason=success  P rel.= 5.573685e-14  objective=-1.385990e+01  upper=-1.693120e+01  gap=-3.071303e+00  wall=0.000000e+00s  cpu=0.000000e+00s  provider=0  solves=0  iterations=0
  certificate  stage=STEP 5 LOCAL  major=27  attempt=131  accepted  reason=success  P rel.=-3.382017e-09  objective=-1.693120e+01  upper=-1.693120e+01  gap= 5.276846e-11  wall=0.000000e+00s  cpu=0.000000e+00s  provider=0  solves=0  iterations=0
  certificate  stage=STEP 5  complete  reason=step5_complete  wall=4.734045e-02s  cpu=4.730900e-02s  provider=42  solves=2  iterations=37

STEP 6
  certificate  stage=STEP 6  complete  reason=candidate_set  wall=1.393000e-05s  cpu=1.400000e-05s  provider=0  solves=0  iterations=0

STEP 8
  certificate  stage=STEP 8  complete  reason=unchanged_problem_67  wall=2.410000e-06s  cpu=2.000000e-06s  provider=0  solves=0  iterations=0

STEP 9
  certificate  stage=STEP 9  failed  objective=-1.693137e+01  upper=-1.693120e+01  gap= 1.673100e-04  wall=0.000000e+00s  cpu=0.000000e+00s  provider=0  solves=0  iterations=0
  certificate  stage=STEP 9  complete  reason=paper_free_energy_convergence_failed  wall=2.202538e-03s  cpu=2.203000e-03s  provider=3  solves=0  iterations=0

STEP 7
  certificate  stage=STEP 7  complete  reason=continue_stage_ii  wall=1.060000e-06s  cpu=1.000000e-06s  provider=0  solves=0  iterations=0

STEP 4
  STAGE II STEP 4  major=28  upper=-1.693120e+01  LP_primal= 5.277201e-11  LP_dual= 5.551115e-17  active_cuts=33  certified
  certificate  stage=STEP 4  complete  reason=step4_complete  wall=4.154380e-04s  cpu=4.150000e-04s  provider=0  solves=1  iterations=1

STEP 5
  certificate  stage=STEP 5 LOCAL  major=28  attempt=132  accepted  reason=success  P rel.= 4.180264e-14  objective=-1.385990e+01  upper=-1.693120e+01  gap=-3.071303e+00  wall=0.000000e+00s  cpu=0.000000e+00s  provider=0  solves=0  iterations=0
  certificate  stage=STEP 5 LOCAL  major=28  attempt=133  accepted  reason=success  P rel.=-3.337058e-09  objective=-1.693120e+01  upper=-1.693120e+01  gap= 5.276846e-11  wall=0.000000e+00s  cpu=0.000000e+00s  provider=0  solves=0  iterations=0
  certificate  stage=STEP 5  complete  reason=step5_complete  wall=4.739840e-02s  cpu=4.739200e-02s  provider=37  solves=2  iterations=34

STEP 6
  certificate  stage=STEP 6  complete  reason=candidate_set  wall=2.374000e-05s  cpu=2.400000e-05s  provider=0  solves=0  iterations=0

STEP 8
  certificate  stage=STEP 8  complete  reason=unchanged_problem_67  wall=3.730000e-06s  cpu=3.000000e-06s  provider=0  solves=0  iterations=0

STEP 9
  certificate  stage=STEP 9  failed  objective=-1.693137e+01  upper=-1.693120e+01  gap= 1.673100e-04  wall=0.000000e+00s  cpu=0.000000e+00s  provider=0  solves=0  iterations=0
  certificate  stage=STEP 9  complete  reason=paper_free_energy_convergence_failed  wall=3.585661e-03s  cpu=3.586000e-03s  provider=3  solves=0  iterations=0

STEP 7
  certificate  stage=STEP 7  complete  reason=continue_stage_ii  wall=1.770000e-06s  cpu=2.000000e-06s  provider=0  solves=0  iterations=0

STEP 4
  STAGE II STEP 4  major=29  upper=-1.693120e+01  LP_primal= 5.277201e-11  LP_dual= 5.551115e-17  active_cuts=34  certified
  certificate  stage=STEP 4  complete  reason=step4_complete  wall=6.476260e-04s  cpu=6.480000e-04s  provider=0  solves=1  iterations=1

STEP 5
  certificate  stage=STEP 5 LOCAL  major=29  attempt=134  accepted  reason=success  P rel.= 7.929573e-14  objective=-1.385990e+01  upper=-1.693120e+01  gap=-3.071303e+00  wall=0.000000e+00s  cpu=0.000000e+00s  provider=0  solves=0  iterations=0
  certificate  stage=STEP 5 LOCAL  major=29  attempt=135  accepted  reason=success  P rel.=-3.352104e-09  objective=-1.693120e+01  upper=-1.693120e+01  gap= 5.277201e-11  wall=0.000000e+00s  cpu=0.000000e+00s  provider=0  solves=0  iterations=0
  certificate  stage=STEP 5  complete  reason=step5_complete  wall=4.236466e-02s  cpu=4.236600e-02s  provider=40  solves=2  iterations=34

STEP 6
  certificate  stage=STEP 6  complete  reason=candidate_set  wall=1.459000e-05s  cpu=1.500000e-05s  provider=0  solves=0  iterations=0

STEP 8
  certificate  stage=STEP 8  complete  reason=unchanged_problem_67  wall=2.930000e-06s  cpu=3.000000e-06s  provider=0  solves=0  iterations=0

STEP 9
  certificate  stage=STEP 9  failed  objective=-1.693137e+01  upper=-1.693120e+01  gap= 1.673100e-04  wall=0.000000e+00s  cpu=0.000000e+00s  provider=0  solves=0  iterations=0
  certificate  stage=STEP 9  complete  reason=paper_free_energy_convergence_failed  wall=2.227848e-03s  cpu=2.229000e-03s  provider=3  solves=0  iterations=0

STEP 7
  certificate  stage=STEP 7  complete  reason=continue_stage_ii  wall=1.280000e-06s  cpu=1.000000e-06s  provider=0  solves=0  iterations=0

STEP 4
  STAGE II STEP 4  major=30  upper=-1.693120e+01  LP_primal= 5.277201e-11  LP_dual= 5.551115e-17  active_cuts=35  certified
  certificate  stage=STEP 4  complete  reason=step4_complete  wall=4.225980e-04s  cpu=4.230000e-04s  provider=0  solves=1  iterations=1

STEP 5
  certificate  stage=STEP 5 LOCAL  major=30  attempt=137  accepted  reason=success  P rel.= 4.726140e-14  objective=-1.385990e+01  upper=-1.693120e+01  gap=-3.071303e+00  wall=0.000000e+00s  cpu=0.000000e+00s  provider=0  solves=0  iterations=0
  certificate  stage=STEP 5 LOCAL  major=30  attempt=138  accepted  reason=success  P rel.= 7.874985e-13  objective=-1.385990e+01  upper=-1.693120e+01  gap=-3.071303e+00  wall=0.000000e+00s  cpu=0.000000e+00s  provider=0  solves=0  iterations=0
  certificate  stage=STEP 5 LOCAL  major=30  attempt=139  accepted  reason=success  P rel.= 5.386938e-14  objective=-1.385990e+01  upper=-1.693120e+01  gap=-3.071303e+00  wall=0.000000e+00s  cpu=0.000000e+00s  provider=0  solves=0  iterations=0
  certificate  stage=STEP 5 LOCAL  major=30  attempt=141  accepted  reason=success  P rel.= 7.326236e-14  objective=-1.385990e+01  upper=-1.693120e+01  gap=-3.071303e+00  wall=0.000000e+00s  cpu=0.000000e+00s  provider=0  solves=0  iterations=0
  certificate  stage=STEP 5 LOCAL  major=30  attempt=142  accepted  reason=success  P rel.= 6.622342e-14  objective=-1.385990e+01  upper=-1.693120e+01  gap=-3.071303e+00  wall=0.000000e+00s  cpu=0.000000e+00s  provider=0  solves=0  iterations=0
  certificate  stage=STEP 5 LOCAL  major=30  attempt=143  accepted  reason=success  P rel.= 5.415668e-14  objective=-1.385990e+01  upper=-1.693120e+01  gap=-3.071303e+00  wall=0.000000e+00s  cpu=0.000000e+00s  provider=0  solves=0  iterations=0
  certificate  stage=STEP 5 LOCAL  major=30  attempt=144  accepted  reason=success  P rel.=-3.350501e-09  objective=-1.693120e+01  upper=-1.693120e+01  gap= 5.277201e-11  wall=0.000000e+00s  cpu=0.000000e+00s  provider=0  solves=0  iterations=0
  certificate  stage=STEP 5  complete  reason=step5_complete  wall=1.332058e-01s  cpu=1.331850e-01s  provider=124  solves=9  iterations=111

STEP 6
  certificate  stage=STEP 6  complete  reason=candidate_set  wall=1.594900e-05s  cpu=1.600000e-05s  provider=0  solves=0  iterations=0

STEP 8
  certificate  stage=STEP 8  complete  reason=unchanged_problem_67  wall=2.160000e-06s  cpu=2.000000e-06s  provider=0  solves=0  iterations=0

STEP 9
  certificate  stage=STEP 9  failed  objective=-1.693137e+01  upper=-1.693120e+01  gap= 1.673100e-04  wall=0.000000e+00s  cpu=0.000000e+00s  provider=0  solves=0  iterations=0
  certificate  stage=STEP 9  complete  reason=paper_free_energy_convergence_failed  wall=2.378417e-03s  cpu=2.379000e-03s  provider=3  solves=0  iterations=0

STEP 7
  certificate  stage=STEP 7  complete  reason=continue_stage_ii  wall=1.820000e-06s  cpu=1.000000e-06s  provider=0  solves=0  iterations=0

STEP 4
  STAGE II STEP 4  major=31  upper=-1.693120e+01  LP_primal= 5.277201e-11  LP_dual= 5.551115e-17  active_cuts=36  certified
  certificate  stage=STEP 4  complete  reason=step4_complete  wall=6.373070e-04s  cpu=6.380000e-04s  provider=0  solves=1  iterations=1

STEP 5
  certificate  stage=STEP 5 LOCAL  major=31  attempt=145  accepted  reason=success  P rel.= 5.731702e-14  objective=-1.385990e+01  upper=-1.693120e+01  gap=-3.071303e+00  wall=0.000000e+00s  cpu=0.000000e+00s  provider=0  solves=0  iterations=0
  certificate  stage=STEP 5 LOCAL  major=31  attempt=146  accepted  reason=success  P rel.=-3.339996e-09  objective=-1.693120e+01  upper=-1.693120e+01  gap= 5.276846e-11  wall=0.000000e+00s  cpu=0.000000e+00s  provider=0  solves=0  iterations=0
  certificate  stage=STEP 5  complete  reason=step5_complete  wall=3.982119e-02s  cpu=3.982200e-02s  provider=36  solves=2  iterations=34

STEP 6
  certificate  stage=STEP 6  complete  reason=candidate_set  wall=1.529000e-05s  cpu=1.600000e-05s  provider=0  solves=0  iterations=0

STEP 8
  certificate  stage=STEP 8  complete  reason=unchanged_problem_67  wall=2.510000e-06s  cpu=2.000000e-06s  provider=0  solves=0  iterations=0

STEP 9
  certificate  stage=STEP 9  failed  objective=-1.693137e+01  upper=-1.693120e+01  gap= 1.673100e-04  wall=0.000000e+00s  cpu=0.000000e+00s  provider=0  solves=0  iterations=0
  certificate  stage=STEP 9  complete  reason=paper_free_energy_convergence_failed  wall=2.206578e-03s  cpu=2.207000e-03s  provider=3  solves=0  iterations=0

STEP 7
  certificate  stage=STEP 7  complete  reason=continue_stage_ii  wall=1.000000e-06s  cpu=1.000000e-06s  provider=0  solves=0  iterations=0

STEP 4
  STAGE II STEP 4  major=32  upper=-1.693120e+01  LP_primal= 5.277201e-11  LP_dual= 5.551115e-17  active_cuts=37  certified
  certificate  stage=STEP 4  complete  reason=step4_complete  wall=4.239080e-04s  cpu=4.240000e-04s  provider=0  solves=1  iterations=1

STEP 5
  certificate  stage=STEP 5 LOCAL  major=32  attempt=147  accepted  reason=success  P rel.= 7.053298e-14  objective=-1.385990e+01  upper=-1.693120e+01  gap=-3.071303e+00  wall=0.000000e+00s  cpu=0.000000e+00s  provider=0  solves=0  iterations=0
  certificate  stage=STEP 5 LOCAL  major=32  attempt=148  accepted  reason=success  P rel.= 6.445651e-13  objective=-1.385990e+01  upper=-1.693120e+01  gap=-3.071303e+00  wall=0.000000e+00s  cpu=0.000000e+00s  provider=0  solves=0  iterations=0
  certificate  stage=STEP 5 LOCAL  major=32  attempt=149  accepted  reason=success  P rel.=-3.332518e-09  objective=-1.693120e+01  upper=-1.693120e+01  gap= 5.276490e-11  wall=0.000000e+00s  cpu=0.000000e+00s  provider=0  solves=0  iterations=0
  certificate  stage=STEP 5  complete  reason=step5_complete  wall=6.294626e-02s  cpu=6.292000e-02s  provider=60  solves=3  iterations=56

STEP 6
  certificate  stage=STEP 6  complete  reason=candidate_set  wall=1.475000e-05s  cpu=1.500000e-05s  provider=0  solves=0  iterations=0

STEP 8
  certificate  stage=STEP 8  complete  reason=unchanged_problem_67  wall=2.520000e-06s  cpu=2.000000e-06s  provider=0  solves=0  iterations=0

STEP 9
  certificate  stage=STEP 9  failed  objective=-1.693137e+01  upper=-1.693120e+01  gap= 1.673100e-04  wall=0.000000e+00s  cpu=0.000000e+00s  provider=0  solves=0  iterations=0
  certificate  stage=STEP 9  complete  reason=paper_free_energy_convergence_failed  wall=2.296398e-03s  cpu=2.297000e-03s  provider=3  solves=0  iterations=0

STEP 7
  certificate  stage=STEP 7  complete  reason=continue_stage_ii  wall=1.010000e-06s  cpu=1.000000e-06s  provider=0  solves=0  iterations=0

STEP 4
  STAGE II STEP 4  major=33  upper=-1.693120e+01  LP_primal= 5.277201e-11  LP_dual= 5.551115e-17  active_cuts=38  certified
  certificate  stage=STEP 4  complete  reason=step4_complete  wall=4.343570e-04s  cpu=4.350000e-04s  provider=0  solves=1  iterations=1

STEP 5
  certificate  stage=STEP 5 LOCAL  major=33  attempt=151  accepted  reason=success  P rel.= 7.714095e-14  objective=-1.385990e+01  upper=-1.693120e+01  gap=-3.071303e+00  wall=0.000000e+00s  cpu=0.000000e+00s  provider=0  solves=0  iterations=0
  certificate  stage=STEP 5 LOCAL  major=33  attempt=152  accepted  reason=success  P rel.=-3.366526e-09  objective=-1.693120e+01  upper=-1.693120e+01  gap= 5.277201e-11  wall=0.000000e+00s  cpu=0.000000e+00s  provider=0  solves=0  iterations=0
  certificate  stage=STEP 5  complete  reason=step5_complete  wall=5.680312e-02s  cpu=5.679400e-02s  provider=45  solves=3  iterations=38

STEP 6
  certificate  stage=STEP 6  complete  reason=candidate_set  wall=1.658000e-05s  cpu=1.700000e-05s  provider=0  solves=0  iterations=0

STEP 8
  certificate  stage=STEP 8  complete  reason=unchanged_problem_67  wall=2.400000e-06s  cpu=2.000000e-06s  provider=0  solves=0  iterations=0

STEP 9
  certificate  stage=STEP 9  failed  objective=-1.693137e+01  upper=-1.693120e+01  gap= 1.673100e-04  wall=0.000000e+00s  cpu=0.000000e+00s  provider=0  solves=0  iterations=0
  certificate  stage=STEP 9  complete  reason=paper_free_energy_convergence_failed  wall=2.259728e-03s  cpu=2.260000e-03s  provider=3  solves=0  iterations=0

STEP 7
  certificate  stage=STEP 7  complete  reason=continue_stage_ii  wall=1.140000e-06s  cpu=1.000000e-06s  provider=0  solves=0  iterations=0

STEP 4
  STAGE II STEP 4  major=34  upper=-1.693120e+01  LP_primal= 5.277201e-11  LP_dual= 5.551115e-17  active_cuts=39  certified
  certificate  stage=STEP 4  complete  reason=step4_complete  wall=4.409880e-04s  cpu=4.410000e-04s  provider=0  solves=1  iterations=1

STEP 5
  certificate  stage=STEP 5 LOCAL  major=34  attempt=153  accepted  reason=success  P rel.= 6.550517e-14  objective=-1.385990e+01  upper=-1.693120e+01  gap=-3.071303e+00  wall=0.000000e+00s  cpu=0.000000e+00s  provider=0  solves=0  iterations=0
  certificate  stage=STEP 5 LOCAL  major=34  attempt=154  accepted  reason=success  P rel.=-3.342934e-09  objective=-1.693120e+01  upper=-1.693120e+01  gap= 5.276846e-11  wall=0.000000e+00s  cpu=0.000000e+00s  provider=0  solves=0  iterations=0
  certificate  stage=STEP 5  complete  reason=step5_complete  wall=4.142147e-02s  cpu=4.142300e-02s  provider=39  solves=2  iterations=33

STEP 6
  certificate  stage=STEP 6  complete  reason=candidate_set  wall=2.826900e-05s  cpu=2.800000e-05s  provider=0  solves=0  iterations=0

STEP 8
  certificate  stage=STEP 8  complete  reason=unchanged_problem_67  wall=3.840000e-06s  cpu=4.000000e-06s  provider=0  solves=0  iterations=0

STEP 9
  certificate  stage=STEP 9  failed  objective=-1.693137e+01  upper=-1.693120e+01  gap= 1.673100e-04  wall=0.000000e+00s  cpu=0.000000e+00s  provider=0  solves=0  iterations=0
  certificate  stage=STEP 9  complete  reason=paper_free_energy_convergence_failed  wall=3.545201e-03s  cpu=3.546000e-03s  provider=3  solves=0  iterations=0

STEP 7
  certificate  stage=STEP 7  complete  reason=continue_stage_ii  wall=1.700000e-06s  cpu=2.000000e-06s  provider=0  solves=0  iterations=0

STEP 4
  STAGE II STEP 4  major=35  upper=-1.693120e+01  LP_primal= 5.277201e-11  LP_dual= 5.551115e-17  active_cuts=40  certified
  certificate  stage=STEP 4  complete  reason=step4_complete  wall=6.270370e-04s  cpu=6.270000e-04s  provider=0  solves=1  iterations=1

STEP 5
  certificate  stage=STEP 5 LOCAL  major=35  attempt=155  accepted  reason=success  P rel.= 7.872112e-14  objective=-1.385990e+01  upper=-1.693120e+01  gap=-3.071303e+00  wall=0.000000e+00s  cpu=0.000000e+00s  provider=0  solves=0  iterations=0
  certificate  stage=STEP 5 LOCAL  major=35  attempt=156  accepted  reason=success  P rel.= 7.441157e-14  objective=-1.385990e+01  upper=-1.693120e+01  gap=-3.071303e+00  wall=0.000000e+00s  cpu=0.000000e+00s  provider=0  solves=0  iterations=0
  certificate  stage=STEP 5 LOCAL  major=35  attempt=157  accepted  reason=success  P rel.= 7.225680e-14  objective=-1.385990e+01  upper=-1.693120e+01  gap=-3.071303e+00  wall=0.000000e+00s  cpu=0.000000e+00s  provider=0  solves=0  iterations=0
  certificate  stage=STEP 5 LOCAL  major=35  attempt=158  accepted  reason=success  P rel.= 7.627904e-14  objective=-1.385990e+01  upper=-1.693120e+01  gap=-3.071303e+00  wall=0.000000e+00s  cpu=0.000000e+00s  provider=0  solves=0  iterations=0
  certificate  stage=STEP 5 LOCAL  major=35  attempt=159  accepted  reason=success  P rel.=-5.964664e-08  objective=-1.693459e+01  upper=-1.693120e+01  gap= 3.390658e-03  wall=0.000000e+00s  cpu=0.000000e+00s  provider=0  solves=0  iterations=0
  certificate  stage=STEP 5  complete  reason=step5_complete  wall=9.736999e-02s  cpu=9.736100e-02s  provider=89  solves=5  iterations=81

STEP 6
  certificate  stage=STEP 6  complete  reason=candidate_set  wall=1.461000e-05s  cpu=1.500000e-05s  provider=0  solves=0  iterations=0

STEP 8
  certificate  stage=STEP 8  complete  reason=step8_complete  wall=7.303872e-02s  cpu=7.302400e-02s  provider=146  solves=2  iterations=14

STEP 9
  certificate  stage=STEP 9  failed  objective=-1.693192e+01  upper=-1.693120e+01  gap= 7.150125e-04  wall=0.000000e+00s  cpu=0.000000e+00s  provider=0  solves=0  iterations=0
  certificate  stage=STEP 9  complete  reason=paper_free_energy_convergence_failed  wall=2.316547e-03s  cpu=2.316000e-03s  provider=3  solves=0  iterations=0

STEP 7
  certificate  stage=STEP 7  complete  reason=continue_stage_ii  wall=1.330000e-06s  cpu=1.000000e-06s  provider=0  solves=0  iterations=0

STEP 4
  STAGE II STEP 4  major=36  upper=-1.693241e+01  LP_primal= 3.552714e-15  LP_dual= 1.387779e-17  active_cuts=41  certified
  certificate  stage=STEP 4  complete  reason=step4_complete  wall=3.992870e-04s  cpu=4.000000e-04s  provider=0  solves=1  iterations=1

STEP 5
  certificate  stage=STEP 5 LOCAL  major=36  attempt=160  accepted  reason=success  P rel.= 7.541713e-14  objective=-1.386395e+01  upper=-1.693241e+01  gap=-3.068458e+00  wall=0.000000e+00s  cpu=0.000000e+00s  provider=0  solves=0  iterations=0
  certificate  stage=STEP 5 LOCAL  major=36  attempt=161  accepted  reason=success  P rel.=-3.140488e-09  objective=-1.693283e+01  upper=-1.693241e+01  gap= 4.173929e-04  wall=0.000000e+00s  cpu=0.000000e+00s  provider=0  solves=0  iterations=0
  certificate  stage=STEP 5  complete  reason=step5_complete  wall=3.932909e-02s  cpu=3.933000e-02s  provider=35  solves=2  iterations=33

STEP 6
  certificate  stage=STEP 6  complete  reason=candidate_set  wall=1.755900e-05s  cpu=1.800000e-05s  provider=0  solves=0  iterations=0

STEP 8
  certificate  stage=STEP 8  complete  reason=step8_complete  wall=7.975271e-02s  cpu=7.975700e-02s  provider=158  solves=2  iterations=16

STEP 9
  certificate  stage=STEP 9  failed  objective=-1.693254e+01  upper=-1.693241e+01  gap= 1.303922e-04  wall=0.000000e+00s  cpu=0.000000e+00s  provider=0  solves=0  iterations=0
  certificate  stage=STEP 9  complete  reason=paper_free_energy_convergence_failed  wall=2.356967e-03s  cpu=2.357000e-03s  provider=3  solves=0  iterations=0

STEP 7
  certificate  stage=STEP 7  complete  reason=continue_stage_ii  wall=1.400000e-06s  cpu=1.000000e-06s  provider=0  solves=0  iterations=0

STEP 4
  STAGE II STEP 4  major=37  upper=-1.693250e+01  LP_primal= 0.000000e+00  LP_dual= 2.775558e-17  active_cuts=42  certified
  certificate  stage=STEP 4  complete  reason=step4_complete  wall=3.536380e-04s  cpu=3.540000e-04s  provider=0  solves=1  iterations=1

STEP 5
  certificate  stage=STEP 5 LOCAL  major=37  attempt=162  accepted  reason=success  P rel.= 6.536151e-14  objective=-1.386808e+01  upper=-1.693250e+01  gap=-3.064421e+00  wall=0.000000e+00s  cpu=0.000000e+00s  provider=0  solves=0  iterations=0
  certificate  stage=STEP 5 LOCAL  major=37  attempt=163  accepted  reason=success  P rel.= 1.828686e-13  objective=-1.386808e+01  upper=-1.693250e+01  gap=-3.064421e+00  wall=0.000000e+00s  cpu=0.000000e+00s  provider=0  solves=0  iterations=0
  certificate  stage=STEP 5 LOCAL  major=37  attempt=164  accepted  reason=success  P rel.= 6.105196e-14  objective=-1.386808e+01  upper=-1.693250e+01  gap=-3.064421e+00  wall=0.000000e+00s  cpu=0.000000e+00s  provider=0  solves=0  iterations=0
  certificate  stage=STEP 5 LOCAL  major=37  attempt=165  accepted  reason=success  P rel.= 5.157095e-14  objective=-1.386808e+01  upper=-1.693250e+01  gap=-3.064421e+00  wall=0.000000e+00s  cpu=0.000000e+00s  provider=0  solves=0  iterations=0
  certificate  stage=STEP 5 LOCAL  major=37  attempt=166  accepted  reason=success  P rel.= 5.560757e-13  objective=-1.386808e+01  upper=-1.693250e+01  gap=-3.064421e+00  wall=0.000000e+00s  cpu=0.000000e+00s  provider=0  solves=0  iterations=0
  certificate  stage=STEP 5 LOCAL  major=37  attempt=167  accepted  reason=success  P rel.=-3.038107e-09  objective=-1.693261e+01  upper=-1.693250e+01  gap= 1.039761e-04  wall=0.000000e+00s  cpu=0.000000e+00s  provider=0  solves=0  iterations=0
  certificate  stage=STEP 5  complete  reason=step5_complete  wall=1.355206e-01s  cpu=1.355110e-01s  provider=128  solves=6  iterations=118

STEP 6
  certificate  stage=STEP 6  complete  reason=candidate_set  wall=1.565000e-05s  cpu=1.600000e-05s  provider=0  solves=0  iterations=0

STEP 8
  certificate  stage=STEP 8  complete  reason=step8_complete  wall=8.391280e-02s  cpu=8.390700e-02s  provider=190  solves=2  iterations=18

STEP 9
  certificate  stage=STEP 9  failed  objective=-1.693261e+01  upper=-1.693250e+01  gap= 1.070464e-04  wall=0.000000e+00s  cpu=0.000000e+00s  provider=0  solves=0  iterations=0
  certificate  stage=STEP 9  complete  reason=paper_free_energy_convergence_failed  wall=2.291317e-03s  cpu=2.292000e-03s  provider=3  solves=0  iterations=0

STEP 7
  certificate  stage=STEP 7  complete  reason=continue_stage_ii  wall=1.230000e-06s  cpu=1.000000e-06s  provider=0  solves=0  iterations=0

STEP 4
  STAGE II STEP 4  major=38  upper=-1.693255e+01  LP_primal= 0.000000e+00  LP_dual= 1.387779e-17  active_cuts=43  certified
  certificate  stage=STEP 4  complete  reason=step4_complete  wall=3.547880e-04s  cpu=3.550000e-04s  provider=0  solves=1  iterations=1

STEP 5
  certificate  stage=STEP 5 LOCAL  major=38  attempt=169  accepted  reason=success  P rel.= 9.351724e-14  objective=-1.387020e+01  upper=-1.693255e+01  gap=-3.062353e+00  wall=0.000000e+00s  cpu=0.000000e+00s  provider=0  solves=0  iterations=0
  certificate  stage=STEP 5 LOCAL  major=38  attempt=170  accepted  reason=success  P rel.=-3.030451e-09  objective=-1.693258e+01  upper=-1.693255e+01  gap= 2.595959e-05  wall=0.000000e+00s  cpu=0.000000e+00s  provider=0  solves=0  iterations=0
  certificate  stage=STEP 5  complete  reason=step5_complete  wall=4.249209e-02s  cpu=4.249300e-02s  provider=43  solves=3  iterations=36

STEP 6
  certificate  stage=STEP 6  complete  reason=candidate_set  wall=1.584000e-05s  cpu=1.500000e-05s  provider=0  solves=0  iterations=0

STEP 8
  certificate  stage=STEP 8  complete  reason=step8_complete  wall=3.014059e-01s  cpu=3.013560e-01s  provider=1142  solves=2  iterations=72

STEP 9
  certificate  stage=STEP 9  failed  objective=-1.693261e+01  upper=-1.693255e+01  gap= 5.994601e-05  wall=0.000000e+00s  cpu=0.000000e+00s  provider=0  solves=0  iterations=0
  certificate  stage=STEP 9  complete  reason=paper_potential_convergence_failed  wall=2.290777e-03s  cpu=2.291000e-03s  provider=3  solves=0  iterations=0

STEP 7
  certificate  stage=STEP 7  complete  reason=continue_stage_ii  wall=1.080000e-06s  cpu=1.000000e-06s  provider=0  solves=0  iterations=0

STEP 4
  STAGE II STEP 4  major=39  upper=-1.693255e+01  LP_primal= 3.552714e-15  LP_dual= 5.551115e-17  active_cuts=44  certified
  certificate  stage=STEP 4  complete  reason=step4_complete  wall=3.616880e-04s  cpu=3.620000e-04s  provider=0  solves=1  iterations=1

STEP 5
  certificate  stage=STEP 5 LOCAL  major=39  attempt=171  accepted  reason=success  P rel.= 7.929573e-14  objective=-1.386918e+01  upper=-1.693255e+01  gap=-3.063366e+00  wall=0.000000e+00s  cpu=0.000000e+00s  provider=0  solves=0  iterations=0
  certificate  stage=STEP 5 LOCAL  major=39  attempt=172  accepted  reason=success  P rel.= 5.530590e-14  objective=-1.386918e+01  upper=-1.693255e+01  gap=-3.063366e+00  wall=0.000000e+00s  cpu=0.000000e+00s  provider=0  solves=0  iterations=0
  certificate  stage=STEP 5 LOCAL  major=39  attempt=173  accepted  reason=success  P rel.= 7.527348e-14  objective=-1.386918e+01  upper=-1.693255e+01  gap=-3.063366e+00  wall=0.000000e+00s  cpu=0.000000e+00s  provider=0  solves=0  iterations=0
  certificate  stage=STEP 5 LOCAL  major=39  attempt=174  accepted  reason=success  P rel.=-3.014070e-09  objective=-1.693256e+01  upper=-1.693255e+01  gap= 6.495786e-06  wall=0.000000e+00s  cpu=0.000000e+00s  provider=0  solves=0  iterations=0
  certificate  stage=STEP 5  complete  reason=step5_complete  wall=7.729208e-02s  cpu=7.729300e-02s  provider=75  solves=4  iterations=66

STEP 6
  certificate  stage=STEP 6  complete  reason=candidate_set  wall=1.685900e-05s  cpu=1.600000e-05s  provider=0  solves=0  iterations=0

STEP 8
  certificate  stage=STEP 8  complete  reason=step8_complete  wall=9.874144e-02s  cpu=9.874400e-02s  provider=266  solves=2  iterations=21

STEP 9
  certificate  stage=STEP 9  failed  objective=-1.693261e+01  upper=-1.693255e+01  gap= 5.982210e-05  wall=0.000000e+00s  cpu=0.000000e+00s  provider=0  solves=0  iterations=0
  certificate  stage=STEP 9  complete  reason=paper_potential_convergence_failed  wall=2.320328e-03s  cpu=2.321000e-03s  provider=3  solves=0  iterations=0

STEP 7
  certificate  stage=STEP 7  complete  reason=continue_stage_ii  wall=1.170000e-06s  cpu=1.000000e-06s  provider=0  solves=0  iterations=0

STEP 4
  STAGE II STEP 4  major=40  upper=-1.693255e+01  LP_primal= 0.000000e+00  LP_dual= 5.551115e-17  active_cuts=45  certified
  certificate  stage=STEP 4  complete  reason=step4_complete  wall=3.842480e-04s  cpu=3.840000e-04s  provider=0  solves=1  iterations=1

STEP 5
  certificate  stage=STEP 5 LOCAL  major=40  attempt=175  accepted  reason=success  P rel.=-3.019768e-09  objective=-1.693255e+01  upper=-1.693255e+01  gap= 1.624987e-06  wall=0.000000e+00s  cpu=0.000000e+00s  provider=0  solves=0  iterations=0
  certificate  stage=STEP 5  complete  reason=step5_complete  wall=2.549499e-02s  cpu=2.549700e-02s  provider=24  solves=1  iterations=18

STEP 6
  certificate  stage=STEP 6  complete  reason=candidate_set  wall=1.736000e-05s  cpu=1.700000e-05s  provider=0  solves=0  iterations=0

STEP 8
  certificate  stage=STEP 8  complete  reason=step8_complete  wall=1.952317e-01s  cpu=1.951720e-01s  provider=618  solves=2  iterations=41

STEP 9
  certificate  stage=STEP 9  failed  objective=-1.693261e+01  upper=-1.693255e+01  gap= 5.976006e-05  wall=0.000000e+00s  cpu=0.000000e+00s  provider=0  solves=0  iterations=0
  certificate  stage=STEP 9  complete  reason=paper_potential_convergence_failed  wall=2.560456e-03s  cpu=2.554000e-03s  provider=3  solves=0  iterations=0

STEP 7
  certificate  stage=STEP 7  complete  reason=continue_stage_ii  wall=1.440000e-06s  cpu=1.000000e-06s  provider=0  solves=0  iterations=0

STEP 4
  STAGE II STEP 4  major=41  upper=-1.693255e+01  LP_primal= 3.552714e-15  LP_dual= 5.551115e-17  active_cuts=46  certified
  certificate  stage=STEP 4  complete  reason=step4_complete  wall=4.357480e-04s  cpu=4.360000e-04s  provider=0  solves=1  iterations=1

STEP 5
  certificate  stage=STEP 5 LOCAL  major=41  attempt=176  accepted  reason=success  P rel.= 1.067332e-13  objective=-1.386843e+01  upper=-1.693255e+01  gap=-3.064121e+00  wall=0.000000e+00s  cpu=0.000000e+00s  provider=0  solves=0  iterations=0
  certificate  stage=STEP 5 LOCAL  major=41  attempt=177  accepted  reason=success  P rel.=-3.083422e-09  objective=-1.693255e+01  upper=-1.693255e+01  gap= 4.066701e-07  wall=0.000000e+00s  cpu=0.000000e+00s  provider=0  solves=0  iterations=0
  certificate  stage=STEP 5  complete  reason=step5_complete  wall=5.074348e-02s  cpu=5.072300e-02s  provider=48  solves=2  iterations=43

STEP 6
  certificate  stage=STEP 6  complete  reason=candidate_set  wall=1.757000e-05s  cpu=1.700000e-05s  provider=0  solves=0  iterations=0

STEP 8
  certificate  stage=STEP 8  complete  reason=step8_complete  wall=1.198101e-01s  cpu=1.197980e-01s  provider=290  solves=2  iterations=27

STEP 9
  certificate  stage=STEP 9  failed  objective=-1.693261e+01  upper=-1.693255e+01  gap= 5.972901e-05  wall=0.000000e+00s  cpu=0.000000e+00s  provider=0  solves=0  iterations=0
  certificate  stage=STEP 9  complete  reason=paper_potential_convergence_failed  wall=2.585826e-03s  cpu=2.586000e-03s  provider=3  solves=0  iterations=0

STEP 7
  certificate  stage=STEP 7  complete  reason=continue_stage_ii  wall=1.330000e-06s  cpu=2.000000e-06s  provider=0  solves=0  iterations=0

STEP 4
  STAGE II STEP 4  major=42  upper=-1.693255e+01  LP_primal= 3.552714e-15  LP_dual= 5.551115e-17  active_cuts=47  certified
  certificate  stage=STEP 4  complete  reason=step4_complete  wall=3.638280e-04s  cpu=3.640000e-04s  provider=0  solves=1  iterations=1

STEP 5
  certificate  stage=STEP 5 LOCAL  major=42  attempt=178  accepted  reason=success  P rel.=-3.042113e-09  objective=-1.693255e+01  upper=-1.693255e+01  gap= 1.020139e-07  wall=0.000000e+00s  cpu=0.000000e+00s  provider=0  solves=0  iterations=0
  certificate  stage=STEP 5  complete  reason=step5_complete  wall=2.633094e-02s  cpu=2.630900e-02s  provider=24  solves=1  iterations=19

STEP 6
  certificate  stage=STEP 6  complete  reason=candidate_set  wall=1.891000e-05s  cpu=1.900000e-05s  provider=0  solves=0  iterations=0

STEP 8
  certificate  stage=STEP 8  complete  reason=step8_complete  wall=1.072189e-01s  cpu=1.071700e-01s  provider=262  solves=2  iterations=23

STEP 9
  certificate  stage=STEP 9  failed  objective=-1.693261e+01  upper=-1.693255e+01  gap= 5.971345e-05  wall=0.000000e+00s  cpu=0.000000e+00s  provider=0  solves=0  iterations=0
  certificate  stage=STEP 9  complete  reason=paper_potential_convergence_failed  wall=2.317127e-03s  cpu=2.317000e-03s  provider=3  solves=0  iterations=0

STEP 7
  certificate  stage=STEP 7  complete  reason=continue_stage_ii  wall=1.100000e-06s  cpu=1.000000e-06s  provider=0  solves=0  iterations=0

STEP 4
  STAGE II STEP 4  major=43  upper=-1.693255e+01  LP_primal= 7.105427e-15  LP_dual= 5.551115e-17  active_cuts=48  certified
  certificate  stage=STEP 4  complete  reason=step4_complete  wall=3.582780e-04s  cpu=3.580000e-04s  provider=0  solves=1  iterations=1

STEP 5
  certificate  stage=STEP 5 LOCAL  major=43  attempt=179  accepted  reason=success  P rel.= 8.130685e-14  objective=-1.386824e+01  upper=-1.693255e+01  gap=-3.064310e+00  wall=0.000000e+00s  cpu=0.000000e+00s  provider=0  solves=0  iterations=0
  certificate  stage=STEP 5 LOCAL  major=43  attempt=180  accepted  reason=success  P rel.= 7.728460e-14  objective=-1.386824e+01  upper=-1.693255e+01  gap=-3.064310e+00  wall=0.000000e+00s  cpu=0.000000e+00s  provider=0  solves=0  iterations=0
  certificate  stage=STEP 5 LOCAL  major=43  attempt=182  accepted  reason=success  P rel.= 3.562562e-14  objective=-1.386824e+01  upper=-1.693255e+01  gap=-3.064310e+00  wall=0.000000e+00s  cpu=0.000000e+00s  provider=0  solves=0  iterations=0
  certificate  stage=STEP 5 LOCAL  major=43  attempt=183  accepted  reason=success  P rel.= 7.627904e-14  objective=-1.386824e+01  upper=-1.693255e+01  gap=-3.064310e+00  wall=0.000000e+00s  cpu=0.000000e+00s  provider=0  solves=0  iterations=0
  certificate  stage=STEP 5 LOCAL  major=43  attempt=184  accepted  reason=success  P rel.= 3.663118e-14  objective=-1.386824e+01  upper=-1.693255e+01  gap=-3.064310e+00  wall=0.000000e+00s  cpu=0.000000e+00s  provider=0  solves=0  iterations=0
  certificate  stage=STEP 5 LOCAL  major=43  attempt=185  accepted  reason=success  P rel.=-3.070513e-09  objective=-1.693255e+01  upper=-1.693255e+01  gap= 2.584337e-08  wall=0.000000e+00s  cpu=0.000000e+00s  provider=0  solves=0  iterations=0
  certificate  stage=STEP 5  complete  reason=step5_complete  wall=1.345945e-01s  cpu=1.345740e-01s  provider=130  solves=7  iterations=114

STEP 6
  certificate  stage=STEP 6  complete  reason=candidate_set  wall=1.535000e-05s  cpu=1.500000e-05s  provider=0  solves=0  iterations=0

STEP 8
  certificate  stage=STEP 8  complete  reason=step8_complete  wall=1.085657e-01s  cpu=1.085010e-01s  provider=262  solves=2  iterations=23

STEP 9
  certificate  stage=STEP 9  failed  objective=-1.693261e+01  upper=-1.693255e+01  gap= 5.970562e-05  wall=0.000000e+00s  cpu=0.000000e+00s  provider=0  solves=0  iterations=0
  certificate  stage=STEP 9  complete  reason=paper_potential_convergence_failed  wall=2.552436e-03s  cpu=2.553000e-03s  provider=3  solves=0  iterations=0

STEP 7
  certificate  stage=STEP 7  complete  reason=continue_stage_ii  wall=1.250000e-06s  cpu=1.000000e-06s  provider=0  solves=0  iterations=0

STEP 4
  STAGE II STEP 4  major=44  upper=-1.693255e+01  LP_primal= 0.000000e+00  LP_dual= 5.551115e-17  active_cuts=49  certified
  certificate  stage=STEP 4  complete  reason=step4_complete  wall=3.604080e-04s  cpu=3.600000e-04s  provider=0  solves=1  iterations=1

STEP 5
  certificate  stage=STEP 5 LOCAL  major=44  attempt=186  accepted  reason=success  P rel.= 9.437915e-14  objective=-1.386821e+01  upper=-1.693255e+01  gap=-3.064343e+00  wall=0.000000e+00s  cpu=0.000000e+00s  provider=0  solves=0  iterations=0
  certificate  stage=STEP 5 LOCAL  major=44  attempt=187  accepted  reason=success  P rel.= 5.401303e-14  objective=-1.386821e+01  upper=-1.693255e+01  gap=-3.064343e+00  wall=0.000000e+00s  cpu=0.000000e+00s  provider=0  solves=0  iterations=0
  certificate  stage=STEP 5 LOCAL  major=44  attempt=188  accepted  reason=success  P rel.=-3.052262e-09  objective=-1.693255e+01  upper=-1.693255e+01  gap= 6.813291e-09  wall=0.000000e+00s  cpu=0.000000e+00s  provider=0  solves=0  iterations=0
  certificate  stage=STEP 5  complete  reason=step5_complete  wall=6.916553e-02s  cpu=6.914800e-02s  provider=64  solves=3  iterations=60

STEP 6
  certificate  stage=STEP 6  complete  reason=candidate_set  wall=1.779000e-05s  cpu=1.800000e-05s  provider=0  solves=0  iterations=0

STEP 8
  certificate  stage=STEP 8  complete  reason=step8_complete  wall=1.090975e-01s  cpu=1.090600e-01s  provider=262  solves=2  iterations=23

STEP 9
  certificate  stage=STEP 9  failed  objective=-1.693261e+01  upper=-1.693255e+01  gap= 5.970160e-05  wall=0.000000e+00s  cpu=0.000000e+00s  provider=0  solves=0  iterations=0
  certificate  stage=STEP 9  complete  reason=paper_potential_convergence_failed  wall=2.384477e-03s  cpu=2.376000e-03s  provider=3  solves=0  iterations=0

STEP 7
  certificate  stage=STEP 7  complete  reason=continue_stage_ii  wall=1.090000e-06s  cpu=1.000000e-06s  provider=0  solves=0  iterations=0

STEP 4
  STAGE II STEP 4  major=45  upper=-1.693255e+01  LP_primal= 0.000000e+00  LP_dual= 5.551115e-17  active_cuts=50  certified
  certificate  stage=STEP 4  complete  reason=step4_complete  wall=3.733680e-04s  cpu=3.740000e-04s  provider=0  solves=1  iterations=1

STEP 5
  certificate  stage=STEP 5 LOCAL  major=45  attempt=189  accepted  reason=success  P rel.= 6.449960e-14  objective=-1.386819e+01  upper=-1.693255e+01  gap=-3.064361e+00  wall=0.000000e+00s  cpu=0.000000e+00s  provider=0  solves=0  iterations=0
  certificate  stage=STEP 5 LOCAL  major=45  attempt=190  accepted  reason=success  P rel.= 5.889719e-14  objective=-1.386819e+01  upper=-1.693255e+01  gap=-3.064361e+00  wall=0.000000e+00s  cpu=0.000000e+00s  provider=0  solves=0  iterations=0
  certificate  stage=STEP 5 LOCAL  major=45  attempt=191  accepted  reason=success  P rel.= 3.393053e-13  objective=-1.386819e+01  upper=-1.693255e+01  gap=-3.064361e+00  wall=0.000000e+00s  cpu=0.000000e+00s  provider=0  solves=0  iterations=0
  certificate  stage=STEP 5 LOCAL  major=45  attempt=192  accepted  reason=success  P rel.= 5.530590e-14  objective=-1.386819e+01  upper=-1.693255e+01  gap=-3.064361e+00  wall=0.000000e+00s  cpu=0.000000e+00s  provider=0  solves=0  iterations=0
  certificate  stage=STEP 5 LOCAL  major=45  attempt=193  accepted  reason=success  P rel.= 7.541713e-14  objective=-1.386819e+01  upper=-1.693255e+01  gap=-3.064361e+00  wall=0.000000e+00s  cpu=0.000000e+00s  provider=0  solves=0  iterations=0
  certificate  stage=STEP 5 LOCAL  major=45  attempt=194  accepted  reason=success  P rel.=-3.059295e-09  objective=-1.693255e+01  upper=-1.693255e+01  gap= 2.118924e-09  wall=0.000000e+00s  cpu=0.000000e+00s  provider=0  solves=0  iterations=0
  certificate  stage=STEP 5  complete  reason=step5_complete  wall=1.297411e-01s  cpu=1.297370e-01s  provider=123  solves=6  iterations=108

STEP 6
  certificate  stage=STEP 6  complete  reason=candidate_set  wall=1.909000e-05s  cpu=1.900000e-05s  provider=0  solves=0  iterations=0

STEP 8
  certificate  stage=STEP 8  complete  reason=step8_complete  wall=1.064224e-01s  cpu=1.064180e-01s  provider=262  solves=2  iterations=23

STEP 9
  certificate  stage=STEP 9  failed  objective=-1.693261e+01  upper=-1.693255e+01  gap= 5.969936e-05  wall=0.000000e+00s  cpu=0.000000e+00s  provider=0  solves=0  iterations=0
  certificate  stage=STEP 9  complete  reason=paper_potential_convergence_failed  wall=2.353377e-03s  cpu=2.353000e-03s  provider=3  solves=0  iterations=0

STEP 7
  certificate  stage=STEP 7  complete  reason=continue_stage_ii  wall=1.100000e-06s  cpu=1.000000e-06s  provider=0  solves=0  iterations=0

STEP 4
  STAGE II STEP 4  major=46  upper=-1.693255e+01  LP_primal= 3.552714e-15  LP_dual= 5.551115e-17  active_cuts=51  certified
  certificate  stage=STEP 4  complete  reason=step4_complete  wall=3.728880e-04s  cpu=3.730000e-04s  provider=0  solves=1  iterations=1

STEP 5
  certificate  stage=STEP 5 LOCAL  major=46  attempt=195  accepted  reason=success  P rel.= 8.432354e-14  objective=-1.386820e+01  upper=-1.693255e+01  gap=-3.064352e+00  wall=0.000000e+00s  cpu=0.000000e+00s  provider=0  solves=0  iterations=0
  certificate  stage=STEP 5 LOCAL  major=46  attempt=196  accepted  reason=success  P rel.= 1.057276e-13  objective=-1.386820e+01  upper=-1.693255e+01  gap=-3.064352e+00  wall=0.000000e+00s  cpu=0.000000e+00s  provider=0  solves=0  iterations=0
  certificate  stage=STEP 5 LOCAL  major=46  attempt=197  accepted  reason=success  P rel.=-1.999972e-08  objective=-1.693255e+01  upper=-1.693255e+01  gap= 5.297096e-10  wall=0.000000e+00s  cpu=0.000000e+00s  provider=0  solves=0  iterations=0
  certificate  stage=STEP 5  complete  reason=step5_complete  wall=6.303339e-02s  cpu=6.300600e-02s  provider=60  solves=3  iterations=56

STEP 6
  certificate  stage=STEP 6  complete  reason=candidate_set  wall=1.739000e-05s  cpu=1.800000e-05s  provider=0  solves=0  iterations=0

STEP 8
  certificate  stage=STEP 8  complete  reason=step8_complete  wall=1.060238e-01s  cpu=1.060130e-01s  provider=262  solves=2  iterations=23

STEP 9
  certificate  stage=STEP 9  failed  objective=-1.693261e+01  upper=-1.693255e+01  gap= 5.969893e-05  wall=0.000000e+00s  cpu=0.000000e+00s  provider=0  solves=0  iterations=0
  certificate  stage=STEP 9  complete  reason=paper_potential_convergence_failed  wall=2.344278e-03s  cpu=2.345000e-03s  provider=3  solves=0  iterations=0

STEP 7
  certificate  stage=STEP 7  complete  reason=continue_stage_ii  wall=9.000000e-07s  cpu=1.000000e-06s  provider=0  solves=0  iterations=0

STEP 4
  STAGE II STEP 4  major=47  upper=-1.693255e+01  LP_primal= 3.552714e-15  LP_dual= 6.938894e-18  active_cuts=52  certified
  certificate  stage=STEP 4  complete  reason=step4_complete  wall=3.743680e-04s  cpu=3.750000e-04s  provider=0  solves=1  iterations=1

STEP 5
  certificate  stage=STEP 5 LOCAL  major=47  attempt=198  accepted  reason=success  P rel.=-3.040066e-09  objective=-1.693255e+01  upper=-1.693255e+01  gap= 1.324345e-10  wall=0.000000e+00s  cpu=0.000000e+00s  provider=0  solves=0  iterations=0
  certificate  stage=STEP 5  complete  reason=step5_complete  wall=2.359769e-02s  cpu=2.359800e-02s  provider=24  solves=1  iterations=19

STEP 6
  certificate  stage=STEP 6  complete  reason=candidate_set  wall=1.643000e-05s  cpu=1.600000e-05s  provider=0  solves=0  iterations=0

STEP 8
  certificate  stage=STEP 8  complete  reason=step8_complete  wall=1.054264e-01s  cpu=1.054270e-01s  provider=262  solves=2  iterations=23

STEP 9
  certificate  stage=STEP 9  failed  objective=-1.693261e+01  upper=-1.693255e+01  gap= 5.969871e-05  wall=0.000000e+00s  cpu=0.000000e+00s  provider=0  solves=0  iterations=0
  certificate  stage=STEP 9  complete  reason=paper_potential_convergence_failed  wall=2.350477e-03s  cpu=2.351000e-03s  provider=3  solves=0  iterations=0

STEP 7
  certificate  stage=STEP 7  complete  reason=continue_stage_ii  wall=1.080000e-06s  cpu=1.000000e-06s  provider=0  solves=0  iterations=0

STEP 4
  STAGE II STEP 4  major=48  upper=-1.693255e+01  LP_primal= 0.000000e+00  LP_dual= 1.040834e-17  active_cuts=53  certified
  certificate  stage=STEP 4  complete  reason=step4_complete  wall=3.732180e-04s  cpu=3.740000e-04s  provider=0  solves=1  iterations=1

STEP 5
  certificate  stage=STEP 5 LOCAL  major=48  attempt=199  accepted  reason=success  P rel.=-3.072382e-09  objective=-1.693255e+01  upper=-1.693255e+01  gap= 3.311484e-11  wall=0.000000e+00s  cpu=0.000000e+00s  provider=0  solves=0  iterations=0
  certificate  stage=STEP 5  complete  reason=step5_complete  wall=2.002122e-02s  cpu=2.002100e-02s  provider=20  solves=1  iterations=17

STEP 6
  certificate  stage=STEP 6  complete  reason=candidate_set  wall=1.649000e-05s  cpu=1.600000e-05s  provider=0  solves=0  iterations=0

STEP 8
  certificate  stage=STEP 8  complete  reason=step8_complete  wall=1.052190e-01s  cpu=1.052200e-01s  provider=262  solves=2  iterations=23

STEP 9
  certificate  stage=STEP 9  failed  objective=-1.693261e+01  upper=-1.693255e+01  gap= 5.969870e-05  wall=0.000000e+00s  cpu=0.000000e+00s  provider=0  solves=0  iterations=0
  certificate  stage=STEP 9  complete  reason=paper_potential_convergence_failed  wall=2.340538e-03s  cpu=2.341000e-03s  provider=3  solves=0  iterations=0

STEP 7
  certificate  stage=STEP 7  complete  reason=continue_stage_ii  wall=1.070000e-06s  cpu=1.000000e-06s  provider=0  solves=0  iterations=0

STEP 4
  STAGE II STEP 4  major=49  upper=-1.693255e+01  LP_primal= 3.311484e-11  LP_dual= 1.040834e-17  active_cuts=54  certified
  certificate  stage=STEP 4  complete  reason=step4_complete  wall=3.686980e-04s  cpu=3.690000e-04s  provider=0  solves=1  iterations=1

STEP 5
  certificate  stage=STEP 5 LOCAL  major=49  attempt=200  accepted  reason=success  P rel.= 6.449960e-14  objective=-1.386820e+01  upper=-1.693255e+01  gap=-3.064349e+00  wall=0.000000e+00s  cpu=0.000000e+00s  provider=0  solves=0  iterations=0
  certificate  stage=STEP 5 LOCAL  major=49  attempt=201  accepted  reason=success  P rel.=-3.072738e-09  objective=-1.693255e+01  upper=-1.693255e+01  gap= 3.311129e-11  wall=0.000000e+00s  cpu=0.000000e+00s  provider=0  solves=0  iterations=0
  certificate  stage=STEP 5  complete  reason=step5_complete  wall=4.665291e-02s  cpu=4.665400e-02s  provider=45  solves=2  iterations=40

STEP 6
  certificate  stage=STEP 6  complete  reason=candidate_set  wall=1.702000e-05s  cpu=1.700000e-05s  provider=0  solves=0  iterations=0

STEP 8
  certificate  stage=STEP 8  complete  reason=step8_complete  wall=1.056284e-01s  cpu=1.056070e-01s  provider=262  solves=2  iterations=23

STEP 9
  certificate  stage=STEP 9  failed  objective=-1.693261e+01  upper=-1.693255e+01  gap= 5.969870e-05  wall=0.000000e+00s  cpu=0.000000e+00s  provider=0  solves=0  iterations=0
  certificate  stage=STEP 9  complete  reason=paper_potential_convergence_failed  wall=2.344958e-03s  cpu=2.345000e-03s  provider=3  solves=0  iterations=0

STEP 7
  certificate  stage=STEP 7  complete  reason=continue_stage_ii  wall=1.280000e-06s  cpu=1.000000e-06s  provider=0  solves=0  iterations=0

STEP 4
  STAGE II STEP 4  major=50  upper=-1.693255e+01  LP_primal= 3.311484e-11  LP_dual= 1.040834e-17  active_cuts=55  certified
  certificate  stage=STEP 4  complete  reason=step4_complete  wall=3.771680e-04s  cpu=3.770000e-04s  provider=0  solves=1  iterations=1

STEP 5
  certificate  stage=STEP 5 LOCAL  major=50  attempt=202  accepted  reason=success  P rel.= 5.056539e-14  objective=-1.386820e+01  upper=-1.693255e+01  gap=-3.064349e+00  wall=0.000000e+00s  cpu=0.000000e+00s  provider=0  solves=0  iterations=0
  certificate  stage=STEP 5 LOCAL  major=50  attempt=203  accepted  reason=success  P rel.= 8.025819e-13  objective=-1.386820e+01  upper=-1.693255e+01  gap=-3.064349e+00  wall=0.000000e+00s  cpu=0.000000e+00s  provider=0  solves=0  iterations=0
  certificate  stage=STEP 5 LOCAL  major=50  attempt=204  accepted  reason=success  P rel.= 8.130685e-14  objective=-1.386820e+01  upper=-1.693255e+01  gap=-3.064349e+00  wall=0.000000e+00s  cpu=0.000000e+00s  provider=0  solves=0  iterations=0
  certificate  stage=STEP 5 LOCAL  major=50  attempt=206  accepted  reason=success  P rel.= 4.539393e-14  objective=-1.386820e+01  upper=-1.693255e+01  gap=-3.064349e+00  wall=0.000000e+00s  cpu=0.000000e+00s  provider=0  solves=0  iterations=0
  certificate  stage=STEP 5 LOCAL  major=50  attempt=207  accepted  reason=success  P rel.= 6.651073e-14  objective=-1.386820e+01  upper=-1.693255e+01  gap=-3.064349e+00  wall=0.000000e+00s  cpu=0.000000e+00s  provider=0  solves=0  iterations=0
  certificate  stage=STEP 5 LOCAL  major=50  attempt=208  accepted  reason=success  P rel.=-5.461326e-08  objective=-1.693308e+01  upper=-1.693255e+01  gap= 5.304473e-04  wall=0.000000e+00s  cpu=0.000000e+00s  provider=0  solves=0  iterations=0
  certificate  stage=STEP 5  complete  reason=step5_complete  wall=1.230332e-01s  cpu=1.230290e-01s  provider=117  solves=7  iterations=109

STEP 6
  certificate  stage=STEP 6  complete  reason=candidate_set  wall=2.485000e-05s  cpu=2.500000e-05s  provider=0  solves=0  iterations=0

STEP 8
  certificate  stage=STEP 8  complete  reason=step8_complete  wall=2.436811e-01s  cpu=2.436660e-01s  provider=1030  solves=2  iterations=55

STEP 9
  certificate  stage=STEP 9  failed  objective=-1.693267e+01  upper=-1.693255e+01  gap= 1.179776e-04  wall=0.000000e+00s  cpu=0.000000e+00s  provider=0  solves=0  iterations=0
  certificate  stage=STEP 9  complete  reason=paper_free_energy_convergence_failed  wall=2.334648e-03s  cpu=2.335000e-03s  provider=3  solves=0  iterations=0

STEP 7
  certificate  stage=STEP 7  complete  reason=continue_stage_ii  wall=1.090000e-06s  cpu=1.000000e-06s  provider=0  solves=0  iterations=0

STEP 4
  STAGE II STEP 4  major=51  upper=-1.693263e+01  LP_primal= 3.552714e-15  LP_dual= 1.040834e-17  active_cuts=56  certified
  certificate  stage=STEP 4  complete  reason=step4_complete  wall=3.644380e-04s  cpu=3.650000e-04s  provider=0  solves=1  iterations=1

STEP 5
  certificate  stage=STEP 5 LOCAL  major=51  attempt=209  accepted  reason=success  P rel.= 1.973774e-13  objective=-1.386297e+01  upper=-1.693263e+01  gap=-3.069659e+00  wall=0.000000e+00s  cpu=0.000000e+00s  provider=0  solves=0  iterations=0
  certificate  stage=STEP 5 LOCAL  major=51  attempt=210  accepted  reason=success  P rel.=-3.209127e-09  objective=-1.693265e+01  upper=-1.693263e+01  gap= 1.431113e-05  wall=0.000000e+00s  cpu=0.000000e+00s  provider=0  solves=0  iterations=0
  certificate  stage=STEP 5  complete  reason=step5_complete  wall=4.949432e-02s  cpu=4.949500e-02s  provider=49  solves=2  iterations=40

STEP 6
  certificate  stage=STEP 6  complete  reason=candidate_set  wall=1.965000e-05s  cpu=2.000000e-05s  provider=0  solves=0  iterations=0

STEP 8
  certificate  stage=STEP 8  complete  reason=step8_complete  wall=1.338691e-01s  cpu=1.338540e-01s  provider=514  solves=2  iterations=29

STEP 9
  certificate  stage=STEP 9  failed  objective=-1.693267e+01  upper=-1.693263e+01  gap= 3.748281e-05  wall=0.000000e+00s  cpu=0.000000e+00s  provider=0  solves=0  iterations=0
  certificate  stage=STEP 9  complete  reason=paper_potential_convergence_failed  wall=2.315587e-03s  cpu=2.315000e-03s  provider=3  solves=0  iterations=0

STEP 7
  certificate  stage=STEP 7  complete  reason=continue_stage_ii  wall=1.080000e-06s  cpu=1.000000e-06s  provider=0  solves=0  iterations=0

STEP 4
  STAGE II STEP 4  major=52  upper=-1.693264e+01  LP_primal= 0.000000e+00  LP_dual= 6.938894e-18  active_cuts=57  certified
  certificate  stage=STEP 4  complete  reason=step4_complete  wall=3.659880e-04s  cpu=3.660000e-04s  provider=0  solves=1  iterations=1

STEP 5
  certificate  stage=STEP 5 LOCAL  major=52  attempt=211  accepted  reason=success  P rel.= 5.401303e-14  objective=-1.386298e+01  upper=-1.693264e+01  gap=-3.069659e+00  wall=0.000000e+00s  cpu=0.000000e+00s  provider=0  solves=0  iterations=0
  certificate  stage=STEP 5 LOCAL  major=52  attempt=212  accepted  reason=success  P rel.= 6.995837e-14  objective=-1.386298e+01  upper=-1.693264e+01  gap=-3.069659e+00  wall=0.000000e+00s  cpu=0.000000e+00s  provider=0  solves=0  iterations=0
  certificate  stage=STEP 5 LOCAL  major=52  attempt=213  accepted  reason=success  P rel.= 4.783601e-14  objective=-1.386298e+01  upper=-1.693264e+01  gap=-3.069659e+00  wall=0.000000e+00s  cpu=0.000000e+00s  provider=0  solves=0  iterations=0
  certificate  stage=STEP 5 LOCAL  major=52  attempt=214  accepted  reason=success  P rel.= 5.114000e-14  objective=-1.386298e+01  upper=-1.693264e+01  gap=-3.069659e+00  wall=0.000000e+00s  cpu=0.000000e+00s  provider=0  solves=0  iterations=0
  certificate  stage=STEP 5 LOCAL  major=52  attempt=215  accepted  reason=success  P rel.= 6.234483e-14  objective=-1.386298e+01  upper=-1.693264e+01  gap=-3.069659e+00  wall=0.000000e+00s  cpu=0.000000e+00s  provider=0  solves=0  iterations=0
  certificate  stage=STEP 5 LOCAL  major=52  attempt=216  accepted  reason=success  P rel.= 4.036612e-14  objective=-1.386298e+01  upper=-1.693264e+01  gap=-3.069659e+00  wall=0.000000e+00s  cpu=0.000000e+00s  provider=0  solves=0  iterations=0
  certificate  stage=STEP 5 LOCAL  major=52  attempt=217  accepted  reason=success  P rel.= 3.026741e-13  objective=-1.386298e+01  upper=-1.693264e+01  gap=-3.069659e+00  wall=0.000000e+00s  cpu=0.000000e+00s  provider=0  solves=0  iterations=0
  certificate  stage=STEP 5 LOCAL  major=52  attempt=218  accepted  reason=success  P rel.= 7.469887e-14  objective=-1.386298e+01  upper=-1.693264e+01  gap=-3.069659e+00  wall=0.000000e+00s  cpu=0.000000e+00s  provider=0  solves=0  iterations=0
  certificate  stage=STEP 5 LOCAL  major=52  attempt=219  accepted  reason=success  P rel.= 6.047736e-14  objective=-1.386298e+01  upper=-1.693264e+01  gap=-3.069659e+00  wall=0.000000e+00s  cpu=0.000000e+00s  provider=0  solves=0  iterations=0
  certificate  stage=STEP 5 LOCAL  major=52  attempt=220  accepted  reason=success  P rel.= 5.817893e-14  objective=-1.386298e+01  upper=-1.693264e+01  gap=-3.069659e+00  wall=0.000000e+00s  cpu=0.000000e+00s  provider=0  solves=0  iterations=0
  certificate  stage=STEP 5 LOCAL  major=52  attempt=221  accepted  reason=success  P rel.= 9.437915e-14  objective=-1.386298e+01  upper=-1.693264e+01  gap=-3.069659e+00  wall=0.000000e+00s  cpu=0.000000e+00s  provider=0  solves=0  iterations=0
  certificate  stage=STEP 5 LOCAL  major=52  attempt=222  accepted  reason=success  P rel.= 6.128181e-13  objective=-1.386298e+01  upper=-1.693264e+01  gap=-3.069659e+00  wall=0.000000e+00s  cpu=0.000000e+00s  provider=0  solves=0  iterations=0
  certificate  stage=STEP 5 LOCAL  major=52  attempt=223  accepted  reason=success  P rel.= 7.800286e-14  objective=-1.386298e+01  upper=-1.693264e+01  gap=-3.069659e+00  wall=0.000000e+00s  cpu=0.000000e+00s  provider=0  solves=0  iterations=0
  certificate  stage=STEP 5 LOCAL  major=52  attempt=224  accepted  reason=success  P rel.= 2.036981e-13  objective=-1.386298e+01  upper=-1.693264e+01  gap=-3.069659e+00  wall=0.000000e+00s  cpu=0.000000e+00s  provider=0  solves=0  iterations=0
  certificate  stage=STEP 5 LOCAL  major=52  attempt=225  accepted  reason=success  P rel.= 5.702972e-14  objective=-1.386298e+01  upper=-1.693264e+01  gap=-3.069659e+00  wall=0.000000e+00s  cpu=0.000000e+00s  provider=0  solves=0  iterations=0
  certificate  stage=STEP 5 LOCAL  major=52  attempt=226  accepted  reason=success  P rel.= 6.062101e-14  objective=-1.386298e+01  upper=-1.693264e+01  gap=-3.069659e+00  wall=0.000000e+00s  cpu=0.000000e+00s  provider=0  solves=0  iterations=0
  certificate  stage=STEP 5 LOCAL  major=52  attempt=228  accepted  reason=success  P rel.= 5.171460e-14  objective=-1.386298e+01  upper=-1.693264e+01  gap=-3.069659e+00  wall=0.000000e+00s  cpu=0.000000e+00s  provider=0  solves=0  iterations=0
  certificate  stage=STEP 5 LOCAL  major=52  attempt=229  accepted  reason=success  P rel.= 8.935135e-14  objective=-1.386298e+01  upper=-1.693264e+01  gap=-3.069659e+00  wall=0.000000e+00s  cpu=0.000000e+00s  provider=0  solves=0  iterations=0
  certificate  stage=STEP 5 LOCAL  major=52  attempt=230  accepted  reason=success  P rel.= 6.564882e-14  objective=-1.386298e+01  upper=-1.693264e+01  gap=-3.069659e+00  wall=0.000000e+00s  cpu=0.000000e+00s  provider=0  solves=0  iterations=0
  certificate  stage=STEP 5 LOCAL  major=52  attempt=231  accepted  reason=success  P rel.= 7.038932e-14  objective=-1.386298e+01  upper=-1.693264e+01  gap=-3.069659e+00  wall=0.000000e+00s  cpu=0.000000e+00s  provider=0  solves=0  iterations=0
  certificate  stage=STEP 5 LOCAL  major=52  attempt=232  accepted  reason=success  P rel.= 6.205753e-14  objective=-1.386298e+01  upper=-1.693264e+01  gap=-3.069659e+00  wall=0.000000e+00s  cpu=0.000000e+00s  provider=0  solves=0  iterations=0
  certificate  stage=STEP 5 LOCAL  major=52  attempt=233  accepted  reason=success  P rel.= 6.708533e-14  objective=-1.386298e+01  upper=-1.693264e+01  gap=-3.069659e+00  wall=0.000000e+00s  cpu=0.000000e+00s  provider=0  solves=0  iterations=0
  certificate  stage=STEP 5 LOCAL  major=52  attempt=235  accepted  reason=success  P rel.= 8.834578e-14  objective=-1.386298e+01  upper=-1.693264e+01  gap=-3.069659e+00  wall=0.000000e+00s  cpu=0.000000e+00s  provider=0  solves=0  iterations=0
  certificate  stage=STEP 5 LOCAL  major=52  attempt=236  accepted  reason=success  P rel.= 6.449960e-14  objective=-1.386298e+01  upper=-1.693264e+01  gap=-3.069659e+00  wall=0.000000e+00s  cpu=0.000000e+00s  provider=0  solves=0  iterations=0
  certificate  stage=STEP 5 LOCAL  major=52  attempt=237  accepted  reason=success  P rel.= 6.234483e-14  objective=-1.386298e+01  upper=-1.693264e+01  gap=-3.069659e+00  wall=0.000000e+00s  cpu=0.000000e+00s  provider=0  solves=0  iterations=0
  certificate  stage=STEP 5 LOCAL  major=52  attempt=238  accepted  reason=success  P rel.= 6.231610e-13  objective=-1.386298e+01  upper=-1.693264e+01  gap=-3.069659e+00  wall=0.000000e+00s  cpu=0.000000e+00s  provider=0  solves=0  iterations=0
  certificate  stage=STEP 5 LOCAL  major=52  attempt=239  accepted  reason=success  P rel.= 6.033371e-14  objective=-1.386298e+01  upper=-1.693264e+01  gap=-3.069659e+00  wall=0.000000e+00s  cpu=0.000000e+00s  provider=0  solves=0  iterations=0
  certificate  stage=STEP 5 LOCAL  major=52  attempt=240  accepted  reason=success  P rel.=-3.172982e-09  objective=-1.693264e+01  upper=-1.693264e+01  gap= 3.555627e-10  wall=0.000000e+00s  cpu=0.000000e+00s  provider=0  solves=0  iterations=0
  certificate  stage=STEP 5  complete  reason=step5_complete  wall=5.408874e-01s  cpu=5.408480e-01s  provider=522  solves=30  iterations=474

STEP 6
  certificate  stage=STEP 6  complete  reason=candidate_set  wall=2.047000e-05s  cpu=2.000000e-05s  provider=0  solves=0  iterations=0

STEP 8
  certificate  stage=STEP 8  complete  reason=step8_complete  wall=6.202415e-02s  cpu=6.202000e-02s  provider=126  solves=1  iterations=14

STEP 9
  certificate  stage=STEP 9  failed  objective=-1.693267e+01  upper=-1.693264e+01  gap= 3.073347e-05  wall=0.000000e+00s  cpu=0.000000e+00s  provider=0  solves=0  iterations=0
  certificate  stage=STEP 9  complete  reason=paper_potential_convergence_failed  wall=2.359177e-03s  cpu=2.359000e-03s  provider=3  solves=0  iterations=0

STEP 7
  certificate  stage=STEP 7  complete  reason=continue_stage_ii  wall=1.200000e-06s  cpu=1.000000e-06s  provider=0  solves=0  iterations=0

STEP 4
  STAGE II STEP 4  major=53  upper=-1.693264e+01  LP_primal= 0.000000e+00  LP_dual= 6.938894e-18  active_cuts=58  certified
  certificate  stage=STEP 4  complete  reason=step4_complete  wall=4.432170e-04s  cpu=4.440000e-04s  provider=0  solves=1  iterations=1

STEP 5
  certificate  stage=STEP 5 LOCAL  major=53  attempt=241  accepted  reason=success  P rel.= 6.306309e-14  objective=-1.386298e+01  upper=-1.693264e+01  gap=-3.069659e+00  wall=0.000000e+00s  cpu=0.000000e+00s  provider=0  solves=0  iterations=0
  certificate  stage=STEP 5 LOCAL  major=53  attempt=242  accepted  reason=success  P rel.= 2.752366e-13  objective=-1.386298e+01  upper=-1.693264e+01  gap=-3.069659e+00  wall=0.000000e+00s  cpu=0.000000e+00s  provider=0  solves=0  iterations=0
  certificate  stage=STEP 5 LOCAL  major=53  attempt=243  accepted  reason=success  P rel.=-3.162566e-09  objective=-1.693264e+01  upper=-1.693264e+01  gap=-1.065814e-14  wall=0.000000e+00s  cpu=0.000000e+00s  provider=0  solves=0  iterations=0
  certificate  stage=STEP 5  complete  reason=step5_complete  wall=6.271159e-02s  cpu=6.271300e-02s  provider=62  solves=3  iterations=53

STEP 6
  certificate  stage=STEP 6  complete  reason=candidate_set  wall=2.085000e-05s  cpu=2.100000e-05s  provider=0  solves=0  iterations=0

STEP 8
  certificate  stage=STEP 8  complete  reason=step8_complete  wall=5.862431e-02s  cpu=5.862600e-02s  provider=126  solves=1  iterations=14

STEP 9
  certificate  stage=STEP 9  failed  objective=-1.693267e+01  upper=-1.693264e+01  gap= 3.073330e-05  wall=0.000000e+00s  cpu=0.000000e+00s  provider=0  solves=0  iterations=0
  certificate  stage=STEP 9  complete  reason=paper_potential_convergence_failed  wall=2.342978e-03s  cpu=2.343000e-03s  provider=3  solves=0  iterations=0

STEP 7
  certificate  stage=STEP 7  complete  reason=continue_stage_ii  wall=1.090000e-06s  cpu=1.000000e-06s  provider=0  solves=0  iterations=0

STEP 4
  STAGE II STEP 4  major=54  upper=-1.693264e+01  LP_primal= 1.065814e-14  LP_dual= 5.551115e-17  active_cuts=59  certified
  certificate  stage=STEP 4  complete  reason=step4_complete  wall=4.364380e-04s  cpu=4.360000e-04s  provider=0  solves=1  iterations=1

STEP 5
  certificate  stage=STEP 5 LOCAL  major=54  attempt=244  accepted  reason=success  P rel.= 3.770857e-13  objective=-1.386298e+01  upper=-1.693264e+01  gap=-3.069659e+00  wall=0.000000e+00s  cpu=0.000000e+00s  provider=0  solves=0  iterations=0
  certificate  stage=STEP 5 LOCAL  major=54  attempt=245  accepted  reason=success  P rel.= 7.714095e-14  objective=-1.386298e+01  upper=-1.693264e+01  gap=-3.069659e+00  wall=0.000000e+00s  cpu=0.000000e+00s  provider=0  solves=0  iterations=0
  certificate  stage=STEP 5 LOCAL  major=54  attempt=246  accepted  reason=success  P rel.= 7.326236e-14  objective=-1.386298e+01  upper=-1.693264e+01  gap=-3.069659e+00  wall=0.000000e+00s  cpu=0.000000e+00s  provider=0  solves=0  iterations=0
  certificate  stage=STEP 5 LOCAL  major=54  attempt=247  accepted  reason=success  P rel.= 7.369331e-14  objective=-1.386298e+01  upper=-1.693264e+01  gap=-3.069659e+00  wall=0.000000e+00s  cpu=0.000000e+00s  provider=0  solves=0  iterations=0
  certificate  stage=STEP 5 LOCAL  major=54  attempt=248  accepted  reason=success  P rel.=-3.148678e-09  objective=-1.693264e+01  upper=-1.693264e+01  gap= 7.105427e-15  wall=0.000000e+00s  cpu=0.000000e+00s  provider=0  solves=0  iterations=0
  certificate  stage=STEP 5  complete  reason=step5_complete  wall=1.015885e-01s  cpu=1.015660e-01s  provider=98  solves=5  iterations=85

STEP 6
  certificate  stage=STEP 6  complete  reason=candidate_set  wall=1.993000e-05s  cpu=2.000000e-05s  provider=0  solves=0  iterations=0

STEP 8
  certificate  stage=STEP 8  complete  reason=step8_complete  wall=5.871803e-02s  cpu=5.870900e-02s  provider=126  solves=1  iterations=14

STEP 9
  certificate  stage=STEP 9  failed  objective=-1.693267e+01  upper=-1.693264e+01  gap= 3.073330e-05  wall=0.000000e+00s  cpu=0.000000e+00s  provider=0  solves=0  iterations=0
  certificate  stage=STEP 9  complete  reason=paper_potential_convergence_failed  wall=2.338447e-03s  cpu=2.338000e-03s  provider=3  solves=0  iterations=0

STEP 7
  certificate  stage=STEP 7  complete  reason=continue_stage_ii  wall=1.080000e-06s  cpu=1.000000e-06s  provider=0  solves=0  iterations=0

STEP 4
  STAGE II STEP 4  major=55  upper=-1.693264e+01  LP_primal= 1.065814e-14  LP_dual= 5.551115e-17  active_cuts=60  certified
  certificate  stage=STEP 4  complete  reason=step4_complete  wall=4.341070e-04s  cpu=4.340000e-04s  provider=0  solves=1  iterations=1

STEP 5
  certificate  stage=STEP 5 LOCAL  major=55  attempt=249  accepted  reason=success  P rel.= 5.918449e-14  objective=-1.386298e+01  upper=-1.693264e+01  gap=-3.069659e+00  wall=0.000000e+00s  cpu=0.000000e+00s  provider=0  solves=0  iterations=0
  certificate  stage=STEP 5 LOCAL  major=55  attempt=250  accepted  reason=success  P rel.= 4.740505e-14  objective=-1.386298e+01  upper=-1.693264e+01  gap=-3.069659e+00  wall=0.000000e+00s  cpu=0.000000e+00s  provider=0  solves=0  iterations=0
  certificate  stage=STEP 5 LOCAL  major=55  attempt=251  accepted  reason=success  P rel.= 6.765994e-14  objective=-1.386298e+01  upper=-1.693264e+01  gap=-3.069659e+00  wall=0.000000e+00s  cpu=0.000000e+00s  provider=0  solves=0  iterations=0
  certificate  stage=STEP 5 LOCAL  major=55  attempt=253  accepted  reason=success  P rel.= 8.020073e-13  objective=-1.386298e+01  upper=-1.693264e+01  gap=-3.069659e+00  wall=0.000000e+00s  cpu=0.000000e+00s  provider=0  solves=0  iterations=0
  certificate  stage=STEP 5 LOCAL  major=55  attempt=254  accepted  reason=success  P rel.=-3.196485e-09  objective=-1.693264e+01  upper=-1.693264e+01  gap= 3.552714e-15  wall=0.000000e+00s  cpu=0.000000e+00s  provider=0  solves=0  iterations=0
  certificate  stage=STEP 5  complete  reason=step5_complete  wall=9.388651e-02s  cpu=9.387600e-02s  provider=90  solves=6  iterations=83

STEP 6
  certificate  stage=STEP 6  complete  reason=candidate_set  wall=2.222000e-05s  cpu=2.200000e-05s  provider=0  solves=0  iterations=0

STEP 8
  certificate  stage=STEP 8  complete  reason=step8_complete  wall=5.941493e-02s  cpu=5.940700e-02s  provider=126  solves=1  iterations=14

STEP 9
  certificate  stage=STEP 9  failed  objective=-1.693267e+01  upper=-1.693264e+01  gap= 3.073330e-05  wall=0.000000e+00s  cpu=0.000000e+00s  provider=0  solves=0  iterations=0
  certificate  stage=STEP 9  complete  reason=paper_potential_convergence_failed  wall=2.375377e-03s  cpu=2.375000e-03s  provider=3  solves=0  iterations=0

STEP 7
  certificate  stage=STEP 7  complete  reason=continue_stage_ii  wall=1.160000e-06s  cpu=1.000000e-06s  provider=0  solves=0  iterations=0

STEP 4
  STAGE II STEP 4  major=56  upper=-1.693264e+01  LP_primal= 1.065814e-14  LP_dual= 5.551115e-17  active_cuts=61  certified
  certificate  stage=STEP 4  complete  reason=step4_complete  wall=4.061370e-04s  cpu=4.070000e-04s  provider=0  solves=1  iterations=1

STEP 5
  certificate  stage=STEP 5 LOCAL  major=56  attempt=255  accepted  reason=success  P rel.=-3.165860e-09  objective=-1.693264e+01  upper=-1.693264e+01  gap= 7.105427e-15  wall=0.000000e+00s  cpu=0.000000e+00s  provider=0  solves=0  iterations=0
  certificate  stage=STEP 5  complete  reason=step5_complete  wall=2.539167e-02s  cpu=2.539200e-02s  provider=25  solves=1  iterations=19

STEP 6
  certificate  stage=STEP 6  complete  reason=candidate_set  wall=2.644000e-05s  cpu=2.600000e-05s  provider=0  solves=0  iterations=0

STEP 8
  certificate  stage=STEP 8  complete  reason=step8_complete  wall=5.933175e-02s  cpu=5.933300e-02s  provider=126  solves=1  iterations=14

STEP 9
  certificate  stage=STEP 9  failed  objective=-1.693267e+01  upper=-1.693264e+01  gap= 3.073330e-05  wall=0.000000e+00s  cpu=0.000000e+00s  provider=0  solves=0  iterations=0
  certificate  stage=STEP 9  complete  reason=paper_potential_convergence_failed  wall=2.402617e-03s  cpu=2.403000e-03s  provider=3  solves=0  iterations=0

STEP 7
  certificate  stage=STEP 7  complete  reason=continue_stage_ii  wall=1.580000e-06s  cpu=1.000000e-06s  provider=0  solves=0  iterations=0

STEP 4
  STAGE II STEP 4  major=57  upper=-1.693264e+01  LP_primal= 1.065814e-14  LP_dual= 5.551115e-17  active_cuts=62  certified
  certificate  stage=STEP 4  complete  reason=step4_complete  wall=3.990680e-04s  cpu=4.000000e-04s  provider=0  solves=1  iterations=1

STEP 5
  certificate  stage=STEP 5 LOCAL  major=57  attempt=258  accepted  reason=success  P rel.= 6.435595e-14  objective=-1.386298e+01  upper=-1.693264e+01  gap=-3.069659e+00  wall=0.000000e+00s  cpu=0.000000e+00s  provider=0  solves=0  iterations=0
  certificate  stage=STEP 5 LOCAL  major=57  attempt=259  accepted  reason=success  P rel.= 5.875354e-14  objective=-1.386298e+01  upper=-1.693264e+01  gap=-3.069659e+00  wall=0.000000e+00s  cpu=0.000000e+00s  provider=0  solves=0  iterations=0
  certificate  stage=STEP 5 LOCAL  major=57  attempt=260  accepted  reason=success  P rel.=-3.975468e-09  objective=-1.693264e+01  upper=-1.693264e+01  gap= 3.552714e-15  wall=0.000000e+00s  cpu=0.000000e+00s  provider=0  solves=0  iterations=0
  certificate  stage=STEP 5  complete  reason=step5_complete  wall=6.525715e-02s  cpu=6.525900e-02s  provider=63  solves=5  iterations=54

STEP 6
  certificate  stage=STEP 6  complete  reason=candidate_set  wall=2.078000e-05s  cpu=2.100000e-05s  provider=0  solves=0  iterations=0

STEP 8
  certificate  stage=STEP 8  complete  reason=step8_complete  wall=5.866640e-02s  cpu=5.866700e-02s  provider=126  solves=1  iterations=14

STEP 9
  certificate  stage=STEP 9  failed  objective=-1.693267e+01  upper=-1.693264e+01  gap= 3.073330e-05  wall=0.000000e+00s  cpu=0.000000e+00s  provider=0  solves=0  iterations=0
  certificate  stage=STEP 9  complete  reason=paper_potential_convergence_failed  wall=2.364667e-03s  cpu=2.365000e-03s  provider=3  solves=0  iterations=0

STEP 7
  certificate  stage=STEP 7  complete  reason=continue_stage_ii  wall=1.080000e-06s  cpu=1.000000e-06s  provider=0  solves=0  iterations=0

STEP 4
  STAGE II STEP 4  major=58  upper=-1.693264e+01  LP_primal= 7.105427e-15  LP_dual= 5.551115e-17  active_cuts=63  certified
  certificate  stage=STEP 4  complete  reason=step4_complete  wall=3.812580e-04s  cpu=3.820000e-04s  provider=0  solves=1  iterations=1

STEP 5
  certificate  stage=STEP 5 LOCAL  major=58  attempt=261  accepted  reason=success  P rel.=-1.049861e-07  objective=-1.693277e+01  upper=-1.693264e+01  gap= 1.323774e-04  wall=0.000000e+00s  cpu=0.000000e+00s  provider=0  solves=0  iterations=0
  certificate  stage=STEP 5  complete  reason=step5_complete  wall=2.223594e-02s  cpu=2.223600e-02s  provider=21  solves=1  iterations=20

STEP 6
  certificate  stage=STEP 6  complete  reason=candidate_set  wall=1.940000e-05s  cpu=2.000000e-05s  provider=0  solves=0  iterations=0

STEP 8
  certificate  stage=STEP 8  complete  reason=step8_complete  wall=7.545171e-02s  cpu=7.545300e-02s  provider=160  solves=2  iterations=16

STEP 9
  certificate  stage=STEP 9  failed  objective=-1.693271e+01  upper=-1.693264e+01  gap= 6.699013e-05  wall=0.000000e+00s  cpu=0.000000e+00s  provider=0  solves=0  iterations=0
  certificate  stage=STEP 9  complete  reason=paper_potential_convergence_failed  wall=1.598431e-03s  cpu=1.599000e-03s  provider=2  solves=0  iterations=0

STEP 7
  certificate  stage=STEP 7  complete  reason=continue_stage_ii  wall=9.700000e-07s  cpu=1.000000e-06s  provider=0  solves=0  iterations=0

STEP 4
  STAGE II STEP 4  major=59  upper=-1.693271e+01  LP_primal= 3.552714e-15  LP_dual= 1.387779e-17  active_cuts=64  certified
  certificate  stage=STEP 4  complete  reason=step4_complete  wall=3.765680e-04s  cpu=3.770000e-04s  provider=0  solves=1  iterations=1

STEP 5
  certificate  stage=STEP 5 LOCAL  major=59  attempt=262  accepted  reason=success  P rel.= 4.194629e-13  objective=-1.386350e+01  upper=-1.693271e+01  gap=-3.069204e+00  wall=0.000000e+00s  cpu=0.000000e+00s  provider=0  solves=0  iterations=0
  certificate  stage=STEP 5 LOCAL  major=59  attempt=263  accepted  reason=success  P rel.= 8.475449e-14  objective=-1.386350e+01  upper=-1.693271e+01  gap=-3.069204e+00  wall=0.000000e+00s  cpu=0.000000e+00s  provider=0  solves=0  iterations=0
  certificate  stage=STEP 5 LOCAL  major=59  attempt=264  accepted  reason=success  P rel.= 4.510663e-14  objective=-1.386350e+01  upper=-1.693271e+01  gap=-3.069204e+00  wall=0.000000e+00s  cpu=0.000000e+00s  provider=0  solves=0  iterations=0
  certificate  stage=STEP 5 LOCAL  major=59  attempt=265  accepted  reason=success  P rel.= 6.291944e-14  objective=-1.386350e+01  upper=-1.693271e+01  gap=-3.069204e+00  wall=0.000000e+00s  cpu=0.000000e+00s  provider=0  solves=0  iterations=0
  certificate  stage=STEP 5 LOCAL  major=59  attempt=266  accepted  reason=success  P rel.= 6.392500e-14  objective=-1.386350e+01  upper=-1.693271e+01  gap=-3.069204e+00  wall=0.000000e+00s  cpu=0.000000e+00s  provider=0  solves=0  iterations=0
  certificate  stage=STEP 5 LOCAL  major=59  attempt=267  accepted  reason=success  P rel.= 5.243286e-14  objective=-1.386350e+01  upper=-1.693271e+01  gap=-3.069204e+00  wall=0.000000e+00s  cpu=0.000000e+00s  provider=0  solves=0  iterations=0
  certificate  stage=STEP 5 LOCAL  major=59  attempt=268  accepted  reason=success  P rel.= 6.665438e-14  objective=-1.386350e+01  upper=-1.693271e+01  gap=-3.069204e+00  wall=0.000000e+00s  cpu=0.000000e+00s  provider=0  solves=0  iterations=0
  certificate  stage=STEP 5 LOCAL  major=59  attempt=269  accepted  reason=success  P rel.= 7.570444e-14  objective=-1.386350e+01  upper=-1.693271e+01  gap=-3.069204e+00  wall=0.000000e+00s  cpu=0.000000e+00s  provider=0  solves=0  iterations=0
  certificate  stage=STEP 5 LOCAL  major=59  attempt=270  accepted  reason=success  P rel.=-3.153308e-09  objective=-1.693271e+01  upper=-1.693271e+01  gap= 3.575583e-06  wall=0.000000e+00s  cpu=0.000000e+00s  provider=0  solves=0  iterations=0
  certificate  stage=STEP 5  complete  reason=step5_complete  wall=1.720761e-01s  cpu=1.720690e-01s  provider=164  solves=9  iterations=151

STEP 6
  certificate  stage=STEP 6  complete  reason=candidate_set  wall=2.209000e-05s  cpu=2.200000e-05s  provider=0  solves=0  iterations=0

STEP 8
  certificate  stage=STEP 8  complete  reason=step8_complete  wall=8.594646e-02s  cpu=8.594900e-02s  provider=210  solves=2  iterations=24

STEP 9
  certificate  stage=STEP 9  passed  objective=-1.693271e+01  upper=-1.693271e+01  gap= 3.286829e-06  wall=0.000000e+00s  cpu=0.000000e+00s  provider=0  solves=0  iterations=0
  certificate  stage=STEP 9  complete  reason=step9_complete  wall=1.607281e-03s  cpu=1.608000e-03s  provider=2  solves=0  iterations=0

STEP 10
  certificate  stage=STEP 10  passed  wall=0.000000e+00s  cpu=0.000000e+00s  provider=0  solves=0  iterations=0
  certificate  stage=STEP 10  complete  reason=trace_refinement_not_required  wall=3.060143e-03s  cpu=3.060000e-03s  provider=4  solves=0  iterations=0
