HELD2.0  case=installed-held2-paper-rewrite  T=2.981500e+02 K  P=1.013000e+05 Pa

STEP 1
  certificate  stage=STEP 1  complete  reason=step1_complete  wall=2.376000e-05s  cpu=2.300000e-05s  provider=1  solves=0  iterations=0

STEP 2

REFERENCE PRESSURE ROOTS
  root   0  V= 3.004210e-05  P rel.=-4.022296e-09  G/RT=-4.072529e+01  strict_stable
  root   1  V= 6.292084e-04  P rel.=-2.882756e-09  G/RT=-3.633609e+01  unstable
  root   2  V= 2.145026e-02  P rel.= 1.230033e-10  G/RT=-3.752347e+01  strict_stable
  selected root 0  status=selected
  eval     1  TPD=-1.531550e-01  P rel.= 2.232178e-09  V= 4.684854e-05  certified
  certificate  stage=STEP 2  complete  reason=negative_tpd_witness  wall=3.960458e-01s  cpu=3.960070e-01s  provider=547  solves=1  iterations=1

STEP 3
  certificate  stage=STEP 3  complete  reason=step3_complete  wall=7.851139e-01s  cpu=7.850590e-01s  provider=4  solves=0  iterations=0

STEP 4
  STAGE II STEP 4  major=0  upper=-4.076090e+01  LP_primal= 0.000000e+00  LP_dual= 6.938894e-18  active_cuts=5  certified
  certificate  stage=STEP 4  complete  reason=step4_complete  wall=3.734980e-04s  cpu=3.740000e-04s  provider=0  solves=1  iterations=1

STEP 5
  certificate  stage=STEP 5 LOCAL  major=0  attempt=0  accepted  reason=success  P rel.=-1.017226e-03  objective=-4.140912e+01  upper=-4.076090e+01  gap= 6.482201e-01  wall=0.000000e+00s  cpu=0.000000e+00s  provider=0  solves=0  iterations=0
  certificate  stage=STEP 5  complete  reason=step5_complete  wall=2.687678e-02s  cpu=2.687700e-02s  provider=154  solves=1  iterations=23

STEP 6
  certificate  stage=STEP 6  complete  reason=insufficient_candidates  wall=1.890000e-06s  cpu=2.000000e-06s  provider=0  solves=0  iterations=0

STEP 7
  certificate  stage=STEP 7  complete  reason=continue_stage_ii  wall=9.100000e-07s  cpu=1.000000e-06s  provider=0  solves=0  iterations=0

STEP 4
  STAGE II STEP 4  major=1  upper=-4.082460e+01  LP_primal= 2.131628e-14  LP_dual= 2.775558e-17  active_cuts=6  certified
  certificate  stage=STEP 4  complete  reason=step4_complete  wall=1.812390e-04s  cpu=1.820000e-04s  provider=0  solves=1  iterations=1

STEP 5
  certificate  stage=STEP 5 LOCAL  major=1  attempt=1  accepted  reason=success  P rel.=-9.632292e-08  objective=-4.127181e+01  upper=-4.082460e+01  gap= 4.472111e-01  wall=0.000000e+00s  cpu=0.000000e+00s  provider=0  solves=0  iterations=0
  certificate  stage=STEP 5  complete  reason=step5_complete  wall=2.574112e-02s  cpu=2.574100e-02s  provider=25  solves=1  iterations=24

STEP 6
  certificate  stage=STEP 6  complete  reason=insufficient_candidates  wall=1.550000e-06s  cpu=2.000000e-06s  provider=0  solves=0  iterations=0

STEP 7
  certificate  stage=STEP 7  complete  reason=continue_stage_ii  wall=9.400000e-07s  cpu=0.000000e+00s  provider=0  solves=0  iterations=0

STEP 4
  STAGE II STEP 4  major=2  upper=-4.099504e+01  LP_primal= 0.000000e+00  LP_dual= 0.000000e+00  active_cuts=7  certified
  certificate  stage=STEP 4  complete  reason=step4_complete  wall=2.754180e-04s  cpu=2.760000e-04s  provider=0  solves=1  iterations=1

STEP 5
  certificate  stage=STEP 5 LOCAL  major=2  attempt=2  accepted  reason=success  P rel.= 5.573685e-14  objective=-3.817376e+01  upper=-4.099504e+01  gap=-2.821289e+00  wall=0.000000e+00s  cpu=0.000000e+00s  provider=0  solves=0  iterations=0
  certificate  stage=STEP 5 LOCAL  major=2  attempt=3  accepted  reason=success  P rel.= 4.381376e-14  objective=-3.817376e+01  upper=-4.099504e+01  gap=-2.821289e+00  wall=0.000000e+00s  cpu=0.000000e+00s  provider=0  solves=0  iterations=0
  certificate  stage=STEP 5 LOCAL  major=2  attempt=4  accepted  reason=success  P rel.=-1.787016e-09  objective=-4.123935e+01  upper=-4.099504e+01  gap= 2.443012e-01  wall=0.000000e+00s  cpu=0.000000e+00s  provider=0  solves=0  iterations=0
  certificate  stage=STEP 5  complete  reason=step5_complete  wall=7.568380e-02s  cpu=7.567100e-02s  provider=74  solves=3  iterations=69

STEP 6
  certificate  stage=STEP 6  complete  reason=insufficient_candidates  wall=2.660000e-06s  cpu=2.000000e-06s  provider=0  solves=0  iterations=0

STEP 7
  certificate  stage=STEP 7  complete  reason=continue_stage_ii  wall=9.600000e-07s  cpu=1.000000e-06s  provider=0  solves=0  iterations=0

STEP 4
  STAGE II STEP 4  major=3  upper=-4.107381e+01  LP_primal= 1.421085e-14  LP_dual= 4.857226e-17  active_cuts=8  certified
  certificate  stage=STEP 4  complete  reason=step4_complete  wall=2.817080e-04s  cpu=2.820000e-04s  provider=0  solves=1  iterations=1

STEP 5
  certificate  stage=STEP 5 LOCAL  major=3  attempt=5  accepted  reason=success  P rel.= 4.338281e-14  objective=-3.822868e+01  upper=-4.107381e+01  gap=-2.845134e+00  wall=0.000000e+00s  cpu=0.000000e+00s  provider=0  solves=0  iterations=0
  certificate  stage=STEP 5 LOCAL  major=3  attempt=6  accepted  reason=success  P rel.=-1.242841e-09  objective=-4.114652e+01  upper=-4.107381e+01  gap= 7.270983e-02  wall=0.000000e+00s  cpu=0.000000e+00s  provider=0  solves=0  iterations=0
  certificate  stage=STEP 5  complete  reason=step5_complete  wall=4.626007e-02s  cpu=4.625400e-02s  provider=46  solves=2  iterations=42

STEP 6
  certificate  stage=STEP 6  complete  reason=insufficient_candidates  wall=1.810000e-06s  cpu=1.000000e-06s  provider=0  solves=0  iterations=0

STEP 7
  certificate  stage=STEP 7  complete  reason=continue_stage_ii  wall=9.900000e-07s  cpu=1.000000e-06s  provider=0  solves=0  iterations=0

STEP 4
  STAGE II STEP 4  major=4  upper=-4.107433e+01  LP_primal= 0.000000e+00  LP_dual= 5.551115e-17  active_cuts=9  certified
  certificate  stage=STEP 4  complete  reason=step4_complete  wall=2.382980e-04s  cpu=2.390000e-04s  provider=0  solves=1  iterations=1

STEP 5
  certificate  stage=STEP 5 LOCAL  major=4  attempt=7  accepted  reason=success  P rel.=-1.487575e-09  objective=-4.109125e+01  upper=-4.107433e+01  gap= 1.691471e-02  wall=0.000000e+00s  cpu=0.000000e+00s  provider=0  solves=0  iterations=0
  certificate  stage=STEP 5  complete  reason=step5_complete  wall=2.120012e-02s  cpu=2.120000e-02s  provider=21  solves=1  iterations=19

STEP 6
  certificate  stage=STEP 6  complete  reason=insufficient_candidates  wall=2.360000e-06s  cpu=2.000000e-06s  provider=0  solves=0  iterations=0

STEP 7
  certificate  stage=STEP 7  complete  reason=continue_stage_ii  wall=9.100000e-07s  cpu=1.000000e-06s  provider=0  solves=0  iterations=0

STEP 4
  STAGE II STEP 4  major=5  upper=-4.107457e+01  LP_primal= 0.000000e+00  LP_dual= 8.326673e-17  active_cuts=10  certified
  certificate  stage=STEP 4  complete  reason=step4_complete  wall=2.340990e-04s  cpu=2.340000e-04s  provider=0  solves=1  iterations=1

STEP 5
  certificate  stage=STEP 5 LOCAL  major=5  attempt=8  accepted  reason=success  P rel.= 5.027809e-14  objective=-3.822948e+01  upper=-4.107457e+01  gap=-2.845089e+00  wall=0.000000e+00s  cpu=0.000000e+00s  provider=0  solves=0  iterations=0
  certificate  stage=STEP 5 LOCAL  major=5  attempt=9  accepted  reason=success  P rel.= 2.357324e-13  objective=-3.822948e+01  upper=-4.107457e+01  gap=-2.845089e+00  wall=0.000000e+00s  cpu=0.000000e+00s  provider=0  solves=0  iterations=0
  certificate  stage=STEP 5 LOCAL  major=5  attempt=10  accepted  reason=success  P rel.= 6.722899e-14  objective=-3.822948e+01  upper=-4.107457e+01  gap=-2.845089e+00  wall=0.000000e+00s  cpu=0.000000e+00s  provider=0  solves=0  iterations=0
  certificate  stage=STEP 5 LOCAL  major=5  attempt=11  accepted  reason=success  P rel.= 5.595233e-13  objective=-3.822948e+01  upper=-4.107457e+01  gap=-2.845089e+00  wall=0.000000e+00s  cpu=0.000000e+00s  provider=0  solves=0  iterations=0
  certificate  stage=STEP 5 LOCAL  major=5  attempt=12  accepted  reason=success  P rel.= 4.252090e-14  objective=-3.822948e+01  upper=-4.107457e+01  gap=-2.845089e+00  wall=0.000000e+00s  cpu=0.000000e+00s  provider=0  solves=0  iterations=0
  certificate  stage=STEP 5 LOCAL  major=5  attempt=13  accepted  reason=success  P rel.=-1.624855e-09  objective=-4.107891e+01  upper=-4.107457e+01  gap= 4.338216e-03  wall=0.000000e+00s  cpu=0.000000e+00s  provider=0  solves=0  iterations=0
  certificate  stage=STEP 5  complete  reason=step5_complete  wall=1.463226e-01s  cpu=1.463170e-01s  provider=147  solves=6  iterations=136

STEP 6
  certificate  stage=STEP 6  complete  reason=candidate_set  wall=3.440000e-06s  cpu=3.000000e-06s  provider=0  solves=0  iterations=0

STEP 8
  certificate  stage=STEP 8  complete  reason=problem_67_infeasible  wall=1.370400e-04s  cpu=1.370000e-04s  provider=3  solves=1  iterations=0

STEP 7
  certificate  stage=STEP 7  complete  reason=continue_stage_ii  wall=9.700000e-07s  cpu=1.000000e-06s  provider=0  solves=0  iterations=0

STEP 4
  STAGE II STEP 4  major=6  upper=-4.107470e+01  LP_primal= 0.000000e+00  LP_dual= 2.775558e-17  active_cuts=11  certified
  certificate  stage=STEP 4  complete  reason=step4_complete  wall=2.579690e-04s  cpu=2.580000e-04s  provider=0  solves=1  iterations=1

STEP 5
  certificate  stage=STEP 5 LOCAL  major=6  attempt=14  accepted  reason=success  P rel.= 4.496298e-14  objective=-3.823026e+01  upper=-4.107470e+01  gap=-2.844435e+00  wall=0.000000e+00s  cpu=0.000000e+00s  provider=0  solves=0  iterations=0
  certificate  stage=STEP 5 LOCAL  major=6  attempt=15  accepted  reason=success  P rel.= 3.835500e-14  objective=-3.823026e+01  upper=-4.107470e+01  gap=-2.844435e+00  wall=0.000000e+00s  cpu=0.000000e+00s  provider=0  solves=0  iterations=0
  certificate  stage=STEP 5 LOCAL  major=6  attempt=16  accepted  reason=success  P rel.=-1.743750e-09  objective=-4.107606e+01  upper=-4.107470e+01  gap= 1.357451e-03  wall=0.000000e+00s  cpu=0.000000e+00s  provider=0  solves=0  iterations=0
  certificate  stage=STEP 5  complete  reason=step5_complete  wall=6.923793e-02s  cpu=6.917400e-02s  provider=70  solves=3  iterations=60

STEP 6
  certificate  stage=STEP 6  complete  reason=candidate_set  wall=3.850000e-06s  cpu=4.000000e-06s  provider=0  solves=0  iterations=0

STEP 8
  certificate  stage=STEP 8  complete  reason=problem_67_infeasible  wall=1.423900e-04s  cpu=1.430000e-04s  provider=4  solves=1  iterations=0

STEP 7
  certificate  stage=STEP 7  complete  reason=continue_stage_ii  wall=9.700000e-07s  cpu=1.000000e-06s  provider=0  solves=0  iterations=0

STEP 4
  STAGE II STEP 4  major=7  upper=-4.107481e+01  LP_primal= 0.000000e+00  LP_dual= 8.326673e-17  active_cuts=12  certified
  certificate  stage=STEP 4  complete  reason=step4_complete  wall=2.619390e-04s  cpu=2.620000e-04s  provider=0  solves=1  iterations=1

STEP 5
  certificate  stage=STEP 5 LOCAL  major=7  attempt=17  accepted  reason=success  P rel.= 3.821135e-14  objective=-3.823183e+01  upper=-4.107481e+01  gap=-2.842973e+00  wall=0.000000e+00s  cpu=0.000000e+00s  provider=0  solves=0  iterations=0
  certificate  stage=STEP 5 LOCAL  major=7  attempt=18  accepted  reason=success  P rel.= 5.645511e-14  objective=-3.823183e+01  upper=-4.107481e+01  gap=-2.842973e+00  wall=0.000000e+00s  cpu=0.000000e+00s  provider=0  solves=0  iterations=0
  certificate  stage=STEP 5 LOCAL  major=7  attempt=19  accepted  reason=success  P rel.=-1.858060e-09  objective=-4.107582e+01  upper=-4.107481e+01  gap= 1.017852e-03  wall=0.000000e+00s  cpu=0.000000e+00s  provider=0  solves=0  iterations=0
  certificate  stage=STEP 5  complete  reason=step5_complete  wall=6.860128e-02s  cpu=6.859600e-02s  provider=69  solves=3  iterations=61

STEP 6
  certificate  stage=STEP 6  complete  reason=candidate_set  wall=3.470000e-06s  cpu=3.000000e-06s  provider=0  solves=0  iterations=0

STEP 8
  certificate  stage=STEP 8  complete  reason=problem_67_infeasible  wall=1.455190e-04s  cpu=1.460000e-04s  provider=4  solves=1  iterations=0

STEP 7
  certificate  stage=STEP 7  complete  reason=continue_stage_ii  wall=9.600000e-07s  cpu=1.000000e-06s  provider=0  solves=0  iterations=0

STEP 4
  STAGE II STEP 4  major=8  upper=-4.107497e+01  LP_primal= 7.105427e-15  LP_dual= 6.938894e-18  active_cuts=13  certified
  certificate  stage=STEP 4  complete  reason=step4_complete  wall=2.602190e-04s  cpu=2.610000e-04s  provider=0  solves=1  iterations=1

STEP 5
  certificate  stage=STEP 5 LOCAL  major=8  attempt=20  accepted  reason=success  P rel.= 2.284062e-14  objective=-3.823115e+01  upper=-4.107497e+01  gap=-2.843826e+00  wall=0.000000e+00s  cpu=0.000000e+00s  provider=0  solves=0  iterations=0
  certificate  stage=STEP 5 LOCAL  major=8  attempt=23  accepted  reason=success  P rel.= 4.237725e-14  objective=-3.823115e+01  upper=-4.107497e+01  gap=-2.843826e+00  wall=0.000000e+00s  cpu=0.000000e+00s  provider=0  solves=0  iterations=0
  certificate  stage=STEP 5 LOCAL  major=8  attempt=24  accepted  reason=success  P rel.=-1.790488e-09  objective=-4.107523e+01  upper=-4.107497e+01  gap= 2.559124e-04  wall=0.000000e+00s  cpu=0.000000e+00s  provider=0  solves=0  iterations=0
  certificate  stage=STEP 5  complete  reason=step5_complete  wall=7.525096e-02s  cpu=7.524800e-02s  provider=76  solves=5  iterations=62

STEP 6
  certificate  stage=STEP 6  complete  reason=candidate_set  wall=4.100000e-06s  cpu=4.000000e-06s  provider=0  solves=0  iterations=0

STEP 8
  certificate  stage=STEP 8  complete  reason=problem_67_infeasible  wall=1.522890e-04s  cpu=1.530000e-04s  provider=5  solves=1  iterations=0

STEP 7
  certificate  stage=STEP 7  complete  reason=continue_stage_ii  wall=9.700000e-07s  cpu=1.000000e-06s  provider=0  solves=0  iterations=0

STEP 4
  STAGE II STEP 4  major=9  upper=-4.107506e+01  LP_primal= 7.105427e-15  LP_dual= 5.551115e-17  active_cuts=14  certified
  certificate  stage=STEP 4  complete  reason=step4_complete  wall=2.651780e-04s  cpu=2.660000e-04s  provider=0  solves=1  iterations=1

STEP 5
  certificate  stage=STEP 5 LOCAL  major=9  attempt=25  accepted  reason=success  P rel.= 7.297505e-14  objective=-3.823161e+01  upper=-4.107506e+01  gap=-2.843446e+00  wall=0.000000e+00s  cpu=0.000000e+00s  provider=0  solves=0  iterations=0
  certificate  stage=STEP 5 LOCAL  major=9  attempt=26  accepted  reason=success  P rel.=-1.802151e-09  objective=-4.107512e+01  upper=-4.107506e+01  gap= 6.380334e-05  wall=0.000000e+00s  cpu=0.000000e+00s  provider=0  solves=0  iterations=0
  certificate  stage=STEP 5  complete  reason=step5_complete  wall=4.921195e-02s  cpu=4.920200e-02s  provider=48  solves=2  iterations=43

STEP 6
  certificate  stage=STEP 6  complete  reason=candidate_set  wall=4.290000e-06s  cpu=4.000000e-06s  provider=0  solves=0  iterations=0

STEP 8
  certificate  stage=STEP 8  complete  reason=problem_67_infeasible  wall=1.546990e-04s  cpu=1.560000e-04s  provider=6  solves=1  iterations=0

STEP 7
  certificate  stage=STEP 7  complete  reason=continue_stage_ii  wall=1.010000e-06s  cpu=1.000000e-06s  provider=0  solves=0  iterations=0

STEP 4
  STAGE II STEP 4  major=10  upper=-4.107506e+01  LP_primal= 0.000000e+00  LP_dual= 5.551115e-17  active_cuts=15  certified
  certificate  stage=STEP 4  complete  reason=step4_complete  wall=2.811580e-04s  cpu=2.810000e-04s  provider=0  solves=1  iterations=1

STEP 5
  certificate  stage=STEP 5 LOCAL  major=10  attempt=27  accepted  reason=success  P rel.= 4.496298e-14  objective=-3.823141e+01  upper=-4.107506e+01  gap=-2.843647e+00  wall=0.000000e+00s  cpu=0.000000e+00s  provider=0  solves=0  iterations=0
  certificate  stage=STEP 5 LOCAL  major=10  attempt=28  accepted  reason=success  P rel.= 2.772477e-14  objective=-3.823141e+01  upper=-4.107506e+01  gap=-2.843647e+00  wall=0.000000e+00s  cpu=0.000000e+00s  provider=0  solves=0  iterations=0
  certificate  stage=STEP 5 LOCAL  major=10  attempt=29  accepted  reason=success  P rel.= 8.116320e-14  objective=-3.823141e+01  upper=-4.107506e+01  gap=-2.843647e+00  wall=0.000000e+00s  cpu=0.000000e+00s  provider=0  solves=0  iterations=0
  certificate  stage=STEP 5 LOCAL  major=10  attempt=30  accepted  reason=success  P rel.= 7.699730e-14  objective=-3.823141e+01  upper=-4.107506e+01  gap=-2.843647e+00  wall=0.000000e+00s  cpu=0.000000e+00s  provider=0  solves=0  iterations=0
  certificate  stage=STEP 5 LOCAL  major=10  attempt=31  accepted  reason=success  P rel.= 6.191387e-14  objective=-3.823141e+01  upper=-4.107506e+01  gap=-2.843647e+00  wall=0.000000e+00s  cpu=0.000000e+00s  provider=0  solves=0  iterations=0
  certificate  stage=STEP 5 LOCAL  major=10  attempt=32  accepted  reason=success  P rel.= 6.148292e-14  objective=-3.823141e+01  upper=-4.107506e+01  gap=-2.843647e+00  wall=0.000000e+00s  cpu=0.000000e+00s  provider=0  solves=0  iterations=0
  certificate  stage=STEP 5 LOCAL  major=10  attempt=33  accepted  reason=success  P rel.= 6.363769e-14  objective=-3.823141e+01  upper=-4.107506e+01  gap=-2.843647e+00  wall=0.000000e+00s  cpu=0.000000e+00s  provider=0  solves=0  iterations=0
  certificate  stage=STEP 5 LOCAL  major=10  attempt=34  accepted  reason=success  P rel.= 4.496298e-14  objective=-3.823141e+01  upper=-4.107506e+01  gap=-2.843647e+00  wall=0.000000e+00s  cpu=0.000000e+00s  provider=0  solves=0  iterations=0
  certificate  stage=STEP 5 LOCAL  major=10  attempt=35  accepted  reason=success  P rel.= 5.386938e-14  objective=-3.823141e+01  upper=-4.107506e+01  gap=-2.843647e+00  wall=0.000000e+00s  cpu=0.000000e+00s  provider=0  solves=0  iterations=0
  certificate  stage=STEP 5 LOCAL  major=10  attempt=36  accepted  reason=success  P rel.=-1.788975e-09  objective=-4.107507e+01  upper=-4.107506e+01  gap= 1.597387e-05  wall=0.000000e+00s  cpu=0.000000e+00s  provider=0  solves=0  iterations=0
  certificate  stage=STEP 5  complete  reason=step5_complete  wall=2.572563e-01s  cpu=2.571900e-01s  provider=245  solves=10  iterations=234

STEP 6
  certificate  stage=STEP 6  complete  reason=candidate_set  wall=5.320000e-06s  cpu=5.000000e-06s  provider=0  solves=0  iterations=0

STEP 8
  certificate  stage=STEP 8  complete  reason=problem_67_infeasible  wall=2.069180e-04s  cpu=2.080000e-04s  provider=7  solves=1  iterations=0

STEP 7
  certificate  stage=STEP 7  complete  reason=continue_stage_ii  wall=1.140000e-06s  cpu=1.000000e-06s  provider=0  solves=0  iterations=0

STEP 4
  STAGE II STEP 4  major=11  upper=-4.107506e+01  LP_primal= 0.000000e+00  LP_dual= 1.110223e-16  active_cuts=16  certified
  certificate  stage=STEP 4  complete  reason=step4_complete  wall=3.045580e-04s  cpu=3.050000e-04s  provider=0  solves=1  iterations=1

STEP 5
  certificate  stage=STEP 5 LOCAL  major=11  attempt=37  accepted  reason=success  P rel.=-1.805979e-09  objective=-4.107506e+01  upper=-4.107506e+01  gap= 3.996767e-06  wall=0.000000e+00s  cpu=0.000000e+00s  provider=0  solves=0  iterations=0
  certificate  stage=STEP 5  complete  reason=step5_complete  wall=2.309262e-02s  cpu=2.309300e-02s  provider=24  solves=1  iterations=19

STEP 6
  certificate  stage=STEP 6  complete  reason=candidate_set  wall=6.300000e-06s  cpu=6.000000e-06s  provider=0  solves=0  iterations=0

STEP 8
  certificate  stage=STEP 8  complete  reason=problem_67_infeasible  wall=1.385690e-04s  cpu=1.390000e-04s  provider=8  solves=1  iterations=0

STEP 7
  certificate  stage=STEP 7  complete  reason=continue_stage_ii  wall=9.400000e-07s  cpu=1.000000e-06s  provider=0  solves=0  iterations=0

STEP 4
  STAGE II STEP 4  major=12  upper=-4.107506e+01  LP_primal= 0.000000e+00  LP_dual= 5.551115e-17  active_cuts=17  certified
  certificate  stage=STEP 4  complete  reason=step4_complete  wall=2.585890e-04s  cpu=2.590000e-04s  provider=0  solves=1  iterations=1

STEP 5
  certificate  stage=STEP 5 LOCAL  major=12  attempt=38  accepted  reason=success  P rel.= 5.372573e-14  objective=-3.823127e+01  upper=-4.107506e+01  gap=-2.843789e+00  wall=0.000000e+00s  cpu=0.000000e+00s  provider=0  solves=0  iterations=0
  certificate  stage=STEP 5 LOCAL  major=12  attempt=39  accepted  reason=success  P rel.= 6.449960e-14  objective=-3.823127e+01  upper=-4.107506e+01  gap=-2.843789e+00  wall=0.000000e+00s  cpu=0.000000e+00s  provider=0  solves=0  iterations=0
  certificate  stage=STEP 5 LOCAL  major=12  attempt=40  accepted  reason=success  P rel.= 8.303067e-14  objective=-3.823127e+01  upper=-4.107506e+01  gap=-2.843789e+00  wall=0.000000e+00s  cpu=0.000000e+00s  provider=0  solves=0  iterations=0
  certificate  stage=STEP 5 LOCAL  major=12  attempt=41  accepted  reason=success  P rel.= 5.530590e-14  objective=-3.823127e+01  upper=-4.107506e+01  gap=-2.843789e+00  wall=0.000000e+00s  cpu=0.000000e+00s  provider=0  solves=0  iterations=0
  certificate  stage=STEP 5 LOCAL  major=12  attempt=42  accepted  reason=success  P rel.= 2.973590e-14  objective=-3.823127e+01  upper=-4.107506e+01  gap=-2.843789e+00  wall=0.000000e+00s  cpu=0.000000e+00s  provider=0  solves=0  iterations=0
  certificate  stage=STEP 5 LOCAL  major=12  attempt=43  accepted  reason=success  P rel.=-1.786927e-09  objective=-4.107506e+01  upper=-4.107506e+01  gap= 9.999856e-07  wall=0.000000e+00s  cpu=0.000000e+00s  provider=0  solves=0  iterations=0
  certificate  stage=STEP 5  complete  reason=step5_complete  wall=1.574348e-01s  cpu=1.573960e-01s  provider=150  solves=6  iterations=139

STEP 6
  certificate  stage=STEP 6  complete  reason=candidate_set  wall=6.830000e-06s  cpu=7.000000e-06s  provider=0  solves=0  iterations=0

STEP 8
  certificate  stage=STEP 8  complete  reason=unchanged_problem_67  wall=1.760000e-06s  cpu=2.000000e-06s  provider=0  solves=0  iterations=0

STEP 7
  certificate  stage=STEP 7  complete  reason=continue_stage_ii  wall=9.000000e-07s  cpu=1.000000e-06s  provider=0  solves=0  iterations=0

STEP 4
  STAGE II STEP 4  major=13  upper=-4.107506e+01  LP_primal= 7.105427e-15  LP_dual= 8.673617e-18  active_cuts=18  certified
  certificate  stage=STEP 4  complete  reason=step4_complete  wall=3.048880e-04s  cpu=3.050000e-04s  provider=0  solves=1  iterations=1

STEP 5
  certificate  stage=STEP 5 LOCAL  major=13  attempt=44  accepted  reason=success  P rel.= 6.794724e-14  objective=-3.823125e+01  upper=-4.107506e+01  gap=-2.843812e+00  wall=0.000000e+00s  cpu=0.000000e+00s  provider=0  solves=0  iterations=0
  certificate  stage=STEP 5 LOCAL  major=13  attempt=45  accepted  reason=success  P rel.= 3.145972e-14  objective=-3.823125e+01  upper=-4.107506e+01  gap=-2.843812e+00  wall=0.000000e+00s  cpu=0.000000e+00s  provider=0  solves=0  iterations=0
  certificate  stage=STEP 5 LOCAL  major=13  attempt=47  accepted  reason=success  P rel.=-1.799124e-09  objective=-4.107506e+01  upper=-4.107506e+01  gap= 2.504751e-07  wall=0.000000e+00s  cpu=0.000000e+00s  provider=0  solves=0  iterations=0
  certificate  stage=STEP 5  complete  reason=step5_complete  wall=7.617094e-02s  cpu=7.617100e-02s  provider=76  solves=4  iterations=65

STEP 6
  certificate  stage=STEP 6  complete  reason=candidate_set  wall=5.190000e-06s  cpu=5.000000e-06s  provider=0  solves=0  iterations=0

STEP 8
  certificate  stage=STEP 8  complete  reason=unchanged_problem_67  wall=1.560000e-06s  cpu=1.000000e-06s  provider=0  solves=0  iterations=0

STEP 7
  certificate  stage=STEP 7  complete  reason=continue_stage_ii  wall=9.000000e-07s  cpu=0.000000e+00s  provider=0  solves=0  iterations=0

STEP 4
  STAGE II STEP 4  major=14  upper=-4.107506e+01  LP_primal= 0.000000e+00  LP_dual= 5.551115e-17  active_cuts=19  certified
  certificate  stage=STEP 4  complete  reason=step4_complete  wall=2.846080e-04s  cpu=2.850000e-04s  provider=0  solves=1  iterations=1

STEP 5
  certificate  stage=STEP 5 LOCAL  major=14  attempt=48  accepted  reason=success  P rel.= 4.566687e-13  objective=-3.823123e+01  upper=-4.107506e+01  gap=-2.843824e+00  wall=0.000000e+00s  cpu=0.000000e+00s  provider=0  solves=0  iterations=0
  certificate  stage=STEP 5 LOCAL  major=14  attempt=49  accepted  reason=success  P rel.= 3.720579e-14  objective=-3.823123e+01  upper=-4.107506e+01  gap=-2.843824e+00  wall=0.000000e+00s  cpu=0.000000e+00s  provider=0  solves=0  iterations=0
  certificate  stage=STEP 5 LOCAL  major=14  attempt=50  accepted  reason=success  P rel.= 2.643191e-14  objective=-3.823123e+01  upper=-4.107506e+01  gap=-2.843824e+00  wall=0.000000e+00s  cpu=0.000000e+00s  provider=0  solves=0  iterations=0
  certificate  stage=STEP 5 LOCAL  major=14  attempt=51  accepted  reason=success  P rel.= 7.110758e-14  objective=-3.823123e+01  upper=-4.107506e+01  gap=-2.843824e+00  wall=0.000000e+00s  cpu=0.000000e+00s  provider=0  solves=0  iterations=0
  certificate  stage=STEP 5 LOCAL  major=14  attempt=52  accepted  reason=success  P rel.= 5.458764e-14  objective=-3.823123e+01  upper=-4.107506e+01  gap=-2.843824e+00  wall=0.000000e+00s  cpu=0.000000e+00s  provider=0  solves=0  iterations=0
  certificate  stage=STEP 5 LOCAL  major=14  attempt=53  accepted  reason=success  P rel.= 2.973590e-14  objective=-3.823123e+01  upper=-4.107506e+01  gap=-2.843824e+00  wall=0.000000e+00s  cpu=0.000000e+00s  provider=0  solves=0  iterations=0
  certificate  stage=STEP 5 LOCAL  major=14  attempt=54  accepted  reason=success  P rel.= 3.734944e-14  objective=-3.823123e+01  upper=-4.107506e+01  gap=-2.843824e+00  wall=0.000000e+00s  cpu=0.000000e+00s  provider=0  solves=0  iterations=0
  certificate  stage=STEP 5 LOCAL  major=14  attempt=55  accepted  reason=success  P rel.= 5.871044e-13  objective=-3.823123e+01  upper=-4.107506e+01  gap=-2.843824e+00  wall=0.000000e+00s  cpu=0.000000e+00s  provider=0  solves=0  iterations=0
  certificate  stage=STEP 5 LOCAL  major=14  attempt=56  accepted  reason=success  P rel.= 3.500791e-13  objective=-3.823123e+01  upper=-4.107506e+01  gap=-2.843824e+00  wall=0.000000e+00s  cpu=0.000000e+00s  provider=0  solves=0  iterations=0
  certificate  stage=STEP 5 LOCAL  major=14  attempt=57  accepted  reason=success  P rel.= 6.493056e-14  objective=-3.823123e+01  upper=-4.107506e+01  gap=-2.843824e+00  wall=0.000000e+00s  cpu=0.000000e+00s  provider=0  solves=0  iterations=0
  certificate  stage=STEP 5 LOCAL  major=14  attempt=59  accepted  reason=success  P rel.= 6.702787e-13  objective=-3.823123e+01  upper=-4.107506e+01  gap=-2.843824e+00  wall=0.000000e+00s  cpu=0.000000e+00s  provider=0  solves=0  iterations=0
  certificate  stage=STEP 5 LOCAL  major=14  attempt=60  accepted  reason=success  P rel.= 7.125123e-14  objective=-3.823123e+01  upper=-4.107506e+01  gap=-2.843824e+00  wall=0.000000e+00s  cpu=0.000000e+00s  provider=0  solves=0  iterations=0
  certificate  stage=STEP 5 LOCAL  major=14  attempt=61  accepted  reason=success  P rel.= 7.570444e-14  objective=-3.823123e+01  upper=-4.107506e+01  gap=-2.843824e+00  wall=0.000000e+00s  cpu=0.000000e+00s  provider=0  solves=0  iterations=0
  certificate  stage=STEP 5 LOCAL  major=14  attempt=62  accepted  reason=success  P rel.=-1.786749e-09  objective=-4.107506e+01  upper=-4.107506e+01  gap= 6.306013e-08  wall=0.000000e+00s  cpu=0.000000e+00s  provider=0  solves=0  iterations=0
  certificate  stage=STEP 5  complete  reason=step5_complete  wall=3.684495e-01s  cpu=3.684130e-01s  provider=356  solves=15  iterations=324

STEP 6
  certificate  stage=STEP 6  complete  reason=candidate_set  wall=8.510000e-06s  cpu=8.000000e-06s  provider=0  solves=0  iterations=0

STEP 8
  certificate  stage=STEP 8  complete  reason=unchanged_problem_67  wall=2.220000e-06s  cpu=2.000000e-06s  provider=0  solves=0  iterations=0

STEP 7
  certificate  stage=STEP 7  complete  reason=continue_stage_ii  wall=9.100000e-07s  cpu=0.000000e+00s  provider=0  solves=0  iterations=0

STEP 4
  STAGE II STEP 4  major=15  upper=-4.107506e+01  LP_primal= 0.000000e+00  LP_dual= 8.326673e-17  active_cuts=20  certified
  certificate  stage=STEP 4  complete  reason=step4_complete  wall=3.503980e-04s  cpu=3.500000e-04s  provider=0  solves=1  iterations=1

STEP 5
  certificate  stage=STEP 5 LOCAL  major=15  attempt=63  accepted  reason=success  P rel.=-1.780696e-09  objective=-4.107506e+01  upper=-4.107506e+01  gap= 1.621063e-08  wall=0.000000e+00s  cpu=0.000000e+00s  provider=0  solves=0  iterations=0
  certificate  stage=STEP 5  complete  reason=step5_complete  wall=2.174060e-02s  cpu=2.174200e-02s  provider=21  solves=1  iterations=18

STEP 6
  certificate  stage=STEP 6  complete  reason=candidate_set  wall=7.370000e-06s  cpu=7.000000e-06s  provider=0  solves=0  iterations=0

STEP 8
  certificate  stage=STEP 8  complete  reason=unchanged_problem_67  wall=1.460000e-06s  cpu=1.000000e-06s  provider=0  solves=0  iterations=0

STEP 7
  certificate  stage=STEP 7  complete  reason=continue_stage_ii  wall=9.000000e-07s  cpu=1.000000e-06s  provider=0  solves=0  iterations=0

STEP 4
  STAGE II STEP 4  major=16  upper=-4.107506e+01  LP_primal= 7.105427e-15  LP_dual= 2.775558e-17  active_cuts=21  certified
  certificate  stage=STEP 4  complete  reason=step4_complete  wall=2.749180e-04s  cpu=2.760000e-04s  provider=0  solves=1  iterations=1

STEP 5
  certificate  stage=STEP 5 LOCAL  major=16  attempt=64  accepted  reason=success  P rel.=-3.073985e-09  objective=-4.107506e+01  upper=-4.107506e+01  gap= 4.052566e-09  wall=0.000000e+00s  cpu=0.000000e+00s  provider=0  solves=0  iterations=0
  certificate  stage=STEP 5  complete  reason=step5_complete  wall=2.115539e-02s  cpu=2.115600e-02s  provider=19  solves=1  iterations=18

STEP 6
  certificate  stage=STEP 6  complete  reason=candidate_set  wall=6.090000e-06s  cpu=6.000000e-06s  provider=0  solves=0  iterations=0

STEP 8
  certificate  stage=STEP 8  complete  reason=unchanged_problem_67  wall=1.700000e-06s  cpu=1.000000e-06s  provider=0  solves=0  iterations=0

STEP 7
  certificate  stage=STEP 7  complete  reason=continue_stage_ii  wall=9.200000e-07s  cpu=0.000000e+00s  provider=0  solves=0  iterations=0

STEP 4
  STAGE II STEP 4  major=17  upper=-4.107506e+01  LP_primal= 0.000000e+00  LP_dual= 5.551115e-17  active_cuts=22  certified
  certificate  stage=STEP 4  complete  reason=step4_complete  wall=3.145380e-04s  cpu=3.150000e-04s  provider=0  solves=1  iterations=1

STEP 5
  certificate  stage=STEP 5 LOCAL  major=17  attempt=65  accepted  reason=success  P rel.= 5.128365e-14  objective=-3.823123e+01  upper=-4.107506e+01  gap=-2.843828e+00  wall=0.000000e+00s  cpu=0.000000e+00s  provider=0  solves=0  iterations=0
  certificate  stage=STEP 5 LOCAL  major=17  attempt=66  accepted  reason=success  P rel.= 3.892961e-14  objective=-3.823123e+01  upper=-4.107506e+01  gap=-2.843828e+00  wall=0.000000e+00s  cpu=0.000000e+00s  provider=0  solves=0  iterations=0
  certificate  stage=STEP 5 LOCAL  major=17  attempt=67  accepted  reason=success  P rel.= 4.050977e-14  objective=-3.823123e+01  upper=-4.107506e+01  gap=-2.843828e+00  wall=0.000000e+00s  cpu=0.000000e+00s  provider=0  solves=0  iterations=0
  certificate  stage=STEP 5 LOCAL  major=17  attempt=68  accepted  reason=success  P rel.= 8.417988e-14  objective=-3.823123e+01  upper=-4.107506e+01  gap=-2.843828e+00  wall=0.000000e+00s  cpu=0.000000e+00s  provider=0  solves=0  iterations=0
  certificate  stage=STEP 5 LOCAL  major=17  attempt=69  accepted  reason=success  P rel.= 5.372573e-14  objective=-3.823123e+01  upper=-4.107506e+01  gap=-2.843828e+00  wall=0.000000e+00s  cpu=0.000000e+00s  provider=0  solves=0  iterations=0
  certificate  stage=STEP 5 LOCAL  major=17  attempt=70  accepted  reason=success  P rel.=-1.768855e-09  objective=-4.107506e+01  upper=-4.107506e+01  gap= 1.013149e-09  wall=0.000000e+00s  cpu=0.000000e+00s  provider=0  solves=0  iterations=0
  certificate  stage=STEP 5  complete  reason=step5_complete  wall=1.602001e-01s  cpu=1.601700e-01s  provider=149  solves=6  iterations=141

STEP 6
  certificate  stage=STEP 6  complete  reason=candidate_set  wall=9.300000e-06s  cpu=9.000000e-06s  provider=0  solves=0  iterations=0

STEP 8
  certificate  stage=STEP 8  complete  reason=unchanged_problem_67  wall=1.950000e-06s  cpu=2.000000e-06s  provider=0  solves=0  iterations=0

STEP 7
  certificate  stage=STEP 7  complete  reason=continue_stage_ii  wall=9.200000e-07s  cpu=1.000000e-06s  provider=0  solves=0  iterations=0

STEP 4
  STAGE II STEP 4  major=18  upper=-4.107506e+01  LP_primal= 0.000000e+00  LP_dual= 5.551115e-17  active_cuts=23  certified
  certificate  stage=STEP 4  complete  reason=step4_complete  wall=3.537680e-04s  cpu=3.540000e-04s  provider=0  solves=1  iterations=1

STEP 5
  certificate  stage=STEP 5 LOCAL  major=18  attempt=71  accepted  reason=success  P rel.= 6.378135e-14  objective=-3.823123e+01  upper=-4.107506e+01  gap=-2.843827e+00  wall=0.000000e+00s  cpu=0.000000e+00s  provider=0  solves=0  iterations=0
  certificate  stage=STEP 5 LOCAL  major=18  attempt=72  accepted  reason=success  P rel.= 5.056539e-14  objective=-3.823123e+01  upper=-4.107506e+01  gap=-2.843827e+00  wall=0.000000e+00s  cpu=0.000000e+00s  provider=0  solves=0  iterations=0
  certificate  stage=STEP 5 LOCAL  major=18  attempt=73  accepted  reason=success  P rel.= 2.105934e-13  objective=-3.823123e+01  upper=-4.107506e+01  gap=-2.843827e+00  wall=0.000000e+00s  cpu=0.000000e+00s  provider=0  solves=0  iterations=0
  certificate  stage=STEP 5 LOCAL  major=18  attempt=74  accepted  reason=success  P rel.= 2.613024e-13  objective=-3.823123e+01  upper=-4.107506e+01  gap=-2.843827e+00  wall=0.000000e+00s  cpu=0.000000e+00s  provider=0  solves=0  iterations=0
  certificate  stage=STEP 5 LOCAL  major=18  attempt=75  accepted  reason=success  P rel.= 6.765994e-14  objective=-3.823123e+01  upper=-4.107506e+01  gap=-2.843827e+00  wall=0.000000e+00s  cpu=0.000000e+00s  provider=0  solves=0  iterations=0
  certificate  stage=STEP 5 LOCAL  major=18  attempt=76  accepted  reason=success  P rel.= 6.873733e-13  objective=-3.823123e+01  upper=-4.107506e+01  gap=-2.843827e+00  wall=0.000000e+00s  cpu=0.000000e+00s  provider=0  solves=0  iterations=0
  certificate  stage=STEP 5 LOCAL  major=18  attempt=77  accepted  reason=success  P rel.= 2.321411e-13  objective=-3.823123e+01  upper=-4.107506e+01  gap=-2.843827e+00  wall=0.000000e+00s  cpu=0.000000e+00s  provider=0  solves=0  iterations=0
  certificate  stage=STEP 5 LOCAL  major=18  attempt=78  accepted  reason=success  P rel.= 6.607977e-14  objective=-3.823123e+01  upper=-4.107506e+01  gap=-2.843827e+00  wall=0.000000e+00s  cpu=0.000000e+00s  provider=0  solves=0  iterations=0
  certificate  stage=STEP 5 LOCAL  major=18  attempt=79  accepted  reason=success  P rel.= 8.288702e-14  objective=-3.823123e+01  upper=-4.107506e+01  gap=-2.843827e+00  wall=0.000000e+00s  cpu=0.000000e+00s  provider=0  solves=0  iterations=0
  certificate  stage=STEP 5 LOCAL  major=18  attempt=80  accepted  reason=success  P rel.= 6.220118e-14  objective=-3.823123e+01  upper=-4.107506e+01  gap=-2.843827e+00  wall=0.000000e+00s  cpu=0.000000e+00s  provider=0  solves=0  iterations=0
  certificate  stage=STEP 5 LOCAL  major=18  attempt=81  accepted  reason=success  P rel.= 1.814321e-13  objective=-3.823123e+01  upper=-4.107506e+01  gap=-2.843827e+00  wall=0.000000e+00s  cpu=0.000000e+00s  provider=0  solves=0  iterations=0
  certificate  stage=STEP 5 LOCAL  major=18  attempt=82  accepted  reason=success  P rel.= 4.568123e-14  objective=-3.823123e+01  upper=-4.107506e+01  gap=-2.843827e+00  wall=0.000000e+00s  cpu=0.000000e+00s  provider=0  solves=0  iterations=0
  certificate  stage=STEP 5 LOCAL  major=18  attempt=83  accepted  reason=success  P rel.= 2.470809e-14  objective=-3.823123e+01  upper=-4.107506e+01  gap=-2.843827e+00  wall=0.000000e+00s  cpu=0.000000e+00s  provider=0  solves=0  iterations=0
  certificate  stage=STEP 5 LOCAL  major=18  attempt=84  accepted  reason=success  P rel.= 6.148292e-14  objective=-3.823123e+01  upper=-4.107506e+01  gap=-2.843827e+00  wall=0.000000e+00s  cpu=0.000000e+00s  provider=0  solves=0  iterations=0
  certificate  stage=STEP 5 LOCAL  major=18  attempt=85  accepted  reason=success  P rel.= 2.197871e-14  objective=-3.823123e+01  upper=-4.107506e+01  gap=-2.843827e+00  wall=0.000000e+00s  cpu=0.000000e+00s  provider=0  solves=0  iterations=0
  certificate  stage=STEP 5 LOCAL  major=18  attempt=87  accepted  reason=success  P rel.= 4.208994e-14  objective=-3.823123e+01  upper=-4.107506e+01  gap=-2.843827e+00  wall=0.000000e+00s  cpu=0.000000e+00s  provider=0  solves=0  iterations=0
  certificate  stage=STEP 5 LOCAL  major=18  attempt=88  accepted  reason=success  P rel.= 5.904084e-14  objective=-3.823123e+01  upper=-4.107506e+01  gap=-2.843827e+00  wall=0.000000e+00s  cpu=0.000000e+00s  provider=0  solves=0  iterations=0
  certificate  stage=STEP 5 LOCAL  major=18  attempt=89  accepted  reason=success  P rel.=-1.780428e-09  objective=-4.107506e+01  upper=-4.107506e+01  gap= 2.532872e-10  wall=0.000000e+00s  cpu=0.000000e+00s  provider=0  solves=0  iterations=0
  certificate  stage=STEP 5  complete  reason=step5_complete  wall=4.563644e-01s  cpu=4.562640e-01s  provider=439  solves=19  iterations=411

STEP 6
  certificate  stage=STEP 6  complete  reason=candidate_set  wall=8.950000e-06s  cpu=9.000000e-06s  provider=0  solves=0  iterations=0

STEP 8
  certificate  stage=STEP 8  complete  reason=unchanged_problem_67  wall=1.840000e-06s  cpu=2.000000e-06s  provider=0  solves=0  iterations=0

STEP 7
  certificate  stage=STEP 7  complete  reason=continue_stage_ii  wall=9.200000e-07s  cpu=1.000000e-06s  provider=0  solves=0  iterations=0

STEP 4
  STAGE II STEP 4  major=19  upper=-4.107506e+01  LP_primal= 7.105427e-15  LP_dual= 6.071532e-18  active_cuts=24  certified
  certificate  stage=STEP 4  complete  reason=step4_complete  wall=3.595580e-04s  cpu=3.600000e-04s  provider=0  solves=1  iterations=1

STEP 5
  certificate  stage=STEP 5 LOCAL  major=19  attempt=90  accepted  reason=success  P rel.= 4.424472e-14  objective=-3.823123e+01  upper=-4.107506e+01  gap=-2.843828e+00  wall=0.000000e+00s  cpu=0.000000e+00s  provider=0  solves=0  iterations=0
  certificate  stage=STEP 5 LOCAL  major=19  attempt=91  accepted  reason=success  P rel.= 6.291944e-14  objective=-3.823123e+01  upper=-4.107506e+01  gap=-2.843828e+00  wall=0.000000e+00s  cpu=0.000000e+00s  provider=0  solves=0  iterations=0
  certificate  stage=STEP 5 LOCAL  major=19  attempt=92  accepted  reason=success  P rel.= 5.975910e-14  objective=-3.823123e+01  upper=-4.107506e+01  gap=-2.843828e+00  wall=0.000000e+00s  cpu=0.000000e+00s  provider=0  solves=0  iterations=0
  certificate  stage=STEP 5 LOCAL  major=19  attempt=93  accepted  reason=success  P rel.= 6.853622e-13  objective=-3.823123e+01  upper=-4.107506e+01  gap=-2.843828e+00  wall=0.000000e+00s  cpu=0.000000e+00s  provider=0  solves=0  iterations=0
  certificate  stage=STEP 5 LOCAL  major=19  attempt=94  accepted  reason=success  P rel.= 5.358208e-14  objective=-3.823123e+01  upper=-4.107506e+01  gap=-2.843828e+00  wall=0.000000e+00s  cpu=0.000000e+00s  provider=0  solves=0  iterations=0
  certificate  stage=STEP 5 LOCAL  major=19  attempt=95  accepted  reason=success  P rel.=-1.774464e-09  objective=-4.107506e+01  upper=-4.107506e+01  gap= 6.333067e-11  wall=0.000000e+00s  cpu=0.000000e+00s  provider=0  solves=0  iterations=0
  certificate  stage=STEP 5  complete  reason=step5_complete  wall=1.587421e-01s  cpu=1.587370e-01s  provider=155  solves=6  iterations=144

STEP 6
  certificate  stage=STEP 6  complete  reason=candidate_set  wall=8.610000e-06s  cpu=9.000000e-06s  provider=0  solves=0  iterations=0

STEP 8
  certificate  stage=STEP 8  complete  reason=unchanged_problem_67  wall=1.650000e-06s  cpu=1.000000e-06s  provider=0  solves=0  iterations=0

STEP 7
  certificate  stage=STEP 7  complete  reason=continue_stage_ii  wall=9.000000e-07s  cpu=0.000000e+00s  provider=0  solves=0  iterations=0

STEP 4
  STAGE II STEP 4  major=20  upper=-4.107506e+01  LP_primal= 6.333067e-11  LP_dual= 6.071532e-18  active_cuts=25  certified
  certificate  stage=STEP 4  complete  reason=step4_complete  wall=3.303180e-04s  cpu=3.310000e-04s  provider=0  solves=1  iterations=1

STEP 5
  certificate  stage=STEP 5 LOCAL  major=20  attempt=96  accepted  reason=success  P rel.=-4.856920e-09  objective=-4.107506e+01  upper=-4.107506e+01  gap= 6.332357e-11  wall=0.000000e+00s  cpu=0.000000e+00s  provider=0  solves=0  iterations=0
  certificate  stage=STEP 5  complete  reason=step5_complete  wall=2.138374e-02s  cpu=2.138500e-02s  provider=21  solves=1  iterations=18

STEP 6
  certificate  stage=STEP 6  complete  reason=candidate_set  wall=8.520000e-06s  cpu=8.000000e-06s  provider=0  solves=0  iterations=0

STEP 8
  certificate  stage=STEP 8  complete  reason=unchanged_problem_67  wall=1.420000e-06s  cpu=1.000000e-06s  provider=0  solves=0  iterations=0

STEP 7
  certificate  stage=STEP 7  complete  reason=continue_stage_ii  wall=8.400000e-07s  cpu=1.000000e-06s  provider=0  solves=0  iterations=0

STEP 4
  STAGE II STEP 4  major=21  upper=-4.107506e+01  LP_primal= 0.000000e+00  LP_dual= 5.551115e-17  active_cuts=26  certified
  certificate  stage=STEP 4  complete  reason=step4_complete  wall=3.400580e-04s  cpu=3.400000e-04s  provider=0  solves=1  iterations=1

STEP 5
  certificate  stage=STEP 5 LOCAL  major=21  attempt=97  accepted  reason=success  P rel.=-1.781408e-09  objective=-4.107506e+01  upper=-4.107506e+01  gap= 1.580247e-11  wall=0.000000e+00s  cpu=0.000000e+00s  provider=0  solves=0  iterations=0
  certificate  stage=STEP 5  complete  reason=step5_complete  wall=1.606903e-02s  cpu=1.606900e-02s  provider=15  solves=1  iterations=14

STEP 6
  certificate  stage=STEP 6  complete  reason=candidate_set  wall=9.070000e-06s  cpu=9.000000e-06s  provider=0  solves=0  iterations=0

STEP 8
  certificate  stage=STEP 8  complete  reason=unchanged_problem_67  wall=1.580000e-06s  cpu=2.000000e-06s  provider=0  solves=0  iterations=0

STEP 7
  certificate  stage=STEP 7  complete  reason=continue_stage_ii  wall=8.400000e-07s  cpu=1.000000e-06s  provider=0  solves=0  iterations=0

STEP 4
  STAGE II STEP 4  major=22  upper=-4.107506e+01  LP_primal= 1.580247e-11  LP_dual= 5.551115e-17  active_cuts=27  certified
  certificate  stage=STEP 4  complete  reason=step4_complete  wall=3.761380e-04s  cpu=3.760000e-04s  provider=0  solves=1  iterations=1

STEP 5
  certificate  stage=STEP 5 LOCAL  major=22  attempt=98  accepted  reason=success  P rel.= 7.211314e-14  objective=-3.823123e+01  upper=-4.107506e+01  gap=-2.843828e+00  wall=0.000000e+00s  cpu=0.000000e+00s  provider=0  solves=0  iterations=0
  certificate  stage=STEP 5 LOCAL  major=22  attempt=99  accepted  reason=success  P rel.= 5.860989e-14  objective=-3.823123e+01  upper=-4.107506e+01  gap=-2.843828e+00  wall=0.000000e+00s  cpu=0.000000e+00s  provider=0  solves=0  iterations=0
  certificate  stage=STEP 5 LOCAL  major=22  attempt=100  accepted  reason=success  P rel.= 5.372573e-14  objective=-3.823123e+01  upper=-4.107506e+01  gap=-2.843828e+00  wall=0.000000e+00s  cpu=0.000000e+00s  provider=0  solves=0  iterations=0
  certificate  stage=STEP 5 LOCAL  major=22  attempt=102  accepted  reason=success  P rel.= 6.306309e-14  objective=-3.823123e+01  upper=-4.107506e+01  gap=-2.843828e+00  wall=0.000000e+00s  cpu=0.000000e+00s  provider=0  solves=0  iterations=0
  certificate  stage=STEP 5 LOCAL  major=22  attempt=103  accepted  reason=success  P rel.= 4.884157e-14  objective=-3.823123e+01  upper=-4.107506e+01  gap=-2.843828e+00  wall=0.000000e+00s  cpu=0.000000e+00s  provider=0  solves=0  iterations=0
  certificate  stage=STEP 5 LOCAL  major=22  attempt=104  accepted  reason=success  P rel.=-1.801973e-09  objective=-4.107506e+01  upper=-4.107506e+01  gap= 1.579537e-11  wall=0.000000e+00s  cpu=0.000000e+00s  provider=0  solves=0  iterations=0
  certificate  stage=STEP 5  complete  reason=step5_complete  wall=1.599355e-01s  cpu=1.598390e-01s  provider=153  solves=7  iterations=139

STEP 6
  certificate  stage=STEP 6  complete  reason=candidate_set  wall=9.370000e-06s  cpu=9.000000e-06s  provider=0  solves=0  iterations=0

STEP 8
  certificate  stage=STEP 8  complete  reason=unchanged_problem_67  wall=1.630000e-06s  cpu=2.000000e-06s  provider=0  solves=0  iterations=0

STEP 7
  certificate  stage=STEP 7  complete  reason=continue_stage_ii  wall=8.400000e-07s  cpu=1.000000e-06s  provider=0  solves=0  iterations=0

STEP 4
  STAGE II STEP 4  major=23  upper=-4.107506e+01  LP_primal= 1.580247e-11  LP_dual= 5.551115e-17  active_cuts=28  certified
  certificate  stage=STEP 4  complete  reason=step4_complete  wall=3.760380e-04s  cpu=3.760000e-04s  provider=0  solves=1  iterations=1

STEP 5
  certificate  stage=STEP 5 LOCAL  major=23  attempt=105  accepted  reason=success  P rel.= 4.740505e-14  objective=-3.823123e+01  upper=-4.107506e+01  gap=-2.843828e+00  wall=0.000000e+00s  cpu=0.000000e+00s  provider=0  solves=0  iterations=0
  certificate  stage=STEP 5 LOCAL  major=23  attempt=106  accepted  reason=success  P rel.= 7.441157e-14  objective=-3.823123e+01  upper=-4.107506e+01  gap=-2.843828e+00  wall=0.000000e+00s  cpu=0.000000e+00s  provider=0  solves=0  iterations=0
  certificate  stage=STEP 5 LOCAL  major=23  attempt=107  accepted  reason=success  P rel.= 4.586798e-13  objective=-3.823123e+01  upper=-4.107506e+01  gap=-2.843828e+00  wall=0.000000e+00s  cpu=0.000000e+00s  provider=0  solves=0  iterations=0
  certificate  stage=STEP 5 LOCAL  major=23  attempt=108  accepted  reason=success  P rel.= 4.250653e-13  objective=-3.823123e+01  upper=-4.107506e+01  gap=-2.843828e+00  wall=0.000000e+00s  cpu=0.000000e+00s  provider=0  solves=0  iterations=0
  certificate  stage=STEP 5 LOCAL  major=23  attempt=109  accepted  reason=success  P rel.=-1.780785e-09  objective=-4.107506e+01  upper=-4.107506e+01  gap= 1.579537e-11  wall=0.000000e+00s  cpu=0.000000e+00s  provider=0  solves=0  iterations=0
  certificate  stage=STEP 5  complete  reason=step5_complete  wall=1.383004e-01s  cpu=1.378810e-01s  provider=133  solves=5  iterations=120

STEP 6
  certificate  stage=STEP 6  complete  reason=candidate_set  wall=1.009000e-05s  cpu=1.000000e-05s  provider=0  solves=0  iterations=0

STEP 8
  certificate  stage=STEP 8  complete  reason=unchanged_problem_67  wall=1.600000e-06s  cpu=1.000000e-06s  provider=0  solves=0  iterations=0

STEP 7
  certificate  stage=STEP 7  complete  reason=continue_stage_ii  wall=8.300000e-07s  cpu=1.000000e-06s  provider=0  solves=0  iterations=0

STEP 4
  STAGE II STEP 4  major=24  upper=-4.107506e+01  LP_primal= 1.580247e-11  LP_dual= 5.551115e-17  active_cuts=29  certified
  certificate  stage=STEP 4  complete  reason=step4_complete  wall=3.807280e-04s  cpu=3.820000e-04s  provider=0  solves=1  iterations=1

STEP 5
  certificate  stage=STEP 5 LOCAL  major=24  attempt=110  accepted  reason=success  P rel.= 3.749309e-14  objective=-3.823123e+01  upper=-4.107506e+01  gap=-2.843828e+00  wall=0.000000e+00s  cpu=0.000000e+00s  provider=0  solves=0  iterations=0
  certificate  stage=STEP 5 LOCAL  major=24  attempt=111  accepted  reason=success  P rel.= 5.487494e-14  objective=-3.823123e+01  upper=-4.107506e+01  gap=-2.843828e+00  wall=0.000000e+00s  cpu=0.000000e+00s  provider=0  solves=0  iterations=0
  certificate  stage=STEP 5 LOCAL  major=24  attempt=112  accepted  reason=success  P rel.= 4.984713e-14  objective=-3.823123e+01  upper=-4.107506e+01  gap=-2.843828e+00  wall=0.000000e+00s  cpu=0.000000e+00s  provider=0  solves=0  iterations=0
  certificate  stage=STEP 5 LOCAL  major=24  attempt=113  accepted  reason=success  P rel.= 3.462005e-14  objective=-3.823123e+01  upper=-4.107506e+01  gap=-2.843828e+00  wall=0.000000e+00s  cpu=0.000000e+00s  provider=0  solves=0  iterations=0
  certificate  stage=STEP 5 LOCAL  major=24  attempt=114  accepted  reason=success  P rel.= 4.726140e-14  objective=-3.823123e+01  upper=-4.107506e+01  gap=-2.843828e+00  wall=0.000000e+00s  cpu=0.000000e+00s  provider=0  solves=0  iterations=0
  certificate  stage=STEP 5 LOCAL  major=24  attempt=115  accepted  reason=success  P rel.= 3.720579e-14  objective=-3.823123e+01  upper=-4.107506e+01  gap=-2.843828e+00  wall=0.000000e+00s  cpu=0.000000e+00s  provider=0  solves=0  iterations=0
  certificate  stage=STEP 5 LOCAL  major=24  attempt=116  accepted  reason=success  P rel.=-1.806424e-09  objective=-4.107506e+01  upper=-4.107506e+01  gap= 1.580247e-11  wall=0.000000e+00s  cpu=0.000000e+00s  provider=0  solves=0  iterations=0
  certificate  stage=STEP 5  complete  reason=step5_complete  wall=1.769286e-01s  cpu=1.769070e-01s  provider=170  solves=7  iterations=153

STEP 6
  certificate  stage=STEP 6  complete  reason=candidate_set  wall=1.026000e-05s  cpu=1.000000e-05s  provider=0  solves=0  iterations=0

STEP 8
  certificate  stage=STEP 8  complete  reason=unchanged_problem_67  wall=1.890000e-06s  cpu=2.000000e-06s  provider=0  solves=0  iterations=0

STEP 7
  certificate  stage=STEP 7  complete  reason=continue_stage_ii  wall=9.500000e-07s  cpu=1.000000e-06s  provider=0  solves=0  iterations=0

STEP 4
  STAGE II STEP 4  major=25  upper=-4.107506e+01  LP_primal= 1.580247e-11  LP_dual= 5.551115e-17  active_cuts=30  certified
  certificate  stage=STEP 4  complete  reason=step4_complete  wall=4.041480e-04s  cpu=4.050000e-04s  provider=0  solves=1  iterations=1

STEP 5
  certificate  stage=STEP 5 LOCAL  major=25  attempt=117  accepted  reason=success  P rel.= 6.909646e-14  objective=-3.823123e+01  upper=-4.107506e+01  gap=-2.843828e+00  wall=0.000000e+00s  cpu=0.000000e+00s  provider=0  solves=0  iterations=0
  certificate  stage=STEP 5 LOCAL  major=25  attempt=118  accepted  reason=success  P rel.= 4.474750e-13  objective=-3.823123e+01  upper=-4.107506e+01  gap=-2.843828e+00  wall=0.000000e+00s  cpu=0.000000e+00s  provider=0  solves=0  iterations=0
  certificate  stage=STEP 5 LOCAL  major=25  attempt=119  accepted  reason=success  P rel.= 4.639949e-14  objective=-3.823123e+01  upper=-4.107506e+01  gap=-2.843828e+00  wall=0.000000e+00s  cpu=0.000000e+00s  provider=0  solves=0  iterations=0
  certificate  stage=STEP 5 LOCAL  major=25  attempt=120  accepted  reason=success  P rel.= 6.685549e-13  objective=-3.823123e+01  upper=-4.107506e+01  gap=-2.843828e+00  wall=0.000000e+00s  cpu=0.000000e+00s  provider=0  solves=0  iterations=0
  certificate  stage=STEP 5 LOCAL  major=25  attempt=121  accepted  reason=success  P rel.= 6.823455e-14  objective=-3.823123e+01  upper=-4.107506e+01  gap=-2.843828e+00  wall=0.000000e+00s  cpu=0.000000e+00s  provider=0  solves=0  iterations=0
  certificate  stage=STEP 5 LOCAL  major=25  attempt=122  accepted  reason=success  P rel.=-1.789954e-09  objective=-4.107506e+01  upper=-4.107506e+01  gap= 1.579537e-11  wall=0.000000e+00s  cpu=0.000000e+00s  provider=0  solves=0  iterations=0
  certificate  stage=STEP 5  complete  reason=step5_complete  wall=1.570648e-01s  cpu=1.570610e-01s  provider=149  solves=6  iterations=142

STEP 6
  certificate  stage=STEP 6  complete  reason=candidate_set  wall=1.128000e-05s  cpu=1.100000e-05s  provider=0  solves=0  iterations=0

STEP 8
  certificate  stage=STEP 8  complete  reason=unchanged_problem_67  wall=2.240000e-06s  cpu=2.000000e-06s  provider=0  solves=0  iterations=0

STEP 7
  certificate  stage=STEP 7  complete  reason=continue_stage_ii  wall=9.100000e-07s  cpu=1.000000e-06s  provider=0  solves=0  iterations=0

STEP 4
  STAGE II STEP 4  major=26  upper=-4.107506e+01  LP_primal= 1.580247e-11  LP_dual= 5.551115e-17  active_cuts=31  certified
  certificate  stage=STEP 4  complete  reason=step4_complete  wall=4.124280e-04s  cpu=4.130000e-04s  provider=0  solves=1  iterations=1

STEP 5
  certificate  stage=STEP 5 LOCAL  major=26  attempt=123  accepted  reason=success  P rel.= 5.990275e-14  objective=-3.823123e+01  upper=-4.107506e+01  gap=-2.843828e+00  wall=0.000000e+00s  cpu=0.000000e+00s  provider=0  solves=0  iterations=0
  certificate  stage=STEP 5 LOCAL  major=26  attempt=124  accepted  reason=success  P rel.= 5.544955e-14  objective=-3.823123e+01  upper=-4.107506e+01  gap=-2.843828e+00  wall=0.000000e+00s  cpu=0.000000e+00s  provider=0  solves=0  iterations=0
  certificate  stage=STEP 5 LOCAL  major=26  attempt=125  accepted  reason=success  P rel.=-1.802418e-09  objective=-4.107506e+01  upper=-4.107506e+01  gap= 1.580247e-11  wall=0.000000e+00s  cpu=0.000000e+00s  provider=0  solves=0  iterations=0
  certificate  stage=STEP 5  complete  reason=step5_complete  wall=7.673911e-02s  cpu=7.674000e-02s  provider=74  solves=3  iterations=67

STEP 6
  certificate  stage=STEP 6  complete  reason=candidate_set  wall=1.014000e-05s  cpu=1.000000e-05s  provider=0  solves=0  iterations=0

STEP 8
  certificate  stage=STEP 8  complete  reason=unchanged_problem_67  wall=1.740000e-06s  cpu=2.000000e-06s  provider=0  solves=0  iterations=0

STEP 7
  certificate  stage=STEP 7  complete  reason=continue_stage_ii  wall=1.250000e-06s  cpu=1.000000e-06s  provider=0  solves=0  iterations=0

STEP 4
  STAGE II STEP 4  major=27  upper=-4.107506e+01  LP_primal= 1.580247e-11  LP_dual= 5.551115e-17  active_cuts=32  certified
  certificate  stage=STEP 4  complete  reason=step4_complete  wall=3.756080e-04s  cpu=3.760000e-04s  provider=0  solves=1  iterations=1

STEP 5
  certificate  stage=STEP 5 LOCAL  major=27  attempt=126  accepted  reason=success  P rel.= 4.999078e-14  objective=-3.823123e+01  upper=-4.107506e+01  gap=-2.843828e+00  wall=0.000000e+00s  cpu=0.000000e+00s  provider=0  solves=0  iterations=0
  certificate  stage=STEP 5 LOCAL  major=27  attempt=127  accepted  reason=success  P rel.= 2.901764e-14  objective=-3.823123e+01  upper=-4.107506e+01  gap=-2.843828e+00  wall=0.000000e+00s  cpu=0.000000e+00s  provider=0  solves=0  iterations=0
  certificate  stage=STEP 5 LOCAL  major=27  attempt=128  accepted  reason=success  P rel.= 7.469887e-14  objective=-3.823123e+01  upper=-4.107506e+01  gap=-2.843828e+00  wall=0.000000e+00s  cpu=0.000000e+00s  provider=0  solves=0  iterations=0
  certificate  stage=STEP 5 LOCAL  major=27  attempt=129  accepted  reason=success  P rel.=-1.793426e-09  objective=-4.107506e+01  upper=-4.107506e+01  gap= 1.578826e-11  wall=0.000000e+00s  cpu=0.000000e+00s  provider=0  solves=0  iterations=0
  certificate  stage=STEP 5  complete  reason=step5_complete  wall=9.609026e-02s  cpu=9.607900e-02s  provider=93  solves=4  iterations=86

STEP 6
  certificate  stage=STEP 6  complete  reason=candidate_set  wall=1.053000e-05s  cpu=1.000000e-05s  provider=0  solves=0  iterations=0

STEP 8
  certificate  stage=STEP 8  complete  reason=unchanged_problem_67  wall=2.010000e-06s  cpu=2.000000e-06s  provider=0  solves=0  iterations=0

STEP 7
  certificate  stage=STEP 7  complete  reason=continue_stage_ii  wall=9.100000e-07s  cpu=1.000000e-06s  provider=0  solves=0  iterations=0

STEP 4
  STAGE II STEP 4  major=28  upper=-4.107506e+01  LP_primal= 1.580247e-11  LP_dual= 5.551115e-17  active_cuts=33  certified
  certificate  stage=STEP 4  complete  reason=step4_complete  wall=3.879880e-04s  cpu=3.880000e-04s  provider=0  solves=1  iterations=1

STEP 5
  certificate  stage=STEP 5 LOCAL  major=28  attempt=130  accepted  reason=success  P rel.= 4.180264e-14  objective=-3.823123e+01  upper=-4.107506e+01  gap=-2.843828e+00  wall=0.000000e+00s  cpu=0.000000e+00s  provider=0  solves=0  iterations=0
  certificate  stage=STEP 5 LOCAL  major=28  attempt=131  accepted  reason=success  P rel.=-1.790666e-09  objective=-4.107506e+01  upper=-4.107506e+01  gap= 1.580247e-11  wall=0.000000e+00s  cpu=0.000000e+00s  provider=0  solves=0  iterations=0
  certificate  stage=STEP 5  complete  reason=step5_complete  wall=5.374570e-02s  cpu=5.374700e-02s  provider=53  solves=2  iterations=45

STEP 6
  certificate  stage=STEP 6  complete  reason=candidate_set  wall=1.061000e-05s  cpu=1.000000e-05s  provider=0  solves=0  iterations=0

STEP 8
  certificate  stage=STEP 8  complete  reason=unchanged_problem_67  wall=1.420000e-06s  cpu=2.000000e-06s  provider=0  solves=0  iterations=0

STEP 7
  certificate  stage=STEP 7  complete  reason=continue_stage_ii  wall=8.800000e-07s  cpu=1.000000e-06s  provider=0  solves=0  iterations=0

STEP 4
  STAGE II STEP 4  major=29  upper=-4.107506e+01  LP_primal= 1.580247e-11  LP_dual= 5.551115e-17  active_cuts=34  certified
  certificate  stage=STEP 4  complete  reason=step4_complete  wall=3.565680e-04s  cpu=3.570000e-04s  provider=0  solves=1  iterations=1

STEP 5
  certificate  stage=STEP 5 LOCAL  major=29  attempt=132  accepted  reason=success  P rel.= 5.688607e-14  objective=-3.823123e+01  upper=-4.107506e+01  gap=-2.843828e+00  wall=0.000000e+00s  cpu=0.000000e+00s  provider=0  solves=0  iterations=0
  certificate  stage=STEP 5 LOCAL  major=29  attempt=133  accepted  reason=success  P rel.=-1.777936e-09  objective=-4.107506e+01  upper=-4.107506e+01  gap= 1.579537e-11  wall=0.000000e+00s  cpu=0.000000e+00s  provider=0  solves=0  iterations=0
  certificate  stage=STEP 5  complete  reason=step5_complete  wall=4.525957e-02s  cpu=4.526100e-02s  provider=44  solves=2  iterations=39

STEP 6
  certificate  stage=STEP 6  complete  reason=candidate_set  wall=1.120000e-05s  cpu=1.100000e-05s  provider=0  solves=0  iterations=0

STEP 8
  certificate  stage=STEP 8  complete  reason=unchanged_problem_67  wall=1.410000e-06s  cpu=1.000000e-06s  provider=0  solves=0  iterations=0

STEP 7
  certificate  stage=STEP 7  complete  reason=continue_stage_ii  wall=8.200000e-07s  cpu=1.000000e-06s  provider=0  solves=0  iterations=0

STEP 4
  STAGE II STEP 4  major=30  upper=-4.107506e+01  LP_primal= 1.580247e-11  LP_dual= 5.551115e-17  active_cuts=35  certified
  certificate  stage=STEP 4  complete  reason=step4_complete  wall=3.566580e-04s  cpu=3.580000e-04s  provider=0  solves=1  iterations=1

STEP 5
  certificate  stage=STEP 5 LOCAL  major=30  attempt=134  accepted  reason=success  P rel.= 3.145972e-14  objective=-3.823123e+01  upper=-4.107506e+01  gap=-2.843828e+00  wall=0.000000e+00s  cpu=0.000000e+00s  provider=0  solves=0  iterations=0
  certificate  stage=STEP 5 LOCAL  major=30  attempt=135  accepted  reason=success  P rel.=-1.795296e-09  objective=-4.107506e+01  upper=-4.107506e+01  gap= 1.579537e-11  wall=0.000000e+00s  cpu=0.000000e+00s  provider=0  solves=0  iterations=0
  certificate  stage=STEP 5  complete  reason=step5_complete  wall=4.474971e-02s  cpu=4.472900e-02s  provider=43  solves=2  iterations=40

STEP 6
  certificate  stage=STEP 6  complete  reason=candidate_set  wall=1.087000e-05s  cpu=1.000000e-05s  provider=0  solves=0  iterations=0

STEP 8
  certificate  stage=STEP 8  complete  reason=unchanged_problem_67  wall=1.390000e-06s  cpu=1.000000e-06s  provider=0  solves=0  iterations=0

STEP 7
  certificate  stage=STEP 7  complete  reason=continue_stage_ii  wall=8.400000e-07s  cpu=1.000000e-06s  provider=0  solves=0  iterations=0

STEP 4
  STAGE II STEP 4  major=31  upper=-4.107506e+01  LP_primal= 1.580247e-11  LP_dual= 5.551115e-17  active_cuts=36  certified
  certificate  stage=STEP 4  complete  reason=step4_complete  wall=3.512190e-04s  cpu=3.510000e-04s  provider=0  solves=1  iterations=1

STEP 5
  certificate  stage=STEP 5 LOCAL  major=31  attempt=137  accepted  reason=success  P rel.= 3.232163e-14  objective=-3.823123e+01  upper=-4.107506e+01  gap=-2.843828e+00  wall=0.000000e+00s  cpu=0.000000e+00s  provider=0  solves=0  iterations=0
  certificate  stage=STEP 5 LOCAL  major=31  attempt=138  accepted  reason=success  P rel.= 6.291944e-13  objective=-3.823123e+01  upper=-4.107506e+01  gap=-2.843828e+00  wall=0.000000e+00s  cpu=0.000000e+00s  provider=0  solves=0  iterations=0
  certificate  stage=STEP 5 LOCAL  major=31  attempt=139  accepted  reason=success  P rel.= 4.165899e-14  objective=-3.823123e+01  upper=-4.107506e+01  gap=-2.843828e+00  wall=0.000000e+00s  cpu=0.000000e+00s  provider=0  solves=0  iterations=0
  certificate  stage=STEP 5 LOCAL  major=31  attempt=141  accepted  reason=success  P rel.= 2.772477e-14  objective=-3.823123e+01  upper=-4.107506e+01  gap=-2.843828e+00  wall=0.000000e+00s  cpu=0.000000e+00s  provider=0  solves=0  iterations=0
  certificate  stage=STEP 5 LOCAL  major=31  attempt=142  accepted  reason=success  P rel.= 8.590370e-14  objective=-3.823123e+01  upper=-4.107506e+01  gap=-2.843828e+00  wall=0.000000e+00s  cpu=0.000000e+00s  provider=0  solves=0  iterations=0
  certificate  stage=STEP 5 LOCAL  major=31  attempt=143  accepted  reason=success  P rel.= 6.076466e-14  objective=-3.823123e+01  upper=-4.107506e+01  gap=-2.843828e+00  wall=0.000000e+00s  cpu=0.000000e+00s  provider=0  solves=0  iterations=0
  certificate  stage=STEP 5 LOCAL  major=31  attempt=144  accepted  reason=success  P rel.=-1.800192e-09  objective=-4.107506e+01  upper=-4.107506e+01  gap= 1.579537e-11  wall=0.000000e+00s  cpu=0.000000e+00s  provider=0  solves=0  iterations=0
  certificate  stage=STEP 5  complete  reason=step5_complete  wall=1.653123e-01s  cpu=1.653080e-01s  provider=164  solves=9  iterations=149

STEP 6
  certificate  stage=STEP 6  complete  reason=candidate_set  wall=1.266900e-05s  cpu=1.200000e-05s  provider=0  solves=0  iterations=0

STEP 8
  certificate  stage=STEP 8  complete  reason=unchanged_problem_67  wall=1.800000e-06s  cpu=2.000000e-06s  provider=0  solves=0  iterations=0

STEP 7
  certificate  stage=STEP 7  complete  reason=continue_stage_ii  wall=9.000000e-07s  cpu=1.000000e-06s  provider=0  solves=0  iterations=0

STEP 4
  STAGE II STEP 4  major=32  upper=-4.107506e+01  LP_primal= 1.580247e-11  LP_dual= 5.551115e-17  active_cuts=37  certified
  certificate  stage=STEP 4  complete  reason=step4_complete  wall=4.135380e-04s  cpu=4.140000e-04s  provider=0  solves=1  iterations=1

STEP 5
  certificate  stage=STEP 5 LOCAL  major=32  attempt=145  accepted  reason=success  P rel.= 5.286382e-14  objective=-3.823123e+01  upper=-4.107506e+01  gap=-2.843828e+00  wall=0.000000e+00s  cpu=0.000000e+00s  provider=0  solves=0  iterations=0
  certificate  stage=STEP 5 LOCAL  major=32  attempt=146  accepted  reason=success  P rel.=-1.790221e-09  objective=-4.107506e+01  upper=-4.107506e+01  gap= 1.578826e-11  wall=0.000000e+00s  cpu=0.000000e+00s  provider=0  solves=0  iterations=0
  certificate  stage=STEP 5  complete  reason=step5_complete  wall=4.407782e-02s  cpu=4.407800e-02s  provider=42  solves=2  iterations=40

STEP 6
  certificate  stage=STEP 6  complete  reason=candidate_set  wall=1.009000e-05s  cpu=1.000000e-05s  provider=0  solves=0  iterations=0

STEP 8
  certificate  stage=STEP 8  complete  reason=unchanged_problem_67  wall=1.430000e-06s  cpu=1.000000e-06s  provider=0  solves=0  iterations=0

STEP 7
  certificate  stage=STEP 7  complete  reason=continue_stage_ii  wall=8.900000e-07s  cpu=1.000000e-06s  provider=0  solves=0  iterations=0

STEP 4
  STAGE II STEP 4  major=33  upper=-4.107506e+01  LP_primal= 1.580247e-11  LP_dual= 5.551115e-17  active_cuts=38  certified
  certificate  stage=STEP 4  complete  reason=step4_complete  wall=3.626280e-04s  cpu=3.630000e-04s  provider=0  solves=1  iterations=1

STEP 5
  certificate  stage=STEP 5 LOCAL  major=33  attempt=147  accepted  reason=success  P rel.= 5.300747e-14  objective=-3.823123e+01  upper=-4.107506e+01  gap=-2.843828e+00  wall=0.000000e+00s  cpu=0.000000e+00s  provider=0  solves=0  iterations=0
  certificate  stage=STEP 5 LOCAL  major=33  attempt=148  accepted  reason=success  P rel.= 5.514788e-13  objective=-3.823123e+01  upper=-4.107506e+01  gap=-2.843828e+00  wall=0.000000e+00s  cpu=0.000000e+00s  provider=0  solves=0  iterations=0
  certificate  stage=STEP 5 LOCAL  major=33  attempt=149  accepted  reason=success  P rel.=-1.784346e-09  objective=-4.107506e+01  upper=-4.107506e+01  gap= 1.578115e-11  wall=0.000000e+00s  cpu=0.000000e+00s  provider=0  solves=0  iterations=0
  certificate  stage=STEP 5  complete  reason=step5_complete  wall=7.471321e-02s  cpu=7.471500e-02s  provider=72  solves=3  iterations=67

STEP 6
  certificate  stage=STEP 6  complete  reason=candidate_set  wall=1.186000e-05s  cpu=1.200000e-05s  provider=0  solves=0  iterations=0

STEP 8
  certificate  stage=STEP 8  complete  reason=unchanged_problem_67  wall=1.630000e-06s  cpu=2.000000e-06s  provider=0  solves=0  iterations=0

STEP 7
  certificate  stage=STEP 7  complete  reason=continue_stage_ii  wall=9.300000e-07s  cpu=1.000000e-06s  provider=0  solves=0  iterations=0

STEP 4
  STAGE II STEP 4  major=34  upper=-4.107506e+01  LP_primal= 1.580247e-11  LP_dual= 5.551115e-17  active_cuts=39  certified
  certificate  stage=STEP 4  complete  reason=step4_complete  wall=3.881680e-04s  cpu=3.890000e-04s  provider=0  solves=1  iterations=1

STEP 5
  certificate  stage=STEP 5 LOCAL  major=34  attempt=151  accepted  reason=success  P rel.= 5.544955e-14  objective=-3.823123e+01  upper=-4.107506e+01  gap=-2.843828e+00  wall=0.000000e+00s  cpu=0.000000e+00s  provider=0  solves=0  iterations=0
  certificate  stage=STEP 5 LOCAL  major=34  attempt=152  accepted  reason=success  P rel.=-1.785058e-09  objective=-4.107506e+01  upper=-4.107506e+01  gap= 1.578826e-11  wall=0.000000e+00s  cpu=0.000000e+00s  provider=0  solves=0  iterations=0
  certificate  stage=STEP 5  complete  reason=step5_complete  wall=5.506453e-02s  cpu=5.506600e-02s  provider=55  solves=3  iterations=46

STEP 6
  certificate  stage=STEP 6  complete  reason=candidate_set  wall=1.184000e-05s  cpu=1.200000e-05s  provider=0  solves=0  iterations=0

STEP 8
  certificate  stage=STEP 8  complete  reason=unchanged_problem_67  wall=1.450000e-06s  cpu=2.000000e-06s  provider=0  solves=0  iterations=0

STEP 7
  certificate  stage=STEP 7  complete  reason=continue_stage_ii  wall=8.900000e-07s  cpu=1.000000e-06s  provider=0  solves=0  iterations=0

STEP 4
  STAGE II STEP 4  major=35  upper=-4.107506e+01  LP_primal= 1.580247e-11  LP_dual= 5.551115e-17  active_cuts=40  certified
  certificate  stage=STEP 4  complete  reason=step4_complete  wall=3.646380e-04s  cpu=3.650000e-04s  provider=0  solves=1  iterations=1

STEP 5
  certificate  stage=STEP 5 LOCAL  major=35  attempt=153  accepted  reason=success  P rel.= 7.656635e-14  objective=-3.823123e+01  upper=-4.107506e+01  gap=-2.843828e+00  wall=0.000000e+00s  cpu=0.000000e+00s  provider=0  solves=0  iterations=0
  certificate  stage=STEP 5 LOCAL  major=35  attempt=154  accepted  reason=success  P rel.=-1.800192e-09  objective=-4.107506e+01  upper=-4.107506e+01  gap= 1.579537e-11  wall=0.000000e+00s  cpu=0.000000e+00s  provider=0  solves=0  iterations=0
  certificate  stage=STEP 5  complete  reason=step5_complete  wall=5.023580e-02s  cpu=5.022900e-02s  provider=49  solves=2  iterations=43

STEP 6
  certificate  stage=STEP 6  complete  reason=candidate_set  wall=1.174000e-05s  cpu=1.200000e-05s  provider=0  solves=0  iterations=0

STEP 8
  certificate  stage=STEP 8  complete  reason=unchanged_problem_67  wall=1.510000e-06s  cpu=1.000000e-06s  provider=0  solves=0  iterations=0

STEP 7
  certificate  stage=STEP 7  complete  reason=continue_stage_ii  wall=8.900000e-07s  cpu=1.000000e-06s  provider=0  solves=0  iterations=0

STEP 4
  STAGE II STEP 4  major=36  upper=-4.107506e+01  LP_primal= 1.580247e-11  LP_dual= 5.551115e-17  active_cuts=41  certified
  certificate  stage=STEP 4  complete  reason=step4_complete  wall=3.825070e-04s  cpu=3.830000e-04s  provider=0  solves=1  iterations=1

STEP 5
  certificate  stage=STEP 5 LOCAL  major=36  attempt=155  accepted  reason=success  P rel.= 4.237725e-14  objective=-3.823123e+01  upper=-4.107506e+01  gap=-2.843828e+00  wall=0.000000e+00s  cpu=0.000000e+00s  provider=0  solves=0  iterations=0
  certificate  stage=STEP 5 LOCAL  major=36  attempt=156  accepted  reason=success  P rel.= 6.449960e-14  objective=-3.823123e+01  upper=-4.107506e+01  gap=-2.843828e+00  wall=0.000000e+00s  cpu=0.000000e+00s  provider=0  solves=0  iterations=0
  certificate  stage=STEP 5 LOCAL  major=36  attempt=157  accepted  reason=success  P rel.= 3.677483e-14  objective=-3.823123e+01  upper=-4.107506e+01  gap=-2.843828e+00  wall=0.000000e+00s  cpu=0.000000e+00s  provider=0  solves=0  iterations=0
  certificate  stage=STEP 5 LOCAL  major=36  attempt=158  accepted  reason=success  P rel.= 6.363769e-14  objective=-3.823123e+01  upper=-4.107506e+01  gap=-2.843828e+00  wall=0.000000e+00s  cpu=0.000000e+00s  provider=0  solves=0  iterations=0
  certificate  stage=STEP 5 LOCAL  major=36  attempt=159  accepted  reason=success  P rel.=-7.048687e-08  objective=-4.116967e+01  upper=-4.107506e+01  gap= 9.461057e-02  wall=0.000000e+00s  cpu=0.000000e+00s  provider=0  solves=0  iterations=0
  certificate  stage=STEP 5  complete  reason=step5_complete  wall=1.247290e-01s  cpu=1.247170e-01s  provider=120  solves=5  iterations=111

STEP 6
  certificate  stage=STEP 6  complete  reason=candidate_set  wall=1.374000e-05s  cpu=1.300000e-05s  provider=0  solves=0  iterations=0

STEP 8
  certificate  stage=STEP 8  complete  reason=unchanged_problem_67  wall=1.820000e-06s  cpu=2.000000e-06s  provider=0  solves=0  iterations=0

STEP 7
  certificate  stage=STEP 7  complete  reason=continue_stage_ii  wall=9.000000e-07s  cpu=1.000000e-06s  provider=0  solves=0  iterations=0

STEP 4
  STAGE II STEP 4  major=37  upper=-4.109051e+01  LP_primal= 0.000000e+00  LP_dual= 1.561251e-17  active_cuts=42  certified
  certificate  stage=STEP 4  complete  reason=step4_complete  wall=3.808380e-04s  cpu=3.810000e-04s  provider=0  solves=1  iterations=1

STEP 5
  certificate  stage=STEP 5 LOCAL  major=37  attempt=160  accepted  reason=success  P rel.= 6.665438e-14  objective=-3.824539e+01  upper=-4.109051e+01  gap=-2.845125e+00  wall=0.000000e+00s  cpu=0.000000e+00s  provider=0  solves=0  iterations=0
  certificate  stage=STEP 5 LOCAL  major=37  attempt=161  accepted  reason=success  P rel.=-1.305605e-09  objective=-4.109204e+01  upper=-4.109051e+01  gap= 1.528280e-03  wall=0.000000e+00s  cpu=0.000000e+00s  provider=0  solves=0  iterations=0
  certificate  stage=STEP 5  complete  reason=step5_complete  wall=4.536247e-02s  cpu=4.536300e-02s  provider=44  solves=2  iterations=41

STEP 6
  certificate  stage=STEP 6  complete  reason=candidate_set  wall=7.470000e-06s  cpu=8.000000e-06s  provider=0  solves=0  iterations=0

STEP 8
  certificate  stage=STEP 8  complete  reason=problem_67_infeasible  wall=1.066090e-04s  cpu=1.070000e-04s  provider=2  solves=1  iterations=0

STEP 7
  certificate  stage=STEP 7  complete  reason=continue_stage_ii  wall=1.040000e-06s  cpu=1.000000e-06s  provider=0  solves=0  iterations=0

STEP 4
  STAGE II STEP 4  major=38  upper=-4.109090e+01  LP_primal= 0.000000e+00  LP_dual= 5.551115e-17  active_cuts=43  certified
  certificate  stage=STEP 4  complete  reason=step4_complete  wall=3.060080e-04s  cpu=3.060000e-04s  provider=0  solves=1  iterations=1

STEP 5
  certificate  stage=STEP 5 LOCAL  major=38  attempt=162  accepted  reason=success  P rel.= 4.094073e-14  objective=-3.824578e+01  upper=-4.109090e+01  gap=-2.845125e+00  wall=0.000000e+00s  cpu=0.000000e+00s  provider=0  solves=0  iterations=0
  certificate  stage=STEP 5 LOCAL  major=38  attempt=163  accepted  reason=success  P rel.= 1.390548e-13  objective=-3.824578e+01  upper=-4.109090e+01  gap=-2.845125e+00  wall=0.000000e+00s  cpu=0.000000e+00s  provider=0  solves=0  iterations=0
  certificate  stage=STEP 5 LOCAL  major=38  attempt=164  accepted  reason=success  P rel.= 6.478691e-14  objective=-3.824578e+01  upper=-4.109090e+01  gap=-2.845125e+00  wall=0.000000e+00s  cpu=0.000000e+00s  provider=0  solves=0  iterations=0
  certificate  stage=STEP 5 LOCAL  major=38  attempt=165  accepted  reason=success  P rel.= 6.478691e-14  objective=-3.824578e+01  upper=-4.109090e+01  gap=-2.845125e+00  wall=0.000000e+00s  cpu=0.000000e+00s  provider=0  solves=0  iterations=0
  certificate  stage=STEP 5 LOCAL  major=38  attempt=166  accepted  reason=success  P rel.= 4.585362e-13  objective=-3.824578e+01  upper=-4.109090e+01  gap=-2.845125e+00  wall=0.000000e+00s  cpu=0.000000e+00s  provider=0  solves=0  iterations=0
  certificate  stage=STEP 5 LOCAL  major=38  attempt=167  accepted  reason=success  P rel.=-1.299106e-09  objective=-4.109090e+01  upper=-4.109090e+01  gap= 5.558605e-07  wall=0.000000e+00s  cpu=0.000000e+00s  provider=0  solves=0  iterations=0
  certificate  stage=STEP 5  complete  reason=step5_complete  wall=1.576596e-01s  cpu=1.576210e-01s  provider=152  solves=6  iterations=143

STEP 6
  certificate  stage=STEP 6  complete  reason=candidate_set  wall=6.890000e-06s  cpu=7.000000e-06s  provider=0  solves=0  iterations=0

STEP 8
  certificate  stage=STEP 8  complete  reason=unchanged_problem_67  wall=1.720000e-06s  cpu=2.000000e-06s  provider=0  solves=0  iterations=0

STEP 7
  certificate  stage=STEP 7  complete  reason=continue_stage_ii  wall=8.500000e-07s  cpu=1.000000e-06s  provider=0  solves=0  iterations=0

STEP 4
  STAGE II STEP 4  major=39  upper=-4.109090e+01  LP_primal= 0.000000e+00  LP_dual= 5.551115e-17  active_cuts=44  certified
  certificate  stage=STEP 4  complete  reason=step4_complete  wall=3.289680e-04s  cpu=3.290000e-04s  provider=0  solves=1  iterations=1

STEP 5
  certificate  stage=STEP 5 LOCAL  major=39  attempt=169  accepted  reason=success  P rel.= 9.222438e-14  objective=-3.824578e+01  upper=-4.109090e+01  gap=-2.845125e+00  wall=0.000000e+00s  cpu=0.000000e+00s  provider=0  solves=0  iterations=0
  certificate  stage=STEP 5 LOCAL  major=39  attempt=170  accepted  reason=success  P rel.=-1.312060e-09  objective=-4.109090e+01  upper=-4.109090e+01  gap= 7.815970e-14  wall=0.000000e+00s  cpu=0.000000e+00s  provider=0  solves=0  iterations=0
  certificate  stage=STEP 5  complete  reason=step5_complete  wall=4.717490e-02s  cpu=4.716800e-02s  provider=47  solves=3  iterations=43

STEP 6
  certificate  stage=STEP 6  complete  reason=candidate_set  wall=7.210000e-06s  cpu=7.000000e-06s  provider=0  solves=0  iterations=0

STEP 8
  certificate  stage=STEP 8  complete  reason=unchanged_problem_67  wall=1.590000e-06s  cpu=2.000000e-06s  provider=0  solves=0  iterations=0

STEP 7
  certificate  stage=STEP 7  complete  reason=continue_stage_ii  wall=8.300000e-07s  cpu=0.000000e+00s  provider=0  solves=0  iterations=0

STEP 4
  STAGE II STEP 4  major=40  upper=-4.109090e+01  LP_primal= 0.000000e+00  LP_dual= 5.551115e-17  active_cuts=45  certified
  certificate  stage=STEP 4  complete  reason=step4_complete  wall=3.170080e-04s  cpu=3.180000e-04s  provider=0  solves=1  iterations=1

STEP 5
  certificate  stage=STEP 5 LOCAL  major=40  attempt=171  accepted  reason=success  P rel.= 4.094073e-14  objective=-3.824578e+01  upper=-4.109090e+01  gap=-2.845125e+00  wall=0.000000e+00s  cpu=0.000000e+00s  provider=0  solves=0  iterations=0
  certificate  stage=STEP 5 LOCAL  major=40  attempt=172  accepted  reason=success  P rel.= 4.424472e-14  objective=-3.824578e+01  upper=-4.109090e+01  gap=-2.845125e+00  wall=0.000000e+00s  cpu=0.000000e+00s  provider=0  solves=0  iterations=0
  certificate  stage=STEP 5 LOCAL  major=40  attempt=173  accepted  reason=success  P rel.= 7.455522e-14  objective=-3.824578e+01  upper=-4.109090e+01  gap=-2.845125e+00  wall=0.000000e+00s  cpu=0.000000e+00s  provider=0  solves=0  iterations=0
  certificate  stage=STEP 5 LOCAL  major=40  attempt=174  accepted  reason=success  P rel.=-1.319093e-09  objective=-4.109090e+01  upper=-4.109090e+01  gap=-7.105427e-15  wall=0.000000e+00s  cpu=0.000000e+00s  provider=0  solves=0  iterations=0
  certificate  stage=STEP 5  complete  reason=step5_complete  wall=9.529171e-02s  cpu=9.528700e-02s  provider=93  solves=4  iterations=85

STEP 6
  certificate  stage=STEP 6  complete  reason=candidate_set  wall=7.420000e-06s  cpu=8.000000e-06s  provider=0  solves=0  iterations=0

STEP 8
  certificate  stage=STEP 8  complete  reason=unchanged_problem_67  wall=1.850000e-06s  cpu=2.000000e-06s  provider=0  solves=0  iterations=0

STEP 7
  certificate  stage=STEP 7  complete  reason=continue_stage_ii  wall=8.100000e-07s  cpu=0.000000e+00s  provider=0  solves=0  iterations=0

STEP 4
  STAGE II STEP 4  major=41  upper=-4.109090e+01  LP_primal= 0.000000e+00  LP_dual= 1.387779e-17  active_cuts=46  certified
  certificate  stage=STEP 4  complete  reason=step4_complete  wall=3.352080e-04s  cpu=3.350000e-04s  provider=0  solves=1  iterations=1

STEP 5
  certificate  stage=STEP 5 LOCAL  major=41  attempt=175  accepted  reason=success  P rel.=-1.309389e-09  objective=-4.109090e+01  upper=-4.109090e+01  gap= 0.000000e+00  wall=0.000000e+00s  cpu=0.000000e+00s  provider=0  solves=0  iterations=0
  certificate  stage=STEP 5  complete  reason=step5_complete  wall=2.079060e-02s  cpu=2.078400e-02s  provider=21  solves=1  iterations=18

STEP 6
  certificate  stage=STEP 6  complete  reason=candidate_set  wall=7.370000e-06s  cpu=7.000000e-06s  provider=0  solves=0  iterations=0

STEP 8
  certificate  stage=STEP 8  complete  reason=unchanged_problem_67  wall=1.470000e-06s  cpu=2.000000e-06s  provider=0  solves=0  iterations=0

STEP 7
  certificate  stage=STEP 7  complete  reason=continue_stage_ii  wall=8.200000e-07s  cpu=0.000000e+00s  provider=0  solves=0  iterations=0

STEP 4
  STAGE II STEP 4  major=42  upper=-4.109090e+01  LP_primal= 0.000000e+00  LP_dual= 5.551115e-17  active_cuts=47  certified
  certificate  stage=STEP 4  complete  reason=step4_complete  wall=3.143890e-04s  cpu=3.150000e-04s  provider=0  solves=1  iterations=1

STEP 5
  certificate  stage=STEP 5 LOCAL  major=42  attempt=176  accepted  reason=success  P rel.= 7.972668e-14  objective=-3.824578e+01  upper=-4.109090e+01  gap=-2.845125e+00  wall=0.000000e+00s  cpu=0.000000e+00s  provider=0  solves=0  iterations=0
  certificate  stage=STEP 5 LOCAL  major=42  attempt=177  accepted  reason=success  P rel.=-1.314641e-09  objective=-4.109090e+01  upper=-4.109090e+01  gap=-7.105427e-15  wall=0.000000e+00s  cpu=0.000000e+00s  provider=0  solves=0  iterations=0
  certificate  stage=STEP 5  complete  reason=step5_complete  wall=5.181140e-02s  cpu=5.181200e-02s  provider=50  solves=2  iterations=47

STEP 6
  certificate  stage=STEP 6  complete  reason=candidate_set  wall=7.940000e-06s  cpu=8.000000e-06s  provider=0  solves=0  iterations=0

STEP 8
  certificate  stage=STEP 8  complete  reason=unchanged_problem_67  wall=1.350000e-06s  cpu=1.000000e-06s  provider=0  solves=0  iterations=0

STEP 7
  certificate  stage=STEP 7  complete  reason=continue_stage_ii  wall=8.400000e-07s  cpu=1.000000e-06s  provider=0  solves=0  iterations=0

STEP 4
  STAGE II STEP 4  major=43  upper=-4.109090e+01  LP_primal= 0.000000e+00  LP_dual= 5.551115e-17  active_cuts=48  certified
  certificate  stage=STEP 4  complete  reason=step4_complete  wall=3.204480e-04s  cpu=3.210000e-04s  provider=0  solves=1  iterations=1

STEP 5
  certificate  stage=STEP 5 LOCAL  major=43  attempt=178  accepted  reason=success  P rel.=-1.320428e-09  objective=-4.109090e+01  upper=-4.109090e+01  gap= 0.000000e+00  wall=0.000000e+00s  cpu=0.000000e+00s  provider=0  solves=0  iterations=0
  certificate  stage=STEP 5  complete  reason=step5_complete  wall=2.115781e-02s  cpu=2.115200e-02s  provider=20  solves=1  iterations=19

STEP 6
  certificate  stage=STEP 6  complete  reason=candidate_set  wall=7.660000e-06s  cpu=7.000000e-06s  provider=0  solves=0  iterations=0

STEP 8
  certificate  stage=STEP 8  complete  reason=unchanged_problem_67  wall=1.370000e-06s  cpu=2.000000e-06s  provider=0  solves=0  iterations=0

STEP 7
  certificate  stage=STEP 7  complete  reason=continue_stage_ii  wall=8.200000e-07s  cpu=1.000000e-06s  provider=0  solves=0  iterations=0

STEP 4
  STAGE II STEP 4  major=44  upper=-4.109090e+01  LP_primal= 0.000000e+00  LP_dual= 5.551115e-17  active_cuts=49  certified
  certificate  stage=STEP 4  complete  reason=step4_complete  wall=3.149890e-04s  cpu=3.160000e-04s  provider=0  solves=1  iterations=1

STEP 5
  certificate  stage=STEP 5 LOCAL  major=44  attempt=179  accepted  reason=success  P rel.= 5.559320e-14  objective=-3.824578e+01  upper=-4.109090e+01  gap=-2.845125e+00  wall=0.000000e+00s  cpu=0.000000e+00s  provider=0  solves=0  iterations=0
  certificate  stage=STEP 5 LOCAL  major=44  attempt=180  accepted  reason=success  P rel.= 6.019005e-14  objective=-3.824578e+01  upper=-4.109090e+01  gap=-2.845125e+00  wall=0.000000e+00s  cpu=0.000000e+00s  provider=0  solves=0  iterations=0
  certificate  stage=STEP 5 LOCAL  major=44  attempt=182  accepted  reason=success  P rel.= 5.889719e-14  objective=-3.824578e+01  upper=-4.109090e+01  gap=-2.845125e+00  wall=0.000000e+00s  cpu=0.000000e+00s  provider=0  solves=0  iterations=0
  certificate  stage=STEP 5 LOCAL  major=44  attempt=183  accepted  reason=success  P rel.= 5.128365e-14  objective=-3.824578e+01  upper=-4.109090e+01  gap=-2.845125e+00  wall=0.000000e+00s  cpu=0.000000e+00s  provider=0  solves=0  iterations=0
  certificate  stage=STEP 5 LOCAL  major=44  attempt=184  accepted  reason=success  P rel.= 3.921691e-14  objective=-3.824578e+01  upper=-4.109090e+01  gap=-2.845125e+00  wall=0.000000e+00s  cpu=0.000000e+00s  provider=0  solves=0  iterations=0
  certificate  stage=STEP 5 LOCAL  major=44  attempt=185  accepted  reason=success  P rel.=-3.235981e-08  objective=-4.111520e+01  upper=-4.109090e+01  gap= 2.429602e-02  wall=0.000000e+00s  cpu=0.000000e+00s  provider=0  solves=0  iterations=0
  certificate  stage=STEP 5  complete  reason=step5_complete  wall=1.665272e-01s  cpu=1.664710e-01s  provider=163  solves=7  iterations=146

STEP 6
  certificate  stage=STEP 6  complete  reason=candidate_set  wall=8.710000e-06s  cpu=9.000000e-06s  provider=0  solves=0  iterations=0

STEP 8
  certificate  stage=STEP 8  complete  reason=unchanged_problem_67  wall=1.460000e-06s  cpu=1.000000e-06s  provider=0  solves=0  iterations=0

STEP 7
  certificate  stage=STEP 7  complete  reason=continue_stage_ii  wall=8.200000e-07s  cpu=1.000000e-06s  provider=0  solves=0  iterations=0

STEP 4
  STAGE II STEP 4  major=45  upper=-4.110616e+01  LP_primal= 7.105427e-15  LP_dual= 2.081668e-17  active_cuts=50  certified
  certificate  stage=STEP 4  complete  reason=step4_complete  wall=3.292480e-04s  cpu=3.300000e-04s  provider=0  solves=1  iterations=1

STEP 5
  certificate  stage=STEP 5 LOCAL  major=45  attempt=186  accepted  reason=success  P rel.= 8.963865e-14  objective=-3.826101e+01  upper=-4.110616e+01  gap=-2.845144e+00  wall=0.000000e+00s  cpu=0.000000e+00s  provider=0  solves=0  iterations=0
  certificate  stage=STEP 5 LOCAL  major=45  attempt=187  accepted  reason=success  P rel.= 5.085269e-14  objective=-3.826101e+01  upper=-4.110616e+01  gap=-2.845144e+00  wall=0.000000e+00s  cpu=0.000000e+00s  provider=0  solves=0  iterations=0
  certificate  stage=STEP 5 LOCAL  major=45  attempt=188  accepted  reason=success  P rel.=-1.190850e-09  objective=-4.110827e+01  upper=-4.110616e+01  gap= 2.106701e-03  wall=0.000000e+00s  cpu=0.000000e+00s  provider=0  solves=0  iterations=0
  certificate  stage=STEP 5  complete  reason=step5_complete  wall=8.078158e-02s  cpu=8.077700e-02s  provider=77  solves=3  iterations=74

STEP 6
  certificate  stage=STEP 6  complete  reason=insufficient_candidates  wall=7.540000e-06s  cpu=7.000000e-06s  provider=0  solves=0  iterations=0

STEP 7
  certificate  stage=STEP 7  complete  reason=continue_stage_ii  wall=8.900000e-07s  cpu=1.000000e-06s  provider=0  solves=0  iterations=0

STEP 4
  STAGE II STEP 4  major=46  upper=-4.110666e+01  LP_primal= 0.000000e+00  LP_dual= 5.551115e-17  active_cuts=51  certified
  certificate  stage=STEP 4  complete  reason=step4_complete  wall=3.606380e-04s  cpu=3.610000e-04s  provider=0  solves=1  iterations=1

STEP 5
  certificate  stage=STEP 5 LOCAL  major=46  attempt=189  accepted  reason=success  P rel.= 4.208994e-14  objective=-3.826152e+01  upper=-4.110666e+01  gap=-2.845144e+00  wall=0.000000e+00s  cpu=0.000000e+00s  provider=0  solves=0  iterations=0
  certificate  stage=STEP 5 LOCAL  major=46  attempt=190  accepted  reason=success  P rel.= 5.243286e-14  objective=-3.826152e+01  upper=-4.110666e+01  gap=-2.845144e+00  wall=0.000000e+00s  cpu=0.000000e+00s  provider=0  solves=0  iterations=0
  certificate  stage=STEP 5 LOCAL  major=46  attempt=191  accepted  reason=success  P rel.= 2.528270e-13  objective=-3.826152e+01  upper=-4.110666e+01  gap=-2.845144e+00  wall=0.000000e+00s  cpu=0.000000e+00s  provider=0  solves=0  iterations=0
  certificate  stage=STEP 5 LOCAL  major=46  attempt=192  accepted  reason=success  P rel.= 4.036612e-14  objective=-3.826152e+01  upper=-4.110666e+01  gap=-2.845144e+00  wall=0.000000e+00s  cpu=0.000000e+00s  provider=0  solves=0  iterations=0
  certificate  stage=STEP 5 LOCAL  major=46  attempt=193  accepted  reason=success  P rel.= 4.036612e-14  objective=-3.826152e+01  upper=-4.110666e+01  gap=-2.845144e+00  wall=0.000000e+00s  cpu=0.000000e+00s  provider=0  solves=0  iterations=0
  certificate  stage=STEP 5 LOCAL  major=46  attempt=194  accepted  reason=success  P rel.=-1.199352e-09  objective=-4.110666e+01  upper=-4.110666e+01  gap= 7.504227e-07  wall=0.000000e+00s  cpu=0.000000e+00s  provider=0  solves=0  iterations=0
  certificate  stage=STEP 5  complete  reason=step5_complete  wall=1.583081e-01s  cpu=1.583090e-01s  provider=156  solves=6  iterations=136

STEP 6
  certificate  stage=STEP 6  complete  reason=insufficient_candidates  wall=6.740000e-06s  cpu=7.000000e-06s  provider=0  solves=0  iterations=0

STEP 7
  certificate  stage=STEP 7  complete  reason=continue_stage_ii  wall=8.100000e-07s  cpu=1.000000e-06s  provider=0  solves=0  iterations=0

STEP 4
  STAGE II STEP 4  major=47  upper=-4.110666e+01  LP_primal= 0.000000e+00  LP_dual= 2.775558e-17  active_cuts=52  certified
  certificate  stage=STEP 4  complete  reason=step4_complete  wall=3.558180e-04s  cpu=3.560000e-04s  provider=0  solves=1  iterations=1

STEP 5
  certificate  stage=STEP 5 LOCAL  major=47  attempt=195  accepted  reason=success  P rel.= 5.329477e-14  objective=-3.826152e+01  upper=-4.110666e+01  gap=-2.845144e+00  wall=0.000000e+00s  cpu=0.000000e+00s  provider=0  solves=0  iterations=0
  certificate  stage=STEP 5 LOCAL  major=47  attempt=196  accepted  reason=success  P rel.= 8.935135e-14  objective=-3.826152e+01  upper=-4.110666e+01  gap=-2.845144e+00  wall=0.000000e+00s  cpu=0.000000e+00s  provider=0  solves=0  iterations=0
  certificate  stage=STEP 5 LOCAL  major=47  attempt=197  accepted  reason=success  P rel.=-7.767244e-09  objective=-4.110666e+01  upper=-4.110666e+01  gap= 8.526513e-14  wall=0.000000e+00s  cpu=0.000000e+00s  provider=0  solves=0  iterations=0
  certificate  stage=STEP 5  complete  reason=step5_complete  wall=7.903086e-02s  cpu=7.902300e-02s  provider=78  solves=3  iterations=70

STEP 6
  certificate  stage=STEP 6  complete  reason=insufficient_candidates  wall=8.190000e-06s  cpu=8.000000e-06s  provider=0  solves=0  iterations=0

STEP 7
  certificate  stage=STEP 7  complete  reason=continue_stage_ii  wall=8.200000e-07s  cpu=1.000000e-06s  provider=0  solves=0  iterations=0

STEP 4
  STAGE II STEP 4  major=48  upper=-4.110666e+01  LP_primal= 8.526513e-14  LP_dual= 2.775558e-17  active_cuts=53  certified
  certificate  stage=STEP 4  complete  reason=step4_complete  wall=3.840980e-04s  cpu=3.850000e-04s  provider=0  solves=1  iterations=1

STEP 5
  certificate  stage=STEP 5 LOCAL  major=48  attempt=198  accepted  reason=success  P rel.=-3.362417e-08  objective=-4.111282e+01  upper=-4.110666e+01  gap= 6.158197e-03  wall=0.000000e+00s  cpu=0.000000e+00s  provider=0  solves=0  iterations=0
  certificate  stage=STEP 5  complete  reason=step5_complete  wall=2.738092e-02s  cpu=2.736600e-02s  provider=27  solves=1  iterations=24

STEP 6
  certificate  stage=STEP 6  complete  reason=candidate_set  wall=9.300000e-06s  cpu=9.000000e-06s  provider=0  solves=0  iterations=0

STEP 8
  certificate  stage=STEP 8  complete  reason=problem_67_infeasible  wall=2.272690e-04s  cpu=2.280000e-04s  provider=2  solves=1  iterations=0

STEP 7
  certificate  stage=STEP 7  complete  reason=continue_stage_ii  wall=1.130000e-06s  cpu=1.000000e-06s  provider=0  solves=0  iterations=0

STEP 4
  STAGE II STEP 4  major=49  upper=-4.110751e+01  LP_primal= 0.000000e+00  LP_dual= 2.081668e-17  active_cuts=54  certified
  certificate  stage=STEP 4  complete  reason=step4_complete  wall=3.315690e-04s  cpu=3.320000e-04s  provider=0  solves=1  iterations=1

STEP 5
  certificate  stage=STEP 5 LOCAL  major=49  attempt=199  accepted  reason=success  P rel.=-1.234473e-09  objective=-4.110765e+01  upper=-4.110751e+01  gap= 1.399637e-04  wall=0.000000e+00s  cpu=0.000000e+00s  provider=0  solves=0  iterations=0
  certificate  stage=STEP 5  complete  reason=step5_complete  wall=2.196376e-02s  cpu=2.196400e-02s  provider=22  solves=1  iterations=19

STEP 6
  certificate  stage=STEP 6  complete  reason=candidate_set  wall=9.470000e-06s  cpu=9.000000e-06s  provider=0  solves=0  iterations=0

STEP 8
  certificate  stage=STEP 8  complete  reason=problem_67_infeasible  wall=3.062880e-04s  cpu=3.070000e-04s  provider=4  solves=1  iterations=0

STEP 7
  certificate  stage=STEP 7  complete  reason=continue_stage_ii  wall=1.050000e-06s  cpu=1.000000e-06s  provider=0  solves=0  iterations=0

STEP 4
  STAGE II STEP 4  major=50  upper=-4.110754e+01  LP_primal= 7.105427e-15  LP_dual= 5.551115e-17  active_cuts=55  certified
  certificate  stage=STEP 4  complete  reason=step4_complete  wall=3.308380e-04s  cpu=3.310000e-04s  provider=0  solves=1  iterations=1

STEP 5
  certificate  stage=STEP 5 LOCAL  major=50  attempt=200  accepted  reason=success  P rel.= 6.694168e-14  objective=-3.825017e+01  upper=-4.110754e+01  gap=-2.857367e+00  wall=0.000000e+00s  cpu=0.000000e+00s  provider=0  solves=0  iterations=0
  certificate  stage=STEP 5 LOCAL  major=50  attempt=201  accepted  reason=success  P rel.=-1.252100e-09  objective=-4.110754e+01  upper=-4.110754e+01  gap= 3.815586e-09  wall=0.000000e+00s  cpu=0.000000e+00s  provider=0  solves=0  iterations=0
  certificate  stage=STEP 5  complete  reason=step5_complete  wall=5.162565e-02s  cpu=5.162600e-02s  provider=50  solves=2  iterations=45

STEP 6
  certificate  stage=STEP 6  complete  reason=candidate_set  wall=9.280000e-06s  cpu=9.000000e-06s  provider=0  solves=0  iterations=0

STEP 8
  certificate  stage=STEP 8  complete  reason=unchanged_problem_67  wall=1.610000e-06s  cpu=1.000000e-06s  provider=0  solves=0  iterations=0

STEP 7
  certificate  stage=STEP 7  complete  reason=continue_stage_ii  wall=9.200000e-07s  cpu=1.000000e-06s  provider=0  solves=0  iterations=0

STEP 4
  STAGE II STEP 4  major=51  upper=-4.110754e+01  LP_primal= 7.105427e-15  LP_dual= 2.775558e-17  active_cuts=56  certified
  certificate  stage=STEP 4  complete  reason=step4_complete  wall=3.860580e-04s  cpu=3.860000e-04s  provider=0  solves=1  iterations=1

STEP 5
  certificate  stage=STEP 5 LOCAL  major=51  attempt=202  accepted  reason=success  P rel.= 7.139489e-14  objective=-3.825017e+01  upper=-4.110754e+01  gap=-2.857367e+00  wall=0.000000e+00s  cpu=0.000000e+00s  provider=0  solves=0  iterations=0
  certificate  stage=STEP 5 LOCAL  major=51  attempt=203  accepted  reason=success  P rel.= 6.431286e-13  objective=-3.825017e+01  upper=-4.110754e+01  gap=-2.857367e+00  wall=0.000000e+00s  cpu=0.000000e+00s  provider=0  solves=0  iterations=0
  certificate  stage=STEP 5 LOCAL  major=51  attempt=204  accepted  reason=success  P rel.= 8.288702e-14  objective=-3.825017e+01  upper=-4.110754e+01  gap=-2.857367e+00  wall=0.000000e+00s  cpu=0.000000e+00s  provider=0  solves=0  iterations=0
  certificate  stage=STEP 5 LOCAL  major=51  attempt=206  accepted  reason=success  P rel.= 5.300747e-14  objective=-3.825017e+01  upper=-4.110754e+01  gap=-2.857367e+00  wall=0.000000e+00s  cpu=0.000000e+00s  provider=0  solves=0  iterations=0
  certificate  stage=STEP 5 LOCAL  major=51  attempt=207  accepted  reason=success  P rel.= 4.266455e-14  objective=-3.825017e+01  upper=-4.110754e+01  gap=-2.857367e+00  wall=0.000000e+00s  cpu=0.000000e+00s  provider=0  solves=0  iterations=0
  certificate  stage=STEP 5 LOCAL  major=51  attempt=208  accepted  reason=success  P rel.=-6.950277e-08  objective=-4.110907e+01  upper=-4.110754e+01  gap= 1.528915e-03  wall=0.000000e+00s  cpu=0.000000e+00s  provider=0  solves=0  iterations=0
  certificate  stage=STEP 5  complete  reason=step5_complete  wall=1.509537e-01s  cpu=1.509120e-01s  provider=149  solves=7  iterations=138

STEP 6
  certificate  stage=STEP 6  complete  reason=candidate_set  wall=1.160000e-05s  cpu=1.100000e-05s  provider=0  solves=0  iterations=0

STEP 8
  certificate  stage=STEP 8  complete  reason=problem_67_infeasible  wall=3.816080e-04s  cpu=3.820000e-04s  provider=5  solves=1  iterations=0

STEP 7
  certificate  stage=STEP 7  complete  reason=continue_stage_ii  wall=1.060000e-06s  cpu=1.000000e-06s  provider=0  solves=0  iterations=0

STEP 4
  STAGE II STEP 4  major=52  upper=-4.110817e+01  LP_primal= 7.105427e-15  LP_dual= 1.387779e-17  active_cuts=57  certified
  certificate  stage=STEP 4  complete  reason=step4_complete  wall=3.420780e-04s  cpu=3.420000e-04s  provider=0  solves=1  iterations=1

STEP 5
  certificate  stage=STEP 5 LOCAL  major=52  attempt=209  accepted  reason=success  P rel.= 1.528454e-13  objective=-3.824476e+01  upper=-4.110817e+01  gap=-2.863416e+00  wall=0.000000e+00s  cpu=0.000000e+00s  provider=0  solves=0  iterations=0
  certificate  stage=STEP 5 LOCAL  major=52  attempt=210  accepted  reason=success  P rel.=-1.271553e-09  objective=-4.110830e+01  upper=-4.110817e+01  gap= 1.274877e-04  wall=0.000000e+00s  cpu=0.000000e+00s  provider=0  solves=0  iterations=0
  certificate  stage=STEP 5  complete  reason=step5_complete  wall=5.503967e-02s  cpu=5.504100e-02s  provider=52  solves=2  iterations=46

STEP 6
  certificate  stage=STEP 6  complete  reason=candidate_set  wall=1.795000e-05s  cpu=1.800000e-05s  provider=0  solves=0  iterations=0

STEP 8
  certificate  stage=STEP 8  complete  reason=step8_complete  wall=1.194204e-01s  cpu=1.194230e-01s  provider=282  solves=2  iterations=18

STEP 9
  certificate  stage=STEP 9  failed  objective=-4.110829e+01  upper=-4.110817e+01  gap= 1.194702e-04  wall=0.000000e+00s  cpu=0.000000e+00s  provider=0  solves=0  iterations=0
  certificate  stage=STEP 9  complete  reason=paper_free_energy_convergence_failed  wall=2.273398e-03s  cpu=2.273000e-03s  provider=3  solves=0  iterations=0

STEP 7
  certificate  stage=STEP 7  complete  reason=continue_stage_ii  wall=1.280000e-06s  cpu=2.000000e-06s  provider=0  solves=0  iterations=0

STEP 4
  STAGE II STEP 4  major=53  upper=-4.110820e+01  LP_primal= 0.000000e+00  LP_dual= 5.551115e-17  active_cuts=58  certified
  certificate  stage=STEP 4  complete  reason=step4_complete  wall=3.695080e-04s  cpu=3.700000e-04s  provider=0  solves=1  iterations=1

STEP 5
  certificate  stage=STEP 5 LOCAL  major=53  attempt=211  accepted  reason=success  P rel.= 4.539393e-14  objective=-3.824479e+01  upper=-4.110820e+01  gap=-2.863416e+00  wall=0.000000e+00s  cpu=0.000000e+00s  provider=0  solves=0  iterations=0
  certificate  stage=STEP 5 LOCAL  major=53  attempt=212  accepted  reason=success  P rel.= 6.363769e-14  objective=-3.824479e+01  upper=-4.110820e+01  gap=-2.863416e+00  wall=0.000000e+00s  cpu=0.000000e+00s  provider=0  solves=0  iterations=0
  certificate  stage=STEP 5 LOCAL  major=53  attempt=213  accepted  reason=success  P rel.= 3.907326e-14  objective=-3.824479e+01  upper=-4.110820e+01  gap=-2.863416e+00  wall=0.000000e+00s  cpu=0.000000e+00s  provider=0  solves=0  iterations=0
  certificate  stage=STEP 5 LOCAL  major=53  attempt=214  accepted  reason=success  P rel.= 4.481932e-14  objective=-3.824479e+01  upper=-4.110820e+01  gap=-2.863416e+00  wall=0.000000e+00s  cpu=0.000000e+00s  provider=0  solves=0  iterations=0
  certificate  stage=STEP 5 LOCAL  major=53  attempt=215  accepted  reason=success  P rel.= 6.363769e-14  objective=-3.824479e+01  upper=-4.110820e+01  gap=-2.863416e+00  wall=0.000000e+00s  cpu=0.000000e+00s  provider=0  solves=0  iterations=0
  certificate  stage=STEP 5 LOCAL  major=53  attempt=216  accepted  reason=success  P rel.= 6.521786e-14  objective=-3.824479e+01  upper=-4.110820e+01  gap=-2.863416e+00  wall=0.000000e+00s  cpu=0.000000e+00s  provider=0  solves=0  iterations=0
  certificate  stage=STEP 5 LOCAL  major=53  attempt=217  accepted  reason=success  P rel.= 2.200744e-13  objective=-3.824479e+01  upper=-4.110820e+01  gap=-2.863416e+00  wall=0.000000e+00s  cpu=0.000000e+00s  provider=0  solves=0  iterations=0
  certificate  stage=STEP 5 LOCAL  major=53  attempt=218  accepted  reason=success  P rel.= 2.715017e-14  objective=-3.824479e+01  upper=-4.110820e+01  gap=-2.863416e+00  wall=0.000000e+00s  cpu=0.000000e+00s  provider=0  solves=0  iterations=0
  certificate  stage=STEP 5 LOCAL  major=53  attempt=219  accepted  reason=success  P rel.= 4.252090e-14  objective=-3.824479e+01  upper=-4.110820e+01  gap=-2.863416e+00  wall=0.000000e+00s  cpu=0.000000e+00s  provider=0  solves=0  iterations=0
  certificate  stage=STEP 5 LOCAL  major=53  attempt=220  accepted  reason=success  P rel.= 6.464326e-14  objective=-3.824479e+01  upper=-4.110820e+01  gap=-2.863416e+00  wall=0.000000e+00s  cpu=0.000000e+00s  provider=0  solves=0  iterations=0
  certificate  stage=STEP 5 LOCAL  major=53  attempt=221  accepted  reason=success  P rel.= 1.127666e-13  objective=-3.824479e+01  upper=-4.110820e+01  gap=-2.863416e+00  wall=0.000000e+00s  cpu=0.000000e+00s  provider=0  solves=0  iterations=0
  certificate  stage=STEP 5 LOCAL  major=53  attempt=222  accepted  reason=success  P rel.= 5.039301e-13  objective=-3.824479e+01  upper=-4.110820e+01  gap=-2.863416e+00  wall=0.000000e+00s  cpu=0.000000e+00s  provider=0  solves=0  iterations=0
  certificate  stage=STEP 5 LOCAL  major=53  attempt=223  accepted  reason=success  P rel.= 3.907326e-14  objective=-3.824479e+01  upper=-4.110820e+01  gap=-2.863416e+00  wall=0.000000e+00s  cpu=0.000000e+00s  provider=0  solves=0  iterations=0
  certificate  stage=STEP 5 LOCAL  major=53  attempt=224  accepted  reason=success  P rel.= 1.739622e-13  objective=-3.824479e+01  upper=-4.110820e+01  gap=-2.863416e+00  wall=0.000000e+00s  cpu=0.000000e+00s  provider=0  solves=0  iterations=0
  certificate  stage=STEP 5 LOCAL  major=53  attempt=225  accepted  reason=success  P rel.= 3.907326e-14  objective=-3.824479e+01  upper=-4.110820e+01  gap=-2.863416e+00  wall=0.000000e+00s  cpu=0.000000e+00s  provider=0  solves=0  iterations=0
  certificate  stage=STEP 5 LOCAL  major=53  attempt=226  accepted  reason=success  P rel.= 3.303989e-14  objective=-3.824479e+01  upper=-4.110820e+01  gap=-2.863416e+00  wall=0.000000e+00s  cpu=0.000000e+00s  provider=0  solves=0  iterations=0
  certificate  stage=STEP 5 LOCAL  major=53  attempt=228  accepted  reason=success  P rel.= 6.363769e-14  objective=-3.824479e+01  upper=-4.110820e+01  gap=-2.863416e+00  wall=0.000000e+00s  cpu=0.000000e+00s  provider=0  solves=0  iterations=0
  certificate  stage=STEP 5 LOCAL  major=53  attempt=229  accepted  reason=success  P rel.= 6.521786e-14  objective=-3.824479e+01  upper=-4.110820e+01  gap=-2.863416e+00  wall=0.000000e+00s  cpu=0.000000e+00s  provider=0  solves=0  iterations=0
  certificate  stage=STEP 5 LOCAL  major=53  attempt=230  accepted  reason=success  P rel.= 6.363769e-14  objective=-3.824479e+01  upper=-4.110820e+01  gap=-2.863416e+00  wall=0.000000e+00s  cpu=0.000000e+00s  provider=0  solves=0  iterations=0
  certificate  stage=STEP 5 LOCAL  major=53  attempt=231  accepted  reason=success  P rel.= 6.464326e-14  objective=-3.824479e+01  upper=-4.110820e+01  gap=-2.863416e+00  wall=0.000000e+00s  cpu=0.000000e+00s  provider=0  solves=0  iterations=0
  certificate  stage=STEP 5 LOCAL  major=53  attempt=232  accepted  reason=success  P rel.= 4.898522e-14  objective=-3.824479e+01  upper=-4.110820e+01  gap=-2.863416e+00  wall=0.000000e+00s  cpu=0.000000e+00s  provider=0  solves=0  iterations=0
  certificate  stage=STEP 5 LOCAL  major=53  attempt=233  accepted  reason=success  P rel.= 3.907326e-14  objective=-3.824479e+01  upper=-4.110820e+01  gap=-2.863416e+00  wall=0.000000e+00s  cpu=0.000000e+00s  provider=0  solves=0  iterations=0
  certificate  stage=STEP 5 LOCAL  major=53  attempt=235  accepted  reason=success  P rel.= 9.006960e-14  objective=-3.824479e+01  upper=-4.110820e+01  gap=-2.863416e+00  wall=0.000000e+00s  cpu=0.000000e+00s  provider=0  solves=0  iterations=0
  certificate  stage=STEP 5 LOCAL  major=53  attempt=236  accepted  reason=success  P rel.= 2.413348e-14  objective=-3.824479e+01  upper=-4.110820e+01  gap=-2.863416e+00  wall=0.000000e+00s  cpu=0.000000e+00s  provider=0  solves=0  iterations=0
  certificate  stage=STEP 5 LOCAL  major=53  attempt=237  accepted  reason=success  P rel.= 2.413348e-14  objective=-3.824479e+01  upper=-4.110820e+01  gap=-2.863416e+00  wall=0.000000e+00s  cpu=0.000000e+00s  provider=0  solves=0  iterations=0
  certificate  stage=STEP 5 LOCAL  major=53  attempt=238  accepted  reason=success  P rel.= 5.115436e-13  objective=-3.824479e+01  upper=-4.110820e+01  gap=-2.863416e+00  wall=0.000000e+00s  cpu=0.000000e+00s  provider=0  solves=0  iterations=0
  certificate  stage=STEP 5 LOCAL  major=53  attempt=239  accepted  reason=success  P rel.= 6.464326e-14  objective=-3.824479e+01  upper=-4.110820e+01  gap=-2.863416e+00  wall=0.000000e+00s  cpu=0.000000e+00s  provider=0  solves=0  iterations=0
  certificate  stage=STEP 5 LOCAL  major=53  attempt=240  accepted  reason=success  P rel.=-1.259400e-09  objective=-4.110820e+01  upper=-4.110820e+01  gap= 3.402882e-09  wall=0.000000e+00s  cpu=0.000000e+00s  provider=0  solves=0  iterations=0
  certificate  stage=STEP 5  complete  reason=step5_complete  wall=7.316580e-01s  cpu=7.315790e-01s  provider=693  solves=30  iterations=650

STEP 6
  certificate  stage=STEP 6  complete  reason=candidate_set  wall=1.274000e-05s  cpu=1.200000e-05s  provider=0  solves=0  iterations=0

STEP 8
  certificate  stage=STEP 8  complete  reason=unchanged_problem_67  wall=2.010000e-06s  cpu=2.000000e-06s  provider=0  solves=0  iterations=0

STEP 9
  certificate  stage=STEP 9  failed  objective=-4.110829e+01  upper=-4.110820e+01  gap= 8.781696e-05  wall=0.000000e+00s  cpu=0.000000e+00s  provider=0  solves=0  iterations=0
  certificate  stage=STEP 9  complete  reason=paper_potential_convergence_failed  wall=2.315187e-03s  cpu=2.315000e-03s  provider=3  solves=0  iterations=0

STEP 7
  certificate  stage=STEP 7  complete  reason=continue_stage_ii  wall=9.300000e-07s  cpu=1.000000e-06s  provider=0  solves=0  iterations=0

STEP 4
  STAGE II STEP 4  major=54  upper=-4.110820e+01  LP_primal= 7.105427e-15  LP_dual= 5.551115e-17  active_cuts=59  certified
  certificate  stage=STEP 4  complete  reason=step4_complete  wall=4.190880e-04s  cpu=4.200000e-04s  provider=0  solves=1  iterations=1

STEP 5
  certificate  stage=STEP 5 LOCAL  major=54  attempt=241  accepted  reason=success  P rel.= 7.053298e-14  objective=-3.824479e+01  upper=-4.110820e+01  gap=-2.863416e+00  wall=0.000000e+00s  cpu=0.000000e+00s  provider=0  solves=0  iterations=0
  certificate  stage=STEP 5 LOCAL  major=54  attempt=242  accepted  reason=success  P rel.= 2.174886e-13  objective=-3.824479e+01  upper=-4.110820e+01  gap=-2.863416e+00  wall=0.000000e+00s  cpu=0.000000e+00s  provider=0  solves=0  iterations=0
  certificate  stage=STEP 5 LOCAL  major=54  attempt=243  accepted  reason=success  P rel.=-1.270751e-09  objective=-4.110820e+01  upper=-4.110820e+01  gap= 7.105427e-15  wall=0.000000e+00s  cpu=0.000000e+00s  provider=0  solves=0  iterations=0
  certificate  stage=STEP 5  complete  reason=step5_complete  wall=7.656091e-02s  cpu=7.654100e-02s  provider=73  solves=3  iterations=66

STEP 6
  certificate  stage=STEP 6  complete  reason=candidate_set  wall=1.084000e-05s  cpu=1.100000e-05s  provider=0  solves=0  iterations=0

STEP 8
  certificate  stage=STEP 8  complete  reason=unchanged_problem_67  wall=1.610000e-06s  cpu=1.000000e-06s  provider=0  solves=0  iterations=0

STEP 9
  certificate  stage=STEP 9  failed  objective=-4.110829e+01  upper=-4.110820e+01  gap= 8.781612e-05  wall=0.000000e+00s  cpu=0.000000e+00s  provider=0  solves=0  iterations=0
  certificate  stage=STEP 9  complete  reason=paper_potential_convergence_failed  wall=2.243017e-03s  cpu=2.243000e-03s  provider=3  solves=0  iterations=0

STEP 7
  certificate  stage=STEP 7  complete  reason=continue_stage_ii  wall=8.900000e-07s  cpu=0.000000e+00s  provider=0  solves=0  iterations=0

STEP 4
  STAGE II STEP 4  major=55  upper=-4.110820e+01  LP_primal= 7.105427e-15  LP_dual= 2.775558e-17  active_cuts=60  certified
  certificate  stage=STEP 4  complete  reason=step4_complete  wall=3.695270e-04s  cpu=3.700000e-04s  provider=0  solves=1  iterations=1

STEP 5
  certificate  stage=STEP 5 LOCAL  major=55  attempt=244  accepted  reason=success  P rel.= 2.903200e-13  objective=-3.824479e+01  upper=-4.110820e+01  gap=-2.863416e+00  wall=0.000000e+00s  cpu=0.000000e+00s  provider=0  solves=0  iterations=0
  certificate  stage=STEP 5 LOCAL  major=55  attempt=245  accepted  reason=success  P rel.= 3.993517e-14  objective=-3.824479e+01  upper=-4.110820e+01  gap=-2.863416e+00  wall=0.000000e+00s  cpu=0.000000e+00s  provider=0  solves=0  iterations=0
  certificate  stage=STEP 5 LOCAL  major=55  attempt=246  accepted  reason=success  P rel.= 5.243286e-14  objective=-3.824479e+01  upper=-4.110820e+01  gap=-2.863416e+00  wall=0.000000e+00s  cpu=0.000000e+00s  provider=0  solves=0  iterations=0
  certificate  stage=STEP 5 LOCAL  major=55  attempt=247  accepted  reason=success  P rel.= 3.045416e-14  objective=-3.824479e+01  upper=-4.110820e+01  gap=-2.863416e+00  wall=0.000000e+00s  cpu=0.000000e+00s  provider=0  solves=0  iterations=0
  certificate  stage=STEP 5 LOCAL  major=55  attempt=248  accepted  reason=success  P rel.=-3.260660e-08  objective=-4.110859e+01  upper=-4.110820e+01  gap= 3.809301e-04  wall=0.000000e+00s  cpu=0.000000e+00s  provider=0  solves=0  iterations=0
  certificate  stage=STEP 5  complete  reason=step5_complete  wall=1.363517e-01s  cpu=1.363400e-01s  provider=131  solves=5  iterations=115

STEP 6
  certificate  stage=STEP 6  complete  reason=candidate_set  wall=1.153000e-05s  cpu=1.100000e-05s  provider=0  solves=0  iterations=0

STEP 8
  certificate  stage=STEP 8  complete  reason=step8_complete  wall=1.252048e-01s  cpu=1.251770e-01s  provider=278  solves=2  iterations=28

STEP 9
  certificate  stage=STEP 9  failed  objective=-4.110845e+01  upper=-4.110820e+01  gap= 2.482755e-04  wall=0.000000e+00s  cpu=0.000000e+00s  provider=0  solves=0  iterations=0
  certificate  stage=STEP 9  complete  reason=paper_free_energy_convergence_failed  wall=2.400437e-03s  cpu=2.401000e-03s  provider=3  solves=0  iterations=0

STEP 7
  certificate  stage=STEP 7  complete  reason=continue_stage_ii  wall=1.100000e-06s  cpu=1.000000e-06s  provider=0  solves=0  iterations=0

STEP 4
  STAGE II STEP 4  major=56  upper=-4.110842e+01  LP_primal= 0.000000e+00  LP_dual= 1.387779e-17  active_cuts=61  certified
  certificate  stage=STEP 4  complete  reason=step4_complete  wall=3.776280e-04s  cpu=3.780000e-04s  provider=0  solves=1  iterations=1

STEP 5
  certificate  stage=STEP 5 LOCAL  major=56  attempt=249  accepted  reason=success  P rel.= 4.122803e-14  objective=-3.824726e+01  upper=-4.110842e+01  gap=-2.861160e+00  wall=0.000000e+00s  cpu=0.000000e+00s  provider=0  solves=0  iterations=0
  certificate  stage=STEP 5 LOCAL  major=56  attempt=250  accepted  reason=success  P rel.= 5.228921e-14  objective=-3.824726e+01  upper=-4.110842e+01  gap=-2.861160e+00  wall=0.000000e+00s  cpu=0.000000e+00s  provider=0  solves=0  iterations=0
  certificate  stage=STEP 5 LOCAL  major=56  attempt=251  accepted  reason=success  P rel.= 5.458764e-14  objective=-3.824726e+01  upper=-4.110842e+01  gap=-2.861160e+00  wall=0.000000e+00s  cpu=0.000000e+00s  provider=0  solves=0  iterations=0
  certificate  stage=STEP 5 LOCAL  major=56  attempt=253  accepted  reason=success  P rel.= 6.464326e-13  objective=-3.824726e+01  upper=-4.110842e+01  gap=-2.861160e+00  wall=0.000000e+00s  cpu=0.000000e+00s  provider=0  solves=0  iterations=0
  certificate  stage=STEP 5 LOCAL  major=56  attempt=254  accepted  reason=success  P rel.=-1.247070e-09  objective=-4.110847e+01  upper=-4.110842e+01  gap= 5.002726e-05  wall=0.000000e+00s  cpu=0.000000e+00s  provider=0  solves=0  iterations=0
  certificate  stage=STEP 5  complete  reason=step5_complete  wall=1.289047e-01s  cpu=1.288950e-01s  provider=124  solves=6  iterations=113

STEP 6
  certificate  stage=STEP 6  complete  reason=candidate_set  wall=1.329900e-05s  cpu=1.300000e-05s  provider=0  solves=0  iterations=0

STEP 8
  certificate  stage=STEP 8  complete  reason=step8_complete  wall=8.255915e-02s  cpu=8.256100e-02s  provider=183  solves=1  iterations=22

STEP 9
  certificate  stage=STEP 9  failed  objective=-4.110845e+01  upper=-4.110842e+01  gap= 3.729549e-05  wall=0.000000e+00s  cpu=0.000000e+00s  provider=0  solves=0  iterations=0
  certificate  stage=STEP 9  complete  reason=paper_potential_convergence_failed  wall=2.368947e-03s  cpu=2.369000e-03s  provider=3  solves=0  iterations=0

STEP 7
  certificate  stage=STEP 7  complete  reason=continue_stage_ii  wall=1.080000e-06s  cpu=1.000000e-06s  provider=0  solves=0  iterations=0

STEP 4
  STAGE II STEP 4  major=57  upper=-4.110843e+01  LP_primal= 0.000000e+00  LP_dual= 2.775558e-17  active_cuts=62  certified
  certificate  stage=STEP 4  complete  reason=step4_complete  wall=4.116080e-04s  cpu=4.120000e-04s  provider=0  solves=1  iterations=1

STEP 5
  certificate  stage=STEP 5 LOCAL  major=57  attempt=255  accepted  reason=success  P rel.=-1.231847e-09  objective=-4.110843e+01  upper=-4.110843e+01  gap= 5.046346e-10  wall=0.000000e+00s  cpu=0.000000e+00s  provider=0  solves=0  iterations=0
  certificate  stage=STEP 5  complete  reason=step5_complete  wall=2.439692e-02s  cpu=2.439900e-02s  provider=22  solves=1  iterations=19

STEP 6
  certificate  stage=STEP 6  complete  reason=candidate_set  wall=1.767000e-05s  cpu=1.700000e-05s  provider=0  solves=0  iterations=0

STEP 8
  certificate  stage=STEP 8  complete  reason=step8_complete  wall=8.361904e-02s  cpu=8.362100e-02s  provider=183  solves=1  iterations=22

STEP 9
  certificate  stage=STEP 9  failed  objective=-4.110845e+01  upper=-4.110843e+01  gap= 2.497462e-05  wall=0.000000e+00s  cpu=0.000000e+00s  provider=0  solves=0  iterations=0
  certificate  stage=STEP 9  complete  reason=paper_potential_convergence_failed  wall=2.382606e-03s  cpu=2.383000e-03s  provider=3  solves=0  iterations=0

STEP 7
  certificate  stage=STEP 7  complete  reason=continue_stage_ii  wall=1.570000e-06s  cpu=2.000000e-06s  provider=0  solves=0  iterations=0

STEP 4
  STAGE II STEP 4  major=58  upper=-4.110843e+01  LP_primal= 0.000000e+00  LP_dual= 2.775558e-17  active_cuts=63  certified
  certificate  stage=STEP 4  complete  reason=step4_complete  wall=4.577070e-04s  cpu=4.580000e-04s  provider=0  solves=1  iterations=1

STEP 5
  certificate  stage=STEP 5 LOCAL  major=58  attempt=258  accepted  reason=success  P rel.= 2.801208e-14  objective=-3.824727e+01  upper=-4.110843e+01  gap=-2.861160e+00  wall=0.000000e+00s  cpu=0.000000e+00s  provider=0  solves=0  iterations=0
  certificate  stage=STEP 5 LOCAL  major=58  attempt=259  accepted  reason=success  P rel.= 2.758112e-14  objective=-3.824727e+01  upper=-4.110843e+01  gap=-2.861160e+00  wall=0.000000e+00s  cpu=0.000000e+00s  provider=0  solves=0  iterations=0
  certificate  stage=STEP 5 LOCAL  major=58  attempt=260  accepted  reason=success  P rel.=-1.577670e-09  objective=-4.110843e+01  upper=-4.110843e+01  gap= 7.105427e-15  wall=0.000000e+00s  cpu=0.000000e+00s  provider=0  solves=0  iterations=0
  certificate  stage=STEP 5  complete  reason=step5_complete  wall=7.784139e-02s  cpu=7.784200e-02s  provider=74  solves=5  iterations=65

STEP 6
  certificate  stage=STEP 6  complete  reason=candidate_set  wall=1.681000e-05s  cpu=1.700000e-05s  provider=0  solves=0  iterations=0

STEP 8
  certificate  stage=STEP 8  complete  reason=step8_complete  wall=8.171799e-02s  cpu=8.171900e-02s  provider=183  solves=1  iterations=22

STEP 9
  certificate  stage=STEP 9  failed  objective=-4.110845e+01  upper=-4.110843e+01  gap= 2.497450e-05  wall=0.000000e+00s  cpu=0.000000e+00s  provider=0  solves=0  iterations=0
  certificate  stage=STEP 9  complete  reason=paper_potential_convergence_failed  wall=2.308567e-03s  cpu=2.309000e-03s  provider=3  solves=0  iterations=0

STEP 7
  certificate  stage=STEP 7  complete  reason=continue_stage_ii  wall=1.060000e-06s  cpu=1.000000e-06s  provider=0  solves=0  iterations=0

STEP 4
  STAGE II STEP 4  major=59  upper=-4.110843e+01  LP_primal= 0.000000e+00  LP_dual= 5.551115e-17  active_cuts=64  certified
  certificate  stage=STEP 4  complete  reason=step4_complete  wall=4.356870e-04s  cpu=4.360000e-04s  provider=0  solves=1  iterations=1

STEP 5
  certificate  stage=STEP 5 LOCAL  major=59  attempt=261  accepted  reason=success  P rel.=-1.338019e-07  objective=-4.110852e+01  upper=-4.110843e+01  gap= 9.539749e-05  wall=0.000000e+00s  cpu=0.000000e+00s  provider=0  solves=0  iterations=0
  certificate  stage=STEP 5  complete  reason=step5_complete  wall=3.021278e-02s  cpu=3.021400e-02s  provider=28  solves=1  iterations=27

STEP 6
  certificate  stage=STEP 6  complete  reason=candidate_set  wall=1.554000e-05s  cpu=1.500000e-05s  provider=0  solves=0  iterations=0

STEP 8
  certificate  stage=STEP 8  indeterminate  reason=problem_67_not_converged  wall=5.178604e-01s  cpu=5.177970e-01s  provider=2179  solves=2  iterations=125
