HELD2.0  case=installed-held2-paper-rewrite  T=2.981500e+02 K  P=1.013000e+05 Pa

STEP 1
  certificate  stage=STEP 1  complete  reason=step1_complete  wall=2.416000e-05s  cpu=2.300000e-05s  provider=1  solves=0  iterations=0

STEP 2

REFERENCE PRESSURE ROOTS
  root   0  V= 3.070575e-05  P rel.=-4.582718e-09  G/RT=-5.632378e+01  strict_stable
  root   1  V= 8.705398e-04  P rel.=-1.331862e-10  G/RT=-5.194991e+01  unstable
  root   2  V= 1.851214e-02  P rel.= 2.392582e-10  G/RT=-5.267072e+01  strict_stable
  selected root 0  status=selected
  eval     1  TPD=-1.621368e-01  P rel.= 2.232178e-09  V= 4.684854e-05  certified
  certificate  stage=STEP 2  complete  reason=negative_tpd_witness  wall=4.122829e-01s  cpu=4.122800e-01s  provider=548  solves=1  iterations=1

STEP 3
  certificate  stage=STEP 3  complete  reason=step3_complete  wall=8.062989e-01s  cpu=8.062430e-01s  provider=4  solves=0  iterations=0

STEP 4
  STAGE II STEP 4  major=0  upper=-5.632992e+01  LP_primal= 0.000000e+00  LP_dual= 1.387779e-17  active_cuts=5  certified
  certificate  stage=STEP 4  complete  reason=step4_complete  wall=4.143280e-04s  cpu=4.150000e-04s  provider=0  solves=1  iterations=1

STEP 5
  certificate  stage=STEP 5 LOCAL  major=0  attempt=0  accepted  reason=success  P rel.=-9.687962e-04  objective=-5.751006e+01  upper=-5.632992e+01  gap= 1.180143e+00  wall=0.000000e+00s  cpu=0.000000e+00s  provider=0  solves=0  iterations=0
  certificate  stage=STEP 5  complete  reason=step5_complete  wall=2.428421e-02s  cpu=2.426800e-02s  provider=151  solves=1  iterations=20

STEP 6
  certificate  stage=STEP 6  complete  reason=candidate_set  wall=3.970000e-06s  cpu=3.000000e-06s  provider=0  solves=0  iterations=0

STEP 8
  certificate  stage=STEP 8  complete  reason=step8_complete  wall=6.152377e-02s  cpu=6.152500e-02s  provider=132  solves=2  iterations=14

STEP 9
  certificate  stage=STEP 9  failed  objective=-5.633260e+01  upper=-5.632992e+01  gap= 2.687343e-03  wall=0.000000e+00s  cpu=0.000000e+00s  provider=0  solves=0  iterations=0
  certificate  stage=STEP 9  complete  reason=paper_free_energy_convergence_failed  wall=1.648610e-03s  cpu=1.648000e-03s  provider=2  solves=0  iterations=0

STEP 7
  certificate  stage=STEP 7  complete  reason=continue_stage_ii  wall=1.040000e-06s  cpu=1.000000e-06s  provider=0  solves=0  iterations=0

STEP 4
  STAGE II STEP 4  major=1  upper=-5.636155e+01  LP_primal= 0.000000e+00  LP_dual= 4.510281e-17  active_cuts=6  certified
  certificate  stage=STEP 4  complete  reason=step4_complete  wall=2.090180e-04s  cpu=2.090000e-04s  provider=0  solves=1  iterations=1

STEP 5
  certificate  stage=STEP 5 LOCAL  major=1  attempt=1  accepted  reason=success  P rel.=-9.573927e-08  objective=-5.662406e+01  upper=-5.636155e+01  gap= 2.625184e-01  wall=0.000000e+00s  cpu=0.000000e+00s  provider=0  solves=0  iterations=0
  certificate  stage=STEP 5  complete  reason=step5_complete  wall=2.480534e-02s  cpu=2.480600e-02s  provider=24  solves=1  iterations=21

STEP 6
  certificate  stage=STEP 6  complete  reason=candidate_set  wall=3.540000e-06s  cpu=3.000000e-06s  provider=0  solves=0  iterations=0

STEP 8
  certificate  stage=STEP 8  complete  reason=problem_67_infeasible  wall=1.011690e-04s  cpu=1.010000e-04s  provider=2  solves=1  iterations=0

STEP 7
  certificate  stage=STEP 7  complete  reason=continue_stage_ii  wall=1.050000e-06s  cpu=1.000000e-06s  provider=0  solves=0  iterations=0

STEP 4
  STAGE II STEP 4  major=2  upper=-5.646979e+01  LP_primal= 0.000000e+00  LP_dual= 1.110223e-16  active_cuts=7  certified
  certificate  stage=STEP 4  complete  reason=step4_complete  wall=2.589790e-04s  cpu=2.600000e-04s  provider=0  solves=1  iterations=1

STEP 5
  certificate  stage=STEP 5 LOCAL  major=2  attempt=2  accepted  reason=success  P rel.= 6.636708e-14  objective=-5.362301e+01  upper=-5.646979e+01  gap=-2.846780e+00  wall=0.000000e+00s  cpu=0.000000e+00s  provider=0  solves=0  iterations=0
  certificate  stage=STEP 5 LOCAL  major=2  attempt=3  accepted  reason=success  P rel.= 4.309550e-14  objective=-5.362301e+01  upper=-5.646979e+01  gap=-2.846780e+00  wall=0.000000e+00s  cpu=0.000000e+00s  provider=0  solves=0  iterations=0
  certificate  stage=STEP 5 LOCAL  major=2  attempt=4  accepted  reason=success  P rel.=-1.183016e-09  objective=-5.675015e+01  upper=-5.646979e+01  gap= 2.803591e-01  wall=0.000000e+00s  cpu=0.000000e+00s  provider=0  solves=0  iterations=0
  certificate  stage=STEP 5  complete  reason=step5_complete  wall=6.978284e-02s  cpu=6.978300e-02s  provider=66  solves=3  iterations=63

STEP 6
  certificate  stage=STEP 6  complete  reason=candidate_set  wall=3.890000e-06s  cpu=4.000000e-06s  provider=0  solves=0  iterations=0

STEP 8
  certificate  stage=STEP 8  complete  reason=step8_complete  wall=4.748778e-02s  cpu=4.747700e-02s  provider=96  solves=1  iterations=12

STEP 9
  certificate  stage=STEP 9  failed  objective=-5.647060e+01  upper=-5.646979e+01  gap= 8.138436e-04  wall=0.000000e+00s  cpu=0.000000e+00s  provider=0  solves=0  iterations=0
  certificate  stage=STEP 9  complete  reason=paper_free_energy_convergence_failed  wall=2.215257e-03s  cpu=2.215000e-03s  provider=3  solves=0  iterations=0

STEP 7
  certificate  stage=STEP 7  complete  reason=continue_stage_ii  wall=1.170000e-06s  cpu=2.000000e-06s  provider=0  solves=0  iterations=0

STEP 4
  STAGE II STEP 4  major=3  upper=-5.648966e+01  LP_primal= 9.237056e-14  LP_dual= 4.163336e-17  active_cuts=8  certified
  certificate  stage=STEP 4  complete  reason=step4_complete  wall=3.163980e-04s  cpu=3.170000e-04s  provider=0  solves=1  iterations=1

STEP 5
  certificate  stage=STEP 5 LOCAL  major=3  attempt=5  accepted  reason=success  P rel.= 5.157095e-14  objective=-5.364284e+01  upper=-5.648966e+01  gap=-2.846828e+00  wall=0.000000e+00s  cpu=0.000000e+00s  provider=0  solves=0  iterations=0
  certificate  stage=STEP 5 LOCAL  major=3  attempt=6  accepted  reason=success  P rel.=-1.432245e-09  objective=-5.656271e+01  upper=-5.648966e+01  gap= 7.304855e-02  wall=0.000000e+00s  cpu=0.000000e+00s  provider=0  solves=0  iterations=0
  certificate  stage=STEP 5  complete  reason=step5_complete  wall=3.761559e-02s  cpu=3.761700e-02s  provider=37  solves=2  iterations=32

STEP 6
  certificate  stage=STEP 6  complete  reason=candidate_set  wall=4.050000e-06s  cpu=4.000000e-06s  provider=0  solves=0  iterations=0

STEP 8
  certificate  stage=STEP 8  complete  reason=step8_complete  wall=6.113555e-02s  cpu=6.112300e-02s  provider=123  solves=1  iterations=16

STEP 9
  certificate  stage=STEP 9  failed  objective=-5.649086e+01  upper=-5.648966e+01  gap= 1.197487e-03  wall=0.000000e+00s  cpu=0.000000e+00s  provider=0  solves=0  iterations=0
  certificate  stage=STEP 9  complete  reason=paper_free_energy_convergence_failed  wall=2.231797e-03s  cpu=2.232000e-03s  provider=3  solves=0  iterations=0

STEP 7
  certificate  stage=STEP 7  complete  reason=continue_stage_ii  wall=1.160000e-06s  cpu=2.000000e-06s  provider=0  solves=0  iterations=0

STEP 4
  STAGE II STEP 4  major=4  upper=-5.650036e+01  LP_primal= 0.000000e+00  LP_dual= 1.734723e-18  active_cuts=9  certified
  certificate  stage=STEP 4  complete  reason=step4_complete  wall=3.279280e-04s  cpu=3.280000e-04s  provider=0  solves=1  iterations=1

STEP 5
  certificate  stage=STEP 5 LOCAL  major=4  attempt=7  accepted  reason=success  P rel.=-2.772986e-09  objective=-5.654726e+01  upper=-5.650036e+01  gap= 4.690693e-02  wall=0.000000e+00s  cpu=0.000000e+00s  provider=0  solves=0  iterations=0
  certificate  stage=STEP 5  complete  reason=step5_complete  wall=2.487693e-02s  cpu=2.487800e-02s  provider=24  solves=1  iterations=21

STEP 6
  certificate  stage=STEP 6  complete  reason=candidate_set  wall=3.770000e-06s  cpu=4.000000e-06s  provider=0  solves=0  iterations=0

STEP 8
  certificate  stage=STEP 8  complete  reason=step8_complete  wall=5.797194e-02s  cpu=5.796600e-02s  provider=117  solves=1  iterations=15

STEP 9
  certificate  stage=STEP 9  failed  objective=-5.650164e+01  upper=-5.650036e+01  gap= 1.280675e-03  wall=0.000000e+00s  cpu=0.000000e+00s  provider=0  solves=0  iterations=0
  certificate  stage=STEP 9  complete  reason=paper_free_energy_convergence_failed  wall=2.199907e-03s  cpu=2.200000e-03s  provider=3  solves=0  iterations=0

STEP 7
  certificate  stage=STEP 7  complete  reason=continue_stage_ii  wall=1.120000e-06s  cpu=1.000000e-06s  provider=0  solves=0  iterations=0

STEP 4
  STAGE II STEP 4  major=5  upper=-5.650809e+01  LP_primal= 0.000000e+00  LP_dual= 8.326673e-17  active_cuts=10  certified
  certificate  stage=STEP 4  complete  reason=step4_complete  wall=3.266580e-04s  cpu=3.270000e-04s  provider=0  solves=1  iterations=1

STEP 5
  certificate  stage=STEP 5 LOCAL  major=5  attempt=8  accepted  reason=success  P rel.= 4.754871e-14  objective=-5.366129e+01  upper=-5.650809e+01  gap=-2.846795e+00  wall=0.000000e+00s  cpu=0.000000e+00s  provider=0  solves=0  iterations=0
  certificate  stage=STEP 5 LOCAL  major=5  attempt=9  accepted  reason=success  P rel.= 2.506722e-13  objective=-5.366129e+01  upper=-5.650809e+01  gap=-2.846795e+00  wall=0.000000e+00s  cpu=0.000000e+00s  provider=0  solves=0  iterations=0
  certificate  stage=STEP 5 LOCAL  major=5  attempt=10  accepted  reason=success  P rel.= 3.490736e-14  objective=-5.366129e+01  upper=-5.650809e+01  gap=-2.846795e+00  wall=0.000000e+00s  cpu=0.000000e+00s  provider=0  solves=0  iterations=0
  certificate  stage=STEP 5 LOCAL  major=5  attempt=11  accepted  reason=success  P rel.= 5.586614e-13  objective=-5.366129e+01  upper=-5.650809e+01  gap=-2.846795e+00  wall=0.000000e+00s  cpu=0.000000e+00s  provider=0  solves=0  iterations=0
  certificate  stage=STEP 5 LOCAL  major=5  attempt=12  accepted  reason=success  P rel.= 4.999078e-14  objective=-5.366129e+01  upper=-5.650809e+01  gap=-2.846795e+00  wall=0.000000e+00s  cpu=0.000000e+00s  provider=0  solves=0  iterations=0
  certificate  stage=STEP 5 LOCAL  major=5  attempt=13  accepted  reason=success  P rel.=-1.525501e-09  objective=-5.651140e+01  upper=-5.650809e+01  gap= 3.317574e-03  wall=0.000000e+00s  cpu=0.000000e+00s  provider=0  solves=0  iterations=0
  certificate  stage=STEP 5  complete  reason=step5_complete  wall=1.416894e-01s  cpu=1.416910e-01s  provider=135  solves=6  iterations=125

STEP 6
  certificate  stage=STEP 6  complete  reason=candidate_set  wall=4.250000e-06s  cpu=4.000000e-06s  provider=0  solves=0  iterations=0

STEP 8
  certificate  stage=STEP 8  complete  reason=problem_67_infeasible  wall=3.019580e-04s  cpu=3.030000e-04s  provider=3  solves=1  iterations=0

STEP 7
  certificate  stage=STEP 7  complete  reason=continue_stage_ii  wall=1.020000e-06s  cpu=1.000000e-06s  provider=0  solves=0  iterations=0

STEP 4
  STAGE II STEP 4  major=6  upper=-5.650886e+01  LP_primal= 0.000000e+00  LP_dual= 0.000000e+00  active_cuts=11  certified
  certificate  stage=STEP 4  complete  reason=step4_complete  wall=2.524990e-04s  cpu=2.530000e-04s  provider=0  solves=1  iterations=1

STEP 5
  certificate  stage=STEP 5 LOCAL  major=6  attempt=14  accepted  reason=success  P rel.= 4.481932e-14  objective=-5.366206e+01  upper=-5.650886e+01  gap=-2.846795e+00  wall=0.000000e+00s  cpu=0.000000e+00s  provider=0  solves=0  iterations=0
  certificate  stage=STEP 5 LOCAL  major=6  attempt=15  accepted  reason=success  P rel.= 4.180264e-14  objective=-5.366206e+01  upper=-5.650886e+01  gap=-2.846795e+00  wall=0.000000e+00s  cpu=0.000000e+00s  provider=0  solves=0  iterations=0
  certificate  stage=STEP 5 LOCAL  major=6  attempt=16  accepted  reason=success  P rel.=-1.545398e-09  objective=-5.650890e+01  upper=-5.650886e+01  gap= 4.005220e-05  wall=0.000000e+00s  cpu=0.000000e+00s  provider=0  solves=0  iterations=0
  certificate  stage=STEP 5  complete  reason=step5_complete  wall=6.631855e-02s  cpu=6.632000e-02s  provider=64  solves=3  iterations=58

STEP 6
  certificate  stage=STEP 6  complete  reason=candidate_set  wall=4.290000e-06s  cpu=4.000000e-06s  provider=0  solves=0  iterations=0

STEP 8
  certificate  stage=STEP 8  complete  reason=step8_complete  wall=8.572255e-02s  cpu=8.572400e-02s  provider=193  solves=2  iterations=15

STEP 9
  certificate  stage=STEP 9  failed  objective=-5.650933e+01  upper=-5.650886e+01  gap= 4.660791e-04  wall=0.000000e+00s  cpu=0.000000e+00s  provider=0  solves=0  iterations=0
  certificate  stage=STEP 9  complete  reason=paper_free_energy_convergence_failed  wall=2.329086e-03s  cpu=2.329000e-03s  provider=3  solves=0  iterations=0

STEP 7
  certificate  stage=STEP 7  complete  reason=continue_stage_ii  wall=1.120000e-06s  cpu=1.000000e-06s  provider=0  solves=0  iterations=0

STEP 4
  STAGE II STEP 4  major=7  upper=-5.650887e+01  LP_primal= 7.105427e-15  LP_dual= 8.326673e-17  active_cuts=12  certified
  certificate  stage=STEP 4  complete  reason=step4_complete  wall=2.941480e-04s  cpu=2.950000e-04s  provider=0  solves=1  iterations=1

STEP 5
  certificate  stage=STEP 5 LOCAL  major=7  attempt=17  accepted  reason=success  P rel.= 3.634388e-14  objective=-5.366207e+01  upper=-5.650887e+01  gap=-2.846795e+00  wall=0.000000e+00s  cpu=0.000000e+00s  provider=0  solves=0  iterations=0
  certificate  stage=STEP 5 LOCAL  major=7  attempt=18  accepted  reason=success  P rel.= 6.579247e-14  objective=-5.366207e+01  upper=-5.650887e+01  gap=-2.846795e+00  wall=0.000000e+00s  cpu=0.000000e+00s  provider=0  solves=0  iterations=0
  certificate  stage=STEP 5 LOCAL  major=7  attempt=19  accepted  reason=success  P rel.=-1.516554e-09  objective=-5.650887e+01  upper=-5.650887e+01  gap= 6.240285e-09  wall=0.000000e+00s  cpu=0.000000e+00s  provider=0  solves=0  iterations=0
  certificate  stage=STEP 5  complete  reason=step5_complete  wall=6.780180e-02s  cpu=6.780300e-02s  provider=65  solves=3  iterations=57

STEP 6
  certificate  stage=STEP 6  complete  reason=candidate_set  wall=4.890000e-06s  cpu=5.000000e-06s  provider=0  solves=0  iterations=0

STEP 8
  certificate  stage=STEP 8  complete  reason=unchanged_problem_67  wall=2.160000e-06s  cpu=2.000000e-06s  provider=0  solves=0  iterations=0

STEP 9
  certificate  stage=STEP 9  failed  objective=-5.650933e+01  upper=-5.650887e+01  gap= 4.565220e-04  wall=0.000000e+00s  cpu=0.000000e+00s  provider=0  solves=0  iterations=0
  certificate  stage=STEP 9  complete  reason=paper_free_energy_convergence_failed  wall=2.326036e-03s  cpu=2.327000e-03s  provider=3  solves=0  iterations=0

STEP 7
  certificate  stage=STEP 7  complete  reason=continue_stage_ii  wall=1.220000e-06s  cpu=1.000000e-06s  provider=0  solves=0  iterations=0

STEP 4
  STAGE II STEP 4  major=8  upper=-5.650887e+01  LP_primal= 0.000000e+00  LP_dual= 8.326673e-17  active_cuts=13  certified
  certificate  stage=STEP 4  complete  reason=step4_complete  wall=3.700170e-04s  cpu=3.710000e-04s  provider=0  solves=1  iterations=1

STEP 5
  certificate  stage=STEP 5 LOCAL  major=8  attempt=20  accepted  reason=success  P rel.= 4.898522e-14  objective=-5.366207e+01  upper=-5.650887e+01  gap=-2.846795e+00  wall=0.000000e+00s  cpu=0.000000e+00s  provider=0  solves=0  iterations=0
  certificate  stage=STEP 5 LOCAL  major=8  attempt=23  accepted  reason=success  P rel.= 4.467567e-14  objective=-5.366207e+01  upper=-5.650887e+01  gap=-2.846795e+00  wall=0.000000e+00s  cpu=0.000000e+00s  provider=0  solves=0  iterations=0
  certificate  stage=STEP 5 LOCAL  major=8  attempt=24  accepted  reason=success  P rel.=-1.514551e-09  objective=-5.650887e+01  upper=-5.650887e+01  gap=-7.105427e-15  wall=0.000000e+00s  cpu=0.000000e+00s  provider=0  solves=0  iterations=0
  certificate  stage=STEP 5  complete  reason=step5_complete  wall=6.222560e-02s  cpu=6.222800e-02s  provider=61  solves=5  iterations=49

STEP 6
  certificate  stage=STEP 6  complete  reason=candidate_set  wall=5.290000e-06s  cpu=5.000000e-06s  provider=0  solves=0  iterations=0

STEP 8
  certificate  stage=STEP 8  complete  reason=unchanged_problem_67  wall=2.120000e-06s  cpu=3.000000e-06s  provider=0  solves=0  iterations=0

STEP 9
  certificate  stage=STEP 9  failed  objective=-5.650933e+01  upper=-5.650887e+01  gap= 4.565205e-04  wall=0.000000e+00s  cpu=0.000000e+00s  provider=0  solves=0  iterations=0
  certificate  stage=STEP 9  complete  reason=paper_free_energy_convergence_failed  wall=2.337536e-03s  cpu=2.338000e-03s  provider=3  solves=0  iterations=0

STEP 7
  certificate  stage=STEP 7  complete  reason=continue_stage_ii  wall=9.900000e-07s  cpu=1.000000e-06s  provider=0  solves=0  iterations=0

STEP 4
  STAGE II STEP 4  major=9  upper=-5.650887e+01  LP_primal= 0.000000e+00  LP_dual= 2.775558e-17  active_cuts=14  certified
  certificate  stage=STEP 4  complete  reason=step4_complete  wall=3.648880e-04s  cpu=3.660000e-04s  provider=0  solves=1  iterations=1

STEP 5
  certificate  stage=STEP 5 LOCAL  major=9  attempt=25  accepted  reason=success  P rel.= 5.702972e-14  objective=-5.366207e+01  upper=-5.650887e+01  gap=-2.846795e+00  wall=0.000000e+00s  cpu=0.000000e+00s  provider=0  solves=0  iterations=0
  certificate  stage=STEP 5 LOCAL  major=9  attempt=26  accepted  reason=success  P rel.=-1.520293e-09  objective=-5.650887e+01  upper=-5.650887e+01  gap=-7.105427e-15  wall=0.000000e+00s  cpu=0.000000e+00s  provider=0  solves=0  iterations=0
  certificate  stage=STEP 5  complete  reason=step5_complete  wall=4.917855e-02s  cpu=4.917900e-02s  provider=46  solves=2  iterations=41

STEP 6
  certificate  stage=STEP 6  complete  reason=candidate_set  wall=4.960000e-06s  cpu=5.000000e-06s  provider=0  solves=0  iterations=0

STEP 8
  certificate  stage=STEP 8  complete  reason=unchanged_problem_67  wall=1.900000e-06s  cpu=2.000000e-06s  provider=0  solves=0  iterations=0

STEP 9
  certificate  stage=STEP 9  failed  objective=-5.650933e+01  upper=-5.650887e+01  gap= 4.565205e-04  wall=0.000000e+00s  cpu=0.000000e+00s  provider=0  solves=0  iterations=0
  certificate  stage=STEP 9  complete  reason=paper_free_energy_convergence_failed  wall=2.329746e-03s  cpu=2.330000e-03s  provider=3  solves=0  iterations=0

STEP 7
  certificate  stage=STEP 7  complete  reason=continue_stage_ii  wall=1.230000e-06s  cpu=1.000000e-06s  provider=0  solves=0  iterations=0

STEP 4
  STAGE II STEP 4  major=10  upper=-5.650887e+01  LP_primal= 7.105427e-15  LP_dual= 0.000000e+00  active_cuts=15  certified
  certificate  stage=STEP 4  complete  reason=step4_complete  wall=3.248580e-04s  cpu=3.260000e-04s  provider=0  solves=1  iterations=1

STEP 5
  certificate  stage=STEP 5 LOCAL  major=10  attempt=27  accepted  reason=success  P rel.= 6.019005e-14  objective=-5.366207e+01  upper=-5.650887e+01  gap=-2.846795e+00  wall=0.000000e+00s  cpu=0.000000e+00s  provider=0  solves=0  iterations=0
  certificate  stage=STEP 5 LOCAL  major=10  attempt=28  accepted  reason=success  P rel.= 6.019005e-14  objective=-5.366207e+01  upper=-5.650887e+01  gap=-2.846795e+00  wall=0.000000e+00s  cpu=0.000000e+00s  provider=0  solves=0  iterations=0
  certificate  stage=STEP 5 LOCAL  major=10  attempt=29  accepted  reason=success  P rel.= 5.401303e-14  objective=-5.366207e+01  upper=-5.650887e+01  gap=-2.846795e+00  wall=0.000000e+00s  cpu=0.000000e+00s  provider=0  solves=0  iterations=0
  certificate  stage=STEP 5 LOCAL  major=10  attempt=30  accepted  reason=success  P rel.= 4.568123e-14  objective=-5.366207e+01  upper=-5.650887e+01  gap=-2.846795e+00  wall=0.000000e+00s  cpu=0.000000e+00s  provider=0  solves=0  iterations=0
  certificate  stage=STEP 5 LOCAL  major=10  attempt=31  accepted  reason=success  P rel.= 6.406865e-14  objective=-5.366207e+01  upper=-5.650887e+01  gap=-2.846795e+00  wall=0.000000e+00s  cpu=0.000000e+00s  provider=0  solves=0  iterations=0
  certificate  stage=STEP 5 LOCAL  major=10  attempt=32  accepted  reason=success  P rel.= 6.047736e-14  objective=-5.366207e+01  upper=-5.650887e+01  gap=-2.846795e+00  wall=0.000000e+00s  cpu=0.000000e+00s  provider=0  solves=0  iterations=0
  certificate  stage=STEP 5 LOCAL  major=10  attempt=33  accepted  reason=success  P rel.= 4.812331e-14  objective=-5.366207e+01  upper=-5.650887e+01  gap=-2.846795e+00  wall=0.000000e+00s  cpu=0.000000e+00s  provider=0  solves=0  iterations=0
  certificate  stage=STEP 5 LOCAL  major=10  attempt=34  accepted  reason=success  P rel.= 5.473129e-14  objective=-5.366207e+01  upper=-5.650887e+01  gap=-2.846795e+00  wall=0.000000e+00s  cpu=0.000000e+00s  provider=0  solves=0  iterations=0
  certificate  stage=STEP 5 LOCAL  major=10  attempt=35  accepted  reason=success  P rel.= 4.568123e-14  objective=-5.366207e+01  upper=-5.650887e+01  gap=-2.846795e+00  wall=0.000000e+00s  cpu=0.000000e+00s  provider=0  solves=0  iterations=0
  certificate  stage=STEP 5 LOCAL  major=10  attempt=36  accepted  reason=success  P rel.=-1.526258e-09  objective=-5.650887e+01  upper=-5.650887e+01  gap= 0.000000e+00  wall=0.000000e+00s  cpu=0.000000e+00s  provider=0  solves=0  iterations=0
  certificate  stage=STEP 5  complete  reason=step5_complete  wall=2.216446e-01s  cpu=2.216400e-01s  provider=210  solves=10  iterations=196

STEP 6
  certificate  stage=STEP 6  complete  reason=candidate_set  wall=5.500000e-06s  cpu=5.000000e-06s  provider=0  solves=0  iterations=0

STEP 8
  certificate  stage=STEP 8  complete  reason=unchanged_problem_67  wall=2.110000e-06s  cpu=2.000000e-06s  provider=0  solves=0  iterations=0

STEP 9
  certificate  stage=STEP 9  failed  objective=-5.650933e+01  upper=-5.650887e+01  gap= 4.565205e-04  wall=0.000000e+00s  cpu=0.000000e+00s  provider=0  solves=0  iterations=0
  certificate  stage=STEP 9  complete  reason=paper_free_energy_convergence_failed  wall=2.266157e-03s  cpu=2.266000e-03s  provider=3  solves=0  iterations=0

STEP 7
  certificate  stage=STEP 7  complete  reason=continue_stage_ii  wall=9.800000e-07s  cpu=1.000000e-06s  provider=0  solves=0  iterations=0

STEP 4
  STAGE II STEP 4  major=11  upper=-5.650887e+01  LP_primal= 7.105427e-15  LP_dual= 0.000000e+00  active_cuts=16  certified
  certificate  stage=STEP 4  complete  reason=step4_complete  wall=3.529680e-04s  cpu=3.530000e-04s  provider=0  solves=1  iterations=1

STEP 5
  certificate  stage=STEP 5 LOCAL  major=11  attempt=37  accepted  reason=success  P rel.=-1.524655e-09  objective=-5.650887e+01  upper=-5.650887e+01  gap= 1.421085e-14  wall=0.000000e+00s  cpu=0.000000e+00s  provider=0  solves=0  iterations=0
  certificate  stage=STEP 5  complete  reason=step5_complete  wall=2.995695e-02s  cpu=2.995800e-02s  provider=29  solves=1  iterations=22

STEP 6
  certificate  stage=STEP 6  complete  reason=candidate_set  wall=9.400000e-06s  cpu=9.000000e-06s  provider=0  solves=0  iterations=0

STEP 8
  certificate  stage=STEP 8  complete  reason=unchanged_problem_67  wall=2.220000e-06s  cpu=3.000000e-06s  provider=0  solves=0  iterations=0

STEP 9
  certificate  stage=STEP 9  failed  objective=-5.650933e+01  upper=-5.650887e+01  gap= 4.565205e-04  wall=0.000000e+00s  cpu=0.000000e+00s  provider=0  solves=0  iterations=0
  certificate  stage=STEP 9  complete  reason=paper_free_energy_convergence_failed  wall=2.267357e-03s  cpu=2.267000e-03s  provider=3  solves=0  iterations=0

STEP 7
  certificate  stage=STEP 7  complete  reason=continue_stage_ii  wall=1.070000e-06s  cpu=1.000000e-06s  provider=0  solves=0  iterations=0

STEP 4
  STAGE II STEP 4  major=12  upper=-5.650887e+01  LP_primal= 1.421085e-14  LP_dual= 0.000000e+00  active_cuts=17  certified
  certificate  stage=STEP 4  complete  reason=step4_complete  wall=3.681680e-04s  cpu=3.680000e-04s  provider=0  solves=1  iterations=1

STEP 5
  certificate  stage=STEP 5 LOCAL  major=12  attempt=38  accepted  reason=success  P rel.= 6.047736e-14  objective=-5.366207e+01  upper=-5.650887e+01  gap=-2.846795e+00  wall=0.000000e+00s  cpu=0.000000e+00s  provider=0  solves=0  iterations=0
  certificate  stage=STEP 5 LOCAL  major=12  attempt=39  accepted  reason=success  P rel.= 6.579247e-14  objective=-5.366207e+01  upper=-5.650887e+01  gap=-2.846795e+00  wall=0.000000e+00s  cpu=0.000000e+00s  provider=0  solves=0  iterations=0
  certificate  stage=STEP 5 LOCAL  major=12  attempt=40  accepted  reason=success  P rel.= 7.240045e-14  objective=-5.366207e+01  upper=-5.650887e+01  gap=-2.846795e+00  wall=0.000000e+00s  cpu=0.000000e+00s  provider=0  solves=0  iterations=0
  certificate  stage=STEP 5 LOCAL  major=12  attempt=41  accepted  reason=success  P rel.= 3.907326e-14  objective=-5.366207e+01  upper=-5.650887e+01  gap=-2.846795e+00  wall=0.000000e+00s  cpu=0.000000e+00s  provider=0  solves=0  iterations=0
  certificate  stage=STEP 5 LOCAL  major=12  attempt=42  accepted  reason=success  P rel.= 3.936056e-14  objective=-5.366207e+01  upper=-5.650887e+01  gap=-2.846795e+00  wall=0.000000e+00s  cpu=0.000000e+00s  provider=0  solves=0  iterations=0
  certificate  stage=STEP 5 LOCAL  major=12  attempt=43  accepted  reason=success  P rel.=-1.515441e-09  objective=-5.650887e+01  upper=-5.650887e+01  gap= 2.131628e-14  wall=0.000000e+00s  cpu=0.000000e+00s  provider=0  solves=0  iterations=0
  certificate  stage=STEP 5  complete  reason=step5_complete  wall=1.364750e-01s  cpu=1.364770e-01s  provider=130  solves=6  iterations=119

STEP 6
  certificate  stage=STEP 6  complete  reason=candidate_set  wall=9.060000e-06s  cpu=9.000000e-06s  provider=0  solves=0  iterations=0

STEP 8
  certificate  stage=STEP 8  complete  reason=unchanged_problem_67  wall=2.150000e-06s  cpu=2.000000e-06s  provider=0  solves=0  iterations=0

STEP 9
  certificate  stage=STEP 9  failed  objective=-5.650933e+01  upper=-5.650887e+01  gap= 4.565205e-04  wall=0.000000e+00s  cpu=0.000000e+00s  provider=0  solves=0  iterations=0
  certificate  stage=STEP 9  complete  reason=paper_free_energy_convergence_failed  wall=2.282626e-03s  cpu=2.283000e-03s  provider=3  solves=0  iterations=0

STEP 7
  certificate  stage=STEP 7  complete  reason=continue_stage_ii  wall=1.040000e-06s  cpu=1.000000e-06s  provider=0  solves=0  iterations=0

STEP 4
  STAGE II STEP 4  major=13  upper=-5.650887e+01  LP_primal= 2.131628e-14  LP_dual= 0.000000e+00  active_cuts=18  certified
  certificate  stage=STEP 4  complete  reason=step4_complete  wall=3.519080e-04s  cpu=3.520000e-04s  provider=0  solves=1  iterations=1

STEP 5
  certificate  stage=STEP 5 LOCAL  major=13  attempt=44  accepted  reason=success  P rel.= 4.568123e-14  objective=-5.366207e+01  upper=-5.650887e+01  gap=-2.846795e+00  wall=0.000000e+00s  cpu=0.000000e+00s  provider=0  solves=0  iterations=0
  certificate  stage=STEP 5 LOCAL  major=13  attempt=45  accepted  reason=success  P rel.= 4.036612e-14  objective=-5.366207e+01  upper=-5.650887e+01  gap=-2.846795e+00  wall=0.000000e+00s  cpu=0.000000e+00s  provider=0  solves=0  iterations=0
  certificate  stage=STEP 5 LOCAL  major=13  attempt=47  accepted  reason=success  P rel.=-1.521895e-09  objective=-5.650887e+01  upper=-5.650887e+01  gap= 7.105427e-15  wall=0.000000e+00s  cpu=0.000000e+00s  provider=0  solves=0  iterations=0
  certificate  stage=STEP 5  complete  reason=step5_complete  wall=7.615033e-02s  cpu=7.613600e-02s  provider=74  solves=4  iterations=64

STEP 6
  certificate  stage=STEP 6  complete  reason=candidate_set  wall=8.730000e-06s  cpu=9.000000e-06s  provider=0  solves=0  iterations=0

STEP 8
  certificate  stage=STEP 8  complete  reason=unchanged_problem_67  wall=2.050000e-06s  cpu=2.000000e-06s  provider=0  solves=0  iterations=0

STEP 9
  certificate  stage=STEP 9  failed  objective=-5.650933e+01  upper=-5.650887e+01  gap= 4.565205e-04  wall=0.000000e+00s  cpu=0.000000e+00s  provider=0  solves=0  iterations=0
  certificate  stage=STEP 9  complete  reason=paper_free_energy_convergence_failed  wall=2.264847e-03s  cpu=2.265000e-03s  provider=3  solves=0  iterations=0

STEP 7
  certificate  stage=STEP 7  complete  reason=continue_stage_ii  wall=1.080000e-06s  cpu=1.000000e-06s  provider=0  solves=0  iterations=0

STEP 4
  STAGE II STEP 4  major=14  upper=-5.650887e+01  LP_primal= 2.131628e-14  LP_dual= 0.000000e+00  active_cuts=19  certified
  certificate  stage=STEP 4  complete  reason=step4_complete  wall=3.519380e-04s  cpu=3.520000e-04s  provider=0  solves=1  iterations=1

STEP 5
  certificate  stage=STEP 5 LOCAL  major=14  attempt=48  accepted  reason=success  P rel.= 4.148661e-13  objective=-5.366207e+01  upper=-5.650887e+01  gap=-2.846795e+00  wall=0.000000e+00s  cpu=0.000000e+00s  provider=0  solves=0  iterations=0
  certificate  stage=STEP 5 LOCAL  major=14  attempt=49  accepted  reason=success  P rel.= 5.702972e-14  objective=-5.366207e+01  upper=-5.650887e+01  gap=-2.846795e+00  wall=0.000000e+00s  cpu=0.000000e+00s  provider=0  solves=0  iterations=0
  certificate  stage=STEP 5 LOCAL  major=14  attempt=50  accepted  reason=success  P rel.= 4.898522e-14  objective=-5.366207e+01  upper=-5.650887e+01  gap=-2.846795e+00  wall=0.000000e+00s  cpu=0.000000e+00s  provider=0  solves=0  iterations=0
  certificate  stage=STEP 5 LOCAL  major=14  attempt=51  accepted  reason=success  P rel.= 6.521786e-14  objective=-5.366207e+01  upper=-5.650887e+01  gap=-2.846795e+00  wall=0.000000e+00s  cpu=0.000000e+00s  provider=0  solves=0  iterations=0
  certificate  stage=STEP 5 LOCAL  major=14  attempt=52  accepted  reason=success  P rel.= 7.240045e-14  objective=-5.366207e+01  upper=-5.650887e+01  gap=-2.846795e+00  wall=0.000000e+00s  cpu=0.000000e+00s  provider=0  solves=0  iterations=0
  certificate  stage=STEP 5 LOCAL  major=14  attempt=53  accepted  reason=success  P rel.= 5.358208e-14  objective=-5.366207e+01  upper=-5.650887e+01  gap=-2.846795e+00  wall=0.000000e+00s  cpu=0.000000e+00s  provider=0  solves=0  iterations=0
  certificate  stage=STEP 5 LOCAL  major=14  attempt=54  accepted  reason=success  P rel.= 6.019005e-14  objective=-5.366207e+01  upper=-5.650887e+01  gap=-2.846795e+00  wall=0.000000e+00s  cpu=0.000000e+00s  provider=0  solves=0  iterations=0
  certificate  stage=STEP 5 LOCAL  major=14  attempt=55  accepted  reason=success  P rel.= 5.718773e-13  objective=-5.366207e+01  upper=-5.650887e+01  gap=-2.846795e+00  wall=0.000000e+00s  cpu=0.000000e+00s  provider=0  solves=0  iterations=0
  certificate  stage=STEP 5 LOCAL  major=14  attempt=56  accepted  reason=success  P rel.= 3.519466e-13  objective=-5.366207e+01  upper=-5.650887e+01  gap=-2.846795e+00  wall=0.000000e+00s  cpu=0.000000e+00s  provider=0  solves=0  iterations=0
  certificate  stage=STEP 5 LOCAL  major=14  attempt=57  accepted  reason=success  P rel.= 4.094073e-14  objective=-5.366207e+01  upper=-5.650887e+01  gap=-2.846795e+00  wall=0.000000e+00s  cpu=0.000000e+00s  provider=0  solves=0  iterations=0
  certificate  stage=STEP 5 LOCAL  major=14  attempt=59  accepted  reason=success  P rel.= 6.412611e-13  objective=-5.366207e+01  upper=-5.650887e+01  gap=-2.846795e+00  wall=0.000000e+00s  cpu=0.000000e+00s  provider=0  solves=0  iterations=0
  certificate  stage=STEP 5 LOCAL  major=14  attempt=60  accepted  reason=success  P rel.= 4.036612e-14  objective=-5.366207e+01  upper=-5.650887e+01  gap=-2.846795e+00  wall=0.000000e+00s  cpu=0.000000e+00s  provider=0  solves=0  iterations=0
  certificate  stage=STEP 5 LOCAL  major=14  attempt=61  accepted  reason=success  P rel.= 5.214556e-14  objective=-5.366207e+01  upper=-5.650887e+01  gap=-2.846795e+00  wall=0.000000e+00s  cpu=0.000000e+00s  provider=0  solves=0  iterations=0
  certificate  stage=STEP 5 LOCAL  major=14  attempt=62  accepted  reason=success  P rel.=-1.528661e-09  objective=-5.650887e+01  upper=-5.650887e+01  gap= 7.105427e-15  wall=0.000000e+00s  cpu=0.000000e+00s  provider=0  solves=0  iterations=0
  certificate  stage=STEP 5  complete  reason=step5_complete  wall=3.616497e-01s  cpu=3.616260e-01s  provider=312  solves=15  iterations=284

STEP 6
  certificate  stage=STEP 6  complete  reason=candidate_set  wall=1.584000e-05s  cpu=1.500000e-05s  provider=0  solves=0  iterations=0

STEP 8
  certificate  stage=STEP 8  complete  reason=unchanged_problem_67  wall=2.900000e-06s  cpu=3.000000e-06s  provider=0  solves=0  iterations=0

STEP 9
  certificate  stage=STEP 9  failed  objective=-5.650933e+01  upper=-5.650887e+01  gap= 4.565205e-04  wall=0.000000e+00s  cpu=0.000000e+00s  provider=0  solves=0  iterations=0
  certificate  stage=STEP 9  complete  reason=paper_free_energy_convergence_failed  wall=2.399456e-03s  cpu=2.388000e-03s  provider=3  solves=0  iterations=0

STEP 7
  certificate  stage=STEP 7  complete  reason=continue_stage_ii  wall=1.190000e-06s  cpu=1.000000e-06s  provider=0  solves=0  iterations=0

STEP 4
  STAGE II STEP 4  major=15  upper=-5.650887e+01  LP_primal= 2.131628e-14  LP_dual= 0.000000e+00  active_cuts=20  certified
  certificate  stage=STEP 4  complete  reason=step4_complete  wall=4.801570e-04s  cpu=4.800000e-04s  provider=0  solves=1  iterations=1

STEP 5
  certificate  stage=STEP 5 LOCAL  major=15  attempt=63  accepted  reason=success  P rel.=-1.541882e-09  objective=-5.650887e+01  upper=-5.650887e+01  gap= 7.105427e-15  wall=0.000000e+00s  cpu=0.000000e+00s  provider=0  solves=0  iterations=0
  certificate  stage=STEP 5  complete  reason=step5_complete  wall=2.127509e-02s  cpu=2.127600e-02s  provider=20  solves=1  iterations=17

STEP 6
  certificate  stage=STEP 6  complete  reason=candidate_set  wall=1.080000e-05s  cpu=1.100000e-05s  provider=0  solves=0  iterations=0

STEP 8
  certificate  stage=STEP 8  complete  reason=unchanged_problem_67  wall=2.900000e-06s  cpu=3.000000e-06s  provider=0  solves=0  iterations=0

STEP 9
  certificate  stage=STEP 9  failed  objective=-5.650933e+01  upper=-5.650887e+01  gap= 4.565205e-04  wall=0.000000e+00s  cpu=0.000000e+00s  provider=0  solves=0  iterations=0
  certificate  stage=STEP 9  complete  reason=paper_free_energy_convergence_failed  wall=2.657374e-03s  cpu=2.658000e-03s  provider=3  solves=0  iterations=0

STEP 7
  certificate  stage=STEP 7  complete  reason=continue_stage_ii  wall=1.150000e-06s  cpu=1.000000e-06s  provider=0  solves=0  iterations=0

STEP 4
  STAGE II STEP 4  major=16  upper=-5.650887e+01  LP_primal= 2.131628e-14  LP_dual= 0.000000e+00  active_cuts=21  certified
  certificate  stage=STEP 4  complete  reason=step4_complete  wall=3.953480e-04s  cpu=3.950000e-04s  provider=0  solves=1  iterations=1

STEP 5
  certificate  stage=STEP 5 LOCAL  major=16  attempt=64  accepted  reason=success  P rel.=-2.735194e-09  objective=-5.650887e+01  upper=-5.650887e+01  gap= 1.421085e-14  wall=0.000000e+00s  cpu=0.000000e+00s  provider=0  solves=0  iterations=0
  certificate  stage=STEP 5  complete  reason=step5_complete  wall=1.781246e-02s  cpu=1.781300e-02s  provider=16  solves=1  iterations=14

STEP 6
  certificate  stage=STEP 6  complete  reason=candidate_set  wall=7.750000e-06s  cpu=8.000000e-06s  provider=0  solves=0  iterations=0

STEP 8
  certificate  stage=STEP 8  complete  reason=unchanged_problem_67  wall=2.030000e-06s  cpu=2.000000e-06s  provider=0  solves=0  iterations=0

STEP 9
  certificate  stage=STEP 9  failed  objective=-5.650933e+01  upper=-5.650887e+01  gap= 4.565205e-04  wall=0.000000e+00s  cpu=0.000000e+00s  provider=0  solves=0  iterations=0
  certificate  stage=STEP 9  complete  reason=paper_free_energy_convergence_failed  wall=2.297326e-03s  cpu=2.297000e-03s  provider=3  solves=0  iterations=0

STEP 7
  certificate  stage=STEP 7  complete  reason=continue_stage_ii  wall=9.600000e-07s  cpu=1.000000e-06s  provider=0  solves=0  iterations=0

STEP 4
  STAGE II STEP 4  major=17  upper=-5.650887e+01  LP_primal= 7.105427e-15  LP_dual= 2.775558e-17  active_cuts=22  certified
  certificate  stage=STEP 4  complete  reason=step4_complete  wall=3.803980e-04s  cpu=3.800000e-04s  provider=0  solves=1  iterations=1

STEP 5
  certificate  stage=STEP 5 LOCAL  major=17  attempt=65  accepted  reason=success  P rel.= 5.386938e-14  objective=-5.366207e+01  upper=-5.650887e+01  gap=-2.846795e+00  wall=0.000000e+00s  cpu=0.000000e+00s  provider=0  solves=0  iterations=0
  certificate  stage=STEP 5 LOCAL  major=17  attempt=66  accepted  reason=success  P rel.= 7.240045e-14  objective=-5.366207e+01  upper=-5.650887e+01  gap=-2.846795e+00  wall=0.000000e+00s  cpu=0.000000e+00s  provider=0  solves=0  iterations=0
  certificate  stage=STEP 5 LOCAL  major=17  attempt=67  accepted  reason=success  P rel.= 4.309550e-14  objective=-5.366207e+01  upper=-5.650887e+01  gap=-2.846795e+00  wall=0.000000e+00s  cpu=0.000000e+00s  provider=0  solves=0  iterations=0
  certificate  stage=STEP 5 LOCAL  major=17  attempt=68  accepted  reason=success  P rel.= 5.214556e-14  objective=-5.366207e+01  upper=-5.650887e+01  gap=-2.846795e+00  wall=0.000000e+00s  cpu=0.000000e+00s  provider=0  solves=0  iterations=0
  certificate  stage=STEP 5 LOCAL  major=17  attempt=69  accepted  reason=success  P rel.= 4.898522e-14  objective=-5.366207e+01  upper=-5.650887e+01  gap=-2.846795e+00  wall=0.000000e+00s  cpu=0.000000e+00s  provider=0  solves=0  iterations=0
  certificate  stage=STEP 5 LOCAL  major=17  attempt=70  accepted  reason=success  P rel.=-1.516109e-09  objective=-5.650887e+01  upper=-5.650887e+01  gap=-7.105427e-15  wall=0.000000e+00s  cpu=0.000000e+00s  provider=0  solves=0  iterations=0
  certificate  stage=STEP 5  complete  reason=step5_complete  wall=1.327914e-01s  cpu=1.327730e-01s  provider=122  solves=6  iterations=115

STEP 6
  certificate  stage=STEP 6  complete  reason=candidate_set  wall=1.013000e-05s  cpu=1.000000e-05s  provider=0  solves=0  iterations=0

STEP 8
  certificate  stage=STEP 8  complete  reason=unchanged_problem_67  wall=2.110000e-06s  cpu=2.000000e-06s  provider=0  solves=0  iterations=0

STEP 9
  certificate  stage=STEP 9  failed  objective=-5.650933e+01  upper=-5.650887e+01  gap= 4.565205e-04  wall=0.000000e+00s  cpu=0.000000e+00s  provider=0  solves=0  iterations=0
  certificate  stage=STEP 9  complete  reason=paper_free_energy_convergence_failed  wall=2.323656e-03s  cpu=2.324000e-03s  provider=3  solves=0  iterations=0

STEP 7
  certificate  stage=STEP 7  complete  reason=continue_stage_ii  wall=1.030000e-06s  cpu=1.000000e-06s  provider=0  solves=0  iterations=0

STEP 4
  STAGE II STEP 4  major=18  upper=-5.650887e+01  LP_primal= 7.105427e-15  LP_dual= 2.775558e-17  active_cuts=23  certified
  certificate  stage=STEP 4  complete  reason=step4_complete  wall=3.755470e-04s  cpu=3.760000e-04s  provider=0  solves=1  iterations=1

STEP 5
  certificate  stage=STEP 5 LOCAL  major=18  attempt=71  accepted  reason=success  P rel.= 4.898522e-14  objective=-5.366207e+01  upper=-5.650887e+01  gap=-2.846795e+00  wall=0.000000e+00s  cpu=0.000000e+00s  provider=0  solves=0  iterations=0
  certificate  stage=STEP 5 LOCAL  major=18  attempt=72  accepted  reason=success  P rel.= 4.036612e-14  objective=-5.366207e+01  upper=-5.650887e+01  gap=-2.846795e+00  wall=0.000000e+00s  cpu=0.000000e+00s  provider=0  solves=0  iterations=0
  certificate  stage=STEP 5 LOCAL  major=18  attempt=73  accepted  reason=success  P rel.= 2.292681e-13  objective=-5.366207e+01  upper=-5.650887e+01  gap=-2.846795e+00  wall=0.000000e+00s  cpu=0.000000e+00s  provider=0  solves=0  iterations=0
  certificate  stage=STEP 5 LOCAL  major=18  attempt=74  accepted  reason=success  P rel.= 2.223728e-13  objective=-5.366207e+01  upper=-5.650887e+01  gap=-2.846795e+00  wall=0.000000e+00s  cpu=0.000000e+00s  provider=0  solves=0  iterations=0
  certificate  stage=STEP 5 LOCAL  major=18  attempt=75  accepted  reason=success  P rel.= 3.548197e-14  objective=-5.366207e+01  upper=-5.650887e+01  gap=-2.846795e+00  wall=0.000000e+00s  cpu=0.000000e+00s  provider=0  solves=0  iterations=0
  certificate  stage=STEP 5 LOCAL  major=18  attempt=76  accepted  reason=success  P rel.= 6.564882e-13  objective=-5.366207e+01  upper=-5.650887e+01  gap=-2.846795e+00  wall=0.000000e+00s  cpu=0.000000e+00s  provider=0  solves=0  iterations=0
  certificate  stage=STEP 5 LOCAL  major=18  attempt=77  accepted  reason=success  P rel.= 2.312792e-13  objective=-5.366207e+01  upper=-5.650887e+01  gap=-2.846795e+00  wall=0.000000e+00s  cpu=0.000000e+00s  provider=0  solves=0  iterations=0
  certificate  stage=STEP 5 LOCAL  major=18  attempt=78  accepted  reason=success  P rel.= 5.228921e-14  objective=-5.366207e+01  upper=-5.650887e+01  gap=-2.846795e+00  wall=0.000000e+00s  cpu=0.000000e+00s  provider=0  solves=0  iterations=0
  certificate  stage=STEP 5 LOCAL  major=18  attempt=79  accepted  reason=success  P rel.= 3.217798e-14  objective=-5.366207e+01  upper=-5.650887e+01  gap=-2.846795e+00  wall=0.000000e+00s  cpu=0.000000e+00s  provider=0  solves=0  iterations=0
  certificate  stage=STEP 5 LOCAL  major=18  attempt=80  accepted  reason=success  P rel.= 3.936056e-14  objective=-5.366207e+01  upper=-5.650887e+01  gap=-2.846795e+00  wall=0.000000e+00s  cpu=0.000000e+00s  provider=0  solves=0  iterations=0
  certificate  stage=STEP 5 LOCAL  major=18  attempt=81  accepted  reason=success  P rel.= 1.745368e-13  objective=-5.366207e+01  upper=-5.650887e+01  gap=-2.846795e+00  wall=0.000000e+00s  cpu=0.000000e+00s  provider=0  solves=0  iterations=0
  certificate  stage=STEP 5 LOCAL  major=18  attempt=82  accepted  reason=success  P rel.= 3.548197e-14  objective=-5.366207e+01  upper=-5.650887e+01  gap=-2.846795e+00  wall=0.000000e+00s  cpu=0.000000e+00s  provider=0  solves=0  iterations=0
  certificate  stage=STEP 5 LOCAL  major=18  attempt=83  accepted  reason=success  P rel.= 4.898522e-14  objective=-5.366207e+01  upper=-5.650887e+01  gap=-2.846795e+00  wall=0.000000e+00s  cpu=0.000000e+00s  provider=0  solves=0  iterations=0
  certificate  stage=STEP 5 LOCAL  major=18  attempt=84  accepted  reason=success  P rel.= 6.722899e-14  objective=-5.366207e+01  upper=-5.650887e+01  gap=-2.846795e+00  wall=0.000000e+00s  cpu=0.000000e+00s  provider=0  solves=0  iterations=0
  certificate  stage=STEP 5 LOCAL  major=18  attempt=85  accepted  reason=success  P rel.= 4.323916e-14  objective=-5.366207e+01  upper=-5.650887e+01  gap=-2.846795e+00  wall=0.000000e+00s  cpu=0.000000e+00s  provider=0  solves=0  iterations=0
  certificate  stage=STEP 5 LOCAL  major=18  attempt=87  accepted  reason=success  P rel.= 5.731702e-14  objective=-5.366207e+01  upper=-5.650887e+01  gap=-2.846795e+00  wall=0.000000e+00s  cpu=0.000000e+00s  provider=0  solves=0  iterations=0
  certificate  stage=STEP 5 LOCAL  major=18  attempt=88  accepted  reason=success  P rel.= 5.401303e-14  objective=-5.366207e+01  upper=-5.650887e+01  gap=-2.846795e+00  wall=0.000000e+00s  cpu=0.000000e+00s  provider=0  solves=0  iterations=0
  certificate  stage=STEP 5 LOCAL  major=18  attempt=89  accepted  reason=success  P rel.=-1.537341e-09  objective=-5.650887e+01  upper=-5.650887e+01  gap= 1.421085e-14  wall=0.000000e+00s  cpu=0.000000e+00s  provider=0  solves=0  iterations=0
  certificate  stage=STEP 5  complete  reason=step5_complete  wall=4.086269e-01s  cpu=4.086240e-01s  provider=369  solves=19  iterations=340

STEP 6
  certificate  stage=STEP 6  complete  reason=candidate_set  wall=1.250000e-05s  cpu=1.200000e-05s  provider=0  solves=0  iterations=0

STEP 8
  certificate  stage=STEP 8  complete  reason=unchanged_problem_67  wall=2.110000e-06s  cpu=2.000000e-06s  provider=0  solves=0  iterations=0

STEP 9
  certificate  stage=STEP 9  failed  objective=-5.650933e+01  upper=-5.650887e+01  gap= 4.565205e-04  wall=0.000000e+00s  cpu=0.000000e+00s  provider=0  solves=0  iterations=0
  certificate  stage=STEP 9  complete  reason=paper_free_energy_convergence_failed  wall=2.373336e-03s  cpu=2.373000e-03s  provider=3  solves=0  iterations=0

STEP 7
  certificate  stage=STEP 7  complete  reason=continue_stage_ii  wall=1.350000e-06s  cpu=1.000000e-06s  provider=0  solves=0  iterations=0

STEP 4
  STAGE II STEP 4  major=19  upper=-5.650887e+01  LP_primal= 1.421085e-14  LP_dual= 2.775558e-17  active_cuts=24  certified
  certificate  stage=STEP 4  complete  reason=step4_complete  wall=4.007680e-04s  cpu=4.010000e-04s  provider=0  solves=1  iterations=1

STEP 5
  certificate  stage=STEP 5 LOCAL  major=19  attempt=90  accepted  reason=success  P rel.= 5.702972e-14  objective=-5.366207e+01  upper=-5.650887e+01  gap=-2.846795e+00  wall=0.000000e+00s  cpu=0.000000e+00s  provider=0  solves=0  iterations=0
  certificate  stage=STEP 5 LOCAL  major=19  attempt=91  accepted  reason=success  P rel.=-1.519625e-09  objective=-5.650887e+01  upper=-5.650887e+01  gap=-1.421085e-14  wall=0.000000e+00s  cpu=0.000000e+00s  provider=0  solves=0  iterations=0
  certificate  stage=STEP 5  complete  reason=step5_complete  wall=5.141145e-02s  cpu=5.141300e-02s  provider=45  solves=2  iterations=43

STEP 6
  certificate  stage=STEP 6  complete  reason=candidate_set  wall=1.869000e-05s  cpu=1.900000e-05s  provider=0  solves=0  iterations=0

STEP 8
  certificate  stage=STEP 8  complete  reason=unchanged_problem_67  wall=3.320000e-06s  cpu=3.000000e-06s  provider=0  solves=0  iterations=0

STEP 9
  certificate  stage=STEP 9  failed  objective=-5.650933e+01  upper=-5.650887e+01  gap= 4.565205e-04  wall=0.000000e+00s  cpu=0.000000e+00s  provider=0  solves=0  iterations=0
  certificate  stage=STEP 9  complete  reason=paper_free_energy_convergence_failed  wall=3.725638e-03s  cpu=3.726000e-03s  provider=3  solves=0  iterations=0

STEP 7
  certificate  stage=STEP 7  complete  reason=continue_stage_ii  wall=1.180000e-06s  cpu=1.000000e-06s  provider=0  solves=0  iterations=0

STEP 4
  STAGE II STEP 4  major=20  upper=-5.650887e+01  LP_primal= 1.421085e-14  LP_dual= 2.775558e-17  active_cuts=25  certified
  certificate  stage=STEP 4  complete  reason=step4_complete  wall=3.839680e-04s  cpu=3.840000e-04s  provider=0  solves=1  iterations=1

STEP 5
  certificate  stage=STEP 5 LOCAL  major=20  attempt=92  accepted  reason=success  P rel.= 3.979152e-14  objective=-5.366207e+01  upper=-5.650887e+01  gap=-2.846795e+00  wall=0.000000e+00s  cpu=0.000000e+00s  provider=0  solves=0  iterations=0
  certificate  stage=STEP 5 LOCAL  major=20  attempt=93  accepted  reason=success  P rel.= 6.643890e-13  objective=-5.366207e+01  upper=-5.650887e+01  gap=-2.846795e+00  wall=0.000000e+00s  cpu=0.000000e+00s  provider=0  solves=0  iterations=0
  certificate  stage=STEP 5 LOCAL  major=20  attempt=94  accepted  reason=success  P rel.= 3.936056e-14  objective=-5.366207e+01  upper=-5.650887e+01  gap=-2.846795e+00  wall=0.000000e+00s  cpu=0.000000e+00s  provider=0  solves=0  iterations=0
  certificate  stage=STEP 5 LOCAL  major=20  attempt=95  accepted  reason=success  P rel.=-1.532623e-09  objective=-5.650887e+01  upper=-5.650887e+01  gap= 0.000000e+00  wall=0.000000e+00s  cpu=0.000000e+00s  provider=0  solves=0  iterations=0
  certificate  stage=STEP 5  complete  reason=step5_complete  wall=9.128065e-02s  cpu=9.128200e-02s  provider=82  solves=4  iterations=77

STEP 6
  certificate  stage=STEP 6  complete  reason=candidate_set  wall=1.139000e-05s  cpu=1.100000e-05s  provider=0  solves=0  iterations=0

STEP 8
  certificate  stage=STEP 8  complete  reason=unchanged_problem_67  wall=2.360000e-06s  cpu=2.000000e-06s  provider=0  solves=0  iterations=0

STEP 9
  certificate  stage=STEP 9  failed  objective=-5.650933e+01  upper=-5.650887e+01  gap= 4.565205e-04  wall=0.000000e+00s  cpu=0.000000e+00s  provider=0  solves=0  iterations=0
  certificate  stage=STEP 9  complete  reason=paper_free_energy_convergence_failed  wall=2.372386e-03s  cpu=2.372000e-03s  provider=3  solves=0  iterations=0

STEP 7
  certificate  stage=STEP 7  complete  reason=continue_stage_ii  wall=1.010000e-06s  cpu=1.000000e-06s  provider=0  solves=0  iterations=0

STEP 4
  STAGE II STEP 4  major=21  upper=-5.650887e+01  LP_primal= 1.421085e-14  LP_dual= 2.775558e-17  active_cuts=26  certified
  certificate  stage=STEP 4  complete  reason=step4_complete  wall=3.743880e-04s  cpu=3.740000e-04s  provider=0  solves=1  iterations=1

STEP 5
  certificate  stage=STEP 5 LOCAL  major=21  attempt=96  accepted  reason=success  P rel.=-4.259463e-09  objective=-5.650887e+01  upper=-5.650887e+01  gap= 0.000000e+00  wall=0.000000e+00s  cpu=0.000000e+00s  provider=0  solves=0  iterations=0
  certificate  stage=STEP 5  complete  reason=step5_complete  wall=2.250647e-02s  cpu=2.250700e-02s  provider=22  solves=1  iterations=17

STEP 6
  certificate  stage=STEP 6  complete  reason=candidate_set  wall=7.430000e-06s  cpu=8.000000e-06s  provider=0  solves=0  iterations=0

STEP 8
  certificate  stage=STEP 8  complete  reason=unchanged_problem_67  wall=1.800000e-06s  cpu=2.000000e-06s  provider=0  solves=0  iterations=0

STEP 9
  certificate  stage=STEP 9  failed  objective=-5.650933e+01  upper=-5.650887e+01  gap= 4.565205e-04  wall=0.000000e+00s  cpu=0.000000e+00s  provider=0  solves=0  iterations=0
  certificate  stage=STEP 9  complete  reason=paper_free_energy_convergence_failed  wall=2.346726e-03s  cpu=2.347000e-03s  provider=3  solves=0  iterations=0

STEP 7
  certificate  stage=STEP 7  complete  reason=continue_stage_ii  wall=9.100000e-07s  cpu=1.000000e-06s  provider=0  solves=0  iterations=0

STEP 4
  STAGE II STEP 4  major=22  upper=-5.650887e+01  LP_primal= 1.421085e-14  LP_dual= 2.775558e-17  active_cuts=27  certified
  certificate  stage=STEP 4  complete  reason=step4_complete  wall=3.102580e-04s  cpu=3.100000e-04s  provider=0  solves=1  iterations=1

STEP 5
  certificate  stage=STEP 5 LOCAL  major=22  attempt=97  accepted  reason=success  P rel.=-1.521851e-09  objective=-5.650887e+01  upper=-5.650887e+01  gap= 7.105427e-15  wall=0.000000e+00s  cpu=0.000000e+00s  provider=0  solves=0  iterations=0
  certificate  stage=STEP 5  complete  reason=step5_complete  wall=1.489773e-02s  cpu=1.489900e-02s  provider=14  solves=1  iterations=13

STEP 6
  certificate  stage=STEP 6  complete  reason=candidate_set  wall=9.380000e-06s  cpu=9.000000e-06s  provider=0  solves=0  iterations=0

STEP 8
  certificate  stage=STEP 8  complete  reason=unchanged_problem_67  wall=1.500000e-06s  cpu=2.000000e-06s  provider=0  solves=0  iterations=0

STEP 9
  certificate  stage=STEP 9  failed  objective=-5.650933e+01  upper=-5.650887e+01  gap= 4.565205e-04  wall=0.000000e+00s  cpu=0.000000e+00s  provider=0  solves=0  iterations=0
  certificate  stage=STEP 9  complete  reason=paper_free_energy_convergence_failed  wall=2.393075e-03s  cpu=2.393000e-03s  provider=3  solves=0  iterations=0

STEP 7
  certificate  stage=STEP 7  complete  reason=continue_stage_ii  wall=1.070000e-06s  cpu=1.000000e-06s  provider=0  solves=0  iterations=0

STEP 4
  STAGE II STEP 4  major=23  upper=-5.650887e+01  LP_primal= 1.421085e-14  LP_dual= 2.775558e-17  active_cuts=28  certified
  certificate  stage=STEP 4  complete  reason=step4_complete  wall=3.063090e-04s  cpu=3.070000e-04s  provider=0  solves=1  iterations=1

STEP 5
  certificate  stage=STEP 5 LOCAL  major=23  attempt=98  accepted  reason=success  P rel.= 5.817893e-14  objective=-5.366207e+01  upper=-5.650887e+01  gap=-2.846795e+00  wall=0.000000e+00s  cpu=0.000000e+00s  provider=0  solves=0  iterations=0
  certificate  stage=STEP 5 LOCAL  major=23  attempt=99  accepted  reason=success  P rel.= 3.936056e-14  objective=-5.366207e+01  upper=-5.650887e+01  gap=-2.846795e+00  wall=0.000000e+00s  cpu=0.000000e+00s  provider=0  solves=0  iterations=0
  certificate  stage=STEP 5 LOCAL  major=23  attempt=100  accepted  reason=success  P rel.= 5.401303e-14  objective=-5.366207e+01  upper=-5.650887e+01  gap=-2.846795e+00  wall=0.000000e+00s  cpu=0.000000e+00s  provider=0  solves=0  iterations=0
  certificate  stage=STEP 5 LOCAL  major=23  attempt=102  accepted  reason=success  P rel.= 3.217798e-14  objective=-5.366207e+01  upper=-5.650887e+01  gap=-2.846795e+00  wall=0.000000e+00s  cpu=0.000000e+00s  provider=0  solves=0  iterations=0
  certificate  stage=STEP 5 LOCAL  major=23  attempt=103  accepted  reason=success  P rel.= 4.036612e-14  objective=-5.366207e+01  upper=-5.650887e+01  gap=-2.846795e+00  wall=0.000000e+00s  cpu=0.000000e+00s  provider=0  solves=0  iterations=0
  certificate  stage=STEP 5 LOCAL  major=23  attempt=104  accepted  reason=success  P rel.=-1.534938e-09  objective=-5.650887e+01  upper=-5.650887e+01  gap=-7.105427e-15  wall=0.000000e+00s  cpu=0.000000e+00s  provider=0  solves=0  iterations=0
  certificate  stage=STEP 5  complete  reason=step5_complete  wall=1.297020e-01s  cpu=1.296850e-01s  provider=122  solves=7  iterations=112

STEP 6
  certificate  stage=STEP 6  complete  reason=candidate_set  wall=1.082000e-05s  cpu=1.100000e-05s  provider=0  solves=0  iterations=0

STEP 8
  certificate  stage=STEP 8  complete  reason=unchanged_problem_67  wall=2.130000e-06s  cpu=3.000000e-06s  provider=0  solves=0  iterations=0

STEP 9
  certificate  stage=STEP 9  failed  objective=-5.650933e+01  upper=-5.650887e+01  gap= 4.565205e-04  wall=0.000000e+00s  cpu=0.000000e+00s  provider=0  solves=0  iterations=0
  certificate  stage=STEP 9  complete  reason=paper_free_energy_convergence_failed  wall=2.400776e-03s  cpu=2.401000e-03s  provider=3  solves=0  iterations=0

STEP 7
  certificate  stage=STEP 7  complete  reason=continue_stage_ii  wall=9.500000e-07s  cpu=1.000000e-06s  provider=0  solves=0  iterations=0

STEP 4
  STAGE II STEP 4  major=24  upper=-5.650887e+01  LP_primal= 1.421085e-14  LP_dual= 2.775558e-17  active_cuts=29  certified
  certificate  stage=STEP 4  complete  reason=step4_complete  wall=3.759780e-04s  cpu=3.760000e-04s  provider=0  solves=1  iterations=1

STEP 5
  certificate  stage=STEP 5 LOCAL  major=24  attempt=105  accepted  reason=success  P rel.= 4.582489e-14  objective=-5.366207e+01  upper=-5.650887e+01  gap=-2.846795e+00  wall=0.000000e+00s  cpu=0.000000e+00s  provider=0  solves=0  iterations=0
  certificate  stage=STEP 5 LOCAL  major=24  attempt=106  accepted  reason=success  P rel.= 5.243286e-14  objective=-5.366207e+01  upper=-5.650887e+01  gap=-2.846795e+00  wall=0.000000e+00s  cpu=0.000000e+00s  provider=0  solves=0  iterations=0
  certificate  stage=STEP 5 LOCAL  major=24  attempt=107  accepted  reason=success  P rel.= 4.822387e-13  objective=-5.366207e+01  upper=-5.650887e+01  gap=-2.846795e+00  wall=0.000000e+00s  cpu=0.000000e+00s  provider=0  solves=0  iterations=0
  certificate  stage=STEP 5 LOCAL  major=24  attempt=108  accepted  reason=success  P rel.= 4.085454e-13  objective=-5.366207e+01  upper=-5.650887e+01  gap=-2.846795e+00  wall=0.000000e+00s  cpu=0.000000e+00s  provider=0  solves=0  iterations=0
  certificate  stage=STEP 5 LOCAL  major=24  attempt=109  accepted  reason=success  P rel.=-1.519002e-09  objective=-5.650887e+01  upper=-5.650887e+01  gap= 7.105427e-15  wall=0.000000e+00s  cpu=0.000000e+00s  provider=0  solves=0  iterations=0
  certificate  stage=STEP 5  complete  reason=step5_complete  wall=1.225571e-01s  cpu=1.225590e-01s  provider=115  solves=5  iterations=98

STEP 6
  certificate  stage=STEP 6  complete  reason=candidate_set  wall=1.399000e-05s  cpu=1.400000e-05s  provider=0  solves=0  iterations=0

STEP 8
  certificate  stage=STEP 8  complete  reason=unchanged_problem_67  wall=2.240000e-06s  cpu=3.000000e-06s  provider=0  solves=0  iterations=0

STEP 9
  certificate  stage=STEP 9  failed  objective=-5.650933e+01  upper=-5.650887e+01  gap= 4.565205e-04  wall=0.000000e+00s  cpu=0.000000e+00s  provider=0  solves=0  iterations=0
  certificate  stage=STEP 9  complete  reason=paper_free_energy_convergence_failed  wall=2.401045e-03s  cpu=2.402000e-03s  provider=3  solves=0  iterations=0

STEP 7
  certificate  stage=STEP 7  complete  reason=continue_stage_ii  wall=1.060000e-06s  cpu=1.000000e-06s  provider=0  solves=0  iterations=0

STEP 4
  STAGE II STEP 4  major=25  upper=-5.650887e+01  LP_primal= 1.421085e-14  LP_dual= 2.775558e-17  active_cuts=30  certified
  certificate  stage=STEP 4  complete  reason=step4_complete  wall=3.931380e-04s  cpu=3.940000e-04s  provider=0  solves=1  iterations=1

STEP 5
  certificate  stage=STEP 5 LOCAL  major=25  attempt=110  accepted  reason=success  P rel.= 4.323916e-14  objective=-5.366207e+01  upper=-5.650887e+01  gap=-2.846795e+00  wall=0.000000e+00s  cpu=0.000000e+00s  provider=0  solves=0  iterations=0
  certificate  stage=STEP 5 LOCAL  major=25  attempt=111  accepted  reason=success  P rel.= 5.386938e-14  objective=-5.366207e+01  upper=-5.650887e+01  gap=-2.846795e+00  wall=0.000000e+00s  cpu=0.000000e+00s  provider=0  solves=0  iterations=0
  certificate  stage=STEP 5 LOCAL  major=25  attempt=112  accepted  reason=success  P rel.= 6.019005e-14  objective=-5.366207e+01  upper=-5.650887e+01  gap=-2.846795e+00  wall=0.000000e+00s  cpu=0.000000e+00s  provider=0  solves=0  iterations=0
  certificate  stage=STEP 5 LOCAL  major=25  attempt=113  accepted  reason=success  P rel.= 3.548197e-14  objective=-5.366207e+01  upper=-5.650887e+01  gap=-2.846795e+00  wall=0.000000e+00s  cpu=0.000000e+00s  provider=0  solves=0  iterations=0
  certificate  stage=STEP 5 LOCAL  major=25  attempt=114  accepted  reason=success  P rel.= 3.548197e-14  objective=-5.366207e+01  upper=-5.650887e+01  gap=-2.846795e+00  wall=0.000000e+00s  cpu=0.000000e+00s  provider=0  solves=0  iterations=0
  certificate  stage=STEP 5 LOCAL  major=25  attempt=115  accepted  reason=success  P rel.= 4.036612e-14  objective=-5.366207e+01  upper=-5.650887e+01  gap=-2.846795e+00  wall=0.000000e+00s  cpu=0.000000e+00s  provider=0  solves=0  iterations=0
  certificate  stage=STEP 5 LOCAL  major=25  attempt=116  accepted  reason=success  P rel.=-1.536807e-09  objective=-5.650887e+01  upper=-5.650887e+01  gap=-7.105427e-15  wall=0.000000e+00s  cpu=0.000000e+00s  provider=0  solves=0  iterations=0
  certificate  stage=STEP 5  complete  reason=step5_complete  wall=1.754488e-01s  cpu=1.754380e-01s  provider=165  solves=7  iterations=143

STEP 6
  certificate  stage=STEP 6  complete  reason=candidate_set  wall=1.357000e-05s  cpu=1.400000e-05s  provider=0  solves=0  iterations=0

STEP 8
  certificate  stage=STEP 8  complete  reason=unchanged_problem_67  wall=2.410000e-06s  cpu=2.000000e-06s  provider=0  solves=0  iterations=0

STEP 9
  certificate  stage=STEP 9  failed  objective=-5.650933e+01  upper=-5.650887e+01  gap= 4.565205e-04  wall=0.000000e+00s  cpu=0.000000e+00s  provider=0  solves=0  iterations=0
  certificate  stage=STEP 9  complete  reason=paper_free_energy_convergence_failed  wall=2.561365e-03s  cpu=2.555000e-03s  provider=3  solves=0  iterations=0

STEP 7
  certificate  stage=STEP 7  complete  reason=continue_stage_ii  wall=1.170000e-06s  cpu=1.000000e-06s  provider=0  solves=0  iterations=0

STEP 4
  STAGE II STEP 4  major=26  upper=-5.650887e+01  LP_primal= 1.421085e-14  LP_dual= 2.775558e-17  active_cuts=31  certified
  certificate  stage=STEP 4  complete  reason=step4_complete  wall=3.818570e-04s  cpu=3.820000e-04s  provider=0  solves=1  iterations=1

STEP 5
  certificate  stage=STEP 5 LOCAL  major=26  attempt=117  accepted  reason=success  P rel.= 4.367011e-14  objective=-5.366207e+01  upper=-5.650887e+01  gap=-2.846795e+00  wall=0.000000e+00s  cpu=0.000000e+00s  provider=0  solves=0  iterations=0
  certificate  stage=STEP 5 LOCAL  major=26  attempt=118  accepted  reason=success  P rel.= 4.417289e-13  objective=-5.366207e+01  upper=-5.650887e+01  gap=-2.846795e+00  wall=0.000000e+00s  cpu=0.000000e+00s  provider=0  solves=0  iterations=0
  certificate  stage=STEP 5 LOCAL  major=26  attempt=119  accepted  reason=success  P rel.= 6.521786e-14  objective=-5.366207e+01  upper=-5.650887e+01  gap=-2.846795e+00  wall=0.000000e+00s  cpu=0.000000e+00s  provider=0  solves=0  iterations=0
  certificate  stage=STEP 5 LOCAL  major=26  attempt=120  accepted  reason=success  P rel.= 6.320674e-13  objective=-5.366207e+01  upper=-5.650887e+01  gap=-2.846795e+00  wall=0.000000e+00s  cpu=0.000000e+00s  provider=0  solves=0  iterations=0
  certificate  stage=STEP 5 LOCAL  major=26  attempt=121  accepted  reason=success  P rel.= 5.358208e-14  objective=-5.366207e+01  upper=-5.650887e+01  gap=-2.846795e+00  wall=0.000000e+00s  cpu=0.000000e+00s  provider=0  solves=0  iterations=0
  certificate  stage=STEP 5 LOCAL  major=26  attempt=122  accepted  reason=success  P rel.=-1.530264e-09  objective=-5.650887e+01  upper=-5.650887e+01  gap=-7.105427e-15  wall=0.000000e+00s  cpu=0.000000e+00s  provider=0  solves=0  iterations=0
  certificate  stage=STEP 5  complete  reason=step5_complete  wall=1.396551e-01s  cpu=1.396420e-01s  provider=133  solves=6  iterations=125

STEP 6
  certificate  stage=STEP 6  complete  reason=candidate_set  wall=1.108000e-05s  cpu=1.200000e-05s  provider=0  solves=0  iterations=0

STEP 8
  certificate  stage=STEP 8  complete  reason=unchanged_problem_67  wall=2.080000e-06s  cpu=2.000000e-06s  provider=0  solves=0  iterations=0

STEP 9
  certificate  stage=STEP 9  failed  objective=-5.650933e+01  upper=-5.650887e+01  gap= 4.565205e-04  wall=0.000000e+00s  cpu=0.000000e+00s  provider=0  solves=0  iterations=0
  certificate  stage=STEP 9  complete  reason=paper_free_energy_convergence_failed  wall=2.279086e-03s  cpu=2.279000e-03s  provider=3  solves=0  iterations=0

STEP 7
  certificate  stage=STEP 7  complete  reason=continue_stage_ii  wall=9.600000e-07s  cpu=1.000000e-06s  provider=0  solves=0  iterations=0

STEP 4
  STAGE II STEP 4  major=27  upper=-5.650887e+01  LP_primal= 1.421085e-14  LP_dual= 2.775558e-17  active_cuts=32  certified
  certificate  stage=STEP 4  complete  reason=step4_complete  wall=3.607680e-04s  cpu=3.610000e-04s  provider=0  solves=1  iterations=1

STEP 5
  certificate  stage=STEP 5 LOCAL  major=27  attempt=123  accepted  reason=success  P rel.= 3.217798e-14  objective=-5.366207e+01  upper=-5.650887e+01  gap=-2.846795e+00  wall=0.000000e+00s  cpu=0.000000e+00s  provider=0  solves=0  iterations=0
  certificate  stage=STEP 5 LOCAL  major=27  attempt=124  accepted  reason=success  P rel.= 5.702972e-14  objective=-5.366207e+01  upper=-5.650887e+01  gap=-2.846795e+00  wall=0.000000e+00s  cpu=0.000000e+00s  provider=0  solves=0  iterations=0
  certificate  stage=STEP 5 LOCAL  major=27  attempt=125  accepted  reason=success  P rel.=-1.524432e-09  objective=-5.650887e+01  upper=-5.650887e+01  gap=-1.421085e-14  wall=0.000000e+00s  cpu=0.000000e+00s  provider=0  solves=0  iterations=0
  certificate  stage=STEP 5  complete  reason=step5_complete  wall=6.023841e-02s  cpu=6.023900e-02s  provider=58  solves=3  iterations=52

STEP 6
  certificate  stage=STEP 6  complete  reason=candidate_set  wall=1.097000e-05s  cpu=1.100000e-05s  provider=0  solves=0  iterations=0

STEP 8
  certificate  stage=STEP 8  complete  reason=unchanged_problem_67  wall=1.730000e-06s  cpu=1.000000e-06s  provider=0  solves=0  iterations=0

STEP 9
  certificate  stage=STEP 9  failed  objective=-5.650933e+01  upper=-5.650887e+01  gap= 4.565205e-04  wall=0.000000e+00s  cpu=0.000000e+00s  provider=0  solves=0  iterations=0
  certificate  stage=STEP 9  complete  reason=paper_free_energy_convergence_failed  wall=2.292846e-03s  cpu=2.293000e-03s  provider=3  solves=0  iterations=0

STEP 7
  certificate  stage=STEP 7  complete  reason=continue_stage_ii  wall=9.200000e-07s  cpu=1.000000e-06s  provider=0  solves=0  iterations=0

STEP 4
  STAGE II STEP 4  major=28  upper=-5.650887e+01  LP_primal= 1.421085e-14  LP_dual= 2.775558e-17  active_cuts=33  certified
  certificate  stage=STEP 4  complete  reason=step4_complete  wall=3.319380e-04s  cpu=3.330000e-04s  provider=0  solves=1  iterations=1

STEP 5
  certificate  stage=STEP 5 LOCAL  major=28  attempt=126  accepted  reason=success  P rel.= 4.582489e-14  objective=-5.366207e+01  upper=-5.650887e+01  gap=-2.846795e+00  wall=0.000000e+00s  cpu=0.000000e+00s  provider=0  solves=0  iterations=0
  certificate  stage=STEP 5 LOCAL  major=28  attempt=127  accepted  reason=success  P rel.= 3.217798e-14  objective=-5.366207e+01  upper=-5.650887e+01  gap=-2.846795e+00  wall=0.000000e+00s  cpu=0.000000e+00s  provider=0  solves=0  iterations=0
  certificate  stage=STEP 5 LOCAL  major=28  attempt=128  accepted  reason=success  P rel.= 6.722899e-14  objective=-5.366207e+01  upper=-5.650887e+01  gap=-2.846795e+00  wall=0.000000e+00s  cpu=0.000000e+00s  provider=0  solves=0  iterations=0
  certificate  stage=STEP 5 LOCAL  major=28  attempt=129  accepted  reason=success  P rel.=-1.532801e-09  objective=-5.650887e+01  upper=-5.650887e+01  gap= 0.000000e+00  wall=0.000000e+00s  cpu=0.000000e+00s  provider=0  solves=0  iterations=0
  certificate  stage=STEP 5  complete  reason=step5_complete  wall=9.264179e-02s  cpu=9.259400e-02s  provider=89  solves=4  iterations=77

STEP 6
  certificate  stage=STEP 6  complete  reason=candidate_set  wall=1.143000e-05s  cpu=1.200000e-05s  provider=0  solves=0  iterations=0

STEP 8
  certificate  stage=STEP 8  complete  reason=unchanged_problem_67  wall=1.650000e-06s  cpu=1.000000e-06s  provider=0  solves=0  iterations=0

STEP 9
  certificate  stage=STEP 9  failed  objective=-5.650933e+01  upper=-5.650887e+01  gap= 4.565205e-04  wall=0.000000e+00s  cpu=0.000000e+00s  provider=0  solves=0  iterations=0
  certificate  stage=STEP 9  complete  reason=paper_free_energy_convergence_failed  wall=2.278846e-03s  cpu=2.279000e-03s  provider=3  solves=0  iterations=0

STEP 7
  certificate  stage=STEP 7  complete  reason=continue_stage_ii  wall=9.500000e-07s  cpu=1.000000e-06s  provider=0  solves=0  iterations=0

STEP 4
  STAGE II STEP 4  major=29  upper=-5.650887e+01  LP_primal= 1.421085e-14  LP_dual= 2.775558e-17  active_cuts=34  certified
  certificate  stage=STEP 4  complete  reason=step4_complete  wall=3.427080e-04s  cpu=3.430000e-04s  provider=0  solves=1  iterations=1

STEP 5
  certificate  stage=STEP 5 LOCAL  major=29  attempt=130  accepted  reason=success  P rel.= 5.688607e-14  objective=-5.366207e+01  upper=-5.650887e+01  gap=-2.846795e+00  wall=0.000000e+00s  cpu=0.000000e+00s  provider=0  solves=0  iterations=0
  certificate  stage=STEP 5 LOCAL  major=29  attempt=131  accepted  reason=success  P rel.=-1.527281e-09  objective=-5.650887e+01  upper=-5.650887e+01  gap=-1.421085e-14  wall=0.000000e+00s  cpu=0.000000e+00s  provider=0  solves=0  iterations=0
  certificate  stage=STEP 5  complete  reason=step5_complete  wall=4.244309e-02s  cpu=4.244400e-02s  provider=40  solves=2  iterations=38

STEP 6
  certificate  stage=STEP 6  complete  reason=candidate_set  wall=1.125000e-05s  cpu=1.100000e-05s  provider=0  solves=0  iterations=0

STEP 8
  certificate  stage=STEP 8  complete  reason=unchanged_problem_67  wall=1.560000e-06s  cpu=2.000000e-06s  provider=0  solves=0  iterations=0

STEP 9
  certificate  stage=STEP 9  failed  objective=-5.650933e+01  upper=-5.650887e+01  gap= 4.565205e-04  wall=0.000000e+00s  cpu=0.000000e+00s  provider=0  solves=0  iterations=0
  certificate  stage=STEP 9  complete  reason=paper_free_energy_convergence_failed  wall=2.270667e-03s  cpu=2.271000e-03s  provider=3  solves=0  iterations=0

STEP 7
  certificate  stage=STEP 7  complete  reason=continue_stage_ii  wall=8.900000e-07s  cpu=1.000000e-06s  provider=0  solves=0  iterations=0

STEP 4
  STAGE II STEP 4  major=30  upper=-5.650887e+01  LP_primal= 1.421085e-14  LP_dual= 2.775558e-17  active_cuts=35  certified
  certificate  stage=STEP 4  complete  reason=step4_complete  wall=3.132180e-04s  cpu=3.130000e-04s  provider=0  solves=1  iterations=1

STEP 5
  certificate  stage=STEP 5 LOCAL  major=30  attempt=132  accepted  reason=success  P rel.= 6.019005e-14  objective=-5.366207e+01  upper=-5.650887e+01  gap=-2.846795e+00  wall=0.000000e+00s  cpu=0.000000e+00s  provider=0  solves=0  iterations=0
  certificate  stage=STEP 5 LOCAL  major=30  attempt=133  accepted  reason=success  P rel.=-2.954600e-09  objective=-5.651031e+01  upper=-5.650887e+01  gap= 1.443861e-03  wall=0.000000e+00s  cpu=0.000000e+00s  provider=0  solves=0  iterations=0
  certificate  stage=STEP 5  complete  reason=step5_complete  wall=4.594659e-02s  cpu=4.593200e-02s  provider=44  solves=2  iterations=37

STEP 6
  certificate  stage=STEP 6  complete  reason=candidate_set  wall=1.400000e-05s  cpu=1.400000e-05s  provider=0  solves=0  iterations=0

STEP 8
  certificate  stage=STEP 8  complete  reason=step8_complete  wall=1.005041e-01s  cpu=1.004880e-01s  provider=190  solves=2  iterations=20

STEP 9
  certificate  stage=STEP 9  failed  objective=-5.650947e+01  upper=-5.650887e+01  gap= 6.046985e-04  wall=0.000000e+00s  cpu=0.000000e+00s  provider=0  solves=0  iterations=0
  certificate  stage=STEP 9  complete  reason=paper_free_energy_convergence_failed  wall=2.395046e-03s  cpu=2.395000e-03s  provider=3  solves=0  iterations=0

STEP 7
  certificate  stage=STEP 7  complete  reason=continue_stage_ii  wall=9.900000e-07s  cpu=1.000000e-06s  provider=0  solves=0  iterations=0

STEP 4
  STAGE II STEP 4  major=31  upper=-5.650903e+01  LP_primal= 7.105427e-15  LP_dual= 6.938894e-18  active_cuts=36  certified
  certificate  stage=STEP 4  complete  reason=step4_complete  wall=3.074780e-04s  cpu=3.080000e-04s  provider=0  solves=1  iterations=1

STEP 5
  certificate  stage=STEP 5 LOCAL  major=31  attempt=134  accepted  reason=success  P rel.= 3.964786e-14  objective=-5.366224e+01  upper=-5.650903e+01  gap=-2.846793e+00  wall=0.000000e+00s  cpu=0.000000e+00s  provider=0  solves=0  iterations=0
  certificate  stage=STEP 5 LOCAL  major=31  attempt=135  accepted  reason=success  P rel.=-1.511524e-09  objective=-5.650904e+01  upper=-5.650903e+01  gap= 7.194373e-06  wall=0.000000e+00s  cpu=0.000000e+00s  provider=0  solves=0  iterations=0
  certificate  stage=STEP 5  complete  reason=step5_complete  wall=4.746881e-02s  cpu=4.744700e-02s  provider=43  solves=2  iterations=40

STEP 6
  certificate  stage=STEP 6  complete  reason=candidate_set  wall=1.180000e-05s  cpu=1.200000e-05s  provider=0  solves=0  iterations=0

STEP 8
  certificate  stage=STEP 8  complete  reason=step8_complete  wall=6.427219e-02s  cpu=6.426700e-02s  provider=123  solves=1  iterations=16

STEP 9
  certificate  stage=STEP 9  failed  objective=-5.650947e+01  upper=-5.650903e+01  gap= 4.387532e-04  wall=0.000000e+00s  cpu=0.000000e+00s  provider=0  solves=0  iterations=0
  certificate  stage=STEP 9  complete  reason=paper_free_energy_convergence_failed  wall=2.320546e-03s  cpu=2.321000e-03s  provider=3  solves=0  iterations=0

STEP 7
  certificate  stage=STEP 7  complete  reason=continue_stage_ii  wall=9.300000e-07s  cpu=1.000000e-06s  provider=0  solves=0  iterations=0

STEP 4
  STAGE II STEP 4  major=32  upper=-5.650904e+01  LP_primal= 0.000000e+00  LP_dual= 5.551115e-17  active_cuts=37  certified
  certificate  stage=STEP 4  complete  reason=step4_complete  wall=3.045780e-04s  cpu=3.050000e-04s  provider=0  solves=1  iterations=1

STEP 5
  certificate  stage=STEP 5 LOCAL  major=32  attempt=137  accepted  reason=success  P rel.= 4.367011e-14  objective=-5.366224e+01  upper=-5.650904e+01  gap=-2.846793e+00  wall=0.000000e+00s  cpu=0.000000e+00s  provider=0  solves=0  iterations=0
  certificate  stage=STEP 5 LOCAL  major=32  attempt=138  accepted  reason=success  P rel.= 6.189951e-13  objective=-5.366224e+01  upper=-5.650904e+01  gap=-2.846793e+00  wall=0.000000e+00s  cpu=0.000000e+00s  provider=0  solves=0  iterations=0
  certificate  stage=STEP 5 LOCAL  major=32  attempt=139  accepted  reason=success  P rel.= 4.841062e-14  objective=-5.366224e+01  upper=-5.650904e+01  gap=-2.846793e+00  wall=0.000000e+00s  cpu=0.000000e+00s  provider=0  solves=0  iterations=0
  certificate  stage=STEP 5 LOCAL  major=32  attempt=141  accepted  reason=success  P rel.= 6.133927e-14  objective=-5.366224e+01  upper=-5.650904e+01  gap=-2.846793e+00  wall=0.000000e+00s  cpu=0.000000e+00s  provider=0  solves=0  iterations=0
  certificate  stage=STEP 5 LOCAL  major=32  attempt=142  accepted  reason=success  P rel.= 6.234483e-14  objective=-5.366224e+01  upper=-5.650904e+01  gap=-2.846793e+00  wall=0.000000e+00s  cpu=0.000000e+00s  provider=0  solves=0  iterations=0
  certificate  stage=STEP 5 LOCAL  major=32  attempt=143  accepted  reason=success  P rel.= 5.027809e-14  objective=-5.366224e+01  upper=-5.650904e+01  gap=-2.846793e+00  wall=0.000000e+00s  cpu=0.000000e+00s  provider=0  solves=0  iterations=0
  certificate  stage=STEP 5 LOCAL  major=32  attempt=144  accepted  reason=success  P rel.=-1.535516e-09  objective=-5.650904e+01  upper=-5.650904e+01  gap= 1.931042e-10  wall=0.000000e+00s  cpu=0.000000e+00s  provider=0  solves=0  iterations=0
  certificate  stage=STEP 5  complete  reason=step5_complete  wall=1.558666e-01s  cpu=1.558080e-01s  provider=149  solves=9  iterations=130

STEP 6
  certificate  stage=STEP 6  complete  reason=candidate_set  wall=1.123000e-05s  cpu=1.200000e-05s  provider=0  solves=0  iterations=0

STEP 8
  certificate  stage=STEP 8  complete  reason=step8_complete  wall=6.466704e-02s  cpu=6.464600e-02s  provider=123  solves=1  iterations=16

STEP 9
  certificate  stage=STEP 9  failed  objective=-5.650947e+01  upper=-5.650904e+01  gap= 4.370611e-04  wall=0.000000e+00s  cpu=0.000000e+00s  provider=0  solves=0  iterations=0
  certificate  stage=STEP 9  complete  reason=paper_free_energy_convergence_failed  wall=2.312216e-03s  cpu=2.312000e-03s  provider=3  solves=0  iterations=0

STEP 7
  certificate  stage=STEP 7  complete  reason=continue_stage_ii  wall=1.010000e-06s  cpu=1.000000e-06s  provider=0  solves=0  iterations=0

STEP 4
  STAGE II STEP 4  major=33  upper=-5.650904e+01  LP_primal= 7.105427e-15  LP_dual= 1.110223e-16  active_cuts=38  certified
  certificate  stage=STEP 4  complete  reason=step4_complete  wall=3.633280e-04s  cpu=3.640000e-04s  provider=0  solves=1  iterations=1

STEP 5
  certificate  stage=STEP 5 LOCAL  major=33  attempt=145  accepted  reason=success  P rel.=-1.501686e-09  objective=-5.650904e+01  upper=-5.650904e+01  gap=-7.105427e-15  wall=0.000000e+00s  cpu=0.000000e+00s  provider=0  solves=0  iterations=0
  certificate  stage=STEP 5  complete  reason=step5_complete  wall=2.063665e-02s  cpu=2.063700e-02s  provider=19  solves=1  iterations=16

STEP 6
  certificate  stage=STEP 6  complete  reason=candidate_set  wall=1.308900e-05s  cpu=1.300000e-05s  provider=0  solves=0  iterations=0

STEP 8
  certificate  stage=STEP 8  complete  reason=step8_complete  wall=6.465909e-02s  cpu=6.466000e-02s  provider=123  solves=1  iterations=16

STEP 9
  certificate  stage=STEP 9  failed  objective=-5.650947e+01  upper=-5.650904e+01  gap= 4.370611e-04  wall=0.000000e+00s  cpu=0.000000e+00s  provider=0  solves=0  iterations=0
  certificate  stage=STEP 9  complete  reason=paper_free_energy_convergence_failed  wall=2.320796e-03s  cpu=2.321000e-03s  provider=3  solves=0  iterations=0

STEP 7
  certificate  stage=STEP 7  complete  reason=continue_stage_ii  wall=1.080000e-06s  cpu=1.000000e-06s  provider=0  solves=0  iterations=0

STEP 4
  STAGE II STEP 4  major=34  upper=-5.650904e+01  LP_primal= 7.105427e-15  LP_dual= 2.775558e-17  active_cuts=39  certified
  certificate  stage=STEP 4  complete  reason=step4_complete  wall=3.561280e-04s  cpu=3.560000e-04s  provider=0  solves=1  iterations=1

STEP 5
  certificate  stage=STEP 5 LOCAL  major=34  attempt=146  accepted  reason=success  P rel.=-1.519447e-09  objective=-5.650904e+01  upper=-5.650904e+01  gap= 7.105427e-15  wall=0.000000e+00s  cpu=0.000000e+00s  provider=0  solves=0  iterations=0
  certificate  stage=STEP 5  complete  reason=step5_complete  wall=1.315680e-02s  cpu=1.315800e-02s  provider=12  solves=1  iterations=11

STEP 6
  certificate  stage=STEP 6  complete  reason=candidate_set  wall=1.338000e-05s  cpu=1.400000e-05s  provider=0  solves=0  iterations=0

STEP 8
  certificate  stage=STEP 8  complete  reason=step8_complete  wall=6.470330e-02s  cpu=6.469700e-02s  provider=123  solves=1  iterations=16

STEP 9
  certificate  stage=STEP 9  failed  objective=-5.650947e+01  upper=-5.650904e+01  gap= 4.370611e-04  wall=0.000000e+00s  cpu=0.000000e+00s  provider=0  solves=0  iterations=0
  certificate  stage=STEP 9  complete  reason=paper_free_energy_convergence_failed  wall=2.546625e-03s  cpu=2.547000e-03s  provider=3  solves=0  iterations=0

STEP 7
  certificate  stage=STEP 7  complete  reason=continue_stage_ii  wall=1.240000e-06s  cpu=1.000000e-06s  provider=0  solves=0  iterations=0

STEP 4
  STAGE II STEP 4  major=35  upper=-5.650904e+01  LP_primal= 7.105427e-15  LP_dual= 2.775558e-17  active_cuts=40  certified
  certificate  stage=STEP 4  complete  reason=step4_complete  wall=3.557380e-04s  cpu=3.560000e-04s  provider=0  solves=1  iterations=1

STEP 5
  certificate  stage=STEP 5 LOCAL  major=35  attempt=147  accepted  reason=success  P rel.= 3.849865e-14  objective=-5.366224e+01  upper=-5.650904e+01  gap=-2.846793e+00  wall=0.000000e+00s  cpu=0.000000e+00s  provider=0  solves=0  iterations=0
  certificate  stage=STEP 5 LOCAL  major=35  attempt=148  accepted  reason=success  P rel.= 5.307930e-13  objective=-5.366224e+01  upper=-5.650904e+01  gap=-2.846793e+00  wall=0.000000e+00s  cpu=0.000000e+00s  provider=0  solves=0  iterations=0
  certificate  stage=STEP 5 LOCAL  major=35  attempt=149  accepted  reason=success  P rel.=-1.523720e-09  objective=-5.650904e+01  upper=-5.650904e+01  gap= 7.105427e-15  wall=0.000000e+00s  cpu=0.000000e+00s  provider=0  solves=0  iterations=0
  certificate  stage=STEP 5  complete  reason=step5_complete  wall=6.171763e-02s  cpu=6.171200e-02s  provider=57  solves=3  iterations=54

STEP 6
  certificate  stage=STEP 6  complete  reason=candidate_set  wall=1.224000e-05s  cpu=1.300000e-05s  provider=0  solves=0  iterations=0

STEP 8
  certificate  stage=STEP 8  complete  reason=step8_complete  wall=6.404247e-02s  cpu=6.404300e-02s  provider=123  solves=1  iterations=16

STEP 9
  certificate  stage=STEP 9  failed  objective=-5.650947e+01  upper=-5.650904e+01  gap= 4.370611e-04  wall=0.000000e+00s  cpu=0.000000e+00s  provider=0  solves=0  iterations=0
  certificate  stage=STEP 9  complete  reason=paper_free_energy_convergence_failed  wall=2.271646e-03s  cpu=2.272000e-03s  provider=3  solves=0  iterations=0

STEP 7
  certificate  stage=STEP 7  complete  reason=continue_stage_ii  wall=9.300000e-07s  cpu=1.000000e-06s  provider=0  solves=0  iterations=0

STEP 4
  STAGE II STEP 4  major=36  upper=-5.650904e+01  LP_primal= 7.105427e-15  LP_dual= 2.775558e-17  active_cuts=41  certified
  certificate  stage=STEP 4  complete  reason=step4_complete  wall=3.210080e-04s  cpu=3.210000e-04s  provider=0  solves=1  iterations=1

STEP 5
  certificate  stage=STEP 5 LOCAL  major=36  attempt=151  accepted  reason=success  P rel.= 6.291944e-14  objective=-5.366224e+01  upper=-5.650904e+01  gap=-2.846793e+00  wall=0.000000e+00s  cpu=0.000000e+00s  provider=0  solves=0  iterations=0
  certificate  stage=STEP 5 LOCAL  major=36  attempt=152  accepted  reason=success  P rel.=-1.520471e-09  objective=-5.650904e+01  upper=-5.650904e+01  gap= 7.105427e-15  wall=0.000000e+00s  cpu=0.000000e+00s  provider=0  solves=0  iterations=0
  certificate  stage=STEP 5  complete  reason=step5_complete  wall=4.126548e-02s  cpu=4.125600e-02s  provider=40  solves=3  iterations=35

STEP 6
  certificate  stage=STEP 6  complete  reason=candidate_set  wall=1.244000e-05s  cpu=1.300000e-05s  provider=0  solves=0  iterations=0

STEP 8
  certificate  stage=STEP 8  complete  reason=step8_complete  wall=6.212318e-02s  cpu=6.212400e-02s  provider=123  solves=1  iterations=16

STEP 9
  certificate  stage=STEP 9  failed  objective=-5.650947e+01  upper=-5.650904e+01  gap= 4.370611e-04  wall=0.000000e+00s  cpu=0.000000e+00s  provider=0  solves=0  iterations=0
  certificate  stage=STEP 9  complete  reason=paper_free_energy_convergence_failed  wall=2.267506e-03s  cpu=2.268000e-03s  provider=3  solves=0  iterations=0

STEP 7
  certificate  stage=STEP 7  complete  reason=continue_stage_ii  wall=1.100000e-06s  cpu=1.000000e-06s  provider=0  solves=0  iterations=0

STEP 4
  STAGE II STEP 4  major=37  upper=-5.650904e+01  LP_primal= 7.105427e-15  LP_dual= 2.775558e-17  active_cuts=42  certified
  certificate  stage=STEP 4  complete  reason=step4_complete  wall=3.200180e-04s  cpu=3.200000e-04s  provider=0  solves=1  iterations=1

STEP 5
  certificate  stage=STEP 5 LOCAL  major=37  attempt=153  accepted  reason=success  P rel.= 3.663118e-14  objective=-5.366224e+01  upper=-5.650904e+01  gap=-2.846793e+00  wall=0.000000e+00s  cpu=0.000000e+00s  provider=0  solves=0  iterations=0
  certificate  stage=STEP 5 LOCAL  major=37  attempt=154  accepted  reason=success  P rel.=-1.529240e-09  objective=-5.650904e+01  upper=-5.650904e+01  gap= 0.000000e+00  wall=0.000000e+00s  cpu=0.000000e+00s  provider=0  solves=0  iterations=0
  certificate  stage=STEP 5  complete  reason=step5_complete  wall=5.129839e-02s  cpu=5.129500e-02s  provider=49  solves=2  iterations=41

STEP 6
  certificate  stage=STEP 6  complete  reason=candidate_set  wall=1.508000e-05s  cpu=1.500000e-05s  provider=0  solves=0  iterations=0

STEP 8
  certificate  stage=STEP 8  complete  reason=step8_complete  wall=6.379122e-02s  cpu=6.379300e-02s  provider=123  solves=1  iterations=16

STEP 9
  certificate  stage=STEP 9  failed  objective=-5.650947e+01  upper=-5.650904e+01  gap= 4.370611e-04  wall=0.000000e+00s  cpu=0.000000e+00s  provider=0  solves=0  iterations=0
  certificate  stage=STEP 9  complete  reason=paper_free_energy_convergence_failed  wall=2.279556e-03s  cpu=2.280000e-03s  provider=3  solves=0  iterations=0

STEP 7
  certificate  stage=STEP 7  complete  reason=continue_stage_ii  wall=1.120000e-06s  cpu=1.000000e-06s  provider=0  solves=0  iterations=0

STEP 4
  STAGE II STEP 4  major=38  upper=-5.650904e+01  LP_primal= 7.105427e-15  LP_dual= 2.775558e-17  active_cuts=43  certified
  certificate  stage=STEP 4  complete  reason=step4_complete  wall=3.775780e-04s  cpu=3.780000e-04s  provider=0  solves=1  iterations=1

STEP 5
  certificate  stage=STEP 5 LOCAL  major=38  attempt=155  accepted  reason=success  P rel.= 4.582489e-14  objective=-5.366224e+01  upper=-5.650904e+01  gap=-2.846793e+00  wall=0.000000e+00s  cpu=0.000000e+00s  provider=0  solves=0  iterations=0
  certificate  stage=STEP 5 LOCAL  major=38  attempt=156  accepted  reason=success  P rel.= 4.841062e-14  objective=-5.366224e+01  upper=-5.650904e+01  gap=-2.846793e+00  wall=0.000000e+00s  cpu=0.000000e+00s  provider=0  solves=0  iterations=0
  certificate  stage=STEP 5 LOCAL  major=38  attempt=157  accepted  reason=success  P rel.= 5.401303e-14  objective=-5.366224e+01  upper=-5.650904e+01  gap=-2.846793e+00  wall=0.000000e+00s  cpu=0.000000e+00s  provider=0  solves=0  iterations=0
  certificate  stage=STEP 5 LOCAL  major=38  attempt=158  accepted  reason=success  P rel.= 5.746067e-14  objective=-5.366224e+01  upper=-5.650904e+01  gap=-2.846793e+00  wall=0.000000e+00s  cpu=0.000000e+00s  provider=0  solves=0  iterations=0
  certificate  stage=STEP 5 LOCAL  major=38  attempt=159  accepted  reason=success  P rel.=-3.680167e-09  objective=-5.650904e+01  upper=-5.650904e+01  gap= 1.421085e-14  wall=0.000000e+00s  cpu=0.000000e+00s  provider=0  solves=0  iterations=0
  certificate  stage=STEP 5  complete  reason=step5_complete  wall=1.164669e-01s  cpu=1.164680e-01s  provider=109  solves=5  iterations=99

STEP 6
  certificate  stage=STEP 6  complete  reason=candidate_set  wall=1.545000e-05s  cpu=1.500000e-05s  provider=0  solves=0  iterations=0

STEP 8
  certificate  stage=STEP 8  complete  reason=step8_complete  wall=6.392770e-02s  cpu=6.389300e-02s  provider=123  solves=1  iterations=16

STEP 9
  certificate  stage=STEP 9  failed  objective=-5.650947e+01  upper=-5.650904e+01  gap= 4.370611e-04  wall=0.000000e+00s  cpu=0.000000e+00s  provider=0  solves=0  iterations=0
  certificate  stage=STEP 9  complete  reason=paper_free_energy_convergence_failed  wall=2.299716e-03s  cpu=2.300000e-03s  provider=3  solves=0  iterations=0

STEP 7
  certificate  stage=STEP 7  complete  reason=continue_stage_ii  wall=1.110000e-06s  cpu=1.000000e-06s  provider=0  solves=0  iterations=0

STEP 4
  STAGE II STEP 4  major=39  upper=-5.650904e+01  LP_primal= 7.105427e-15  LP_dual= 1.387779e-17  active_cuts=44  certified
  certificate  stage=STEP 4  complete  reason=step4_complete  wall=3.746180e-04s  cpu=3.750000e-04s  provider=0  solves=1  iterations=1

STEP 5
  certificate  stage=STEP 5 LOCAL  major=39  attempt=160  accepted  reason=success  P rel.= 6.895281e-14  objective=-5.366224e+01  upper=-5.650904e+01  gap=-2.846793e+00  wall=0.000000e+00s  cpu=0.000000e+00s  provider=0  solves=0  iterations=0
  certificate  stage=STEP 5 LOCAL  major=39  attempt=161  accepted  reason=success  P rel.=-1.508185e-09  objective=-5.650904e+01  upper=-5.650904e+01  gap=-7.105427e-15  wall=0.000000e+00s  cpu=0.000000e+00s  provider=0  solves=0  iterations=0
  certificate  stage=STEP 5  complete  reason=step5_complete  wall=3.826387e-02s  cpu=3.825800e-02s  provider=37  solves=2  iterations=33

STEP 6
  certificate  stage=STEP 6  complete  reason=candidate_set  wall=1.391000e-05s  cpu=1.300000e-05s  provider=0  solves=0  iterations=0

STEP 8
  certificate  stage=STEP 8  complete  reason=step8_complete  wall=6.279536e-02s  cpu=6.279700e-02s  provider=123  solves=1  iterations=16

STEP 9
  certificate  stage=STEP 9  failed  objective=-5.650947e+01  upper=-5.650904e+01  gap= 4.370611e-04  wall=0.000000e+00s  cpu=0.000000e+00s  provider=0  solves=0  iterations=0
  certificate  stage=STEP 9  complete  reason=paper_free_energy_convergence_failed  wall=2.300026e-03s  cpu=2.300000e-03s  provider=3  solves=0  iterations=0

STEP 7
  certificate  stage=STEP 7  complete  reason=continue_stage_ii  wall=1.100000e-06s  cpu=1.000000e-06s  provider=0  solves=0  iterations=0

STEP 4
  STAGE II STEP 4  major=40  upper=-5.650904e+01  LP_primal= 7.105427e-15  LP_dual= 1.387779e-17  active_cuts=45  certified
  certificate  stage=STEP 4  complete  reason=step4_complete  wall=3.396380e-04s  cpu=3.400000e-04s  provider=0  solves=1  iterations=1

STEP 5
  certificate  stage=STEP 5 LOCAL  major=40  attempt=162  accepted  reason=success  P rel.= 4.266455e-14  objective=-5.366224e+01  upper=-5.650904e+01  gap=-2.846793e+00  wall=0.000000e+00s  cpu=0.000000e+00s  provider=0  solves=0  iterations=0
  certificate  stage=STEP 5 LOCAL  major=40  attempt=163  accepted  reason=success  P rel.= 1.430771e-13  objective=-5.366224e+01  upper=-5.650904e+01  gap=-2.846793e+00  wall=0.000000e+00s  cpu=0.000000e+00s  provider=0  solves=0  iterations=0
  certificate  stage=STEP 5 LOCAL  major=40  attempt=164  accepted  reason=success  P rel.= 4.841062e-14  objective=-5.366224e+01  upper=-5.650904e+01  gap=-2.846793e+00  wall=0.000000e+00s  cpu=0.000000e+00s  provider=0  solves=0  iterations=0
  certificate  stage=STEP 5 LOCAL  major=40  attempt=165  accepted  reason=success  P rel.= 4.654314e-14  objective=-5.366224e+01  upper=-5.650904e+01  gap=-2.846793e+00  wall=0.000000e+00s  cpu=0.000000e+00s  provider=0  solves=0  iterations=0
  certificate  stage=STEP 5 LOCAL  major=40  attempt=166  accepted  reason=success  P rel.= 4.780728e-13  objective=-5.366224e+01  upper=-5.650904e+01  gap=-2.846793e+00  wall=0.000000e+00s  cpu=0.000000e+00s  provider=0  solves=0  iterations=0
  certificate  stage=STEP 5 LOCAL  major=40  attempt=167  accepted  reason=success  P rel.=-1.517667e-09  objective=-5.650904e+01  upper=-5.650904e+01  gap= 0.000000e+00  wall=0.000000e+00s  cpu=0.000000e+00s  provider=0  solves=0  iterations=0
  certificate  stage=STEP 5  complete  reason=step5_complete  wall=1.339169e-01s  cpu=1.339190e-01s  provider=127  solves=6  iterations=121

STEP 6
  certificate  stage=STEP 6  complete  reason=candidate_set  wall=1.520000e-05s  cpu=1.500000e-05s  provider=0  solves=0  iterations=0

STEP 8
  certificate  stage=STEP 8  complete  reason=step8_complete  wall=6.266572e-02s  cpu=6.264300e-02s  provider=123  solves=1  iterations=16

STEP 9
  certificate  stage=STEP 9  failed  objective=-5.650947e+01  upper=-5.650904e+01  gap= 4.370611e-04  wall=0.000000e+00s  cpu=0.000000e+00s  provider=0  solves=0  iterations=0
  certificate  stage=STEP 9  complete  reason=paper_free_energy_convergence_failed  wall=2.278746e-03s  cpu=2.278000e-03s  provider=3  solves=0  iterations=0

STEP 7
  certificate  stage=STEP 7  complete  reason=continue_stage_ii  wall=1.190000e-06s  cpu=2.000000e-06s  provider=0  solves=0  iterations=0

STEP 4
  STAGE II STEP 4  major=41  upper=-5.650904e+01  LP_primal= 7.105427e-15  LP_dual= 1.387779e-17  active_cuts=46  certified
  certificate  stage=STEP 4  complete  reason=step4_complete  wall=3.697270e-04s  cpu=3.700000e-04s  provider=0  solves=1  iterations=1

STEP 5
  certificate  stage=STEP 5 LOCAL  major=41  attempt=169  accepted  reason=success  P rel.= 7.067663e-14  objective=-5.366224e+01  upper=-5.650904e+01  gap=-2.846793e+00  wall=0.000000e+00s  cpu=0.000000e+00s  provider=0  solves=0  iterations=0
  certificate  stage=STEP 5 LOCAL  major=41  attempt=170  accepted  reason=success  P rel.= 3.433275e-14  objective=-5.366224e+01  upper=-5.650904e+01  gap=-2.846793e+00  wall=0.000000e+00s  cpu=0.000000e+00s  provider=0  solves=0  iterations=0
  certificate  stage=STEP 5 LOCAL  major=41  attempt=171  accepted  reason=success  P rel.= 5.358208e-14  objective=-5.366224e+01  upper=-5.650904e+01  gap=-2.846793e+00  wall=0.000000e+00s  cpu=0.000000e+00s  provider=0  solves=0  iterations=0
  certificate  stage=STEP 5 LOCAL  major=41  attempt=172  accepted  reason=success  P rel.= 5.659876e-14  objective=-5.366224e+01  upper=-5.650904e+01  gap=-2.846793e+00  wall=0.000000e+00s  cpu=0.000000e+00s  provider=0  solves=0  iterations=0
  certificate  stage=STEP 5 LOCAL  major=41  attempt=173  accepted  reason=success  P rel.= 6.780359e-14  objective=-5.366224e+01  upper=-5.650904e+01  gap=-2.846793e+00  wall=0.000000e+00s  cpu=0.000000e+00s  provider=0  solves=0  iterations=0
  certificate  stage=STEP 5 LOCAL  major=41  attempt=174  accepted  reason=success  P rel.=-1.515396e-09  objective=-5.650904e+01  upper=-5.650904e+01  gap=-7.105427e-15  wall=0.000000e+00s  cpu=0.000000e+00s  provider=0  solves=0  iterations=0
  certificate  stage=STEP 5  complete  reason=step5_complete  wall=1.445666e-01s  cpu=1.442770e-01s  provider=142  solves=7  iterations=119

STEP 6
  certificate  stage=STEP 6  complete  reason=candidate_set  wall=1.458000e-05s  cpu=1.500000e-05s  provider=0  solves=0  iterations=0

STEP 8
  certificate  stage=STEP 8  complete  reason=step8_complete  wall=6.220965e-02s  cpu=6.221100e-02s  provider=123  solves=1  iterations=16

STEP 9
  certificate  stage=STEP 9  failed  objective=-5.650947e+01  upper=-5.650904e+01  gap= 4.370611e-04  wall=0.000000e+00s  cpu=0.000000e+00s  provider=0  solves=0  iterations=0
  certificate  stage=STEP 9  complete  reason=paper_free_energy_convergence_failed  wall=2.251196e-03s  cpu=2.251000e-03s  provider=3  solves=0  iterations=0

STEP 7
  certificate  stage=STEP 7  complete  reason=continue_stage_ii  wall=1.490000e-06s  cpu=2.000000e-06s  provider=0  solves=0  iterations=0

STEP 4
  STAGE II STEP 4  major=42  upper=-5.650904e+01  LP_primal= 7.105427e-15  LP_dual= 1.387779e-17  active_cuts=47  certified
  certificate  stage=STEP 4  complete  reason=step4_complete  wall=3.249580e-04s  cpu=3.250000e-04s  provider=0  solves=1  iterations=1

STEP 5
  certificate  stage=STEP 5 LOCAL  major=42  attempt=175  accepted  reason=success  P rel.=-1.521717e-09  objective=-5.650904e+01  upper=-5.650904e+01  gap=-7.105427e-15  wall=0.000000e+00s  cpu=0.000000e+00s  provider=0  solves=0  iterations=0
  certificate  stage=STEP 5  complete  reason=step5_complete  wall=1.284546e-02s  cpu=1.284400e-02s  provider=12  solves=1  iterations=11

STEP 6
  certificate  stage=STEP 6  complete  reason=candidate_set  wall=1.501000e-05s  cpu=1.500000e-05s  provider=0  solves=0  iterations=0

STEP 8
  certificate  stage=STEP 8  complete  reason=step8_complete  wall=6.226119e-02s  cpu=6.226200e-02s  provider=123  solves=1  iterations=16

STEP 9
  certificate  stage=STEP 9  failed  objective=-5.650947e+01  upper=-5.650904e+01  gap= 4.370611e-04  wall=0.000000e+00s  cpu=0.000000e+00s  provider=0  solves=0  iterations=0
  certificate  stage=STEP 9  complete  reason=paper_free_energy_convergence_failed  wall=2.223416e-03s  cpu=2.223000e-03s  provider=3  solves=0  iterations=0

STEP 7
  certificate  stage=STEP 7  complete  reason=continue_stage_ii  wall=1.100000e-06s  cpu=1.000000e-06s  provider=0  solves=0  iterations=0

STEP 4
  STAGE II STEP 4  major=43  upper=-5.650904e+01  LP_primal= 7.105427e-15  LP_dual= 1.387779e-17  active_cuts=48  certified
  certificate  stage=STEP 4  complete  reason=step4_complete  wall=3.372780e-04s  cpu=3.380000e-04s  provider=0  solves=1  iterations=1

STEP 5
  certificate  stage=STEP 5 LOCAL  major=43  attempt=176  accepted  reason=success  P rel.= 8.202511e-14  objective=-5.366224e+01  upper=-5.650904e+01  gap=-2.846793e+00  wall=0.000000e+00s  cpu=0.000000e+00s  provider=0  solves=0  iterations=0
  certificate  stage=STEP 5 LOCAL  major=43  attempt=177  accepted  reason=success  P rel.=-1.507829e-09  objective=-5.650904e+01  upper=-5.650904e+01  gap=-7.105427e-15  wall=0.000000e+00s  cpu=0.000000e+00s  provider=0  solves=0  iterations=0
  certificate  stage=STEP 5  complete  reason=step5_complete  wall=4.269995e-02s  cpu=4.270100e-02s  provider=41  solves=2  iterations=38

STEP 6
  certificate  stage=STEP 6  complete  reason=candidate_set  wall=1.455000e-05s  cpu=1.400000e-05s  provider=0  solves=0  iterations=0

STEP 8
  certificate  stage=STEP 8  complete  reason=step8_complete  wall=6.271529e-02s  cpu=6.271600e-02s  provider=123  solves=1  iterations=16

STEP 9
  certificate  stage=STEP 9  failed  objective=-5.650947e+01  upper=-5.650904e+01  gap= 4.370611e-04  wall=0.000000e+00s  cpu=0.000000e+00s  provider=0  solves=0  iterations=0
  certificate  stage=STEP 9  complete  reason=paper_free_energy_convergence_failed  wall=2.272196e-03s  cpu=2.272000e-03s  provider=3  solves=0  iterations=0

STEP 7
  certificate  stage=STEP 7  complete  reason=continue_stage_ii  wall=1.100000e-06s  cpu=1.000000e-06s  provider=0  solves=0  iterations=0

STEP 4
  STAGE II STEP 4  major=44  upper=-5.650904e+01  LP_primal= 7.105427e-15  LP_dual= 1.387779e-17  active_cuts=49  certified
  certificate  stage=STEP 4  complete  reason=step4_complete  wall=3.502180e-04s  cpu=3.500000e-04s  provider=0  solves=1  iterations=1

STEP 5
  certificate  stage=STEP 5 LOCAL  major=44  attempt=178  accepted  reason=success  P rel.=-1.526391e-09  objective=-5.650904e+01  upper=-5.650904e+01  gap=-7.105427e-15  wall=0.000000e+00s  cpu=0.000000e+00s  provider=0  solves=0  iterations=0
  certificate  stage=STEP 5  complete  reason=step5_complete  wall=2.032038e-02s  cpu=2.032100e-02s  provider=20  solves=1  iterations=16

STEP 6
  certificate  stage=STEP 6  complete  reason=candidate_set  wall=1.424000e-05s  cpu=1.400000e-05s  provider=0  solves=0  iterations=0

STEP 8
  certificate  stage=STEP 8  complete  reason=step8_complete  wall=6.241589e-02s  cpu=6.241700e-02s  provider=123  solves=1  iterations=16

STEP 9
  certificate  stage=STEP 9  failed  objective=-5.650947e+01  upper=-5.650904e+01  gap= 4.370611e-04  wall=0.000000e+00s  cpu=0.000000e+00s  provider=0  solves=0  iterations=0
  certificate  stage=STEP 9  complete  reason=paper_free_energy_convergence_failed  wall=2.270566e-03s  cpu=2.271000e-03s  provider=3  solves=0  iterations=0

STEP 7
  certificate  stage=STEP 7  complete  reason=continue_stage_ii  wall=1.100000e-06s  cpu=1.000000e-06s  provider=0  solves=0  iterations=0

STEP 4
  STAGE II STEP 4  major=45  upper=-5.650904e+01  LP_primal= 7.105427e-15  LP_dual= 1.387779e-17  active_cuts=50  certified
  certificate  stage=STEP 4  complete  reason=step4_complete  wall=3.333680e-04s  cpu=3.340000e-04s  provider=0  solves=1  iterations=1

STEP 5
  certificate  stage=STEP 5 LOCAL  major=45  attempt=179  accepted  reason=success  P rel.= 5.286382e-14  objective=-5.366224e+01  upper=-5.650904e+01  gap=-2.846793e+00  wall=0.000000e+00s  cpu=0.000000e+00s  provider=0  solves=0  iterations=0
  certificate  stage=STEP 5 LOCAL  major=45  attempt=180  accepted  reason=success  P rel.= 5.746067e-14  objective=-5.366224e+01  upper=-5.650904e+01  gap=-2.846793e+00  wall=0.000000e+00s  cpu=0.000000e+00s  provider=0  solves=0  iterations=0
  certificate  stage=STEP 5 LOCAL  major=45  attempt=182  accepted  reason=success  P rel.= 4.338281e-14  objective=-5.366224e+01  upper=-5.650904e+01  gap=-2.846793e+00  wall=0.000000e+00s  cpu=0.000000e+00s  provider=0  solves=0  iterations=0
  certificate  stage=STEP 5 LOCAL  major=45  attempt=183  accepted  reason=success  P rel.= 5.774798e-14  objective=-5.366224e+01  upper=-5.650904e+01  gap=-2.846793e+00  wall=0.000000e+00s  cpu=0.000000e+00s  provider=0  solves=0  iterations=0
  certificate  stage=STEP 5 LOCAL  major=45  attempt=184  accepted  reason=success  P rel.= 5.372573e-14  objective=-5.366224e+01  upper=-5.650904e+01  gap=-2.846793e+00  wall=0.000000e+00s  cpu=0.000000e+00s  provider=0  solves=0  iterations=0
  certificate  stage=STEP 5 LOCAL  major=45  attempt=185  accepted  reason=success  P rel.=-1.526124e-09  objective=-5.650904e+01  upper=-5.650904e+01  gap=-7.105427e-15  wall=0.000000e+00s  cpu=0.000000e+00s  provider=0  solves=0  iterations=0
  certificate  stage=STEP 5  complete  reason=step5_complete  wall=1.351792e-01s  cpu=1.351680e-01s  provider=132  solves=7  iterations=119

STEP 6
  certificate  stage=STEP 6  complete  reason=candidate_set  wall=1.507000e-05s  cpu=1.500000e-05s  provider=0  solves=0  iterations=0

STEP 8
  certificate  stage=STEP 8  complete  reason=step8_complete  wall=6.292918e-02s  cpu=6.293000e-02s  provider=123  solves=1  iterations=16

STEP 9
  certificate  stage=STEP 9  failed  objective=-5.650947e+01  upper=-5.650904e+01  gap= 4.370611e-04  wall=0.000000e+00s  cpu=0.000000e+00s  provider=0  solves=0  iterations=0
  certificate  stage=STEP 9  complete  reason=paper_free_energy_convergence_failed  wall=2.373126e-03s  cpu=2.374000e-03s  provider=3  solves=0  iterations=0

STEP 7
  certificate  stage=STEP 7  complete  reason=continue_stage_ii  wall=1.370000e-06s  cpu=2.000000e-06s  provider=0  solves=0  iterations=0

STEP 4
  STAGE II STEP 4  major=46  upper=-5.650904e+01  LP_primal= 7.105427e-15  LP_dual= 1.387779e-17  active_cuts=51  certified
  certificate  stage=STEP 4  complete  reason=step4_complete  wall=3.857570e-04s  cpu=3.860000e-04s  provider=0  solves=1  iterations=1

STEP 5
  certificate  stage=STEP 5 LOCAL  major=46  attempt=186  accepted  reason=success  P rel.= 8.101955e-14  objective=-5.366224e+01  upper=-5.650904e+01  gap=-2.846793e+00  wall=0.000000e+00s  cpu=0.000000e+00s  provider=0  solves=0  iterations=0
  certificate  stage=STEP 5 LOCAL  major=46  attempt=187  accepted  reason=success  P rel.= 5.947180e-14  objective=-5.366224e+01  upper=-5.650904e+01  gap=-2.846793e+00  wall=0.000000e+00s  cpu=0.000000e+00s  provider=0  solves=0  iterations=0
  certificate  stage=STEP 5 LOCAL  major=46  attempt=188  accepted  reason=success  P rel.=-1.518913e-09  objective=-5.650904e+01  upper=-5.650904e+01  gap=-2.131628e-14  wall=0.000000e+00s  cpu=0.000000e+00s  provider=0  solves=0  iterations=0
  certificate  stage=STEP 5  complete  reason=step5_complete  wall=7.145227e-02s  cpu=7.144100e-02s  provider=67  solves=3  iterations=63

STEP 6
  certificate  stage=STEP 6  complete  reason=candidate_set  wall=1.565000e-05s  cpu=1.600000e-05s  provider=0  solves=0  iterations=0

STEP 8
  certificate  stage=STEP 8  complete  reason=step8_complete  wall=6.331838e-02s  cpu=6.329700e-02s  provider=123  solves=1  iterations=16

STEP 9
  certificate  stage=STEP 9  failed  objective=-5.650947e+01  upper=-5.650904e+01  gap= 4.370611e-04  wall=0.000000e+00s  cpu=0.000000e+00s  provider=0  solves=0  iterations=0
  certificate  stage=STEP 9  complete  reason=paper_free_energy_convergence_failed  wall=2.310806e-03s  cpu=2.311000e-03s  provider=3  solves=0  iterations=0

STEP 7
  certificate  stage=STEP 7  complete  reason=continue_stage_ii  wall=1.080000e-06s  cpu=1.000000e-06s  provider=0  solves=0  iterations=0

STEP 4
  STAGE II STEP 4  major=47  upper=-5.650904e+01  LP_primal= 7.105427e-15  LP_dual= 1.387779e-17  active_cuts=52  certified
  certificate  stage=STEP 4  complete  reason=step4_complete  wall=3.883670e-04s  cpu=3.890000e-04s  provider=0  solves=1  iterations=1

STEP 5
  certificate  stage=STEP 5 LOCAL  major=47  attempt=189  accepted  reason=success  P rel.= 6.780359e-14  objective=-5.366224e+01  upper=-5.650904e+01  gap=-2.846793e+00  wall=0.000000e+00s  cpu=0.000000e+00s  provider=0  solves=0  iterations=0
  certificate  stage=STEP 5 LOCAL  major=47  attempt=190  accepted  reason=success  P rel.= 5.128365e-14  objective=-5.366224e+01  upper=-5.650904e+01  gap=-2.846793e+00  wall=0.000000e+00s  cpu=0.000000e+00s  provider=0  solves=0  iterations=0
  certificate  stage=STEP 5 LOCAL  major=47  attempt=191  accepted  reason=success  P rel.= 2.432023e-13  objective=-5.366224e+01  upper=-5.650904e+01  gap=-2.846793e+00  wall=0.000000e+00s  cpu=0.000000e+00s  provider=0  solves=0  iterations=0
  certificate  stage=STEP 5 LOCAL  major=47  attempt=192  accepted  reason=success  P rel.= 4.812331e-14  objective=-5.366224e+01  upper=-5.650904e+01  gap=-2.846793e+00  wall=0.000000e+00s  cpu=0.000000e+00s  provider=0  solves=0  iterations=0
  certificate  stage=STEP 5 LOCAL  major=47  attempt=193  accepted  reason=success  P rel.= 4.467567e-14  objective=-5.366224e+01  upper=-5.650904e+01  gap=-2.846793e+00  wall=0.000000e+00s  cpu=0.000000e+00s  provider=0  solves=0  iterations=0
  certificate  stage=STEP 5 LOCAL  major=47  attempt=194  accepted  reason=success  P rel.=-1.525011e-09  objective=-5.650904e+01  upper=-5.650904e+01  gap= 0.000000e+00  wall=0.000000e+00s  cpu=0.000000e+00s  provider=0  solves=0  iterations=0
  certificate  stage=STEP 5  complete  reason=step5_complete  wall=1.404000e-01s  cpu=1.403660e-01s  provider=136  solves=6  iterations=120

STEP 6
  certificate  stage=STEP 6  complete  reason=candidate_set  wall=1.686000e-05s  cpu=1.700000e-05s  provider=0  solves=0  iterations=0

STEP 8
  certificate  stage=STEP 8  complete  reason=step8_complete  wall=6.274280e-02s  cpu=6.274400e-02s  provider=123  solves=1  iterations=16

STEP 9
  certificate  stage=STEP 9  failed  objective=-5.650947e+01  upper=-5.650904e+01  gap= 4.370611e-04  wall=0.000000e+00s  cpu=0.000000e+00s  provider=0  solves=0  iterations=0
  certificate  stage=STEP 9  complete  reason=paper_free_energy_convergence_failed  wall=2.276116e-03s  cpu=2.276000e-03s  provider=3  solves=0  iterations=0

STEP 7
  certificate  stage=STEP 7  complete  reason=continue_stage_ii  wall=1.110000e-06s  cpu=1.000000e-06s  provider=0  solves=0  iterations=0

STEP 4
  STAGE II STEP 4  major=48  upper=-5.650904e+01  LP_primal= 7.105427e-15  LP_dual= 1.387779e-17  active_cuts=53  certified
  certificate  stage=STEP 4  complete  reason=step4_complete  wall=3.443480e-04s  cpu=3.450000e-04s  provider=0  solves=1  iterations=1

STEP 5
  certificate  stage=STEP 5 LOCAL  major=48  attempt=195  accepted  reason=success  P rel.= 4.841062e-14  objective=-5.366224e+01  upper=-5.650904e+01  gap=-2.846793e+00  wall=0.000000e+00s  cpu=0.000000e+00s  provider=0  solves=0  iterations=0
  certificate  stage=STEP 5 LOCAL  major=48  attempt=196  accepted  reason=success  P rel.= 6.694168e-14  objective=-5.366224e+01  upper=-5.650904e+01  gap=-2.846793e+00  wall=0.000000e+00s  cpu=0.000000e+00s  provider=0  solves=0  iterations=0
  certificate  stage=STEP 5 LOCAL  major=48  attempt=197  accepted  reason=success  P rel.=-9.860526e-09  objective=-5.650904e+01  upper=-5.650904e+01  gap=-7.105427e-15  wall=0.000000e+00s  cpu=0.000000e+00s  provider=0  solves=0  iterations=0
  certificate  stage=STEP 5  complete  reason=step5_complete  wall=6.381441e-02s  cpu=6.381500e-02s  provider=61  solves=3  iterations=56

STEP 6
  certificate  stage=STEP 6  complete  reason=candidate_set  wall=1.564000e-05s  cpu=1.500000e-05s  provider=0  solves=0  iterations=0

STEP 8
  certificate  stage=STEP 8  complete  reason=step8_complete  wall=6.254713e-02s  cpu=6.253800e-02s  provider=123  solves=1  iterations=16

STEP 9
  certificate  stage=STEP 9  failed  objective=-5.650947e+01  upper=-5.650904e+01  gap= 4.370611e-04  wall=0.000000e+00s  cpu=0.000000e+00s  provider=0  solves=0  iterations=0
  certificate  stage=STEP 9  complete  reason=paper_free_energy_convergence_failed  wall=2.286216e-03s  cpu=2.286000e-03s  provider=3  solves=0  iterations=0

STEP 7
  certificate  stage=STEP 7  complete  reason=continue_stage_ii  wall=1.010000e-06s  cpu=1.000000e-06s  provider=0  solves=0  iterations=0

STEP 4
  STAGE II STEP 4  major=49  upper=-5.650904e+01  LP_primal= 1.421085e-14  LP_dual= 8.326673e-17  active_cuts=54  certified
  certificate  stage=STEP 4  complete  reason=step4_complete  wall=3.294280e-04s  cpu=3.300000e-04s  provider=0  solves=1  iterations=1

STEP 5
  certificate  stage=STEP 5 LOCAL  major=49  attempt=198  accepted  reason=success  P rel.=-1.528350e-09  objective=-5.650904e+01  upper=-5.650904e+01  gap= 0.000000e+00  wall=0.000000e+00s  cpu=0.000000e+00s  provider=0  solves=0  iterations=0
  certificate  stage=STEP 5  complete  reason=step5_complete  wall=2.594031e-02s  cpu=2.568000e-02s  provider=27  solves=1  iterations=17

STEP 6
  certificate  stage=STEP 6  complete  reason=candidate_set  wall=1.479000e-05s  cpu=1.500000e-05s  provider=0  solves=0  iterations=0

STEP 8
  certificate  stage=STEP 8  complete  reason=step8_complete  wall=6.275916e-02s  cpu=6.275100e-02s  provider=123  solves=1  iterations=16

STEP 9
  certificate  stage=STEP 9  failed  objective=-5.650947e+01  upper=-5.650904e+01  gap= 4.370611e-04  wall=0.000000e+00s  cpu=0.000000e+00s  provider=0  solves=0  iterations=0
  certificate  stage=STEP 9  complete  reason=paper_free_energy_convergence_failed  wall=2.285486e-03s  cpu=2.285000e-03s  provider=3  solves=0  iterations=0

STEP 7
  certificate  stage=STEP 7  complete  reason=continue_stage_ii  wall=9.800000e-07s  cpu=1.000000e-06s  provider=0  solves=0  iterations=0

STEP 4
  STAGE II STEP 4  major=50  upper=-5.650904e+01  LP_primal= 1.421085e-14  LP_dual= 8.326673e-17  active_cuts=55  certified
  certificate  stage=STEP 4  complete  reason=step4_complete  wall=3.314180e-04s  cpu=3.310000e-04s  provider=0  solves=1  iterations=1

STEP 5
  certificate  stage=STEP 5 LOCAL  major=50  attempt=199  accepted  reason=success  P rel.=-2.973118e-09  objective=-5.650904e+01  upper=-5.650904e+01  gap= 1.754573e-06  wall=0.000000e+00s  cpu=0.000000e+00s  provider=0  solves=0  iterations=0
  certificate  stage=STEP 5  complete  reason=step5_complete  wall=1.973042e-02s  cpu=1.973100e-02s  provider=20  solves=1  iterations=16

STEP 6
  certificate  stage=STEP 6  complete  reason=candidate_set  wall=1.543000e-05s  cpu=1.500000e-05s  provider=0  solves=0  iterations=0

STEP 8
  certificate  stage=STEP 8  complete  reason=step8_complete  wall=6.261577e-02s  cpu=6.261000e-02s  provider=123  solves=1  iterations=16

STEP 9
  certificate  stage=STEP 9  failed  objective=-5.650947e+01  upper=-5.650904e+01  gap= 4.370611e-04  wall=0.000000e+00s  cpu=0.000000e+00s  provider=0  solves=0  iterations=0
  certificate  stage=STEP 9  complete  reason=paper_free_energy_convergence_failed  wall=2.256307e-03s  cpu=2.257000e-03s  provider=3  solves=0  iterations=0

STEP 7
  certificate  stage=STEP 7  complete  reason=continue_stage_ii  wall=9.500000e-07s  cpu=1.000000e-06s  provider=0  solves=0  iterations=0

STEP 4
  STAGE II STEP 4  major=51  upper=-5.650904e+01  LP_primal= 1.421085e-14  LP_dual= 2.775558e-17  active_cuts=56  certified
  certificate  stage=STEP 4  complete  reason=step4_complete  wall=3.373480e-04s  cpu=3.370000e-04s  provider=0  solves=1  iterations=1

STEP 5
  certificate  stage=STEP 5 LOCAL  major=51  attempt=200  accepted  reason=success  P rel.= 5.832258e-14  objective=-5.366224e+01  upper=-5.650904e+01  gap=-2.846793e+00  wall=0.000000e+00s  cpu=0.000000e+00s  provider=0  solves=0  iterations=0
  certificate  stage=STEP 5 LOCAL  major=51  attempt=201  accepted  reason=success  P rel.=-1.526836e-09  objective=-5.650904e+01  upper=-5.650904e+01  gap= 2.112444e-11  wall=0.000000e+00s  cpu=0.000000e+00s  provider=0  solves=0  iterations=0
  certificate  stage=STEP 5  complete  reason=step5_complete  wall=3.837632e-02s  cpu=3.708400e-02s  provider=36  solves=2  iterations=33

STEP 6
  certificate  stage=STEP 6  complete  reason=candidate_set  wall=1.988000e-05s  cpu=2.000000e-05s  provider=0  solves=0  iterations=0

STEP 8
  certificate  stage=STEP 8  complete  reason=step8_complete  wall=6.256329e-02s  cpu=6.256400e-02s  provider=123  solves=1  iterations=16

STEP 9
  certificate  stage=STEP 9  failed  objective=-5.650947e+01  upper=-5.650904e+01  gap= 4.368527e-04  wall=0.000000e+00s  cpu=0.000000e+00s  provider=0  solves=0  iterations=0
  certificate  stage=STEP 9  complete  reason=paper_free_energy_convergence_failed  wall=2.275856e-03s  cpu=2.275000e-03s  provider=3  solves=0  iterations=0

STEP 7
  certificate  stage=STEP 7  complete  reason=continue_stage_ii  wall=1.120000e-06s  cpu=1.000000e-06s  provider=0  solves=0  iterations=0

STEP 4
  STAGE II STEP 4  major=52  upper=-5.650904e+01  LP_primal= 2.112444e-11  LP_dual= 2.775558e-17  active_cuts=57  certified
  certificate  stage=STEP 4  complete  reason=step4_complete  wall=3.698470e-04s  cpu=3.700000e-04s  provider=0  solves=1  iterations=1

STEP 5
  certificate  stage=STEP 5 LOCAL  major=52  attempt=202  accepted  reason=success  P rel.= 5.904084e-14  objective=-5.366224e+01  upper=-5.650904e+01  gap=-2.846793e+00  wall=0.000000e+00s  cpu=0.000000e+00s  provider=0  solves=0  iterations=0
  certificate  stage=STEP 5 LOCAL  major=52  attempt=203  accepted  reason=success  P rel.= 6.539024e-13  objective=-5.366224e+01  upper=-5.650904e+01  gap=-2.846793e+00  wall=0.000000e+00s  cpu=0.000000e+00s  provider=0  solves=0  iterations=0
  certificate  stage=STEP 5 LOCAL  major=52  attempt=204  accepted  reason=success  P rel.= 9.294264e-14  objective=-5.366224e+01  upper=-5.650904e+01  gap=-2.846793e+00  wall=0.000000e+00s  cpu=0.000000e+00s  provider=0  solves=0  iterations=0
  certificate  stage=STEP 5 LOCAL  major=52  attempt=206  accepted  reason=success  P rel.= 6.722899e-14  objective=-5.366224e+01  upper=-5.650904e+01  gap=-2.846793e+00  wall=0.000000e+00s  cpu=0.000000e+00s  provider=0  solves=0  iterations=0
  certificate  stage=STEP 5 LOCAL  major=52  attempt=207  accepted  reason=success  P rel.= 3.605657e-14  objective=-5.366224e+01  upper=-5.650904e+01  gap=-2.846793e+00  wall=0.000000e+00s  cpu=0.000000e+00s  provider=0  solves=0  iterations=0
  certificate  stage=STEP 5 LOCAL  major=52  attempt=208  accepted  reason=success  P rel.=-6.520293e-09  objective=-5.650904e+01  upper=-5.650904e+01  gap=-8.228085e-12  wall=0.000000e+00s  cpu=0.000000e+00s  provider=0  solves=0  iterations=0
  certificate  stage=STEP 5  complete  reason=step5_complete  wall=1.416871e-01s  cpu=1.416890e-01s  provider=137  solves=7  iterations=122

STEP 6
  certificate  stage=STEP 6  complete  reason=candidate_set  wall=1.890000e-05s  cpu=1.900000e-05s  provider=0  solves=0  iterations=0

STEP 8
  certificate  stage=STEP 8  complete  reason=step8_complete  wall=6.264648e-02s  cpu=6.264800e-02s  provider=123  solves=1  iterations=16

STEP 9
  certificate  stage=STEP 9  failed  objective=-5.650947e+01  upper=-5.650904e+01  gap= 4.368527e-04  wall=0.000000e+00s  cpu=0.000000e+00s  provider=0  solves=0  iterations=0
  certificate  stage=STEP 9  complete  reason=paper_free_energy_convergence_failed  wall=2.280676e-03s  cpu=2.281000e-03s  provider=3  solves=0  iterations=0

STEP 7
  certificate  stage=STEP 7  complete  reason=continue_stage_ii  wall=1.100000e-06s  cpu=1.000000e-06s  provider=0  solves=0  iterations=0

STEP 4
  STAGE II STEP 4  major=53  upper=-5.650904e+01  LP_primal= 2.112444e-11  LP_dual= 5.551115e-17  active_cuts=58  certified
  certificate  stage=STEP 4  complete  reason=step4_complete  wall=3.919670e-04s  cpu=3.920000e-04s  provider=0  solves=1  iterations=1

STEP 5
  certificate  stage=STEP 5 LOCAL  major=53  attempt=209  accepted  reason=success  P rel.= 1.742495e-13  objective=-5.366224e+01  upper=-5.650904e+01  gap=-2.846793e+00  wall=0.000000e+00s  cpu=0.000000e+00s  provider=0  solves=0  iterations=0
  certificate  stage=STEP 5 LOCAL  major=53  attempt=210  accepted  reason=success  P rel.=-1.525367e-09  objective=-5.650904e+01  upper=-5.650904e+01  gap= 2.112444e-11  wall=0.000000e+00s  cpu=0.000000e+00s  provider=0  solves=0  iterations=0
  certificate  stage=STEP 5  complete  reason=step5_complete  wall=4.068849e-02s  cpu=4.068000e-02s  provider=38  solves=2  iterations=36

STEP 6
  certificate  stage=STEP 6  complete  reason=candidate_set  wall=1.679000e-05s  cpu=1.700000e-05s  provider=0  solves=0  iterations=0

STEP 8
  certificate  stage=STEP 8  complete  reason=step8_complete  wall=6.359155e-02s  cpu=6.359300e-02s  provider=123  solves=1  iterations=16

STEP 9
  certificate  stage=STEP 9  failed  objective=-5.650947e+01  upper=-5.650904e+01  gap= 4.368527e-04  wall=0.000000e+00s  cpu=0.000000e+00s  provider=0  solves=0  iterations=0
  certificate  stage=STEP 9  complete  reason=paper_free_energy_convergence_failed  wall=2.366186e-03s  cpu=2.366000e-03s  provider=3  solves=0  iterations=0

STEP 7
  certificate  stage=STEP 7  complete  reason=continue_stage_ii  wall=1.130000e-06s  cpu=1.000000e-06s  provider=0  solves=0  iterations=0

STEP 4
  STAGE II STEP 4  major=54  upper=-5.650904e+01  LP_primal= 2.112444e-11  LP_dual= 5.551115e-17  active_cuts=59  certified
  certificate  stage=STEP 4  complete  reason=step4_complete  wall=4.010480e-04s  cpu=4.010000e-04s  provider=0  solves=1  iterations=1

STEP 5
  certificate  stage=STEP 5 LOCAL  major=54  attempt=211  accepted  reason=success  P rel.= 3.749309e-14  objective=-5.366224e+01  upper=-5.650904e+01  gap=-2.846793e+00  wall=0.000000e+00s  cpu=0.000000e+00s  provider=0  solves=0  iterations=0
  certificate  stage=STEP 5 LOCAL  major=54  attempt=212  accepted  reason=success  P rel.= 4.697410e-14  objective=-5.366224e+01  upper=-5.650904e+01  gap=-2.846793e+00  wall=0.000000e+00s  cpu=0.000000e+00s  provider=0  solves=0  iterations=0
  certificate  stage=STEP 5 LOCAL  major=54  attempt=213  accepted  reason=success  P rel.= 6.665438e-14  objective=-5.366224e+01  upper=-5.650904e+01  gap=-2.846793e+00  wall=0.000000e+00s  cpu=0.000000e+00s  provider=0  solves=0  iterations=0
  certificate  stage=STEP 5 LOCAL  major=54  attempt=214  accepted  reason=success  P rel.= 3.663118e-14  objective=-5.366224e+01  upper=-5.650904e+01  gap=-2.846793e+00  wall=0.000000e+00s  cpu=0.000000e+00s  provider=0  solves=0  iterations=0
  certificate  stage=STEP 5 LOCAL  major=54  attempt=215  accepted  reason=success  P rel.= 3.663118e-14  objective=-5.366224e+01  upper=-5.650904e+01  gap=-2.846793e+00  wall=0.000000e+00s  cpu=0.000000e+00s  provider=0  solves=0  iterations=0
  certificate  stage=STEP 5 LOCAL  major=54  attempt=216  accepted  reason=success  P rel.= 4.539393e-14  objective=-5.366224e+01  upper=-5.650904e+01  gap=-2.846793e+00  wall=0.000000e+00s  cpu=0.000000e+00s  provider=0  solves=0  iterations=0
  certificate  stage=STEP 5 LOCAL  major=54  attempt=217  accepted  reason=success  P rel.= 2.578548e-13  objective=-5.366224e+01  upper=-5.650904e+01  gap=-2.846793e+00  wall=0.000000e+00s  cpu=0.000000e+00s  provider=0  solves=0  iterations=0
  certificate  stage=STEP 5 LOCAL  major=54  attempt=218  accepted  reason=success  P rel.= 5.027809e-14  objective=-5.366224e+01  upper=-5.650904e+01  gap=-2.846793e+00  wall=0.000000e+00s  cpu=0.000000e+00s  provider=0  solves=0  iterations=0
  certificate  stage=STEP 5 LOCAL  major=54  attempt=219  accepted  reason=success  P rel.= 3.792404e-14  objective=-5.366224e+01  upper=-5.650904e+01  gap=-2.846793e+00  wall=0.000000e+00s  cpu=0.000000e+00s  provider=0  solves=0  iterations=0
  certificate  stage=STEP 5 LOCAL  major=54  attempt=220  accepted  reason=success  P rel.= 6.579247e-14  objective=-5.366224e+01  upper=-5.650904e+01  gap=-2.846793e+00  wall=0.000000e+00s  cpu=0.000000e+00s  provider=0  solves=0  iterations=0
  certificate  stage=STEP 5 LOCAL  major=54  attempt=221  accepted  reason=success  P rel.= 1.019927e-13  objective=-5.366224e+01  upper=-5.650904e+01  gap=-2.846793e+00  wall=0.000000e+00s  cpu=0.000000e+00s  provider=0  solves=0  iterations=0
  certificate  stage=STEP 5 LOCAL  major=54  attempt=222  accepted  reason=success  P rel.= 4.851117e-13  objective=-5.366224e+01  upper=-5.650904e+01  gap=-2.846793e+00  wall=0.000000e+00s  cpu=0.000000e+00s  provider=0  solves=0  iterations=0
  certificate  stage=STEP 5 LOCAL  major=54  attempt=223  accepted  reason=success  P rel.= 7.297505e-14  objective=-5.366224e+01  upper=-5.650904e+01  gap=-2.846793e+00  wall=0.000000e+00s  cpu=0.000000e+00s  provider=0  solves=0  iterations=0
  certificate  stage=STEP 5 LOCAL  major=54  attempt=224  accepted  reason=success  P rel.= 1.735312e-13  objective=-5.366224e+01  upper=-5.650904e+01  gap=-2.846793e+00  wall=0.000000e+00s  cpu=0.000000e+00s  provider=0  solves=0  iterations=0
  certificate  stage=STEP 5 LOCAL  major=54  attempt=225  accepted  reason=success  P rel.= 5.975910e-14  objective=-5.366224e+01  upper=-5.650904e+01  gap=-2.846793e+00  wall=0.000000e+00s  cpu=0.000000e+00s  provider=0  solves=0  iterations=0
  certificate  stage=STEP 5 LOCAL  major=54  attempt=226  accepted  reason=success  P rel.= 6.579247e-14  objective=-5.366224e+01  upper=-5.650904e+01  gap=-2.846793e+00  wall=0.000000e+00s  cpu=0.000000e+00s  provider=0  solves=0  iterations=0
  certificate  stage=STEP 5 LOCAL  major=54  attempt=228  accepted  reason=success  P rel.= 5.027809e-14  objective=-5.366224e+01  upper=-5.650904e+01  gap=-2.846793e+00  wall=0.000000e+00s  cpu=0.000000e+00s  provider=0  solves=0  iterations=0
  certificate  stage=STEP 5 LOCAL  major=54  attempt=229  accepted  reason=success  P rel.= 4.582489e-14  objective=-5.366224e+01  upper=-5.650904e+01  gap=-2.846793e+00  wall=0.000000e+00s  cpu=0.000000e+00s  provider=0  solves=0  iterations=0
  certificate  stage=STEP 5 LOCAL  major=54  attempt=230  accepted  reason=success  P rel.= 6.967107e-14  objective=-5.366224e+01  upper=-5.650904e+01  gap=-2.846793e+00  wall=0.000000e+00s  cpu=0.000000e+00s  provider=0  solves=0  iterations=0
  certificate  stage=STEP 5 LOCAL  major=54  attempt=231  accepted  reason=success  P rel.= 3.792404e-14  objective=-5.366224e+01  upper=-5.650904e+01  gap=-2.846793e+00  wall=0.000000e+00s  cpu=0.000000e+00s  provider=0  solves=0  iterations=0
  certificate  stage=STEP 5 LOCAL  major=54  attempt=232  accepted  reason=success  P rel.= 2.643191e-14  objective=-5.366224e+01  upper=-5.650904e+01  gap=-2.846793e+00  wall=0.000000e+00s  cpu=0.000000e+00s  provider=0  solves=0  iterations=0
  certificate  stage=STEP 5 LOCAL  major=54  attempt=233  accepted  reason=success  P rel.= 6.119562e-14  objective=-5.366224e+01  upper=-5.650904e+01  gap=-2.846793e+00  wall=0.000000e+00s  cpu=0.000000e+00s  provider=0  solves=0  iterations=0
  certificate  stage=STEP 5 LOCAL  major=54  attempt=235  accepted  reason=success  P rel.= 8.892039e-14  objective=-5.366224e+01  upper=-5.650904e+01  gap=-2.846793e+00  wall=0.000000e+00s  cpu=0.000000e+00s  provider=0  solves=0  iterations=0
  certificate  stage=STEP 5 LOCAL  major=54  attempt=236  accepted  reason=success  P rel.= 5.975910e-14  objective=-5.366224e+01  upper=-5.650904e+01  gap=-2.846793e+00  wall=0.000000e+00s  cpu=0.000000e+00s  provider=0  solves=0  iterations=0
  certificate  stage=STEP 5 LOCAL  major=54  attempt=237  accepted  reason=success  P rel.= 6.665438e-14  objective=-5.366224e+01  upper=-5.650904e+01  gap=-2.846793e+00  wall=0.000000e+00s  cpu=0.000000e+00s  provider=0  solves=0  iterations=0
  certificate  stage=STEP 5 LOCAL  major=54  attempt=238  accepted  reason=success  P rel.= 5.040737e-13  objective=-5.366224e+01  upper=-5.650904e+01  gap=-2.846793e+00  wall=0.000000e+00s  cpu=0.000000e+00s  provider=0  solves=0  iterations=0
  certificate  stage=STEP 5 LOCAL  major=54  attempt=239  accepted  reason=success  P rel.= 6.665438e-14  objective=-5.366224e+01  upper=-5.650904e+01  gap=-2.846793e+00  wall=0.000000e+00s  cpu=0.000000e+00s  provider=0  solves=0  iterations=0
  certificate  stage=STEP 5 LOCAL  major=54  attempt=240  accepted  reason=success  P rel.=-1.510722e-09  objective=-5.650904e+01  upper=-5.650904e+01  gap= 2.113154e-11  wall=0.000000e+00s  cpu=0.000000e+00s  provider=0  solves=0  iterations=0
  certificate  stage=STEP 5  complete  reason=step5_complete  wall=6.305205e-01s  cpu=6.302460e-01s  provider=599  solves=30  iterations=560

STEP 6
  certificate  stage=STEP 6  complete  reason=candidate_set  wall=1.802900e-05s  cpu=1.900000e-05s  provider=0  solves=0  iterations=0

STEP 8
  certificate  stage=STEP 8  complete  reason=step8_complete  wall=6.314418e-02s  cpu=6.314500e-02s  provider=123  solves=1  iterations=16

STEP 9
  certificate  stage=STEP 9  failed  objective=-5.650947e+01  upper=-5.650904e+01  gap= 4.368527e-04  wall=0.000000e+00s  cpu=0.000000e+00s  provider=0  solves=0  iterations=0
  certificate  stage=STEP 9  complete  reason=paper_free_energy_convergence_failed  wall=2.272586e-03s  cpu=2.273000e-03s  provider=3  solves=0  iterations=0

STEP 7
  certificate  stage=STEP 7  complete  reason=continue_stage_ii  wall=1.100000e-06s  cpu=1.000000e-06s  provider=0  solves=0  iterations=0

STEP 4
  STAGE II STEP 4  major=55  upper=-5.650904e+01  LP_primal= 2.113154e-11  LP_dual= 5.551115e-17  active_cuts=60  certified
  certificate  stage=STEP 4  complete  reason=step4_complete  wall=3.971770e-04s  cpu=3.970000e-04s  provider=0  solves=1  iterations=1

STEP 5
  certificate  stage=STEP 5 LOCAL  major=55  attempt=241  accepted  reason=success  P rel.= 3.792404e-14  objective=-5.366224e+01  upper=-5.650904e+01  gap=-2.846793e+00  wall=0.000000e+00s  cpu=0.000000e+00s  provider=0  solves=0  iterations=0
  certificate  stage=STEP 5 LOCAL  major=55  attempt=242  accepted  reason=success  P rel.= 2.370253e-13  objective=-5.366224e+01  upper=-5.650904e+01  gap=-2.846793e+00  wall=0.000000e+00s  cpu=0.000000e+00s  provider=0  solves=0  iterations=0
  certificate  stage=STEP 5 LOCAL  major=55  attempt=243  accepted  reason=success  P rel.=-1.520604e-09  objective=-5.650904e+01  upper=-5.650904e+01  gap= 2.111022e-11  wall=0.000000e+00s  cpu=0.000000e+00s  provider=0  solves=0  iterations=0
  certificate  stage=STEP 5  complete  reason=step5_complete  wall=6.576920e-02s  cpu=6.577100e-02s  provider=64  solves=3  iterations=55

STEP 6
  certificate  stage=STEP 6  complete  reason=candidate_set  wall=2.411000e-05s  cpu=2.400000e-05s  provider=0  solves=0  iterations=0

STEP 8
  certificate  stage=STEP 8  complete  reason=step8_complete  wall=6.290306e-02s  cpu=6.289700e-02s  provider=123  solves=1  iterations=16

STEP 9
  certificate  stage=STEP 9  failed  objective=-5.650947e+01  upper=-5.650904e+01  gap= 4.368527e-04  wall=0.000000e+00s  cpu=0.000000e+00s  provider=0  solves=0  iterations=0
  certificate  stage=STEP 9  complete  reason=paper_free_energy_convergence_failed  wall=2.256107e-03s  cpu=2.256000e-03s  provider=3  solves=0  iterations=0

STEP 7
  certificate  stage=STEP 7  complete  reason=continue_stage_ii  wall=1.460000e-06s  cpu=2.000000e-06s  provider=0  solves=0  iterations=0

STEP 4
  STAGE II STEP 4  major=56  upper=-5.650904e+01  LP_primal= 2.113154e-11  LP_dual= 5.551115e-17  active_cuts=61  certified
  certificate  stage=STEP 4  complete  reason=step4_complete  wall=4.110280e-04s  cpu=4.110000e-04s  provider=0  solves=1  iterations=1

STEP 5
  certificate  stage=STEP 5 LOCAL  major=56  attempt=244  accepted  reason=success  P rel.= 3.235036e-13  objective=-5.366224e+01  upper=-5.650904e+01  gap=-2.846793e+00  wall=0.000000e+00s  cpu=0.000000e+00s  provider=0  solves=0  iterations=0
  certificate  stage=STEP 5 LOCAL  major=56  attempt=245  accepted  reason=success  P rel.= 3.792404e-14  objective=-5.366224e+01  upper=-5.650904e+01  gap=-2.846793e+00  wall=0.000000e+00s  cpu=0.000000e+00s  provider=0  solves=0  iterations=0
  certificate  stage=STEP 5 LOCAL  major=56  attempt=246  accepted  reason=success  P rel.= 5.473129e-14  objective=-5.366224e+01  upper=-5.650904e+01  gap=-2.846793e+00  wall=0.000000e+00s  cpu=0.000000e+00s  provider=0  solves=0  iterations=0
  certificate  stage=STEP 5 LOCAL  major=56  attempt=247  accepted  reason=success  P rel.= 6.665438e-14  objective=-5.366224e+01  upper=-5.650904e+01  gap=-2.846793e+00  wall=0.000000e+00s  cpu=0.000000e+00s  provider=0  solves=0  iterations=0
  certificate  stage=STEP 5 LOCAL  major=56  attempt=248  accepted  reason=success  P rel.=-2.968221e-09  objective=-5.650904e+01  upper=-5.650904e+01  gap= 1.084999e-11  wall=0.000000e+00s  cpu=0.000000e+00s  provider=0  solves=0  iterations=0
  certificate  stage=STEP 5  complete  reason=step5_complete  wall=1.193229e-01s  cpu=1.192940e-01s  provider=114  solves=5  iterations=99

STEP 6
  certificate  stage=STEP 6  complete  reason=candidate_set  wall=1.775000e-05s  cpu=1.800000e-05s  provider=0  solves=0  iterations=0

STEP 8
  certificate  stage=STEP 8  complete  reason=step8_complete  wall=6.216376e-02s  cpu=6.215900e-02s  provider=123  solves=1  iterations=16

STEP 9
  certificate  stage=STEP 9  failed  objective=-5.650947e+01  upper=-5.650904e+01  gap= 4.368527e-04  wall=0.000000e+00s  cpu=0.000000e+00s  provider=0  solves=0  iterations=0
  certificate  stage=STEP 9  complete  reason=paper_free_energy_convergence_failed  wall=2.243566e-03s  cpu=2.244000e-03s  provider=3  solves=0  iterations=0

STEP 7
  certificate  stage=STEP 7  complete  reason=continue_stage_ii  wall=1.110000e-06s  cpu=1.000000e-06s  provider=0  solves=0  iterations=0

STEP 4
  STAGE II STEP 4  major=57  upper=-5.650904e+01  LP_primal= 2.113865e-11  LP_dual= 2.775558e-17  active_cuts=62  certified
  certificate  stage=STEP 4  complete  reason=step4_complete  wall=3.544880e-04s  cpu=3.550000e-04s  provider=0  solves=1  iterations=1

STEP 5
  certificate  stage=STEP 5 LOCAL  major=57  attempt=249  accepted  reason=success  P rel.= 3.677483e-14  objective=-5.366224e+01  upper=-5.650904e+01  gap=-2.846793e+00  wall=0.000000e+00s  cpu=0.000000e+00s  provider=0  solves=0  iterations=0
  certificate  stage=STEP 5 LOCAL  major=57  attempt=250  accepted  reason=success  P rel.= 3.145972e-14  objective=-5.366224e+01  upper=-5.650904e+01  gap=-2.846793e+00  wall=0.000000e+00s  cpu=0.000000e+00s  provider=0  solves=0  iterations=0
  certificate  stage=STEP 5 LOCAL  major=57  attempt=251  accepted  reason=success  P rel.= 3.749309e-14  objective=-5.366224e+01  upper=-5.650904e+01  gap=-2.846793e+00  wall=0.000000e+00s  cpu=0.000000e+00s  provider=0  solves=0  iterations=0
  certificate  stage=STEP 5 LOCAL  major=57  attempt=253  accepted  reason=success  P rel.= 6.464326e-13  objective=-5.366224e+01  upper=-5.650904e+01  gap=-2.846793e+00  wall=0.000000e+00s  cpu=0.000000e+00s  provider=0  solves=0  iterations=0
  certificate  stage=STEP 5 LOCAL  major=57  attempt=254  accepted  reason=success  P rel.=-2.977480e-09  objective=-5.650904e+01  upper=-5.650904e+01  gap= 0.000000e+00  wall=0.000000e+00s  cpu=0.000000e+00s  provider=0  solves=0  iterations=0
  certificate  stage=STEP 5  complete  reason=step5_complete  wall=1.186345e-01s  cpu=1.186280e-01s  provider=116  solves=6  iterations=102

STEP 6
  certificate  stage=STEP 6  complete  reason=candidate_set  wall=1.804000e-05s  cpu=1.800000e-05s  provider=0  solves=0  iterations=0

STEP 8
  certificate  stage=STEP 8  complete  reason=step8_complete  wall=6.352107e-02s  cpu=6.351600e-02s  provider=123  solves=1  iterations=16

STEP 9
  certificate  stage=STEP 9  failed  objective=-5.650947e+01  upper=-5.650904e+01  gap= 4.368527e-04  wall=0.000000e+00s  cpu=0.000000e+00s  provider=0  solves=0  iterations=0
  certificate  stage=STEP 9  complete  reason=paper_free_energy_convergence_failed  wall=2.300496e-03s  cpu=2.301000e-03s  provider=3  solves=0  iterations=0

STEP 7
  certificate  stage=STEP 7  complete  reason=continue_stage_ii  wall=1.120000e-06s  cpu=1.000000e-06s  provider=0  solves=0  iterations=0

STEP 4
  STAGE II STEP 4  major=58  upper=-5.650904e+01  LP_primal= 2.113865e-11  LP_dual= 8.326673e-17  active_cuts=63  certified
  certificate  stage=STEP 4  complete  reason=step4_complete  wall=3.926570e-04s  cpu=3.930000e-04s  provider=0  solves=1  iterations=1

STEP 5
  certificate  stage=STEP 5 LOCAL  major=58  attempt=255  accepted  reason=success  P rel.=-1.500351e-09  objective=-5.650904e+01  upper=-5.650904e+01  gap= 2.112444e-11  wall=0.000000e+00s  cpu=0.000000e+00s  provider=0  solves=0  iterations=0
  certificate  stage=STEP 5  complete  reason=step5_complete  wall=1.813454e-02s  cpu=1.813500e-02s  provider=17  solves=1  iterations=16

STEP 6
  certificate  stage=STEP 6  complete  reason=candidate_set  wall=1.797000e-05s  cpu=1.800000e-05s  provider=0  solves=0  iterations=0

STEP 8
  certificate  stage=STEP 8  complete  reason=step8_complete  wall=6.351782e-02s  cpu=6.351200e-02s  provider=123  solves=1  iterations=16

STEP 9
  certificate  stage=STEP 9  failed  objective=-5.650947e+01  upper=-5.650904e+01  gap= 4.368527e-04  wall=0.000000e+00s  cpu=0.000000e+00s  provider=0  solves=0  iterations=0
  certificate  stage=STEP 9  complete  reason=paper_free_energy_convergence_failed  wall=2.292366e-03s  cpu=2.292000e-03s  provider=3  solves=0  iterations=0

STEP 7
  certificate  stage=STEP 7  complete  reason=continue_stage_ii  wall=1.080000e-06s  cpu=1.000000e-06s  provider=0  solves=0  iterations=0

STEP 4
  STAGE II STEP 4  major=59  upper=-5.650904e+01  LP_primal= 2.113865e-11  LP_dual= 8.326673e-17  active_cuts=64  certified
  certificate  stage=STEP 4  complete  reason=step4_complete  wall=3.695480e-04s  cpu=3.700000e-04s  provider=0  solves=1  iterations=1

STEP 5
  certificate  stage=STEP 5 LOCAL  major=59  attempt=258  accepted  reason=success  P rel.= 5.530590e-14  objective=-5.366224e+01  upper=-5.650904e+01  gap=-2.846793e+00  wall=0.000000e+00s  cpu=0.000000e+00s  provider=0  solves=0  iterations=0
  certificate  stage=STEP 5 LOCAL  major=59  attempt=259  accepted  reason=success  P rel.= 4.639949e-14  objective=-5.366224e+01  upper=-5.650904e+01  gap=-2.846793e+00  wall=0.000000e+00s  cpu=0.000000e+00s  provider=0  solves=0  iterations=0
  certificate  stage=STEP 5 LOCAL  major=59  attempt=260  accepted  reason=success  P rel.=-2.040119e-09  objective=-5.650904e+01  upper=-5.650904e+01  gap= 2.113154e-11  wall=0.000000e+00s  cpu=0.000000e+00s  provider=0  solves=0  iterations=0
  certificate  stage=STEP 5  complete  reason=step5_complete  wall=6.902529e-02s  cpu=6.901700e-02s  provider=68  solves=5  iterations=55

STEP 6
  certificate  stage=STEP 6  complete  reason=candidate_set  wall=1.915000e-05s  cpu=1.900000e-05s  provider=0  solves=0  iterations=0

STEP 8
  certificate  stage=STEP 8  complete  reason=step8_complete  wall=6.329718e-02s  cpu=6.324500e-02s  provider=123  solves=1  iterations=16

STEP 9
  certificate  stage=STEP 9  failed  objective=-5.650947e+01  upper=-5.650904e+01  gap= 4.368527e-04  wall=0.000000e+00s  cpu=0.000000e+00s  provider=0  solves=0  iterations=0
  certificate  stage=STEP 9  complete  reason=paper_free_energy_convergence_failed  wall=2.293246e-03s  cpu=2.294000e-03s  provider=3  solves=0  iterations=0

STEP 7
  certificate  stage=STEP 7  complete  reason=continue_stage_ii  wall=1.070000e-06s  cpu=1.000000e-06s  provider=0  solves=0  iterations=0

STEP 4
  STAGE II STEP 4  major=60  upper=-5.650904e+01  LP_primal= 2.113865e-11  LP_dual= 8.326673e-17  active_cuts=65  certified
  certificate  stage=STEP 4  complete  reason=step4_complete  wall=3.680180e-04s  cpu=3.680000e-04s  provider=0  solves=1  iterations=1

STEP 5
  certificate  stage=STEP 5 LOCAL  major=60  attempt=261  accepted  reason=success  P rel.=-6.331557e-09  objective=-5.650904e+01  upper=-5.650904e+01  gap= 2.112444e-11  wall=0.000000e+00s  cpu=0.000000e+00s  provider=0  solves=0  iterations=0
  certificate  stage=STEP 5  complete  reason=step5_complete  wall=2.118476e-02s  cpu=2.118600e-02s  provider=20  solves=1  iterations=17

STEP 6
  certificate  stage=STEP 6  complete  reason=candidate_set  wall=1.768000e-05s  cpu=1.800000e-05s  provider=0  solves=0  iterations=0

STEP 8
  certificate  stage=STEP 8  complete  reason=step8_complete  wall=6.210760e-02s  cpu=6.209200e-02s  provider=123  solves=1  iterations=16

STEP 9
  certificate  stage=STEP 9  failed  objective=-5.650947e+01  upper=-5.650904e+01  gap= 4.368527e-04  wall=0.000000e+00s  cpu=0.000000e+00s  provider=0  solves=0  iterations=0
  certificate  stage=STEP 9  complete  reason=paper_free_energy_convergence_failed  wall=2.220576e-03s  cpu=2.221000e-03s  provider=3  solves=0  iterations=0

STEP 7
  certificate  stage=STEP 7  complete  reason=continue_stage_ii  wall=1.080000e-06s  cpu=1.000000e-06s  provider=0  solves=0  iterations=0

STEP 4
  STAGE II STEP 4  major=61  upper=-5.650904e+01  LP_primal= 2.113865e-11  LP_dual= 8.326673e-17  active_cuts=66  certified
  certificate  stage=STEP 4  complete  reason=step4_complete  wall=3.928170e-04s  cpu=3.930000e-04s  provider=0  solves=1  iterations=1

STEP 5
  certificate  stage=STEP 5 LOCAL  major=61  attempt=262  accepted  reason=success  P rel.= 3.227853e-13  objective=-5.366224e+01  upper=-5.650904e+01  gap=-2.846793e+00  wall=0.000000e+00s  cpu=0.000000e+00s  provider=0  solves=0  iterations=0
  certificate  stage=STEP 5 LOCAL  major=61  attempt=263  accepted  reason=success  P rel.= 3.145972e-14  objective=-5.366224e+01  upper=-5.650904e+01  gap=-2.846793e+00  wall=0.000000e+00s  cpu=0.000000e+00s  provider=0  solves=0  iterations=0
  certificate  stage=STEP 5 LOCAL  major=61  attempt=264  accepted  reason=success  P rel.= 3.217798e-14  objective=-5.366224e+01  upper=-5.650904e+01  gap=-2.846793e+00  wall=0.000000e+00s  cpu=0.000000e+00s  provider=0  solves=0  iterations=0
  certificate  stage=STEP 5 LOCAL  major=61  attempt=265  accepted  reason=success  P rel.= 3.145972e-14  objective=-5.366224e+01  upper=-5.650904e+01  gap=-2.846793e+00  wall=0.000000e+00s  cpu=0.000000e+00s  provider=0  solves=0  iterations=0
  certificate  stage=STEP 5 LOCAL  major=61  attempt=266  accepted  reason=success  P rel.= 4.266455e-14  objective=-5.366224e+01  upper=-5.650904e+01  gap=-2.846793e+00  wall=0.000000e+00s  cpu=0.000000e+00s  provider=0  solves=0  iterations=0
  certificate  stage=STEP 5 LOCAL  major=61  attempt=267  accepted  reason=success  P rel.= 6.148292e-14  objective=-5.366224e+01  upper=-5.650904e+01  gap=-2.846793e+00  wall=0.000000e+00s  cpu=0.000000e+00s  provider=0  solves=0  iterations=0
  certificate  stage=STEP 5 LOCAL  major=61  attempt=268  accepted  reason=success  P rel.= 3.677483e-14  objective=-5.366224e+01  upper=-5.650904e+01  gap=-2.846793e+00  wall=0.000000e+00s  cpu=0.000000e+00s  provider=0  solves=0  iterations=0
  certificate  stage=STEP 5 LOCAL  major=61  attempt=269  accepted  reason=success  P rel.= 5.789163e-14  objective=-5.366224e+01  upper=-5.650904e+01  gap=-2.846793e+00  wall=0.000000e+00s  cpu=0.000000e+00s  provider=0  solves=0  iterations=0
  certificate  stage=STEP 5 LOCAL  major=61  attempt=270  accepted  reason=success  P rel.=-2.962702e-09  objective=-5.650904e+01  upper=-5.650904e+01  gap= 1.421085e-14  wall=0.000000e+00s  cpu=0.000000e+00s  provider=0  solves=0  iterations=0
  certificate  stage=STEP 5  complete  reason=step5_complete  wall=2.057843e-01s  cpu=2.057800e-01s  provider=199  solves=9  iterations=185

STEP 6
  certificate  stage=STEP 6  complete  reason=candidate_set  wall=1.929000e-05s  cpu=1.900000e-05s  provider=0  solves=0  iterations=0

STEP 8
  certificate  stage=STEP 8  complete  reason=step8_complete  wall=6.276301e-02s  cpu=6.275800e-02s  provider=123  solves=1  iterations=16

STEP 9
  certificate  stage=STEP 9  failed  objective=-5.650947e+01  upper=-5.650904e+01  gap= 4.368527e-04  wall=0.000000e+00s  cpu=0.000000e+00s  provider=0  solves=0  iterations=0
  certificate  stage=STEP 9  complete  reason=paper_free_energy_convergence_failed  wall=2.267156e-03s  cpu=2.244000e-03s  provider=3  solves=0  iterations=0

STEP 7
  certificate  stage=STEP 7  complete  reason=continue_stage_ii  wall=1.080000e-06s  cpu=1.000000e-06s  provider=0  solves=0  iterations=0

STEP 4
  STAGE II STEP 4  major=62  upper=-5.650904e+01  LP_primal= 2.113865e-11  LP_dual= 2.775558e-17  active_cuts=67  certified
  certificate  stage=STEP 4  complete  reason=step4_complete  wall=4.147070e-04s  cpu=4.150000e-04s  provider=0  solves=1  iterations=1

STEP 5
  certificate  stage=STEP 5 LOCAL  major=62  attempt=271  accepted  reason=success  P rel.= 2.269697e-14  objective=-5.366224e+01  upper=-5.650904e+01  gap=-2.846793e+00  wall=0.000000e+00s  cpu=0.000000e+00s  provider=0  solves=0  iterations=0
  certificate  stage=STEP 5 LOCAL  major=62  attempt=272  accepted  reason=success  P rel.= 3.849865e-14  objective=-5.366224e+01  upper=-5.650904e+01  gap=-2.846793e+00  wall=0.000000e+00s  cpu=0.000000e+00s  provider=0  solves=0  iterations=0
  certificate  stage=STEP 5 LOCAL  major=62  attempt=273  accepted  reason=success  P rel.=-8.795380e-08  objective=-5.650904e+01  upper=-5.650904e+01  gap= 2.113865e-11  wall=0.000000e+00s  cpu=0.000000e+00s  provider=0  solves=0  iterations=0
  certificate  stage=STEP 5  complete  reason=step5_complete  wall=6.369642e-02s  cpu=6.368400e-02s  provider=60  solves=3  iterations=56

STEP 6
  certificate  stage=STEP 6  complete  reason=candidate_set  wall=2.081000e-05s  cpu=2.100000e-05s  provider=0  solves=0  iterations=0

STEP 8
  certificate  stage=STEP 8  complete  reason=step8_complete  wall=6.168889e-02s  cpu=6.169100e-02s  provider=123  solves=1  iterations=16

STEP 9
  certificate  stage=STEP 9  failed  objective=-5.650947e+01  upper=-5.650904e+01  gap= 4.368527e-04  wall=0.000000e+00s  cpu=0.000000e+00s  provider=0  solves=0  iterations=0
  certificate  stage=STEP 9  complete  reason=paper_free_energy_convergence_failed  wall=2.284526e-03s  cpu=2.264000e-03s  provider=3  solves=0  iterations=0

STEP 7
  certificate  stage=STEP 7  complete  reason=continue_stage_ii  wall=1.090000e-06s  cpu=1.000000e-06s  provider=0  solves=0  iterations=0

STEP 4
  STAGE II STEP 4  major=63  upper=-5.650904e+01  LP_primal= 2.113865e-11  LP_dual= 2.775558e-17  active_cuts=68  certified
  certificate  stage=STEP 4  complete  reason=step4_complete  wall=4.202270e-04s  cpu=4.200000e-04s  provider=0  solves=1  iterations=1

STEP 5
  certificate  stage=STEP 5 LOCAL  major=63  attempt=274  accepted  reason=success  P rel.= 7.987033e-14  objective=-5.366224e+01  upper=-5.650904e+01  gap=-2.846793e+00  wall=0.000000e+00s  cpu=0.000000e+00s  provider=0  solves=0  iterations=0
  certificate  stage=STEP 5 LOCAL  major=63  attempt=275  accepted  reason=success  P rel.= 8.303067e-14  objective=-5.366224e+01  upper=-5.650904e+01  gap=-2.846793e+00  wall=0.000000e+00s  cpu=0.000000e+00s  provider=0  solves=0  iterations=0
  certificate  stage=STEP 5 LOCAL  major=63  attempt=276  accepted  reason=success  P rel.=-1.521272e-09  objective=-5.650904e+01  upper=-5.650904e+01  gap= 2.113865e-11  wall=0.000000e+00s  cpu=0.000000e+00s  provider=0  solves=0  iterations=0
  certificate  stage=STEP 5  complete  reason=step5_complete  wall=6.736624e-02s  cpu=6.736700e-02s  provider=64  solves=3  iterations=59

STEP 6
  certificate  stage=STEP 6  complete  reason=candidate_set  wall=2.039000e-05s  cpu=2.100000e-05s  provider=0  solves=0  iterations=0

STEP 8
  certificate  stage=STEP 8  complete  reason=step8_complete  wall=6.348387e-02s  cpu=6.345800e-02s  provider=123  solves=1  iterations=16

STEP 9
  certificate  stage=STEP 9  failed  objective=-5.650947e+01  upper=-5.650904e+01  gap= 4.368527e-04  wall=0.000000e+00s  cpu=0.000000e+00s  provider=0  solves=0  iterations=0
  certificate  stage=STEP 9  complete  reason=paper_free_energy_convergence_failed  wall=2.250477e-03s  cpu=2.250000e-03s  provider=3  solves=0  iterations=0

STEP 7
  certificate  stage=STEP 7  complete  reason=continue_stage_ii  wall=9.800000e-07s  cpu=1.000000e-06s  provider=0  solves=0  iterations=0

STEP 4
  STAGE II STEP 4  major=64  upper=-5.650904e+01  LP_primal= 2.113865e-11  LP_dual= 2.775558e-17  active_cuts=69  certified
  certificate  stage=STEP 4  complete  reason=step4_complete  wall=4.030470e-04s  cpu=4.040000e-04s  provider=0  solves=1  iterations=1

STEP 5
  certificate  stage=STEP 5 LOCAL  major=64  attempt=277  accepted  reason=success  P rel.= 1.450882e-13  objective=-5.366224e+01  upper=-5.650904e+01  gap=-2.846793e+00  wall=0.000000e+00s  cpu=0.000000e+00s  provider=0  solves=0  iterations=0
  certificate  stage=STEP 5 LOCAL  major=64  attempt=278  accepted  reason=success  P rel.= 3.663118e-14  objective=-5.366224e+01  upper=-5.650904e+01  gap=-2.846793e+00  wall=0.000000e+00s  cpu=0.000000e+00s  provider=0  solves=0  iterations=0
  certificate  stage=STEP 5 LOCAL  major=64  attempt=279  accepted  reason=success  P rel.= 1.226785e-13  objective=-5.366224e+01  upper=-5.650904e+01  gap=-2.846793e+00  wall=0.000000e+00s  cpu=0.000000e+00s  provider=0  solves=0  iterations=0
  certificate  stage=STEP 5 LOCAL  major=64  attempt=280  accepted  reason=success  P rel.= 2.657556e-14  objective=-5.366224e+01  upper=-5.650904e+01  gap=-2.846793e+00  wall=0.000000e+00s  cpu=0.000000e+00s  provider=0  solves=0  iterations=0
  certificate  stage=STEP 5 LOCAL  major=64  attempt=281  accepted  reason=success  P rel.=-1.507072e-09  objective=-5.650904e+01  upper=-5.650904e+01  gap= 2.113865e-11  wall=0.000000e+00s  cpu=0.000000e+00s  provider=0  solves=0  iterations=0
  certificate  stage=STEP 5  complete  reason=step5_complete  wall=1.109568e-01s  cpu=1.109420e-01s  provider=107  solves=5  iterations=99

STEP 6
  certificate  stage=STEP 6  complete  reason=candidate_set  wall=1.889000e-05s  cpu=1.900000e-05s  provider=0  solves=0  iterations=0

STEP 8
  certificate  stage=STEP 8  complete  reason=step8_complete  wall=6.191705e-02s  cpu=6.191800e-02s  provider=123  solves=1  iterations=16

STEP 9
  certificate  stage=STEP 9  failed  objective=-5.650947e+01  upper=-5.650904e+01  gap= 4.368527e-04  wall=0.000000e+00s  cpu=0.000000e+00s  provider=0  solves=0  iterations=0
  certificate  stage=STEP 9  complete  reason=paper_free_energy_convergence_failed  wall=2.213086e-03s  cpu=2.213000e-03s  provider=3  solves=0  iterations=0

STEP 7
  certificate  stage=STEP 7  complete  reason=continue_stage_ii  wall=1.010000e-06s  cpu=1.000000e-06s  provider=0  solves=0  iterations=0

STEP 4
  STAGE II STEP 4  major=65  upper=-5.650904e+01  LP_primal= 2.113865e-11  LP_dual= 2.775558e-17  active_cuts=70  certified
  certificate  stage=STEP 4  complete  reason=step4_complete  wall=4.098870e-04s  cpu=4.100000e-04s  provider=0  solves=1  iterations=1

STEP 5
  certificate  stage=STEP 5 LOCAL  major=65  attempt=282  accepted  reason=success  P rel.=-2.993861e-09  objective=-5.650904e+01  upper=-5.650904e+01  gap=-2.842171e-14  wall=0.000000e+00s  cpu=0.000000e+00s  provider=0  solves=0  iterations=0
  certificate  stage=STEP 5  complete  reason=step5_complete  wall=1.430665e-02s  cpu=1.429200e-02s  provider=13  solves=1  iterations=12

STEP 6
  certificate  stage=STEP 6  complete  reason=candidate_set  wall=2.057000e-05s  cpu=2.100000e-05s  provider=0  solves=0  iterations=0

STEP 8
  certificate  stage=STEP 8  complete  reason=step8_complete  wall=6.193511e-02s  cpu=6.192200e-02s  provider=123  solves=1  iterations=16

STEP 9
  certificate  stage=STEP 9  failed  objective=-5.650947e+01  upper=-5.650904e+01  gap= 4.368527e-04  wall=0.000000e+00s  cpu=0.000000e+00s  provider=0  solves=0  iterations=0
  certificate  stage=STEP 9  complete  reason=paper_free_energy_convergence_failed  wall=2.238227e-03s  cpu=2.238000e-03s  provider=3  solves=0  iterations=0

STEP 7
  certificate  stage=STEP 7  complete  reason=continue_stage_ii  wall=1.070000e-06s  cpu=1.000000e-06s  provider=0  solves=0  iterations=0

STEP 4
  STAGE II STEP 4  major=66  upper=-5.650904e+01  LP_primal= 2.113865e-11  LP_dual= 2.775558e-17  active_cuts=71  certified
  certificate  stage=STEP 4  complete  reason=step4_complete  wall=4.101170e-04s  cpu=4.100000e-04s  provider=0  solves=1  iterations=1

STEP 5
  certificate  stage=STEP 5 LOCAL  major=66  attempt=283  accepted  reason=success  P rel.= 5.860989e-14  objective=-5.366224e+01  upper=-5.650904e+01  gap=-2.846793e+00  wall=0.000000e+00s  cpu=0.000000e+00s  provider=0  solves=0  iterations=0
  certificate  stage=STEP 5 LOCAL  major=66  attempt=284  accepted  reason=success  P rel.=-1.535427e-09  objective=-5.650904e+01  upper=-5.650904e+01  gap= 2.113154e-11  wall=0.000000e+00s  cpu=0.000000e+00s  provider=0  solves=0  iterations=0
  certificate  stage=STEP 5  complete  reason=step5_complete  wall=4.357528e-02s  cpu=4.355400e-02s  provider=43  solves=2  iterations=36

STEP 6
  certificate  stage=STEP 6  complete  reason=candidate_set  wall=2.080000e-05s  cpu=2.100000e-05s  provider=0  solves=0  iterations=0

STEP 8
  certificate  stage=STEP 8  complete  reason=step8_complete  wall=6.260210e-02s  cpu=6.260400e-02s  provider=123  solves=1  iterations=16

STEP 9
  certificate  stage=STEP 9  failed  objective=-5.650947e+01  upper=-5.650904e+01  gap= 4.368527e-04  wall=0.000000e+00s  cpu=0.000000e+00s  provider=0  solves=0  iterations=0
  certificate  stage=STEP 9  complete  reason=paper_free_energy_convergence_failed  wall=2.385716e-03s  cpu=2.386000e-03s  provider=3  solves=0  iterations=0

STEP 7
  certificate  stage=STEP 7  complete  reason=continue_stage_ii  wall=1.470000e-06s  cpu=2.000000e-06s  provider=0  solves=0  iterations=0

STEP 4
  STAGE II STEP 4  major=67  upper=-5.650904e+01  LP_primal= 2.113865e-11  LP_dual= 2.775558e-17  active_cuts=72  certified
  certificate  stage=STEP 4  complete  reason=step4_complete  wall=4.385570e-04s  cpu=4.390000e-04s  provider=0  solves=1  iterations=1

STEP 5
  certificate  stage=STEP 5 LOCAL  major=67  attempt=285  accepted  reason=success  P rel.=-1.519224e-09  objective=-5.650904e+01  upper=-5.650904e+01  gap= 2.113154e-11  wall=0.000000e+00s  cpu=0.000000e+00s  provider=0  solves=0  iterations=0
  certificate  stage=STEP 5  complete  reason=step5_complete  wall=2.224367e-02s  cpu=2.211100e-02s  provider=21  solves=1  iterations=18

STEP 6
  certificate  stage=STEP 6  complete  reason=candidate_set  wall=2.251000e-05s  cpu=2.300000e-05s  provider=0  solves=0  iterations=0

STEP 8
  certificate  stage=STEP 8  complete  reason=step8_complete  wall=6.172549e-02s  cpu=6.172700e-02s  provider=123  solves=1  iterations=16

STEP 9
  certificate  stage=STEP 9  failed  objective=-5.650947e+01  upper=-5.650904e+01  gap= 4.368527e-04  wall=0.000000e+00s  cpu=0.000000e+00s  provider=0  solves=0  iterations=0
  certificate  stage=STEP 9  complete  reason=paper_free_energy_convergence_failed  wall=2.254216e-03s  cpu=2.255000e-03s  provider=3  solves=0  iterations=0

STEP 7
  certificate  stage=STEP 7  complete  reason=continue_stage_ii  wall=1.270000e-06s  cpu=1.000000e-06s  provider=0  solves=0  iterations=0

STEP 4
  STAGE II STEP 4  major=68  upper=-5.650904e+01  LP_primal= 2.113865e-11  LP_dual= 2.775558e-17  active_cuts=73  certified
  certificate  stage=STEP 4  complete  reason=step4_complete  wall=4.371170e-04s  cpu=4.370000e-04s  provider=0  solves=1  iterations=1

STEP 5
  certificate  stage=STEP 5 LOCAL  major=68  attempt=287  accepted  reason=success  P rel.= 2.726509e-13  objective=-5.366224e+01  upper=-5.650904e+01  gap=-2.846793e+00  wall=0.000000e+00s  cpu=0.000000e+00s  provider=0  solves=0  iterations=0
  certificate  stage=STEP 5 LOCAL  major=68  attempt=288  accepted  reason=success  P rel.=-1.528884e-09  objective=-5.650904e+01  upper=-5.650904e+01  gap= 2.113154e-11  wall=0.000000e+00s  cpu=0.000000e+00s  provider=0  solves=0  iterations=0
  certificate  stage=STEP 5  complete  reason=step5_complete  wall=4.383256e-02s  cpu=4.381700e-02s  provider=42  solves=3  iterations=37

STEP 6
  certificate  stage=STEP 6  complete  reason=candidate_set  wall=2.272000e-05s  cpu=2.300000e-05s  provider=0  solves=0  iterations=0

STEP 8
  certificate  stage=STEP 8  complete  reason=step8_complete  wall=6.594995e-02s  cpu=6.592300e-02s  provider=123  solves=1  iterations=16

STEP 9
  certificate  stage=STEP 9  failed  objective=-5.650947e+01  upper=-5.650904e+01  gap= 4.368527e-04  wall=0.000000e+00s  cpu=0.000000e+00s  provider=0  solves=0  iterations=0
  certificate  stage=STEP 9  complete  reason=paper_free_energy_convergence_failed  wall=2.347006e-03s  cpu=2.347000e-03s  provider=3  solves=0  iterations=0

STEP 7
  certificate  stage=STEP 7  complete  reason=continue_stage_ii  wall=1.060000e-06s  cpu=1.000000e-06s  provider=0  solves=0  iterations=0

STEP 4
  STAGE II STEP 4  major=69  upper=-5.650904e+01  LP_primal= 2.113865e-11  LP_dual= 2.775558e-17  active_cuts=74  certified
  certificate  stage=STEP 4  complete  reason=step4_complete  wall=4.210670e-04s  cpu=4.210000e-04s  provider=0  solves=1  iterations=1

STEP 5
  certificate  stage=STEP 5 LOCAL  major=69  attempt=289  accepted  reason=success  P rel.= 3.677483e-14  objective=-5.366224e+01  upper=-5.650904e+01  gap=-2.846793e+00  wall=0.000000e+00s  cpu=0.000000e+00s  provider=0  solves=0  iterations=0
  certificate  stage=STEP 5 LOCAL  major=69  attempt=290  accepted  reason=success  P rel.= 3.706213e-14  objective=-5.366224e+01  upper=-5.650904e+01  gap=-2.846793e+00  wall=0.000000e+00s  cpu=0.000000e+00s  provider=0  solves=0  iterations=0
  certificate  stage=STEP 5 LOCAL  major=69  attempt=291  accepted  reason=success  P rel.=-1.536629e-09  objective=-5.650904e+01  upper=-5.650904e+01  gap= 2.113865e-11  wall=0.000000e+00s  cpu=0.000000e+00s  provider=0  solves=0  iterations=0
  certificate  stage=STEP 5  complete  reason=step5_complete  wall=6.432202e-02s  cpu=6.430300e-02s  provider=58  solves=3  iterations=53

STEP 6
  certificate  stage=STEP 6  complete  reason=candidate_set  wall=2.326000e-05s  cpu=2.300000e-05s  provider=0  solves=0  iterations=0

STEP 8
  certificate  stage=STEP 8  complete  reason=step8_complete  wall=6.443754e-02s  cpu=6.442500e-02s  provider=123  solves=1  iterations=16

STEP 9
  certificate  stage=STEP 9  failed  objective=-5.650947e+01  upper=-5.650904e+01  gap= 4.368527e-04  wall=0.000000e+00s  cpu=0.000000e+00s  provider=0  solves=0  iterations=0
  certificate  stage=STEP 9  complete  reason=paper_free_energy_convergence_failed  wall=2.353366e-03s  cpu=2.354000e-03s  provider=3  solves=0  iterations=0

STEP 7
  certificate  stage=STEP 7  complete  reason=continue_stage_ii  wall=1.130000e-06s  cpu=1.000000e-06s  provider=0  solves=0  iterations=0

STEP 4
  STAGE II STEP 4  major=70  upper=-5.650904e+01  LP_primal= 2.113865e-11  LP_dual= 2.775558e-17  active_cuts=75  certified
  certificate  stage=STEP 4  complete  reason=step4_complete  wall=4.002880e-04s  cpu=4.000000e-04s  provider=0  solves=1  iterations=1

STEP 5
  certificate  stage=STEP 5 LOCAL  major=70  attempt=292  accepted  reason=success  P rel.= 8.360528e-14  objective=-5.366224e+01  upper=-5.650904e+01  gap=-2.846793e+00  wall=0.000000e+00s  cpu=0.000000e+00s  provider=0  solves=0  iterations=0
  certificate  stage=STEP 5 LOCAL  major=70  attempt=293  accepted  reason=success  P rel.=-1.526614e-09  objective=-5.650904e+01  upper=-5.650904e+01  gap= 2.113865e-11  wall=0.000000e+00s  cpu=0.000000e+00s  provider=0  solves=0  iterations=0
  certificate  stage=STEP 5  complete  reason=step5_complete  wall=5.271096e-02s  cpu=5.269400e-02s  provider=48  solves=2  iterations=39

STEP 6
  certificate  stage=STEP 6  complete  reason=candidate_set  wall=3.107000e-05s  cpu=3.100000e-05s  provider=0  solves=0  iterations=0

STEP 8
  certificate  stage=STEP 8  complete  reason=step8_complete  wall=6.381547e-02s  cpu=6.380200e-02s  provider=123  solves=1  iterations=16

STEP 9
  certificate  stage=STEP 9  failed  objective=-5.650947e+01  upper=-5.650904e+01  gap= 4.368527e-04  wall=0.000000e+00s  cpu=0.000000e+00s  provider=0  solves=0  iterations=0
  certificate  stage=STEP 9  complete  reason=paper_free_energy_convergence_failed  wall=2.274566e-03s  cpu=2.275000e-03s  provider=3  solves=0  iterations=0

STEP 7
  certificate  stage=STEP 7  complete  reason=continue_stage_ii  wall=1.100000e-06s  cpu=1.000000e-06s  provider=0  solves=0  iterations=0

STEP 4
  STAGE II STEP 4  major=71  upper=-5.650904e+01  LP_primal= 2.113865e-11  LP_dual= 2.775558e-17  active_cuts=76  certified
  certificate  stage=STEP 4  complete  reason=step4_complete  wall=3.684780e-04s  cpu=3.690000e-04s  provider=0  solves=1  iterations=1

STEP 5
  certificate  stage=STEP 5 LOCAL  major=71  attempt=294  accepted  reason=success  P rel.= 9.524106e-14  objective=-5.366224e+01  upper=-5.650904e+01  gap=-2.846793e+00  wall=0.000000e+00s  cpu=0.000000e+00s  provider=0  solves=0  iterations=0
  certificate  stage=STEP 5 LOCAL  major=71  attempt=295  accepted  reason=success  P rel.=-1.524477e-09  objective=-5.650904e+01  upper=-5.650904e+01  gap= 2.112444e-11  wall=0.000000e+00s  cpu=0.000000e+00s  provider=0  solves=0  iterations=0
  certificate  stage=STEP 5  complete  reason=step5_complete  wall=4.539882e-02s  cpu=4.540000e-02s  provider=41  solves=2  iterations=37

STEP 6
  certificate  stage=STEP 6  complete  reason=candidate_set  wall=2.299000e-05s  cpu=2.300000e-05s  provider=0  solves=0  iterations=0

STEP 8
  certificate  stage=STEP 8  complete  reason=step8_complete  wall=6.475519e-02s  cpu=6.473000e-02s  provider=123  solves=1  iterations=16

STEP 9
  certificate  stage=STEP 9  failed  objective=-5.650947e+01  upper=-5.650904e+01  gap= 4.368527e-04  wall=0.000000e+00s  cpu=0.000000e+00s  provider=0  solves=0  iterations=0
  certificate  stage=STEP 9  complete  reason=paper_free_energy_convergence_failed  wall=2.507255e-03s  cpu=2.508000e-03s  provider=3  solves=0  iterations=0

STEP 7
  certificate  stage=STEP 7  complete  reason=continue_stage_ii  wall=2.230000e-06s  cpu=2.000000e-06s  provider=0  solves=0  iterations=0

STEP 4
  STAGE II STEP 4  major=72  upper=-5.650904e+01  LP_primal= 2.113865e-11  LP_dual= 2.775558e-17  active_cuts=77  certified
  certificate  stage=STEP 4  complete  reason=step4_complete  wall=4.779970e-04s  cpu=4.780000e-04s  provider=0  solves=1  iterations=1

STEP 5
  certificate  stage=STEP 5 LOCAL  major=72  attempt=297  accepted  reason=success  P rel.= 4.908578e-13  objective=-5.366224e+01  upper=-5.650904e+01  gap=-2.846793e+00  wall=0.000000e+00s  cpu=0.000000e+00s  provider=0  solves=0  iterations=0
  certificate  stage=STEP 5 LOCAL  major=72  attempt=298  accepted  reason=success  P rel.= 4.323916e-14  objective=-5.366224e+01  upper=-5.650904e+01  gap=-2.846793e+00  wall=0.000000e+00s  cpu=0.000000e+00s  provider=0  solves=0  iterations=0
  certificate  stage=STEP 5 LOCAL  major=72  attempt=299  accepted  reason=success  P rel.=-1.528127e-09  objective=-5.650904e+01  upper=-5.650904e+01  gap= 2.115286e-11  wall=0.000000e+00s  cpu=0.000000e+00s  provider=0  solves=0  iterations=0
  certificate  stage=STEP 5  complete  reason=step5_complete  wall=6.792437e-02s  cpu=6.788900e-02s  provider=65  solves=4  iterations=56

STEP 6
  certificate  stage=STEP 6  complete  reason=candidate_set  wall=2.209900e-05s  cpu=2.300000e-05s  provider=0  solves=0  iterations=0

STEP 8
  certificate  stage=STEP 8  complete  reason=step8_complete  wall=6.381549e-02s  cpu=6.379000e-02s  provider=123  solves=1  iterations=16

STEP 9
  certificate  stage=STEP 9  failed  objective=-5.650947e+01  upper=-5.650904e+01  gap= 4.368527e-04  wall=0.000000e+00s  cpu=0.000000e+00s  provider=0  solves=0  iterations=0
  certificate  stage=STEP 9  complete  reason=paper_free_energy_convergence_failed  wall=2.596274e-03s  cpu=2.596000e-03s  provider=3  solves=0  iterations=0

STEP 7
  certificate  stage=STEP 7  complete  reason=continue_stage_ii  wall=1.460000e-06s  cpu=1.000000e-06s  provider=0  solves=0  iterations=0

STEP 4
  STAGE II STEP 4  major=73  upper=-5.650904e+01  LP_primal= 2.115286e-11  LP_dual= 2.775558e-17  active_cuts=78  certified
  certificate  stage=STEP 4  complete  reason=step4_complete  wall=3.777680e-04s  cpu=3.780000e-04s  provider=0  solves=1  iterations=1

STEP 5
  certificate  stage=STEP 5 LOCAL  major=73  attempt=300  accepted  reason=success  P rel.= 4.323916e-14  objective=-5.366224e+01  upper=-5.650904e+01  gap=-2.846793e+00  wall=0.000000e+00s  cpu=0.000000e+00s  provider=0  solves=0  iterations=0
  certificate  stage=STEP 5 LOCAL  major=73  attempt=301  accepted  reason=success  P rel.= 2.140410e-14  objective=-5.366224e+01  upper=-5.650904e+01  gap=-2.846793e+00  wall=0.000000e+00s  cpu=0.000000e+00s  provider=0  solves=0  iterations=0
  certificate  stage=STEP 5 LOCAL  major=73  attempt=302  accepted  reason=success  P rel.= 7.326236e-14  objective=-5.366224e+01  upper=-5.650904e+01  gap=-2.846793e+00  wall=0.000000e+00s  cpu=0.000000e+00s  provider=0  solves=0  iterations=0
  certificate  stage=STEP 5 LOCAL  major=73  attempt=304  accepted  reason=success  P rel.= 4.295185e-14  objective=-5.366224e+01  upper=-5.650904e+01  gap=-2.846793e+00  wall=0.000000e+00s  cpu=0.000000e+00s  provider=0  solves=0  iterations=0
  certificate  stage=STEP 5 LOCAL  major=73  attempt=305  accepted  reason=success  P rel.= 4.323916e-14  objective=-5.366224e+01  upper=-5.650904e+01  gap=-2.846793e+00  wall=0.000000e+00s  cpu=0.000000e+00s  provider=0  solves=0  iterations=0
  certificate  stage=STEP 5 LOCAL  major=73  attempt=307  accepted  reason=success  P rel.=-1.521228e-09  objective=-5.650904e+01  upper=-5.650904e+01  gap= 2.113154e-11  wall=0.000000e+00s  cpu=0.000000e+00s  provider=0  solves=0  iterations=0
  certificate  stage=STEP 5  complete  reason=step5_complete  wall=1.457156e-01s  cpu=1.456480e-01s  provider=139  solves=8  iterations=126

STEP 6
  certificate  stage=STEP 6  complete  reason=candidate_set  wall=2.302000e-05s  cpu=2.300000e-05s  provider=0  solves=0  iterations=0

STEP 8
  certificate  stage=STEP 8  complete  reason=step8_complete  wall=6.874441e-02s  cpu=6.868800e-02s  provider=123  solves=1  iterations=16

STEP 9
  certificate  stage=STEP 9  failed  objective=-5.650947e+01  upper=-5.650904e+01  gap= 4.368527e-04  wall=0.000000e+00s  cpu=0.000000e+00s  provider=0  solves=0  iterations=0
  certificate  stage=STEP 9  complete  reason=paper_free_energy_convergence_failed  wall=3.093371e-03s  cpu=3.094000e-03s  provider=3  solves=0  iterations=0

STEP 7
  certificate  stage=STEP 7  complete  reason=continue_stage_ii  wall=1.080000e-06s  cpu=1.000000e-06s  provider=0  solves=0  iterations=0

STEP 4
  STAGE II STEP 4  major=74  upper=-5.650904e+01  LP_primal= 2.115286e-11  LP_dual= 2.775558e-17  active_cuts=79  certified
  certificate  stage=STEP 4  complete  reason=step4_complete  wall=4.421270e-04s  cpu=4.420000e-04s  provider=0  solves=1  iterations=1

STEP 5
  certificate  stage=STEP 5 LOCAL  major=74  attempt=308  accepted  reason=success  P rel.= 7.800286e-14  objective=-5.366224e+01  upper=-5.650904e+01  gap=-2.846793e+00  wall=0.000000e+00s  cpu=0.000000e+00s  provider=0  solves=0  iterations=0
  certificate  stage=STEP 5 LOCAL  major=74  attempt=309  accepted  reason=success  P rel.= 4.237725e-14  objective=-5.366224e+01  upper=-5.650904e+01  gap=-2.846793e+00  wall=0.000000e+00s  cpu=0.000000e+00s  provider=0  solves=0  iterations=0
  certificate  stage=STEP 5 LOCAL  major=74  attempt=310  accepted  reason=success  P rel.= 3.160337e-14  objective=-5.366224e+01  upper=-5.650904e+01  gap=-2.846793e+00  wall=0.000000e+00s  cpu=0.000000e+00s  provider=0  solves=0  iterations=0
  certificate  stage=STEP 5 LOCAL  major=74  attempt=311  accepted  reason=success  P rel.= 5.860989e-14  objective=-5.366224e+01  upper=-5.650904e+01  gap=-2.846793e+00  wall=0.000000e+00s  cpu=0.000000e+00s  provider=0  solves=0  iterations=0
  certificate  stage=STEP 5 LOCAL  major=74  attempt=312  accepted  reason=success  P rel.= 2.140410e-14  objective=-5.366224e+01  upper=-5.650904e+01  gap=-2.846793e+00  wall=0.000000e+00s  cpu=0.000000e+00s  provider=0  solves=0  iterations=0
  certificate  stage=STEP 5 LOCAL  major=74  attempt=313  accepted  reason=success  P rel.=-1.525412e-09  objective=-5.650904e+01  upper=-5.650904e+01  gap= 2.112444e-11  wall=0.000000e+00s  cpu=0.000000e+00s  provider=0  solves=0  iterations=0
  certificate  stage=STEP 5  complete  reason=step5_complete  wall=1.402793e-01s  cpu=1.402560e-01s  provider=129  solves=6  iterations=120

STEP 6
  certificate  stage=STEP 6  complete  reason=candidate_set  wall=2.770000e-05s  cpu=2.800000e-05s  provider=0  solves=0  iterations=0

STEP 8
  certificate  stage=STEP 8  complete  reason=step8_complete  wall=6.442895e-02s  cpu=6.441200e-02s  provider=123  solves=1  iterations=16

STEP 9
  certificate  stage=STEP 9  failed  objective=-5.650947e+01  upper=-5.650904e+01  gap= 4.368527e-04  wall=0.000000e+00s  cpu=0.000000e+00s  provider=0  solves=0  iterations=0
  certificate  stage=STEP 9  complete  reason=paper_free_energy_convergence_failed  wall=2.227456e-03s  cpu=2.227000e-03s  provider=3  solves=0  iterations=0

STEP 7
  certificate  stage=STEP 7  complete  reason=continue_stage_ii  wall=1.190000e-06s  cpu=1.000000e-06s  provider=0  solves=0  iterations=0

STEP 4
  STAGE II STEP 4  major=75  upper=-5.650904e+01  LP_primal= 2.115286e-11  LP_dual= 2.775558e-17  active_cuts=80  certified
  certificate  stage=STEP 4  complete  reason=step4_complete  wall=4.255570e-04s  cpu=4.260000e-04s  provider=0  solves=1  iterations=1

STEP 5
  certificate  stage=STEP 5 LOCAL  major=75  attempt=314  accepted  reason=success  P rel.= 7.426792e-14  objective=-5.366224e+01  upper=-5.650904e+01  gap=-2.846793e+00  wall=0.000000e+00s  cpu=0.000000e+00s  provider=0  solves=0  iterations=0
  certificate  stage=STEP 5 LOCAL  major=75  attempt=315  accepted  reason=success  P rel.= 6.148292e-14  objective=-5.366224e+01  upper=-5.650904e+01  gap=-2.846793e+00  wall=0.000000e+00s  cpu=0.000000e+00s  provider=0  solves=0  iterations=0
  certificate  stage=STEP 5 LOCAL  major=75  attempt=316  accepted  reason=success  P rel.= 6.148292e-14  objective=-5.366224e+01  upper=-5.650904e+01  gap=-2.846793e+00  wall=0.000000e+00s  cpu=0.000000e+00s  provider=0  solves=0  iterations=0
  certificate  stage=STEP 5 LOCAL  major=75  attempt=317  accepted  reason=success  P rel.= 4.323916e-14  objective=-5.366224e+01  upper=-5.650904e+01  gap=-2.846793e+00  wall=0.000000e+00s  cpu=0.000000e+00s  provider=0  solves=0  iterations=0
  certificate  stage=STEP 5 LOCAL  major=75  attempt=318  accepted  reason=success  P rel.= 6.722899e-14  objective=-5.366224e+01  upper=-5.650904e+01  gap=-2.846793e+00  wall=0.000000e+00s  cpu=0.000000e+00s  provider=0  solves=0  iterations=0
  certificate  stage=STEP 5 LOCAL  major=75  attempt=319  accepted  reason=success  P rel.= 5.458764e-14  objective=-5.366224e+01  upper=-5.650904e+01  gap=-2.846793e+00  wall=0.000000e+00s  cpu=0.000000e+00s  provider=0  solves=0  iterations=0
  certificate  stage=STEP 5 LOCAL  major=75  attempt=320  accepted  reason=success  P rel.= 2.600095e-14  objective=-5.366224e+01  upper=-5.650904e+01  gap=-2.846793e+00  wall=0.000000e+00s  cpu=0.000000e+00s  provider=0  solves=0  iterations=0
  certificate  stage=STEP 5 LOCAL  major=75  attempt=321  accepted  reason=success  P rel.= 5.687170e-13  objective=-5.366224e+01  upper=-5.650904e+01  gap=-2.846793e+00  wall=0.000000e+00s  cpu=0.000000e+00s  provider=0  solves=0  iterations=0
  certificate  stage=STEP 5 LOCAL  major=75  attempt=322  accepted  reason=success  P rel.= 4.639949e-14  objective=-5.366224e+01  upper=-5.650904e+01  gap=-2.846793e+00  wall=0.000000e+00s  cpu=0.000000e+00s  provider=0  solves=0  iterations=0
  certificate  stage=STEP 5 LOCAL  major=75  attempt=323  accepted  reason=success  P rel.= 4.338281e-14  objective=-5.366224e+01  upper=-5.650904e+01  gap=-2.846793e+00  wall=0.000000e+00s  cpu=0.000000e+00s  provider=0  solves=0  iterations=0
  certificate  stage=STEP 5 LOCAL  major=75  attempt=324  accepted  reason=success  P rel.=-2.964126e-09  objective=-5.650904e+01  upper=-5.650904e+01  gap= 0.000000e+00  wall=0.000000e+00s  cpu=0.000000e+00s  provider=0  solves=0  iterations=0
  certificate  stage=STEP 5  complete  reason=step5_complete  wall=2.492784e-01s  cpu=2.492460e-01s  provider=235  solves=11  iterations=216

STEP 6
  certificate  stage=STEP 6  complete  reason=candidate_set  wall=2.366000e-05s  cpu=2.400000e-05s  provider=0  solves=0  iterations=0

STEP 8
  certificate  stage=STEP 8  complete  reason=step8_complete  wall=6.266661e-02s  cpu=6.266800e-02s  provider=123  solves=1  iterations=16

STEP 9
  certificate  stage=STEP 9  failed  objective=-5.650947e+01  upper=-5.650904e+01  gap= 4.368527e-04  wall=0.000000e+00s  cpu=0.000000e+00s  provider=0  solves=0  iterations=0
  certificate  stage=STEP 9  complete  reason=paper_free_energy_convergence_failed  wall=2.279277e-03s  cpu=2.280000e-03s  provider=3  solves=0  iterations=0

STEP 7
  certificate  stage=STEP 7  complete  reason=continue_stage_ii  wall=1.030000e-06s  cpu=1.000000e-06s  provider=0  solves=0  iterations=0

STEP 4
  STAGE II STEP 4  major=76  upper=-5.650904e+01  LP_primal= 2.115286e-11  LP_dual= 2.775558e-17  active_cuts=81  certified
  certificate  stage=STEP 4  complete  reason=step4_complete  wall=4.063180e-04s  cpu=4.070000e-04s  provider=0  solves=1  iterations=1

STEP 5
  certificate  stage=STEP 5 LOCAL  major=76  attempt=325  accepted  reason=success  P rel.= 6.550517e-14  objective=-5.366224e+01  upper=-5.650904e+01  gap=-2.846793e+00  wall=0.000000e+00s  cpu=0.000000e+00s  provider=0  solves=0  iterations=0
  certificate  stage=STEP 5 LOCAL  major=76  attempt=326  accepted  reason=success  P rel.= 7.196949e-14  objective=-5.366224e+01  upper=-5.650904e+01  gap=-2.846793e+00  wall=0.000000e+00s  cpu=0.000000e+00s  provider=0  solves=0  iterations=0
  certificate  stage=STEP 5 LOCAL  major=76  attempt=327  accepted  reason=success  P rel.=-2.994306e-09  objective=-5.650904e+01  upper=-5.650904e+01  gap= 2.842171e-14  wall=0.000000e+00s  cpu=0.000000e+00s  provider=0  solves=0  iterations=0
  certificate  stage=STEP 5  complete  reason=step5_complete  wall=5.946352e-02s  cpu=5.945600e-02s  provider=57  solves=3  iterations=54

STEP 6
  certificate  stage=STEP 6  complete  reason=candidate_set  wall=2.399000e-05s  cpu=2.400000e-05s  provider=0  solves=0  iterations=0

STEP 8
  certificate  stage=STEP 8  complete  reason=step8_complete  wall=6.214593e-02s  cpu=6.214700e-02s  provider=123  solves=1  iterations=16

STEP 9
  certificate  stage=STEP 9  failed  objective=-5.650947e+01  upper=-5.650904e+01  gap= 4.368527e-04  wall=0.000000e+00s  cpu=0.000000e+00s  provider=0  solves=0  iterations=0
  certificate  stage=STEP 9  complete  reason=paper_free_energy_convergence_failed  wall=2.282727e-03s  cpu=2.283000e-03s  provider=3  solves=0  iterations=0

STEP 7
  certificate  stage=STEP 7  complete  reason=continue_stage_ii  wall=1.090000e-06s  cpu=1.000000e-06s  provider=0  solves=0  iterations=0

STEP 4
  STAGE II STEP 4  major=77  upper=-5.650904e+01  LP_primal= 2.115286e-11  LP_dual= 2.775558e-17  active_cuts=82  certified
  certificate  stage=STEP 4  complete  reason=step4_complete  wall=4.269280e-04s  cpu=4.270000e-04s  provider=0  solves=1  iterations=1

STEP 5
  certificate  stage=STEP 5 LOCAL  major=77  attempt=328  accepted  reason=success  P rel.=-1.194370e-08  objective=-5.650904e+01  upper=-5.650904e+01  gap= 2.113154e-11  wall=0.000000e+00s  cpu=0.000000e+00s  provider=0  solves=0  iterations=0
  certificate  stage=STEP 5  complete  reason=step5_complete  wall=1.915074e-02s  cpu=1.915200e-02s  provider=18  solves=1  iterations=17

STEP 6
  certificate  stage=STEP 6  complete  reason=candidate_set  wall=2.697000e-05s  cpu=2.700000e-05s  provider=0  solves=0  iterations=0

STEP 8
  certificate  stage=STEP 8  complete  reason=step8_complete  wall=6.212581e-02s  cpu=6.212000e-02s  provider=123  solves=1  iterations=16

STEP 9
  certificate  stage=STEP 9  failed  objective=-5.650947e+01  upper=-5.650904e+01  gap= 4.368527e-04  wall=0.000000e+00s  cpu=0.000000e+00s  provider=0  solves=0  iterations=0
  certificate  stage=STEP 9  complete  reason=paper_free_energy_convergence_failed  wall=2.279296e-03s  cpu=2.280000e-03s  provider=3  solves=0  iterations=0

STEP 7
  certificate  stage=STEP 7  complete  reason=continue_stage_ii  wall=1.070000e-06s  cpu=1.000000e-06s  provider=0  solves=0  iterations=0

STEP 4
  STAGE II STEP 4  major=78  upper=-5.650904e+01  LP_primal= 2.115286e-11  LP_dual= 2.775558e-17  active_cuts=83  certified
  certificate  stage=STEP 4  complete  reason=step4_complete  wall=3.962580e-04s  cpu=3.970000e-04s  provider=0  solves=1  iterations=1

STEP 5
  certificate  stage=STEP 5 LOCAL  major=78  attempt=329  accepted  reason=success  P rel.= 3.145972e-14  objective=-5.366224e+01  upper=-5.650904e+01  gap=-2.846793e+00  wall=0.000000e+00s  cpu=0.000000e+00s  provider=0  solves=0  iterations=0
  certificate  stage=STEP 5 LOCAL  major=78  attempt=330  accepted  reason=success  P rel.= 6.148292e-14  objective=-5.366224e+01  upper=-5.650904e+01  gap=-2.846793e+00  wall=0.000000e+00s  cpu=0.000000e+00s  provider=0  solves=0  iterations=0
  certificate  stage=STEP 5 LOCAL  major=78  attempt=331  accepted  reason=success  P rel.= 5.544955e-14  objective=-5.366224e+01  upper=-5.650904e+01  gap=-2.846793e+00  wall=0.000000e+00s  cpu=0.000000e+00s  provider=0  solves=0  iterations=0
  certificate  stage=STEP 5 LOCAL  major=78  attempt=332  accepted  reason=success  P rel.= 1.811448e-13  objective=-5.366224e+01  upper=-5.650904e+01  gap=-2.846793e+00  wall=0.000000e+00s  cpu=0.000000e+00s  provider=0  solves=0  iterations=0
  certificate  stage=STEP 5 LOCAL  major=78  attempt=333  accepted  reason=success  P rel.= 7.426792e-14  objective=-5.366224e+01  upper=-5.650904e+01  gap=-2.846793e+00  wall=0.000000e+00s  cpu=0.000000e+00s  provider=0  solves=0  iterations=0
  certificate  stage=STEP 5 LOCAL  major=78  attempt=334  accepted  reason=success  P rel.= 2.026925e-13  objective=-5.366224e+01  upper=-5.650904e+01  gap=-2.846793e+00  wall=0.000000e+00s  cpu=0.000000e+00s  provider=0  solves=0  iterations=0
  certificate  stage=STEP 5 LOCAL  major=78  attempt=335  accepted  reason=success  P rel.= 4.783601e-14  objective=-5.366224e+01  upper=-5.650904e+01  gap=-2.846793e+00  wall=0.000000e+00s  cpu=0.000000e+00s  provider=0  solves=0  iterations=0
  certificate  stage=STEP 5 LOCAL  major=78  attempt=336  accepted  reason=success  P rel.= 5.990275e-14  objective=-5.366224e+01  upper=-5.650904e+01  gap=-2.846793e+00  wall=0.000000e+00s  cpu=0.000000e+00s  provider=0  solves=0  iterations=0
  certificate  stage=STEP 5 LOCAL  major=78  attempt=337  accepted  reason=success  P rel.= 5.860989e-14  objective=-5.366224e+01  upper=-5.650904e+01  gap=-2.846793e+00  wall=0.000000e+00s  cpu=0.000000e+00s  provider=0  solves=0  iterations=0
  certificate  stage=STEP 5 LOCAL  major=78  attempt=338  accepted  reason=success  P rel.= 4.500607e-13  objective=-5.366224e+01  upper=-5.650904e+01  gap=-2.846793e+00  wall=0.000000e+00s  cpu=0.000000e+00s  provider=0  solves=0  iterations=0
  certificate  stage=STEP 5 LOCAL  major=78  attempt=339  accepted  reason=success  P rel.= 4.338281e-14  objective=-5.366224e+01  upper=-5.650904e+01  gap=-2.846793e+00  wall=0.000000e+00s  cpu=0.000000e+00s  provider=0  solves=0  iterations=0
  certificate  stage=STEP 5 LOCAL  major=78  attempt=340  accepted  reason=success  P rel.= 4.295185e-14  objective=-5.366224e+01  upper=-5.650904e+01  gap=-2.846793e+00  wall=0.000000e+00s  cpu=0.000000e+00s  provider=0  solves=0  iterations=0
  certificate  stage=STEP 5 LOCAL  major=78  attempt=341  accepted  reason=success  P rel.= 4.323916e-14  objective=-5.366224e+01  upper=-5.650904e+01  gap=-2.846793e+00  wall=0.000000e+00s  cpu=0.000000e+00s  provider=0  solves=0  iterations=0
  certificate  stage=STEP 5 LOCAL  major=78  attempt=342  accepted  reason=success  P rel.= 6.550517e-14  objective=-5.366224e+01  upper=-5.650904e+01  gap=-2.846793e+00  wall=0.000000e+00s  cpu=0.000000e+00s  provider=0  solves=0  iterations=0
  certificate  stage=STEP 5 LOCAL  major=78  attempt=343  accepted  reason=success  P rel.= 1.077388e-13  objective=-5.366224e+01  upper=-5.650904e+01  gap=-2.846793e+00  wall=0.000000e+00s  cpu=0.000000e+00s  provider=0  solves=0  iterations=0
  certificate  stage=STEP 5 LOCAL  major=78  attempt=344  accepted  reason=success  P rel.= 5.990275e-14  objective=-5.366224e+01  upper=-5.650904e+01  gap=-2.846793e+00  wall=0.000000e+00s  cpu=0.000000e+00s  provider=0  solves=0  iterations=0
  certificate  stage=STEP 5 LOCAL  major=78  attempt=345  accepted  reason=success  P rel.=-1.521895e-09  objective=-5.650904e+01  upper=-5.650904e+01  gap= 2.113154e-11  wall=0.000000e+00s  cpu=0.000000e+00s  provider=0  solves=0  iterations=0
  certificate  stage=STEP 5  complete  reason=step5_complete  wall=3.819214e-01s  cpu=3.813060e-01s  provider=367  solves=17  iterations=342

STEP 6
  certificate  stage=STEP 6  complete  reason=candidate_set  wall=2.364000e-05s  cpu=2.400000e-05s  provider=0  solves=0  iterations=0

STEP 8
  certificate  stage=STEP 8  complete  reason=step8_complete  wall=6.120523e-02s  cpu=6.120600e-02s  provider=123  solves=1  iterations=16

STEP 9
  certificate  stage=STEP 9  failed  objective=-5.650947e+01  upper=-5.650904e+01  gap= 4.368527e-04  wall=0.000000e+00s  cpu=0.000000e+00s  provider=0  solves=0  iterations=0
  certificate  stage=STEP 9  complete  reason=paper_free_energy_convergence_failed  wall=2.206027e-03s  cpu=2.206000e-03s  provider=3  solves=0  iterations=0

STEP 7
  certificate  stage=STEP 7  complete  reason=continue_stage_ii  wall=1.110000e-06s  cpu=1.000000e-06s  provider=0  solves=0  iterations=0

STEP 4
  STAGE II STEP 4  major=79  upper=-5.650904e+01  LP_primal= 2.115286e-11  LP_dual= 2.775558e-17  active_cuts=84  certified
  certificate  stage=STEP 4  complete  reason=step4_complete  wall=4.074380e-04s  cpu=4.080000e-04s  provider=0  solves=1  iterations=1

STEP 5
  certificate  stage=STEP 5 LOCAL  major=79  attempt=346  accepted  reason=success  P rel.= 7.196949e-14  objective=-5.366224e+01  upper=-5.650904e+01  gap=-2.846793e+00  wall=0.000000e+00s  cpu=0.000000e+00s  provider=0  solves=0  iterations=0
  certificate  stage=STEP 5 LOCAL  major=79  attempt=347  accepted  reason=success  P rel.= 4.338281e-14  objective=-5.366224e+01  upper=-5.650904e+01  gap=-2.846793e+00  wall=0.000000e+00s  cpu=0.000000e+00s  provider=0  solves=0  iterations=0
  certificate  stage=STEP 5 LOCAL  major=79  attempt=348  accepted  reason=success  P rel.= 6.880915e-14  objective=-5.366224e+01  upper=-5.650904e+01  gap=-2.846793e+00  wall=0.000000e+00s  cpu=0.000000e+00s  provider=0  solves=0  iterations=0
  certificate  stage=STEP 5 LOCAL  major=79  attempt=349  accepted  reason=success  P rel.= 7.426792e-14  objective=-5.366224e+01  upper=-5.650904e+01  gap=-2.846793e+00  wall=0.000000e+00s  cpu=0.000000e+00s  provider=0  solves=0  iterations=0
  certificate  stage=STEP 5 LOCAL  major=79  attempt=350  accepted  reason=success  P rel.=-1.526836e-09  objective=-5.650904e+01  upper=-5.650904e+01  gap= 2.111733e-11  wall=0.000000e+00s  cpu=0.000000e+00s  provider=0  solves=0  iterations=0
  certificate  stage=STEP 5  complete  reason=step5_complete  wall=9.878804e-02s  cpu=9.878900e-02s  provider=96  solves=5  iterations=89

STEP 6
  certificate  stage=STEP 6  complete  reason=candidate_set  wall=2.272900e-05s  cpu=2.300000e-05s  provider=0  solves=0  iterations=0

STEP 8
  certificate  stage=STEP 8  complete  reason=step8_complete  wall=6.163527e-02s  cpu=6.161600e-02s  provider=123  solves=1  iterations=16

STEP 9
  certificate  stage=STEP 9  failed  objective=-5.650947e+01  upper=-5.650904e+01  gap= 4.368527e-04  wall=0.000000e+00s  cpu=0.000000e+00s  provider=0  solves=0  iterations=0
  certificate  stage=STEP 9  complete  reason=paper_free_energy_convergence_failed  wall=2.245986e-03s  cpu=2.246000e-03s  provider=3  solves=0  iterations=0

STEP 7
  certificate  stage=STEP 7  indeterminate  reason=stage_ii_major_iteration_limit  wall=1.020000e-06s  cpu=1.000000e-06s  provider=0  solves=0  iterations=0
