HELD2.0  case=installed-held2-paper-rewrite  T=2.981500e+02 K  P=1.013000e+05 Pa

STEP 1
  certificate  stage=STEP 1  complete  reason=step1_complete  wall=2.237000e-05s  cpu=2.200000e-05s  provider=1  solves=0  iterations=0

STEP 2

REFERENCE PRESSURE ROOTS
  root   0  V= 3.075388e-05  P rel.=-3.796525e-09  G/RT=-5.585090e+01  strict_stable
  root   1  V= 8.602100e-04  P rel.= 4.391440e-09  G/RT=-5.147766e+01  unstable
  root   2  V= 1.862842e-02  P rel.= 1.673631e-10  G/RT=-5.221392e+01  strict_stable
  selected root 0  status=selected
  eval     1  TPD=-1.645270e-01  P rel.= 2.232178e-09  V= 4.684854e-05  certified
  certificate  stage=STEP 2  complete  reason=negative_tpd_witness  wall=4.063522e-01s  cpu=4.062650e-01s  provider=547  solves=1  iterations=1

STEP 3
  certificate  stage=STEP 3  complete  reason=step3_complete  wall=7.989088e-01s  cpu=7.988050e-01s  provider=4  solves=0  iterations=0

STEP 4
  STAGE II STEP 4  major=0  upper=-5.585710e+01  LP_primal= 0.000000e+00  LP_dual= 0.000000e+00  active_cuts=5  certified
  certificate  stage=STEP 4  complete  reason=step4_complete  wall=4.083970e-04s  cpu=4.090000e-04s  provider=0  solves=1  iterations=1

STEP 5
  certificate  stage=STEP 5 LOCAL  major=0  attempt=0  accepted  reason=success  P rel.=-1.094481e-03  objective=-5.704524e+01  upper=-5.585710e+01  gap= 1.188141e+00  wall=0.000000e+00s  cpu=0.000000e+00s  provider=0  solves=0  iterations=0
  certificate  stage=STEP 5  complete  reason=step5_complete  wall=2.803437e-02s  cpu=2.803600e-02s  provider=154  solves=1  iterations=22

STEP 6
  certificate  stage=STEP 6  complete  reason=candidate_set  wall=3.860000e-06s  cpu=4.000000e-06s  provider=0  solves=0  iterations=0

STEP 8
  certificate  stage=STEP 8  complete  reason=step8_complete  wall=6.070291e-02s  cpu=6.070500e-02s  provider=124  solves=2  iterations=13

STEP 9
  certificate  stage=STEP 9  failed  objective=-5.585976e+01  upper=-5.585710e+01  gap= 2.661183e-03  wall=0.000000e+00s  cpu=0.000000e+00s  provider=0  solves=0  iterations=0
  certificate  stage=STEP 9  complete  reason=paper_free_energy_convergence_failed  wall=1.693300e-03s  cpu=1.693000e-03s  provider=2  solves=0  iterations=0

STEP 7
  certificate  stage=STEP 7  complete  reason=continue_stage_ii  wall=1.050000e-06s  cpu=1.000000e-06s  provider=0  solves=0  iterations=0

STEP 4
  STAGE II STEP 4  major=1  upper=-5.589300e+01  LP_primal= 0.000000e+00  LP_dual= 5.204170e-17  active_cuts=6  certified
  certificate  stage=STEP 4  complete  reason=step4_complete  wall=2.033890e-04s  cpu=2.030000e-04s  provider=0  solves=1  iterations=1

STEP 5
  certificate  stage=STEP 5 LOCAL  major=1  attempt=1  accepted  reason=success  P rel.=-9.587334e-08  objective=-5.617818e+01  upper=-5.589300e+01  gap= 2.851783e-01  wall=0.000000e+00s  cpu=0.000000e+00s  provider=0  solves=0  iterations=0
  certificate  stage=STEP 5  complete  reason=step5_complete  wall=2.535530e-02s  cpu=2.535700e-02s  provider=23  solves=1  iterations=22

STEP 6
  certificate  stage=STEP 6  complete  reason=candidate_set  wall=4.120000e-06s  cpu=4.000000e-06s  provider=0  solves=0  iterations=0

STEP 8
  certificate  stage=STEP 8  complete  reason=problem_67_infeasible  wall=1.307790e-04s  cpu=1.310000e-04s  provider=2  solves=1  iterations=0

STEP 7
  certificate  stage=STEP 7  complete  reason=continue_stage_ii  wall=1.040000e-06s  cpu=1.000000e-06s  provider=0  solves=0  iterations=0

STEP 4
  STAGE II STEP 4  major=2  upper=-5.601247e+01  LP_primal= 0.000000e+00  LP_dual= 2.775558e-17  active_cuts=7  certified
  certificate  stage=STEP 4  complete  reason=step4_complete  wall=2.718490e-04s  cpu=2.720000e-04s  provider=0  solves=1  iterations=1

STEP 5
  certificate  stage=STEP 5 LOCAL  major=2  attempt=2  accepted  reason=success  P rel.= 4.841062e-14  objective=-5.316583e+01  upper=-5.601247e+01  gap=-2.846641e+00  wall=0.000000e+00s  cpu=0.000000e+00s  provider=0  solves=0  iterations=0
  certificate  stage=STEP 5 LOCAL  major=2  attempt=3  accepted  reason=success  P rel.= 4.582489e-14  objective=-5.316583e+01  upper=-5.601247e+01  gap=-2.846641e+00  wall=0.000000e+00s  cpu=0.000000e+00s  provider=0  solves=0  iterations=0
  certificate  stage=STEP 5 LOCAL  major=2  attempt=4  accepted  reason=success  P rel.=-1.189114e-09  objective=-5.629679e+01  upper=-5.601247e+01  gap= 2.843234e-01  wall=0.000000e+00s  cpu=0.000000e+00s  provider=0  solves=0  iterations=0
  certificate  stage=STEP 5  complete  reason=step5_complete  wall=7.233024e-02s  cpu=7.233200e-02s  provider=66  solves=3  iterations=63

STEP 6
  certificate  stage=STEP 6  complete  reason=candidate_set  wall=4.860000e-06s  cpu=4.000000e-06s  provider=0  solves=0  iterations=0

STEP 8
  certificate  stage=STEP 8  complete  reason=step8_complete  wall=4.814056e-02s  cpu=4.814200e-02s  provider=90  solves=1  iterations=11

STEP 9
  certificate  stage=STEP 9  failed  objective=-5.601336e+01  upper=-5.601247e+01  gap= 8.951910e-04  wall=0.000000e+00s  cpu=0.000000e+00s  provider=0  solves=0  iterations=0
  certificate  stage=STEP 9  complete  reason=paper_free_energy_convergence_failed  wall=2.333826e-03s  cpu=2.334000e-03s  provider=3  solves=0  iterations=0

STEP 7
  certificate  stage=STEP 7  complete  reason=continue_stage_ii  wall=1.100000e-06s  cpu=1.000000e-06s  provider=0  solves=0  iterations=0

STEP 4
  STAGE II STEP 4  major=3  upper=-5.603632e+01  LP_primal= 1.421085e-14  LP_dual= 2.220446e-16  active_cuts=8  certified
  certificate  stage=STEP 4  complete  reason=step4_complete  wall=3.247090e-04s  cpu=3.260000e-04s  provider=0  solves=1  iterations=1

STEP 5
  certificate  stage=STEP 5 LOCAL  major=3  attempt=5  accepted  reason=success  P rel.= 5.544955e-14  objective=-5.318963e+01  upper=-5.603632e+01  gap=-2.846683e+00  wall=0.000000e+00s  cpu=0.000000e+00s  provider=0  solves=0  iterations=0
  certificate  stage=STEP 5 LOCAL  major=3  attempt=6  accepted  reason=success  P rel.=-1.440792e-09  objective=-5.611452e+01  upper=-5.603632e+01  gap= 7.820057e-02  wall=0.000000e+00s  cpu=0.000000e+00s  provider=0  solves=0  iterations=0
  certificate  stage=STEP 5  complete  reason=step5_complete  wall=3.993907e-02s  cpu=3.994000e-02s  provider=37  solves=2  iterations=32

STEP 6
  certificate  stage=STEP 6  complete  reason=candidate_set  wall=4.130000e-06s  cpu=4.000000e-06s  provider=0  solves=0  iterations=0

STEP 8
  certificate  stage=STEP 8  complete  reason=step8_complete  wall=6.165489e-02s  cpu=6.165700e-02s  provider=117  solves=1  iterations=15

STEP 9
  certificate  stage=STEP 9  failed  objective=-5.603762e+01  upper=-5.603632e+01  gap= 1.303016e-03  wall=0.000000e+00s  cpu=0.000000e+00s  provider=0  solves=0  iterations=0
  certificate  stage=STEP 9  complete  reason=paper_free_energy_convergence_failed  wall=2.495726e-03s  cpu=2.496000e-03s  provider=3  solves=0  iterations=0

STEP 7
  certificate  stage=STEP 7  complete  reason=continue_stage_ii  wall=1.150000e-06s  cpu=1.000000e-06s  provider=0  solves=0  iterations=0

STEP 4
  STAGE II STEP 4  major=4  upper=-5.605069e+01  LP_primal= 1.421085e-14  LP_dual= 1.942890e-16  active_cuts=9  certified
  certificate  stage=STEP 4  complete  reason=step4_complete  wall=3.363580e-04s  cpu=3.370000e-04s  provider=0  solves=1  iterations=1

STEP 5
  certificate  stage=STEP 5 LOCAL  major=4  attempt=7  accepted  reason=success  P rel.=-2.701854e-09  objective=-5.611077e+01  upper=-5.605069e+01  gap= 6.007768e-02  wall=0.000000e+00s  cpu=0.000000e+00s  provider=0  solves=0  iterations=0
  certificate  stage=STEP 5  complete  reason=step5_complete  wall=2.813054e-02s  cpu=2.510400e-02s  provider=20  solves=1  iterations=17

STEP 6
  certificate  stage=STEP 6  complete  reason=candidate_set  wall=4.470000e-06s  cpu=4.000000e-06s  provider=0  solves=0  iterations=0

STEP 8
  certificate  stage=STEP 8  complete  reason=step8_complete  wall=7.629956e-02s  cpu=7.625800e-02s  provider=144  solves=1  iterations=19

STEP 9
  certificate  stage=STEP 9  failed  objective=-5.605201e+01  upper=-5.605069e+01  gap= 1.320346e-03  wall=0.000000e+00s  cpu=0.000000e+00s  provider=0  solves=0  iterations=0
  certificate  stage=STEP 9  complete  reason=paper_free_energy_convergence_failed  wall=2.514835e-03s  cpu=2.515000e-03s  provider=3  solves=0  iterations=0

STEP 7
  certificate  stage=STEP 7  complete  reason=continue_stage_ii  wall=1.370000e-06s  cpu=1.000000e-06s  provider=0  solves=0  iterations=0

STEP 4
  STAGE II STEP 4  major=5  upper=-5.605745e+01  LP_primal= 0.000000e+00  LP_dual= 2.775558e-17  active_cuts=10  certified
  certificate  stage=STEP 4  complete  reason=step4_complete  wall=3.335780e-04s  cpu=3.340000e-04s  provider=0  solves=1  iterations=1

STEP 5
  certificate  stage=STEP 5 LOCAL  major=5  attempt=8  accepted  reason=success  P rel.= 5.027809e-14  objective=-5.321080e+01  upper=-5.605745e+01  gap=-2.846654e+00  wall=0.000000e+00s  cpu=0.000000e+00s  provider=0  solves=0  iterations=0
  certificate  stage=STEP 5 LOCAL  major=5  attempt=9  accepted  reason=success  P rel.= 2.411912e-13  objective=-5.321080e+01  upper=-5.605745e+01  gap=-2.846654e+00  wall=0.000000e+00s  cpu=0.000000e+00s  provider=0  solves=0  iterations=0
  certificate  stage=STEP 5 LOCAL  major=5  attempt=10  accepted  reason=success  P rel.= 8.446719e-14  objective=-5.321080e+01  upper=-5.605745e+01  gap=-2.846654e+00  wall=0.000000e+00s  cpu=0.000000e+00s  provider=0  solves=0  iterations=0
  certificate  stage=STEP 5 LOCAL  major=5  attempt=11  accepted  reason=success  P rel.= 5.665622e-13  objective=-5.321080e+01  upper=-5.605745e+01  gap=-2.846654e+00  wall=0.000000e+00s  cpu=0.000000e+00s  provider=0  solves=0  iterations=0
  certificate  stage=STEP 5 LOCAL  major=5  attempt=12  accepted  reason=success  P rel.= 5.458764e-14  objective=-5.321080e+01  upper=-5.605745e+01  gap=-2.846654e+00  wall=0.000000e+00s  cpu=0.000000e+00s  provider=0  solves=0  iterations=0
  certificate  stage=STEP 5 LOCAL  major=5  attempt=13  accepted  reason=success  P rel.=-1.520782e-09  objective=-5.606058e+01  upper=-5.605745e+01  gap= 3.126849e-03  wall=0.000000e+00s  cpu=0.000000e+00s  provider=0  solves=0  iterations=0
  certificate  stage=STEP 5  complete  reason=step5_complete  wall=1.524449e-01s  cpu=1.522930e-01s  provider=135  solves=6  iterations=125

STEP 6
  certificate  stage=STEP 6  complete  reason=candidate_set  wall=4.180000e-06s  cpu=4.000000e-06s  provider=0  solves=0  iterations=0

STEP 8
  certificate  stage=STEP 8  complete  reason=problem_67_infeasible  wall=3.047290e-04s  cpu=3.050000e-04s  provider=3  solves=1  iterations=0

STEP 7
  certificate  stage=STEP 7  complete  reason=continue_stage_ii  wall=1.070000e-06s  cpu=1.000000e-06s  provider=0  solves=0  iterations=0

STEP 4
  STAGE II STEP 4  major=6  upper=-5.605830e+01  LP_primal= 0.000000e+00  LP_dual= 5.551115e-17  active_cuts=11  certified
  certificate  stage=STEP 4  complete  reason=step4_complete  wall=2.589880e-04s  cpu=2.600000e-04s  provider=0  solves=1  iterations=1

STEP 5
  certificate  stage=STEP 5 LOCAL  major=6  attempt=14  accepted  reason=success  P rel.= 6.938376e-14  objective=-5.321164e+01  upper=-5.605830e+01  gap=-2.846654e+00  wall=0.000000e+00s  cpu=0.000000e+00s  provider=0  solves=0  iterations=0
  certificate  stage=STEP 5 LOCAL  major=6  attempt=15  accepted  reason=success  P rel.= 5.904084e-14  objective=-5.321164e+01  upper=-5.605830e+01  gap=-2.846654e+00  wall=0.000000e+00s  cpu=0.000000e+00s  provider=0  solves=0  iterations=0
  certificate  stage=STEP 5 LOCAL  major=6  attempt=16  accepted  reason=success  P rel.=-1.534760e-09  objective=-5.605833e+01  upper=-5.605830e+01  gap= 3.648281e-05  wall=0.000000e+00s  cpu=0.000000e+00s  provider=0  solves=0  iterations=0
  certificate  stage=STEP 5  complete  reason=step5_complete  wall=6.803918e-02s  cpu=6.803300e-02s  provider=64  solves=3  iterations=58

STEP 6
  certificate  stage=STEP 6  complete  reason=candidate_set  wall=5.090000e-06s  cpu=5.000000e-06s  provider=0  solves=0  iterations=0

STEP 8
  certificate  stage=STEP 8  complete  reason=step8_complete  wall=8.809754e-02s  cpu=8.810000e-02s  provider=193  solves=2  iterations=15

STEP 9
  certificate  stage=STEP 9  failed  objective=-5.605882e+01  upper=-5.605830e+01  gap= 5.295388e-04  wall=0.000000e+00s  cpu=0.000000e+00s  provider=0  solves=0  iterations=0
  certificate  stage=STEP 9  complete  reason=paper_free_energy_convergence_failed  wall=2.401545e-03s  cpu=2.402000e-03s  provider=3  solves=0  iterations=0

STEP 7
  certificate  stage=STEP 7  complete  reason=continue_stage_ii  wall=1.230000e-06s  cpu=1.000000e-06s  provider=0  solves=0  iterations=0

STEP 4
  STAGE II STEP 4  major=7  upper=-5.605831e+01  LP_primal= 0.000000e+00  LP_dual= 5.551115e-17  active_cuts=12  certified
  certificate  stage=STEP 4  complete  reason=step4_complete  wall=2.962280e-04s  cpu=2.970000e-04s  provider=0  solves=1  iterations=1

STEP 5
  certificate  stage=STEP 5 LOCAL  major=7  attempt=17  accepted  reason=success  P rel.= 5.386938e-14  objective=-5.321165e+01  upper=-5.605831e+01  gap=-2.846654e+00  wall=0.000000e+00s  cpu=0.000000e+00s  provider=0  solves=0  iterations=0
  certificate  stage=STEP 5 LOCAL  major=7  attempt=18  accepted  reason=success  P rel.= 3.102876e-14  objective=-5.321165e+01  upper=-5.605831e+01  gap=-2.846654e+00  wall=0.000000e+00s  cpu=0.000000e+00s  provider=0  solves=0  iterations=0
  certificate  stage=STEP 5 LOCAL  major=7  attempt=19  accepted  reason=success  P rel.=-1.540813e-09  objective=-5.605831e+01  upper=-5.605831e+01  gap= 5.299341e-09  wall=0.000000e+00s  cpu=0.000000e+00s  provider=0  solves=0  iterations=0
  certificate  stage=STEP 5  complete  reason=step5_complete  wall=7.118552e-02s  cpu=7.118800e-02s  provider=65  solves=3  iterations=57

STEP 6
  certificate  stage=STEP 6  complete  reason=candidate_set  wall=5.360000e-06s  cpu=5.000000e-06s  provider=0  solves=0  iterations=0

STEP 8
  certificate  stage=STEP 8  complete  reason=unchanged_problem_67  wall=1.960000e-06s  cpu=2.000000e-06s  provider=0  solves=0  iterations=0

STEP 9
  certificate  stage=STEP 9  failed  objective=-5.605882e+01  upper=-5.605831e+01  gap= 5.194659e-04  wall=0.000000e+00s  cpu=0.000000e+00s  provider=0  solves=0  iterations=0
  certificate  stage=STEP 9  complete  reason=paper_free_energy_convergence_failed  wall=2.327476e-03s  cpu=2.328000e-03s  provider=3  solves=0  iterations=0

STEP 7
  certificate  stage=STEP 7  complete  reason=continue_stage_ii  wall=1.020000e-06s  cpu=0.000000e+00s  provider=0  solves=0  iterations=0

STEP 4
  STAGE II STEP 4  major=8  upper=-5.605831e+01  LP_primal= 7.105427e-15  LP_dual= 5.551115e-17  active_cuts=13  certified
  certificate  stage=STEP 4  complete  reason=step4_complete  wall=4.255580e-04s  cpu=4.260000e-04s  provider=0  solves=1  iterations=1

STEP 5
  certificate  stage=STEP 5 LOCAL  major=8  attempt=20  accepted  reason=success  P rel.= 3.490736e-14  objective=-5.321165e+01  upper=-5.605831e+01  gap=-2.846654e+00  wall=0.000000e+00s  cpu=0.000000e+00s  provider=0  solves=0  iterations=0
  certificate  stage=STEP 5 LOCAL  major=8  attempt=23  accepted  reason=success  P rel.= 3.749309e-14  objective=-5.321165e+01  upper=-5.605831e+01  gap=-2.846654e+00  wall=0.000000e+00s  cpu=0.000000e+00s  provider=0  solves=0  iterations=0
  certificate  stage=STEP 5 LOCAL  major=8  attempt=24  accepted  reason=success  P rel.=-1.525456e-09  objective=-5.605831e+01  upper=-5.605831e+01  gap=-1.421085e-14  wall=0.000000e+00s  cpu=0.000000e+00s  provider=0  solves=0  iterations=0
  certificate  stage=STEP 5  complete  reason=step5_complete  wall=6.268884e-02s  cpu=6.268300e-02s  provider=61  solves=5  iterations=50

STEP 6
  certificate  stage=STEP 6  complete  reason=candidate_set  wall=5.670000e-06s  cpu=6.000000e-06s  provider=0  solves=0  iterations=0

STEP 8
  certificate  stage=STEP 8  complete  reason=unchanged_problem_67  wall=2.180000e-06s  cpu=2.000000e-06s  provider=0  solves=0  iterations=0

STEP 9
  certificate  stage=STEP 9  failed  objective=-5.605882e+01  upper=-5.605831e+01  gap= 5.194644e-04  wall=0.000000e+00s  cpu=0.000000e+00s  provider=0  solves=0  iterations=0
  certificate  stage=STEP 9  complete  reason=paper_free_energy_convergence_failed  wall=2.395966e-03s  cpu=2.396000e-03s  provider=3  solves=0  iterations=0

STEP 7
  certificate  stage=STEP 7  complete  reason=continue_stage_ii  wall=1.020000e-06s  cpu=1.000000e-06s  provider=0  solves=0  iterations=0

STEP 4
  STAGE II STEP 4  major=9  upper=-5.605831e+01  LP_primal= 7.105427e-15  LP_dual= 5.551115e-17  active_cuts=14  certified
  certificate  stage=STEP 4  complete  reason=step4_complete  wall=3.453780e-04s  cpu=3.460000e-04s  provider=0  solves=1  iterations=1

STEP 5
  certificate  stage=STEP 5 LOCAL  major=9  attempt=25  accepted  reason=success  P rel.= 3.418910e-14  objective=-5.321165e+01  upper=-5.605831e+01  gap=-2.846654e+00  wall=0.000000e+00s  cpu=0.000000e+00s  provider=0  solves=0  iterations=0
  certificate  stage=STEP 5 LOCAL  major=9  attempt=26  accepted  reason=success  P rel.=-1.523542e-09  objective=-5.605831e+01  upper=-5.605831e+01  gap=-7.105427e-15  wall=0.000000e+00s  cpu=0.000000e+00s  provider=0  solves=0  iterations=0
  certificate  stage=STEP 5  complete  reason=step5_complete  wall=4.885576e-02s  cpu=4.885700e-02s  provider=46  solves=2  iterations=41

STEP 6
  certificate  stage=STEP 6  complete  reason=candidate_set  wall=4.600000e-06s  cpu=4.000000e-06s  provider=0  solves=0  iterations=0

STEP 8
  certificate  stage=STEP 8  complete  reason=unchanged_problem_67  wall=1.800000e-06s  cpu=2.000000e-06s  provider=0  solves=0  iterations=0

STEP 9
  certificate  stage=STEP 9  failed  objective=-5.605882e+01  upper=-5.605831e+01  gap= 5.194644e-04  wall=0.000000e+00s  cpu=0.000000e+00s  provider=0  solves=0  iterations=0
  certificate  stage=STEP 9  complete  reason=paper_free_energy_convergence_failed  wall=2.373636e-03s  cpu=2.374000e-03s  provider=3  solves=0  iterations=0

STEP 7
  certificate  stage=STEP 7  complete  reason=continue_stage_ii  wall=8.900000e-07s  cpu=1.000000e-06s  provider=0  solves=0  iterations=0

STEP 4
  STAGE II STEP 4  major=10  upper=-5.605831e+01  LP_primal= 7.105427e-15  LP_dual= 5.551115e-17  active_cuts=15  certified
  certificate  stage=STEP 4  complete  reason=step4_complete  wall=3.055890e-04s  cpu=3.060000e-04s  provider=0  solves=1  iterations=1

STEP 5
  certificate  stage=STEP 5 LOCAL  major=10  attempt=27  accepted  reason=success  P rel.= 6.392500e-14  objective=-5.321165e+01  upper=-5.605831e+01  gap=-2.846654e+00  wall=0.000000e+00s  cpu=0.000000e+00s  provider=0  solves=0  iterations=0
  certificate  stage=STEP 5 LOCAL  major=10  attempt=28  accepted  reason=success  P rel.= 3.418910e-14  objective=-5.321165e+01  upper=-5.605831e+01  gap=-2.846654e+00  wall=0.000000e+00s  cpu=0.000000e+00s  provider=0  solves=0  iterations=0
  certificate  stage=STEP 5 LOCAL  major=10  attempt=29  accepted  reason=success  P rel.= 4.453202e-14  objective=-5.321165e+01  upper=-5.605831e+01  gap=-2.846654e+00  wall=0.000000e+00s  cpu=0.000000e+00s  provider=0  solves=0  iterations=0
  certificate  stage=STEP 5 LOCAL  major=10  attempt=30  accepted  reason=success  P rel.= 3.591292e-14  objective=-5.321165e+01  upper=-5.605831e+01  gap=-2.846654e+00  wall=0.000000e+00s  cpu=0.000000e+00s  provider=0  solves=0  iterations=0
  certificate  stage=STEP 5 LOCAL  major=10  attempt=31  accepted  reason=success  P rel.= 7.900842e-14  objective=-5.321165e+01  upper=-5.605831e+01  gap=-2.846654e+00  wall=0.000000e+00s  cpu=0.000000e+00s  provider=0  solves=0  iterations=0
  certificate  stage=STEP 5 LOCAL  major=10  attempt=32  accepted  reason=success  P rel.= 7.512983e-14  objective=-5.321165e+01  upper=-5.605831e+01  gap=-2.846654e+00  wall=0.000000e+00s  cpu=0.000000e+00s  provider=0  solves=0  iterations=0
  certificate  stage=STEP 5 LOCAL  major=10  attempt=33  accepted  reason=success  P rel.= 4.266455e-14  objective=-5.321165e+01  upper=-5.605831e+01  gap=-2.846654e+00  wall=0.000000e+00s  cpu=0.000000e+00s  provider=0  solves=0  iterations=0
  certificate  stage=STEP 5 LOCAL  major=10  attempt=34  accepted  reason=success  P rel.= 3.347084e-14  objective=-5.321165e+01  upper=-5.605831e+01  gap=-2.846654e+00  wall=0.000000e+00s  cpu=0.000000e+00s  provider=0  solves=0  iterations=0
  certificate  stage=STEP 5 LOCAL  major=10  attempt=35  accepted  reason=success  P rel.= 5.975910e-14  objective=-5.321165e+01  upper=-5.605831e+01  gap=-2.846654e+00  wall=0.000000e+00s  cpu=0.000000e+00s  provider=0  solves=0  iterations=0
  certificate  stage=STEP 5 LOCAL  major=10  attempt=36  accepted  reason=success  P rel.=-1.530264e-09  objective=-5.605831e+01  upper=-5.605831e+01  gap=-1.421085e-14  wall=0.000000e+00s  cpu=0.000000e+00s  provider=0  solves=0  iterations=0
  certificate  stage=STEP 5  complete  reason=step5_complete  wall=2.244189e-01s  cpu=2.244210e-01s  provider=209  solves=10  iterations=196

STEP 6
  certificate  stage=STEP 6  complete  reason=candidate_set  wall=5.730000e-06s  cpu=5.000000e-06s  provider=0  solves=0  iterations=0

STEP 8
  certificate  stage=STEP 8  complete  reason=unchanged_problem_67  wall=2.100000e-06s  cpu=2.000000e-06s  provider=0  solves=0  iterations=0

STEP 9
  certificate  stage=STEP 9  failed  objective=-5.605882e+01  upper=-5.605831e+01  gap= 5.194644e-04  wall=0.000000e+00s  cpu=0.000000e+00s  provider=0  solves=0  iterations=0
  certificate  stage=STEP 9  complete  reason=paper_free_energy_convergence_failed  wall=2.401146e-03s  cpu=2.401000e-03s  provider=3  solves=0  iterations=0

STEP 7
  certificate  stage=STEP 7  complete  reason=continue_stage_ii  wall=1.020000e-06s  cpu=1.000000e-06s  provider=0  solves=0  iterations=0

STEP 4
  STAGE II STEP 4  major=11  upper=-5.605831e+01  LP_primal= 1.421085e-14  LP_dual= 5.551115e-17  active_cuts=16  certified
  certificate  stage=STEP 4  complete  reason=step4_complete  wall=3.509880e-04s  cpu=3.510000e-04s  provider=0  solves=1  iterations=1

STEP 5
  certificate  stage=STEP 5 LOCAL  major=11  attempt=37  accepted  reason=success  P rel.=-1.541392e-09  objective=-5.605831e+01  upper=-5.605831e+01  gap= 0.000000e+00  wall=0.000000e+00s  cpu=0.000000e+00s  provider=0  solves=0  iterations=0
  certificate  stage=STEP 5  complete  reason=step5_complete  wall=2.741063e-02s  cpu=2.741100e-02s  provider=26  solves=1  iterations=20

STEP 6
  certificate  stage=STEP 6  complete  reason=candidate_set  wall=8.040000e-06s  cpu=8.000000e-06s  provider=0  solves=0  iterations=0

STEP 8
  certificate  stage=STEP 8  complete  reason=unchanged_problem_67  wall=1.910000e-06s  cpu=2.000000e-06s  provider=0  solves=0  iterations=0

STEP 9
  certificate  stage=STEP 9  failed  objective=-5.605882e+01  upper=-5.605831e+01  gap= 5.194644e-04  wall=0.000000e+00s  cpu=0.000000e+00s  provider=0  solves=0  iterations=0
  certificate  stage=STEP 9  complete  reason=paper_free_energy_convergence_failed  wall=2.366696e-03s  cpu=2.367000e-03s  provider=3  solves=0  iterations=0

STEP 7
  certificate  stage=STEP 7  complete  reason=continue_stage_ii  wall=9.200000e-07s  cpu=1.000000e-06s  provider=0  solves=0  iterations=0

STEP 4
  STAGE II STEP 4  major=12  upper=-5.605831e+01  LP_primal= 1.421085e-14  LP_dual= 5.551115e-17  active_cuts=17  certified
  certificate  stage=STEP 4  complete  reason=step4_complete  wall=3.417980e-04s  cpu=3.430000e-04s  provider=0  solves=1  iterations=1

STEP 5
  certificate  stage=STEP 5 LOCAL  major=12  attempt=38  accepted  reason=success  P rel.= 3.490736e-14  objective=-5.321165e+01  upper=-5.605831e+01  gap=-2.846654e+00  wall=0.000000e+00s  cpu=0.000000e+00s  provider=0  solves=0  iterations=0
  certificate  stage=STEP 5 LOCAL  major=12  attempt=39  accepted  reason=success  P rel.= 7.512983e-14  objective=-5.321165e+01  upper=-5.605831e+01  gap=-2.846654e+00  wall=0.000000e+00s  cpu=0.000000e+00s  provider=0  solves=0  iterations=0
  certificate  stage=STEP 5 LOCAL  major=12  attempt=40  accepted  reason=success  P rel.= 4.151534e-14  objective=-5.321165e+01  upper=-5.605831e+01  gap=-2.846654e+00  wall=0.000000e+00s  cpu=0.000000e+00s  provider=0  solves=0  iterations=0
  certificate  stage=STEP 5 LOCAL  major=12  attempt=41  accepted  reason=success  P rel.= 4.309550e-14  objective=-5.321165e+01  upper=-5.605831e+01  gap=-2.846654e+00  wall=0.000000e+00s  cpu=0.000000e+00s  provider=0  solves=0  iterations=0
  certificate  stage=STEP 5 LOCAL  major=12  attempt=42  accepted  reason=success  P rel.= 4.323916e-14  objective=-5.321165e+01  upper=-5.605831e+01  gap=-2.846654e+00  wall=0.000000e+00s  cpu=0.000000e+00s  provider=0  solves=0  iterations=0
  certificate  stage=STEP 5 LOCAL  major=12  attempt=43  accepted  reason=success  P rel.=-1.508185e-09  objective=-5.605831e+01  upper=-5.605831e+01  gap=-7.105427e-15  wall=0.000000e+00s  cpu=0.000000e+00s  provider=0  solves=0  iterations=0
  certificate  stage=STEP 5  complete  reason=step5_complete  wall=1.398730e-01s  cpu=1.398740e-01s  provider=129  solves=6  iterations=119

STEP 6
  certificate  stage=STEP 6  complete  reason=candidate_set  wall=8.950000e-06s  cpu=9.000000e-06s  provider=0  solves=0  iterations=0

STEP 8
  certificate  stage=STEP 8  complete  reason=unchanged_problem_67  wall=2.100000e-06s  cpu=2.000000e-06s  provider=0  solves=0  iterations=0

STEP 9
  certificate  stage=STEP 9  failed  objective=-5.605882e+01  upper=-5.605831e+01  gap= 5.194644e-04  wall=0.000000e+00s  cpu=0.000000e+00s  provider=0  solves=0  iterations=0
  certificate  stage=STEP 9  complete  reason=paper_free_energy_convergence_failed  wall=2.382036e-03s  cpu=2.383000e-03s  provider=3  solves=0  iterations=0

STEP 7
  certificate  stage=STEP 7  complete  reason=continue_stage_ii  wall=9.800000e-07s  cpu=1.000000e-06s  provider=0  solves=0  iterations=0

STEP 4
  STAGE II STEP 4  major=13  upper=-5.605831e+01  LP_primal= 1.421085e-14  LP_dual= 5.551115e-17  active_cuts=18  certified
  certificate  stage=STEP 4  complete  reason=step4_complete  wall=3.674580e-04s  cpu=3.670000e-04s  provider=0  solves=1  iterations=1

STEP 5
  certificate  stage=STEP 5 LOCAL  major=13  attempt=44  accepted  reason=success  P rel.= 3.476371e-14  objective=-5.321165e+01  upper=-5.605831e+01  gap=-2.846654e+00  wall=0.000000e+00s  cpu=0.000000e+00s  provider=0  solves=0  iterations=0
  certificate  stage=STEP 5 LOCAL  major=13  attempt=45  accepted  reason=success  P rel.= 5.875354e-14  objective=-5.321165e+01  upper=-5.605831e+01  gap=-2.846654e+00  wall=0.000000e+00s  cpu=0.000000e+00s  provider=0  solves=0  iterations=0
  certificate  stage=STEP 5 LOCAL  major=13  attempt=47  accepted  reason=success  P rel.=-1.538143e-09  objective=-5.605831e+01  upper=-5.605831e+01  gap= 7.105427e-15  wall=0.000000e+00s  cpu=0.000000e+00s  provider=0  solves=0  iterations=0
  certificate  stage=STEP 5  complete  reason=step5_complete  wall=7.908364e-02s  cpu=7.908400e-02s  provider=76  solves=4  iterations=63

STEP 6
  certificate  stage=STEP 6  complete  reason=candidate_set  wall=7.630000e-06s  cpu=7.000000e-06s  provider=0  solves=0  iterations=0

STEP 8
  certificate  stage=STEP 8  complete  reason=unchanged_problem_67  wall=1.780000e-06s  cpu=2.000000e-06s  provider=0  solves=0  iterations=0

STEP 9
  certificate  stage=STEP 9  failed  objective=-5.605882e+01  upper=-5.605831e+01  gap= 5.194644e-04  wall=0.000000e+00s  cpu=0.000000e+00s  provider=0  solves=0  iterations=0
  certificate  stage=STEP 9  complete  reason=paper_free_energy_convergence_failed  wall=2.350716e-03s  cpu=2.351000e-03s  provider=3  solves=0  iterations=0

STEP 7
  certificate  stage=STEP 7  complete  reason=continue_stage_ii  wall=9.700000e-07s  cpu=1.000000e-06s  provider=0  solves=0  iterations=0

STEP 4
  STAGE II STEP 4  major=14  upper=-5.605831e+01  LP_primal= 1.421085e-14  LP_dual= 5.551115e-17  active_cuts=19  certified
  certificate  stage=STEP 4  complete  reason=step4_complete  wall=3.133680e-04s  cpu=3.140000e-04s  provider=0  solves=1  iterations=1

STEP 5
  certificate  stage=STEP 5 LOCAL  major=14  attempt=48  accepted  reason=success  P rel.= 4.365575e-13  objective=-5.321165e+01  upper=-5.605831e+01  gap=-2.846654e+00  wall=0.000000e+00s  cpu=0.000000e+00s  provider=0  solves=0  iterations=0
  certificate  stage=STEP 5 LOCAL  major=14  attempt=49  accepted  reason=success  P rel.= 8.101955e-14  objective=-5.321165e+01  upper=-5.605831e+01  gap=-2.846654e+00  wall=0.000000e+00s  cpu=0.000000e+00s  provider=0  solves=0  iterations=0
  certificate  stage=STEP 5 LOCAL  major=14  attempt=50  accepted  reason=success  P rel.= 7.512983e-14  objective=-5.321165e+01  upper=-5.605831e+01  gap=-2.846654e+00  wall=0.000000e+00s  cpu=0.000000e+00s  provider=0  solves=0  iterations=0
  certificate  stage=STEP 5 LOCAL  major=14  attempt=51  accepted  reason=success  P rel.= 6.335039e-14  objective=-5.321165e+01  upper=-5.605831e+01  gap=-2.846654e+00  wall=0.000000e+00s  cpu=0.000000e+00s  provider=0  solves=0  iterations=0
  certificate  stage=STEP 5 LOCAL  major=14  attempt=52  accepted  reason=success  P rel.= 3.490736e-14  objective=-5.321165e+01  upper=-5.605831e+01  gap=-2.846654e+00  wall=0.000000e+00s  cpu=0.000000e+00s  provider=0  solves=0  iterations=0
  certificate  stage=STEP 5 LOCAL  major=14  attempt=53  accepted  reason=success  P rel.= 5.904084e-14  objective=-5.321165e+01  upper=-5.605831e+01  gap=-2.846654e+00  wall=0.000000e+00s  cpu=0.000000e+00s  provider=0  solves=0  iterations=0
  certificate  stage=STEP 5 LOCAL  major=14  attempt=54  accepted  reason=success  P rel.= 2.355888e-14  objective=-5.321165e+01  upper=-5.605831e+01  gap=-2.846654e+00  wall=0.000000e+00s  cpu=0.000000e+00s  provider=0  solves=0  iterations=0
  certificate  stage=STEP 5 LOCAL  major=14  attempt=55  accepted  reason=success  P rel.= 5.497550e-13  objective=-5.321165e+01  upper=-5.605831e+01  gap=-2.846654e+00  wall=0.000000e+00s  cpu=0.000000e+00s  provider=0  solves=0  iterations=0
  certificate  stage=STEP 5 LOCAL  major=14  attempt=56  accepted  reason=success  P rel.= 3.114368e-13  objective=-5.321165e+01  upper=-5.605831e+01  gap=-2.846654e+00  wall=0.000000e+00s  cpu=0.000000e+00s  provider=0  solves=0  iterations=0
  certificate  stage=STEP 5 LOCAL  major=14  attempt=57  accepted  reason=success  P rel.= 3.390180e-14  objective=-5.321165e+01  upper=-5.605831e+01  gap=-2.846654e+00  wall=0.000000e+00s  cpu=0.000000e+00s  provider=0  solves=0  iterations=0
  certificate  stage=STEP 5 LOCAL  major=14  attempt=59  accepted  reason=success  P rel.= 6.398246e-13  objective=-5.321165e+01  upper=-5.605831e+01  gap=-2.846654e+00  wall=0.000000e+00s  cpu=0.000000e+00s  provider=0  solves=0  iterations=0
  certificate  stage=STEP 5 LOCAL  major=14  attempt=60  accepted  reason=success  P rel.= 3.102876e-14  objective=-5.321165e+01  upper=-5.605831e+01  gap=-2.846654e+00  wall=0.000000e+00s  cpu=0.000000e+00s  provider=0  solves=0  iterations=0
  certificate  stage=STEP 5 LOCAL  major=14  attempt=61  accepted  reason=success  P rel.= 4.453202e-14  objective=-5.321165e+01  upper=-5.605831e+01  gap=-2.846654e+00  wall=0.000000e+00s  cpu=0.000000e+00s  provider=0  solves=0  iterations=0
  certificate  stage=STEP 5 LOCAL  major=14  attempt=62  accepted  reason=success  P rel.=-1.526436e-09  objective=-5.605831e+01  upper=-5.605831e+01  gap=-7.105427e-15  wall=0.000000e+00s  cpu=0.000000e+00s  provider=0  solves=0  iterations=0
  certificate  stage=STEP 5  complete  reason=step5_complete  wall=3.428523e-01s  cpu=3.426400e-01s  provider=315  solves=15  iterations=285

STEP 6
  certificate  stage=STEP 6  complete  reason=candidate_set  wall=1.249000e-05s  cpu=1.300000e-05s  provider=0  solves=0  iterations=0

STEP 8
  certificate  stage=STEP 8  complete  reason=unchanged_problem_67  wall=2.320000e-06s  cpu=2.000000e-06s  provider=0  solves=0  iterations=0

STEP 9
  certificate  stage=STEP 9  failed  objective=-5.605882e+01  upper=-5.605831e+01  gap= 5.194644e-04  wall=0.000000e+00s  cpu=0.000000e+00s  provider=0  solves=0  iterations=0
  certificate  stage=STEP 9  complete  reason=paper_free_energy_convergence_failed  wall=2.310146e-03s  cpu=2.310000e-03s  provider=3  solves=0  iterations=0

STEP 7
  certificate  stage=STEP 7  complete  reason=continue_stage_ii  wall=1.020000e-06s  cpu=1.000000e-06s  provider=0  solves=0  iterations=0

STEP 4
  STAGE II STEP 4  major=15  upper=-5.605831e+01  LP_primal= 1.421085e-14  LP_dual= 5.551115e-17  active_cuts=20  certified
  certificate  stage=STEP 4  complete  reason=step4_complete  wall=3.903180e-04s  cpu=3.900000e-04s  provider=0  solves=1  iterations=1

STEP 5
  certificate  stage=STEP 5 LOCAL  major=15  attempt=63  accepted  reason=success  P rel.=-1.538365e-09  objective=-5.605831e+01  upper=-5.605831e+01  gap= 1.421085e-14  wall=0.000000e+00s  cpu=0.000000e+00s  provider=0  solves=0  iterations=0
  certificate  stage=STEP 5  complete  reason=step5_complete  wall=2.121678e-02s  cpu=2.121800e-02s  provider=20  solves=1  iterations=17

STEP 6
  certificate  stage=STEP 6  complete  reason=candidate_set  wall=9.390000e-06s  cpu=9.000000e-06s  provider=0  solves=0  iterations=0

STEP 8
  certificate  stage=STEP 8  complete  reason=unchanged_problem_67  wall=2.260000e-06s  cpu=2.000000e-06s  provider=0  solves=0  iterations=0

STEP 9
  certificate  stage=STEP 9  failed  objective=-5.605882e+01  upper=-5.605831e+01  gap= 5.194644e-04  wall=0.000000e+00s  cpu=0.000000e+00s  provider=0  solves=0  iterations=0
  certificate  stage=STEP 9  complete  reason=paper_free_energy_convergence_failed  wall=2.327946e-03s  cpu=2.329000e-03s  provider=3  solves=0  iterations=0

STEP 7
  certificate  stage=STEP 7  complete  reason=continue_stage_ii  wall=9.600000e-07s  cpu=1.000000e-06s  provider=0  solves=0  iterations=0

STEP 4
  STAGE II STEP 4  major=16  upper=-5.605831e+01  LP_primal= 1.421085e-14  LP_dual= 5.551115e-17  active_cuts=21  certified
  certificate  stage=STEP 4  complete  reason=step4_complete  wall=4.002280e-04s  cpu=4.010000e-04s  provider=0  solves=1  iterations=1

STEP 5
  certificate  stage=STEP 5 LOCAL  major=16  attempt=64  accepted  reason=success  P rel.=-2.735684e-09  objective=-5.605831e+01  upper=-5.605831e+01  gap= 7.105427e-15  wall=0.000000e+00s  cpu=0.000000e+00s  provider=0  solves=0  iterations=0
  certificate  stage=STEP 5  complete  reason=step5_complete  wall=1.958694e-02s  cpu=1.958800e-02s  provider=18  solves=1  iterations=15

STEP 6
  certificate  stage=STEP 6  complete  reason=candidate_set  wall=9.010000e-06s  cpu=9.000000e-06s  provider=0  solves=0  iterations=0

STEP 8
  certificate  stage=STEP 8  complete  reason=unchanged_problem_67  wall=2.390000e-06s  cpu=2.000000e-06s  provider=0  solves=0  iterations=0

STEP 9
  certificate  stage=STEP 9  failed  objective=-5.605882e+01  upper=-5.605831e+01  gap= 5.194644e-04  wall=0.000000e+00s  cpu=0.000000e+00s  provider=0  solves=0  iterations=0
  certificate  stage=STEP 9  complete  reason=paper_free_energy_convergence_failed  wall=2.331935e-03s  cpu=2.333000e-03s  provider=3  solves=0  iterations=0

STEP 7
  certificate  stage=STEP 7  complete  reason=continue_stage_ii  wall=9.400000e-07s  cpu=1.000000e-06s  provider=0  solves=0  iterations=0

STEP 4
  STAGE II STEP 4  major=17  upper=-5.605831e+01  LP_primal= 7.105427e-15  LP_dual= 5.551115e-17  active_cuts=22  certified
  certificate  stage=STEP 4  complete  reason=step4_complete  wall=3.802780e-04s  cpu=3.810000e-04s  provider=0  solves=1  iterations=1

STEP 5
  certificate  stage=STEP 5 LOCAL  major=17  attempt=65  accepted  reason=success  P rel.= 5.386938e-14  objective=-5.321165e+01  upper=-5.605831e+01  gap=-2.846654e+00  wall=0.000000e+00s  cpu=0.000000e+00s  provider=0  solves=0  iterations=0
  certificate  stage=STEP 5 LOCAL  major=17  attempt=66  accepted  reason=success  P rel.= 7.627904e-14  objective=-5.321165e+01  upper=-5.605831e+01  gap=-2.846654e+00  wall=0.000000e+00s  cpu=0.000000e+00s  provider=0  solves=0  iterations=0
  certificate  stage=STEP 5 LOCAL  major=17  attempt=67  accepted  reason=success  P rel.= 4.410107e-14  objective=-5.321165e+01  upper=-5.605831e+01  gap=-2.846654e+00  wall=0.000000e+00s  cpu=0.000000e+00s  provider=0  solves=0  iterations=0
  certificate  stage=STEP 5 LOCAL  major=17  attempt=68  accepted  reason=success  P rel.= 3.490736e-14  objective=-5.321165e+01  upper=-5.605831e+01  gap=-2.846654e+00  wall=0.000000e+00s  cpu=0.000000e+00s  provider=0  solves=0  iterations=0
  certificate  stage=STEP 5 LOCAL  major=17  attempt=69  accepted  reason=success  P rel.= 6.076466e-14  objective=-5.321165e+01  upper=-5.605831e+01  gap=-2.846654e+00  wall=0.000000e+00s  cpu=0.000000e+00s  provider=0  solves=0  iterations=0
  certificate  stage=STEP 5 LOCAL  major=17  attempt=70  accepted  reason=success  P rel.=-1.536540e-09  objective=-5.605831e+01  upper=-5.605831e+01  gap= 7.105427e-15  wall=0.000000e+00s  cpu=0.000000e+00s  provider=0  solves=0  iterations=0
  certificate  stage=STEP 5  complete  reason=step5_complete  wall=1.320233e-01s  cpu=1.320190e-01s  provider=121  solves=6  iterations=114

STEP 6
  certificate  stage=STEP 6  complete  reason=candidate_set  wall=1.017000e-05s  cpu=1.100000e-05s  provider=0  solves=0  iterations=0

STEP 8
  certificate  stage=STEP 8  complete  reason=unchanged_problem_67  wall=2.090000e-06s  cpu=3.000000e-06s  provider=0  solves=0  iterations=0

STEP 9
  certificate  stage=STEP 9  failed  objective=-5.605882e+01  upper=-5.605831e+01  gap= 5.194644e-04  wall=0.000000e+00s  cpu=0.000000e+00s  provider=0  solves=0  iterations=0
  certificate  stage=STEP 9  complete  reason=paper_free_energy_convergence_failed  wall=2.327306e-03s  cpu=2.328000e-03s  provider=3  solves=0  iterations=0

STEP 7
  certificate  stage=STEP 7  complete  reason=continue_stage_ii  wall=9.900000e-07s  cpu=1.000000e-06s  provider=0  solves=0  iterations=0

STEP 4
  STAGE II STEP 4  major=18  upper=-5.605831e+01  LP_primal= 7.105427e-15  LP_dual= 5.551115e-17  active_cuts=23  certified
  certificate  stage=STEP 4  complete  reason=step4_complete  wall=3.663980e-04s  cpu=3.670000e-04s  provider=0  solves=1  iterations=1

STEP 5
  certificate  stage=STEP 5 LOCAL  major=18  attempt=71  accepted  reason=success  P rel.= 6.449960e-14  objective=-5.321165e+01  upper=-5.605831e+01  gap=-2.846654e+00  wall=0.000000e+00s  cpu=0.000000e+00s  provider=0  solves=0  iterations=0
  certificate  stage=STEP 5 LOCAL  major=18  attempt=72  accepted  reason=success  P rel.= 5.386938e-14  objective=-5.321165e+01  upper=-5.605831e+01  gap=-2.846654e+00  wall=0.000000e+00s  cpu=0.000000e+00s  provider=0  solves=0  iterations=0
  certificate  stage=STEP 5 LOCAL  major=18  attempt=73  accepted  reason=success  P rel.= 2.275443e-13  objective=-5.321165e+01  upper=-5.605831e+01  gap=-2.846654e+00  wall=0.000000e+00s  cpu=0.000000e+00s  provider=0  solves=0  iterations=0
  certificate  stage=STEP 5 LOCAL  major=18  attempt=74  accepted  reason=success  P rel.= 2.206490e-13  objective=-5.321165e+01  upper=-5.605831e+01  gap=-2.846654e+00  wall=0.000000e+00s  cpu=0.000000e+00s  provider=0  solves=0  iterations=0
  certificate  stage=STEP 5 LOCAL  major=18  attempt=75  accepted  reason=success  P rel.= 3.490736e-14  objective=-5.321165e+01  upper=-5.605831e+01  gap=-2.846654e+00  wall=0.000000e+00s  cpu=0.000000e+00s  provider=0  solves=0  iterations=0
  certificate  stage=STEP 5 LOCAL  major=18  attempt=76  accepted  reason=success  P rel.= 6.919701e-13  objective=-5.321165e+01  upper=-5.605831e+01  gap=-2.846654e+00  wall=0.000000e+00s  cpu=0.000000e+00s  provider=0  solves=0  iterations=0
  certificate  stage=STEP 5 LOCAL  major=18  attempt=77  accepted  reason=success  P rel.= 2.436333e-13  objective=-5.321165e+01  upper=-5.605831e+01  gap=-2.846654e+00  wall=0.000000e+00s  cpu=0.000000e+00s  provider=0  solves=0  iterations=0
  certificate  stage=STEP 5 LOCAL  major=18  attempt=78  accepted  reason=success  P rel.= 6.076466e-14  objective=-5.321165e+01  upper=-5.605831e+01  gap=-2.846654e+00  wall=0.000000e+00s  cpu=0.000000e+00s  provider=0  solves=0  iterations=0
  certificate  stage=STEP 5 LOCAL  major=18  attempt=79  accepted  reason=success  P rel.= 6.449960e-14  objective=-5.321165e+01  upper=-5.605831e+01  gap=-2.846654e+00  wall=0.000000e+00s  cpu=0.000000e+00s  provider=0  solves=0  iterations=0
  certificate  stage=STEP 5 LOCAL  major=18  attempt=80  accepted  reason=success  P rel.= 3.390180e-14  objective=-5.321165e+01  upper=-5.605831e+01  gap=-2.846654e+00  wall=0.000000e+00s  cpu=0.000000e+00s  provider=0  solves=0  iterations=0
  certificate  stage=STEP 5 LOCAL  major=18  attempt=81  accepted  reason=success  P rel.= 1.729566e-13  objective=-5.321165e+01  upper=-5.605831e+01  gap=-2.846654e+00  wall=0.000000e+00s  cpu=0.000000e+00s  provider=0  solves=0  iterations=0
  certificate  stage=STEP 5 LOCAL  major=18  attempt=82  accepted  reason=success  P rel.= 4.726140e-14  objective=-5.321165e+01  upper=-5.605831e+01  gap=-2.846654e+00  wall=0.000000e+00s  cpu=0.000000e+00s  provider=0  solves=0  iterations=0
  certificate  stage=STEP 5 LOCAL  major=18  attempt=83  accepted  reason=success  P rel.= 5.975910e-14  objective=-5.321165e+01  upper=-5.605831e+01  gap=-2.846654e+00  wall=0.000000e+00s  cpu=0.000000e+00s  provider=0  solves=0  iterations=0
  certificate  stage=STEP 5 LOCAL  major=18  attempt=84  accepted  reason=success  P rel.= 3.878595e-14  objective=-5.321165e+01  upper=-5.605831e+01  gap=-2.846654e+00  wall=0.000000e+00s  cpu=0.000000e+00s  provider=0  solves=0  iterations=0
  certificate  stage=STEP 5 LOCAL  major=18  attempt=85  accepted  reason=success  P rel.= 4.323916e-14  objective=-5.321165e+01  upper=-5.605831e+01  gap=-2.846654e+00  wall=0.000000e+00s  cpu=0.000000e+00s  provider=0  solves=0  iterations=0
  certificate  stage=STEP 5 LOCAL  major=18  attempt=87  accepted  reason=success  P rel.= 6.406865e-14  objective=-5.321165e+01  upper=-5.605831e+01  gap=-2.846654e+00  wall=0.000000e+00s  cpu=0.000000e+00s  provider=0  solves=0  iterations=0
  certificate  stage=STEP 5 LOCAL  major=18  attempt=88  accepted  reason=success  P rel.= 4.453202e-14  objective=-5.321165e+01  upper=-5.605831e+01  gap=-2.846654e+00  wall=0.000000e+00s  cpu=0.000000e+00s  provider=0  solves=0  iterations=0
  certificate  stage=STEP 5 LOCAL  major=18  attempt=89  accepted  reason=success  P rel.=-1.543306e-09  objective=-5.605831e+01  upper=-5.605831e+01  gap= 0.000000e+00  wall=0.000000e+00s  cpu=0.000000e+00s  provider=0  solves=0  iterations=0
  certificate  stage=STEP 5  complete  reason=step5_complete  wall=3.932015e-01s  cpu=3.931940e-01s  provider=365  solves=19  iterations=338

STEP 6
  certificate  stage=STEP 6  complete  reason=candidate_set  wall=1.295000e-05s  cpu=1.300000e-05s  provider=0  solves=0  iterations=0

STEP 8
  certificate  stage=STEP 8  complete  reason=unchanged_problem_67  wall=2.260000e-06s  cpu=2.000000e-06s  provider=0  solves=0  iterations=0

STEP 9
  certificate  stage=STEP 9  failed  objective=-5.605882e+01  upper=-5.605831e+01  gap= 5.194644e-04  wall=0.000000e+00s  cpu=0.000000e+00s  provider=0  solves=0  iterations=0
  certificate  stage=STEP 9  complete  reason=paper_free_energy_convergence_failed  wall=2.398576e-03s  cpu=2.399000e-03s  provider=3  solves=0  iterations=0

STEP 7
  certificate  stage=STEP 7  complete  reason=continue_stage_ii  wall=1.040000e-06s  cpu=1.000000e-06s  provider=0  solves=0  iterations=0

STEP 4
  STAGE II STEP 4  major=19  upper=-5.605831e+01  LP_primal= 7.105427e-15  LP_dual= 5.551115e-17  active_cuts=24  certified
  certificate  stage=STEP 4  complete  reason=step4_complete  wall=3.951380e-04s  cpu=3.950000e-04s  provider=0  solves=1  iterations=1

STEP 5
  certificate  stage=STEP 5 LOCAL  major=19  attempt=90  accepted  reason=success  P rel.= 3.749309e-14  objective=-5.321165e+01  upper=-5.605831e+01  gap=-2.846654e+00  wall=0.000000e+00s  cpu=0.000000e+00s  provider=0  solves=0  iterations=0
  certificate  stage=STEP 5 LOCAL  major=19  attempt=91  accepted  reason=success  P rel.=-1.531332e-09  objective=-5.605831e+01  upper=-5.605831e+01  gap= 0.000000e+00  wall=0.000000e+00s  cpu=0.000000e+00s  provider=0  solves=0  iterations=0
  certificate  stage=STEP 5  complete  reason=step5_complete  wall=5.080792e-02s  cpu=5.080500e-02s  provider=45  solves=2  iterations=43

STEP 6
  certificate  stage=STEP 6  complete  reason=candidate_set  wall=1.269000e-05s  cpu=1.300000e-05s  provider=0  solves=0  iterations=0

STEP 8
  certificate  stage=STEP 8  complete  reason=unchanged_problem_67  wall=2.250000e-06s  cpu=3.000000e-06s  provider=0  solves=0  iterations=0

STEP 9
  certificate  stage=STEP 9  failed  objective=-5.605882e+01  upper=-5.605831e+01  gap= 5.194644e-04  wall=0.000000e+00s  cpu=0.000000e+00s  provider=0  solves=0  iterations=0
  certificate  stage=STEP 9  complete  reason=paper_free_energy_convergence_failed  wall=2.307006e-03s  cpu=2.308000e-03s  provider=3  solves=0  iterations=0

STEP 7
  certificate  stage=STEP 7  complete  reason=continue_stage_ii  wall=1.040000e-06s  cpu=1.000000e-06s  provider=0  solves=0  iterations=0

STEP 4
  STAGE II STEP 4  major=20  upper=-5.605831e+01  LP_primal= 7.105427e-15  LP_dual= 5.551115e-17  active_cuts=25  certified
  certificate  stage=STEP 4  complete  reason=step4_complete  wall=3.896480e-04s  cpu=3.900000e-04s  provider=0  solves=1  iterations=1

STEP 5
  certificate  stage=STEP 5 LOCAL  major=20  attempt=92  accepted  reason=success  P rel.= 6.119562e-14  objective=-5.321165e+01  upper=-5.605831e+01  gap=-2.846654e+00  wall=0.000000e+00s  cpu=0.000000e+00s  provider=0  solves=0  iterations=0
  certificate  stage=STEP 5 LOCAL  major=20  attempt=93  accepted  reason=success  P rel.= 6.820582e-13  objective=-5.321165e+01  upper=-5.605831e+01  gap=-2.846654e+00  wall=0.000000e+00s  cpu=0.000000e+00s  provider=0  solves=0  iterations=0
  certificate  stage=STEP 5 LOCAL  major=20  attempt=94  accepted  reason=success  P rel.= 6.119562e-14  objective=-5.321165e+01  upper=-5.605831e+01  gap=-2.846654e+00  wall=0.000000e+00s  cpu=0.000000e+00s  provider=0  solves=0  iterations=0
  certificate  stage=STEP 5 LOCAL  major=20  attempt=95  accepted  reason=success  P rel.=-1.547001e-09  objective=-5.605831e+01  upper=-5.605831e+01  gap= 0.000000e+00  wall=0.000000e+00s  cpu=0.000000e+00s  provider=0  solves=0  iterations=0
  certificate  stage=STEP 5  complete  reason=step5_complete  wall=8.919334e-02s  cpu=8.887300e-02s  provider=82  solves=4  iterations=77

STEP 6
  certificate  stage=STEP 6  complete  reason=candidate_set  wall=1.108000e-05s  cpu=1.100000e-05s  provider=0  solves=0  iterations=0

STEP 8
  certificate  stage=STEP 8  complete  reason=unchanged_problem_67  wall=2.230000e-06s  cpu=2.000000e-06s  provider=0  solves=0  iterations=0

STEP 9
  certificate  stage=STEP 9  failed  objective=-5.605882e+01  upper=-5.605831e+01  gap= 5.194644e-04  wall=0.000000e+00s  cpu=0.000000e+00s  provider=0  solves=0  iterations=0
  certificate  stage=STEP 9  complete  reason=paper_free_energy_convergence_failed  wall=2.297736e-03s  cpu=2.298000e-03s  provider=3  solves=0  iterations=0

STEP 7
  certificate  stage=STEP 7  complete  reason=continue_stage_ii  wall=9.500000e-07s  cpu=1.000000e-06s  provider=0  solves=0  iterations=0

STEP 4
  STAGE II STEP 4  major=21  upper=-5.605831e+01  LP_primal= 7.105427e-15  LP_dual= 5.551115e-17  active_cuts=26  certified
  certificate  stage=STEP 4  complete  reason=step4_complete  wall=3.896180e-04s  cpu=3.900000e-04s  provider=0  solves=1  iterations=1

STEP 5
  certificate  stage=STEP 5 LOCAL  major=21  attempt=96  accepted  reason=success  P rel.=-4.249269e-09  objective=-5.605831e+01  upper=-5.605831e+01  gap= 0.000000e+00  wall=0.000000e+00s  cpu=0.000000e+00s  provider=0  solves=0  iterations=0
  certificate  stage=STEP 5  complete  reason=step5_complete  wall=2.263835e-02s  cpu=2.263900e-02s  provider=22  solves=1  iterations=17

STEP 6
  certificate  stage=STEP 6  complete  reason=candidate_set  wall=7.330000e-06s  cpu=7.000000e-06s  provider=0  solves=0  iterations=0

STEP 8
  certificate  stage=STEP 8  complete  reason=unchanged_problem_67  wall=1.650000e-06s  cpu=2.000000e-06s  provider=0  solves=0  iterations=0

STEP 9
  certificate  stage=STEP 9  failed  objective=-5.605882e+01  upper=-5.605831e+01  gap= 5.194644e-04  wall=0.000000e+00s  cpu=0.000000e+00s  provider=0  solves=0  iterations=0
  certificate  stage=STEP 9  complete  reason=paper_free_energy_convergence_failed  wall=2.289666e-03s  cpu=2.290000e-03s  provider=3  solves=0  iterations=0

STEP 7
  certificate  stage=STEP 7  complete  reason=continue_stage_ii  wall=9.900000e-07s  cpu=1.000000e-06s  provider=0  solves=0  iterations=0

STEP 4
  STAGE II STEP 4  major=22  upper=-5.605831e+01  LP_primal= 1.421085e-14  LP_dual= 1.110223e-16  active_cuts=27  certified
  certificate  stage=STEP 4  complete  reason=step4_complete  wall=3.116280e-04s  cpu=3.120000e-04s  provider=0  solves=1  iterations=1

STEP 5
  certificate  stage=STEP 5 LOCAL  major=22  attempt=97  accepted  reason=success  P rel.=-1.534493e-09  objective=-5.605831e+01  upper=-5.605831e+01  gap=-7.105427e-15  wall=0.000000e+00s  cpu=0.000000e+00s  provider=0  solves=0  iterations=0
  certificate  stage=STEP 5  complete  reason=step5_complete  wall=1.485561e-02s  cpu=1.485600e-02s  provider=14  solves=1  iterations=13

STEP 6
  certificate  stage=STEP 6  complete  reason=candidate_set  wall=9.660000e-06s  cpu=1.000000e-05s  provider=0  solves=0  iterations=0

STEP 8
  certificate  stage=STEP 8  complete  reason=unchanged_problem_67  wall=1.840000e-06s  cpu=2.000000e-06s  provider=0  solves=0  iterations=0

STEP 9
  certificate  stage=STEP 9  failed  objective=-5.605882e+01  upper=-5.605831e+01  gap= 5.194644e-04  wall=0.000000e+00s  cpu=0.000000e+00s  provider=0  solves=0  iterations=0
  certificate  stage=STEP 9  complete  reason=paper_free_energy_convergence_failed  wall=2.310077e-03s  cpu=2.304000e-03s  provider=3  solves=0  iterations=0

STEP 7
  certificate  stage=STEP 7  complete  reason=continue_stage_ii  wall=9.500000e-07s  cpu=1.000000e-06s  provider=0  solves=0  iterations=0

STEP 4
  STAGE II STEP 4  major=23  upper=-5.605831e+01  LP_primal= 1.421085e-14  LP_dual= 1.110223e-16  active_cuts=28  certified
  certificate  stage=STEP 4  complete  reason=step4_complete  wall=3.096580e-04s  cpu=3.100000e-04s  provider=0  solves=1  iterations=1

STEP 5
  certificate  stage=STEP 5 LOCAL  major=23  attempt=98  accepted  reason=success  P rel.= 6.938376e-14  objective=-5.321165e+01  upper=-5.605831e+01  gap=-2.846654e+00  wall=0.000000e+00s  cpu=0.000000e+00s  provider=0  solves=0  iterations=0
  certificate  stage=STEP 5 LOCAL  major=23  attempt=99  accepted  reason=success  P rel.= 5.904084e-14  objective=-5.321165e+01  upper=-5.605831e+01  gap=-2.846654e+00  wall=0.000000e+00s  cpu=0.000000e+00s  provider=0  solves=0  iterations=0
  certificate  stage=STEP 5 LOCAL  major=23  attempt=100  accepted  reason=success  P rel.= 5.975910e-14  objective=-5.321165e+01  upper=-5.605831e+01  gap=-2.846654e+00  wall=0.000000e+00s  cpu=0.000000e+00s  provider=0  solves=0  iterations=0
  certificate  stage=STEP 5 LOCAL  major=23  attempt=102  accepted  reason=success  P rel.= 2.944859e-14  objective=-5.321165e+01  upper=-5.605831e+01  gap=-2.846654e+00  wall=0.000000e+00s  cpu=0.000000e+00s  provider=0  solves=0  iterations=0
  certificate  stage=STEP 5 LOCAL  major=23  attempt=103  accepted  reason=success  P rel.= 6.076466e-14  objective=-5.321165e+01  upper=-5.605831e+01  gap=-2.846654e+00  wall=0.000000e+00s  cpu=0.000000e+00s  provider=0  solves=0  iterations=0
  certificate  stage=STEP 5 LOCAL  major=23  attempt=104  accepted  reason=success  P rel.=-1.531421e-09  objective=-5.605831e+01  upper=-5.605831e+01  gap= 0.000000e+00  wall=0.000000e+00s  cpu=0.000000e+00s  provider=0  solves=0  iterations=0
  certificate  stage=STEP 5  complete  reason=step5_complete  wall=1.283541e-01s  cpu=1.283470e-01s  provider=122  solves=7  iterations=112

STEP 6
  certificate  stage=STEP 6  complete  reason=candidate_set  wall=1.220000e-05s  cpu=1.200000e-05s  provider=0  solves=0  iterations=0

STEP 8
  certificate  stage=STEP 8  complete  reason=unchanged_problem_67  wall=2.220000e-06s  cpu=2.000000e-06s  provider=0  solves=0  iterations=0

STEP 9
  certificate  stage=STEP 9  failed  objective=-5.605882e+01  upper=-5.605831e+01  gap= 5.194644e-04  wall=0.000000e+00s  cpu=0.000000e+00s  provider=0  solves=0  iterations=0
  certificate  stage=STEP 9  complete  reason=paper_free_energy_convergence_failed  wall=2.297716e-03s  cpu=2.298000e-03s  provider=3  solves=0  iterations=0

STEP 7
  certificate  stage=STEP 7  complete  reason=continue_stage_ii  wall=1.090000e-06s  cpu=1.000000e-06s  provider=0  solves=0  iterations=0

STEP 4
  STAGE II STEP 4  major=24  upper=-5.605831e+01  LP_primal= 1.421085e-14  LP_dual= 1.110223e-16  active_cuts=29  certified
  certificate  stage=STEP 4  complete  reason=step4_complete  wall=3.781670e-04s  cpu=3.780000e-04s  provider=0  solves=1  iterations=1

STEP 5
  certificate  stage=STEP 5 LOCAL  major=24  attempt=105  accepted  reason=success  P rel.= 6.938376e-14  objective=-5.321165e+01  upper=-5.605831e+01  gap=-2.846654e+00  wall=0.000000e+00s  cpu=0.000000e+00s  provider=0  solves=0  iterations=0
  certificate  stage=STEP 5 LOCAL  major=24  attempt=106  accepted  reason=success  P rel.= 4.323916e-14  objective=-5.321165e+01  upper=-5.605831e+01  gap=-2.846654e+00  wall=0.000000e+00s  cpu=0.000000e+00s  provider=0  solves=0  iterations=0
  certificate  stage=STEP 5 LOCAL  major=24  attempt=107  accepted  reason=success  P rel.= 4.672989e-13  objective=-5.321165e+01  upper=-5.605831e+01  gap=-2.846654e+00  wall=0.000000e+00s  cpu=0.000000e+00s  provider=0  solves=0  iterations=0
  certificate  stage=STEP 5 LOCAL  major=24  attempt=108  accepted  reason=success  P rel.= 4.237725e-13  objective=-5.321165e+01  upper=-5.605831e+01  gap=-2.846654e+00  wall=0.000000e+00s  cpu=0.000000e+00s  provider=0  solves=0  iterations=0
  certificate  stage=STEP 5 LOCAL  major=24  attempt=109  accepted  reason=success  P rel.=-1.509164e-09  objective=-5.605831e+01  upper=-5.605831e+01  gap= 7.105427e-15  wall=0.000000e+00s  cpu=0.000000e+00s  provider=0  solves=0  iterations=0
  certificate  stage=STEP 5  complete  reason=step5_complete  wall=1.165245e-01s  cpu=1.165190e-01s  provider=113  solves=5  iterations=97

STEP 6
  certificate  stage=STEP 6  complete  reason=candidate_set  wall=1.107000e-05s  cpu=1.100000e-05s  provider=0  solves=0  iterations=0

STEP 8
  certificate  stage=STEP 8  complete  reason=unchanged_problem_67  wall=2.050000e-06s  cpu=2.000000e-06s  provider=0  solves=0  iterations=0

STEP 9
  certificate  stage=STEP 9  failed  objective=-5.605882e+01  upper=-5.605831e+01  gap= 5.194644e-04  wall=0.000000e+00s  cpu=0.000000e+00s  provider=0  solves=0  iterations=0
  certificate  stage=STEP 9  complete  reason=paper_free_energy_convergence_failed  wall=2.279496e-03s  cpu=2.279000e-03s  provider=3  solves=0  iterations=0

STEP 7
  certificate  stage=STEP 7  complete  reason=continue_stage_ii  wall=1.090000e-06s  cpu=1.000000e-06s  provider=0  solves=0  iterations=0

STEP 4
  STAGE II STEP 4  major=25  upper=-5.605831e+01  LP_primal= 1.421085e-14  LP_dual= 1.110223e-16  active_cuts=30  certified
  certificate  stage=STEP 4  complete  reason=step4_complete  wall=3.662080e-04s  cpu=3.670000e-04s  provider=0  solves=1  iterations=1

STEP 5
  certificate  stage=STEP 5 LOCAL  major=25  attempt=110  accepted  reason=success  P rel.= 3.490736e-14  objective=-5.321165e+01  upper=-5.605831e+01  gap=-2.846654e+00  wall=0.000000e+00s  cpu=0.000000e+00s  provider=0  solves=0  iterations=0
  certificate  stage=STEP 5 LOCAL  major=25  attempt=111  accepted  reason=success  P rel.= 4.999078e-14  objective=-5.321165e+01  upper=-5.605831e+01  gap=-2.846654e+00  wall=0.000000e+00s  cpu=0.000000e+00s  provider=0  solves=0  iterations=0
  certificate  stage=STEP 5 LOCAL  major=25  attempt=112  accepted  reason=success  P rel.= 2.916129e-14  objective=-5.321165e+01  upper=-5.605831e+01  gap=-2.846654e+00  wall=0.000000e+00s  cpu=0.000000e+00s  provider=0  solves=0  iterations=0
  certificate  stage=STEP 5 LOCAL  major=25  attempt=113  accepted  reason=success  P rel.= 4.323916e-14  objective=-5.321165e+01  upper=-5.605831e+01  gap=-2.846654e+00  wall=0.000000e+00s  cpu=0.000000e+00s  provider=0  solves=0  iterations=0
  certificate  stage=STEP 5 LOCAL  major=25  attempt=114  accepted  reason=success  P rel.= 5.042174e-14  objective=-5.321165e+01  upper=-5.605831e+01  gap=-2.846654e+00  wall=0.000000e+00s  cpu=0.000000e+00s  provider=0  solves=0  iterations=0
  certificate  stage=STEP 5 LOCAL  major=25  attempt=115  accepted  reason=success  P rel.= 3.476371e-14  objective=-5.321165e+01  upper=-5.605831e+01  gap=-2.846654e+00  wall=0.000000e+00s  cpu=0.000000e+00s  provider=0  solves=0  iterations=0
  certificate  stage=STEP 5 LOCAL  major=25  attempt=116  accepted  reason=success  P rel.=-1.535961e-09  objective=-5.605831e+01  upper=-5.605831e+01  gap= 0.000000e+00  wall=0.000000e+00s  cpu=0.000000e+00s  provider=0  solves=0  iterations=0
  certificate  stage=STEP 5  complete  reason=step5_complete  wall=1.669246e-01s  cpu=1.669260e-01s  provider=161  solves=7  iterations=141

STEP 6
  certificate  stage=STEP 6  complete  reason=candidate_set  wall=1.349000e-05s  cpu=1.400000e-05s  provider=0  solves=0  iterations=0

STEP 8
  certificate  stage=STEP 8  complete  reason=unchanged_problem_67  wall=2.190000e-06s  cpu=2.000000e-06s  provider=0  solves=0  iterations=0

STEP 9
  certificate  stage=STEP 9  failed  objective=-5.605882e+01  upper=-5.605831e+01  gap= 5.194644e-04  wall=0.000000e+00s  cpu=0.000000e+00s  provider=0  solves=0  iterations=0
  certificate  stage=STEP 9  complete  reason=paper_free_energy_convergence_failed  wall=2.284456e-03s  cpu=2.285000e-03s  provider=3  solves=0  iterations=0

STEP 7
  certificate  stage=STEP 7  complete  reason=continue_stage_ii  wall=9.700000e-07s  cpu=1.000000e-06s  provider=0  solves=0  iterations=0

STEP 4
  STAGE II STEP 4  major=26  upper=-5.605831e+01  LP_primal= 1.421085e-14  LP_dual= 1.110223e-16  active_cuts=31  certified
  certificate  stage=STEP 4  complete  reason=step4_complete  wall=3.998780e-04s  cpu=4.000000e-04s  provider=0  solves=1  iterations=1

STEP 5
  certificate  stage=STEP 5 LOCAL  major=26  attempt=117  accepted  reason=success  P rel.= 6.076466e-14  objective=-5.321165e+01  upper=-5.605831e+01  gap=-2.846654e+00  wall=0.000000e+00s  cpu=0.000000e+00s  provider=0  solves=0  iterations=0
  certificate  stage=STEP 5 LOCAL  major=26  attempt=118  accepted  reason=success  P rel.= 4.073962e-13  objective=-5.321165e+01  upper=-5.605831e+01  gap=-2.846654e+00  wall=0.000000e+00s  cpu=0.000000e+00s  provider=0  solves=0  iterations=0
  certificate  stage=STEP 5 LOCAL  major=26  attempt=119  accepted  reason=success  P rel.= 6.938376e-14  objective=-5.321165e+01  upper=-5.605831e+01  gap=-2.846654e+00  wall=0.000000e+00s  cpu=0.000000e+00s  provider=0  solves=0  iterations=0
  certificate  stage=STEP 5 LOCAL  major=26  attempt=120  accepted  reason=success  P rel.= 6.438468e-13  objective=-5.321165e+01  upper=-5.605831e+01  gap=-2.846654e+00  wall=0.000000e+00s  cpu=0.000000e+00s  provider=0  solves=0  iterations=0
  certificate  stage=STEP 5 LOCAL  major=26  attempt=121  accepted  reason=success  P rel.= 3.490736e-14  objective=-5.321165e+01  upper=-5.605831e+01  gap=-2.846654e+00  wall=0.000000e+00s  cpu=0.000000e+00s  provider=0  solves=0  iterations=0
  certificate  stage=STEP 5 LOCAL  major=26  attempt=122  accepted  reason=success  P rel.=-1.535783e-09  objective=-5.605831e+01  upper=-5.605831e+01  gap= 7.105427e-15  wall=0.000000e+00s  cpu=0.000000e+00s  provider=0  solves=0  iterations=0
  certificate  stage=STEP 5  complete  reason=step5_complete  wall=1.435681e-01s  cpu=1.435550e-01s  provider=133  solves=6  iterations=125

STEP 6
  certificate  stage=STEP 6  complete  reason=candidate_set  wall=1.383000e-05s  cpu=1.300000e-05s  provider=0  solves=0  iterations=0

STEP 8
  certificate  stage=STEP 8  complete  reason=unchanged_problem_67  wall=2.220000e-06s  cpu=2.000000e-06s  provider=0  solves=0  iterations=0

STEP 9
  certificate  stage=STEP 9  failed  objective=-5.605882e+01  upper=-5.605831e+01  gap= 5.194644e-04  wall=0.000000e+00s  cpu=0.000000e+00s  provider=0  solves=0  iterations=0
  certificate  stage=STEP 9  complete  reason=paper_free_energy_convergence_failed  wall=2.305446e-03s  cpu=2.306000e-03s  provider=3  solves=0  iterations=0

STEP 7
  certificate  stage=STEP 7  complete  reason=continue_stage_ii  wall=1.260000e-06s  cpu=2.000000e-06s  provider=0  solves=0  iterations=0

STEP 4
  STAGE II STEP 4  major=27  upper=-5.605831e+01  LP_primal= 1.421085e-14  LP_dual= 1.110223e-16  active_cuts=32  certified
  certificate  stage=STEP 4  complete  reason=step4_complete  wall=4.003980e-04s  cpu=4.010000e-04s  provider=0  solves=1  iterations=1

STEP 5
  certificate  stage=STEP 5 LOCAL  major=27  attempt=123  accepted  reason=success  P rel.= 3.490736e-14  objective=-5.321165e+01  upper=-5.605831e+01  gap=-2.846654e+00  wall=0.000000e+00s  cpu=0.000000e+00s  provider=0  solves=0  iterations=0
  certificate  stage=STEP 5 LOCAL  major=27  attempt=124  accepted  reason=success  P rel.= 3.490736e-14  objective=-5.321165e+01  upper=-5.605831e+01  gap=-2.846654e+00  wall=0.000000e+00s  cpu=0.000000e+00s  provider=0  solves=0  iterations=0
  certificate  stage=STEP 5 LOCAL  major=27  attempt=125  accepted  reason=success  P rel.=-1.535472e-09  objective=-5.605831e+01  upper=-5.605831e+01  gap= 7.105427e-15  wall=0.000000e+00s  cpu=0.000000e+00s  provider=0  solves=0  iterations=0
  certificate  stage=STEP 5  complete  reason=step5_complete  wall=5.990138e-02s  cpu=5.990200e-02s  provider=58  solves=3  iterations=52

STEP 6
  certificate  stage=STEP 6  complete  reason=candidate_set  wall=1.218000e-05s  cpu=1.300000e-05s  provider=0  solves=0  iterations=0

STEP 8
  certificate  stage=STEP 8  complete  reason=unchanged_problem_67  wall=1.810000e-06s  cpu=2.000000e-06s  provider=0  solves=0  iterations=0

STEP 9
  certificate  stage=STEP 9  failed  objective=-5.605882e+01  upper=-5.605831e+01  gap= 5.194644e-04  wall=0.000000e+00s  cpu=0.000000e+00s  provider=0  solves=0  iterations=0
  certificate  stage=STEP 9  complete  reason=paper_free_energy_convergence_failed  wall=2.338056e-03s  cpu=2.338000e-03s  provider=3  solves=0  iterations=0

STEP 7
  certificate  stage=STEP 7  complete  reason=continue_stage_ii  wall=1.010000e-06s  cpu=1.000000e-06s  provider=0  solves=0  iterations=0

STEP 4
  STAGE II STEP 4  major=28  upper=-5.605831e+01  LP_primal= 1.421085e-14  LP_dual= 1.110223e-16  active_cuts=33  certified
  certificate  stage=STEP 4  complete  reason=step4_complete  wall=3.612980e-04s  cpu=3.620000e-04s  provider=0  solves=1  iterations=1

STEP 5
  certificate  stage=STEP 5 LOCAL  major=28  attempt=126  accepted  reason=success  P rel.= 4.453202e-14  objective=-5.321165e+01  upper=-5.605831e+01  gap=-2.846654e+00  wall=0.000000e+00s  cpu=0.000000e+00s  provider=0  solves=0  iterations=0
  certificate  stage=STEP 5 LOCAL  major=28  attempt=127  accepted  reason=success  P rel.= 7.512983e-14  objective=-5.321165e+01  upper=-5.605831e+01  gap=-2.846654e+00  wall=0.000000e+00s  cpu=0.000000e+00s  provider=0  solves=0  iterations=0
  certificate  stage=STEP 5 LOCAL  major=28  attempt=128  accepted  reason=success  P rel.= 4.711775e-14  objective=-5.321165e+01  upper=-5.605831e+01  gap=-2.846654e+00  wall=0.000000e+00s  cpu=0.000000e+00s  provider=0  solves=0  iterations=0
  certificate  stage=STEP 5 LOCAL  major=28  attempt=129  accepted  reason=success  P rel.=-1.515886e-09  objective=-5.605831e+01  upper=-5.605831e+01  gap=-7.105427e-15  wall=0.000000e+00s  cpu=0.000000e+00s  provider=0  solves=0  iterations=0
  certificate  stage=STEP 5  complete  reason=step5_complete  wall=9.212984e-02s  cpu=9.213100e-02s  provider=89  solves=4  iterations=77

STEP 6
  certificate  stage=STEP 6  complete  reason=candidate_set  wall=1.324000e-05s  cpu=1.400000e-05s  provider=0  solves=0  iterations=0

STEP 8
  certificate  stage=STEP 8  complete  reason=unchanged_problem_67  wall=2.040000e-06s  cpu=2.000000e-06s  provider=0  solves=0  iterations=0

STEP 9
  certificate  stage=STEP 9  failed  objective=-5.605882e+01  upper=-5.605831e+01  gap= 5.194644e-04  wall=0.000000e+00s  cpu=0.000000e+00s  provider=0  solves=0  iterations=0
  certificate  stage=STEP 9  complete  reason=paper_free_energy_convergence_failed  wall=2.348076e-03s  cpu=2.349000e-03s  provider=3  solves=0  iterations=0

STEP 7
  certificate  stage=STEP 7  complete  reason=continue_stage_ii  wall=1.380000e-06s  cpu=1.000000e-06s  provider=0  solves=0  iterations=0

STEP 4
  STAGE II STEP 4  major=29  upper=-5.605831e+01  LP_primal= 1.421085e-14  LP_dual= 1.110223e-16  active_cuts=34  certified
  certificate  stage=STEP 4  complete  reason=step4_complete  wall=3.925070e-04s  cpu=3.930000e-04s  provider=0  solves=1  iterations=1

STEP 5
  certificate  stage=STEP 5 LOCAL  major=29  attempt=130  accepted  reason=success  P rel.= 5.386938e-14  objective=-5.321165e+01  upper=-5.605831e+01  gap=-2.846654e+00  wall=0.000000e+00s  cpu=0.000000e+00s  provider=0  solves=0  iterations=0
  certificate  stage=STEP 5 LOCAL  major=29  attempt=131  accepted  reason=success  P rel.=-1.530842e-09  objective=-5.605831e+01  upper=-5.605831e+01  gap= 0.000000e+00  wall=0.000000e+00s  cpu=0.000000e+00s  provider=0  solves=0  iterations=0
  certificate  stage=STEP 5  complete  reason=step5_complete  wall=4.239172e-02s  cpu=4.239200e-02s  provider=40  solves=2  iterations=38

STEP 6
  certificate  stage=STEP 6  complete  reason=candidate_set  wall=1.192000e-05s  cpu=1.200000e-05s  provider=0  solves=0  iterations=0

STEP 8
  certificate  stage=STEP 8  complete  reason=unchanged_problem_67  wall=1.510000e-06s  cpu=2.000000e-06s  provider=0  solves=0  iterations=0

STEP 9
  certificate  stage=STEP 9  failed  objective=-5.605882e+01  upper=-5.605831e+01  gap= 5.194644e-04  wall=0.000000e+00s  cpu=0.000000e+00s  provider=0  solves=0  iterations=0
  certificate  stage=STEP 9  complete  reason=paper_free_energy_convergence_failed  wall=2.387776e-03s  cpu=2.388000e-03s  provider=3  solves=0  iterations=0

STEP 7
  certificate  stage=STEP 7  complete  reason=continue_stage_ii  wall=9.000000e-07s  cpu=1.000000e-06s  provider=0  solves=0  iterations=0

STEP 4
  STAGE II STEP 4  major=30  upper=-5.605831e+01  LP_primal= 1.421085e-14  LP_dual= 1.110223e-16  active_cuts=35  certified
  certificate  stage=STEP 4  complete  reason=step4_complete  wall=3.397880e-04s  cpu=3.400000e-04s  provider=0  solves=1  iterations=1

STEP 5
  certificate  stage=STEP 5 LOCAL  major=30  attempt=132  accepted  reason=success  P rel.= 3.490736e-14  objective=-5.321165e+01  upper=-5.605831e+01  gap=-2.846654e+00  wall=0.000000e+00s  cpu=0.000000e+00s  provider=0  solves=0  iterations=0
  certificate  stage=STEP 5 LOCAL  major=30  attempt=133  accepted  reason=success  P rel.=-2.974453e-09  objective=-5.606053e+01  upper=-5.605831e+01  gap= 2.227368e-03  wall=0.000000e+00s  cpu=0.000000e+00s  provider=0  solves=0  iterations=0
  certificate  stage=STEP 5  complete  reason=step5_complete  wall=4.394935e-02s  cpu=4.395000e-02s  provider=43  solves=2  iterations=37

STEP 6
  certificate  stage=STEP 6  complete  reason=candidate_set  wall=1.226000e-05s  cpu=1.200000e-05s  provider=0  solves=0  iterations=0

STEP 8
  certificate  stage=STEP 8  complete  reason=step8_complete  wall=8.554209e-02s  cpu=8.553100e-02s  provider=162  solves=2  iterations=16

STEP 9
  certificate  stage=STEP 9  failed  objective=-5.605893e+01  upper=-5.605831e+01  gap= 6.282289e-04  wall=0.000000e+00s  cpu=0.000000e+00s  provider=0  solves=0  iterations=0
  certificate  stage=STEP 9  complete  reason=paper_free_energy_convergence_failed  wall=2.252446e-03s  cpu=2.253000e-03s  provider=3  solves=0  iterations=0

STEP 7
  certificate  stage=STEP 7  complete  reason=continue_stage_ii  wall=1.100000e-06s  cpu=1.000000e-06s  provider=0  solves=0  iterations=0

STEP 4
  STAGE II STEP 4  major=31  upper=-5.605843e+01  LP_primal= 7.105427e-15  LP_dual= 5.551115e-17  active_cuts=36  certified
  certificate  stage=STEP 4  complete  reason=step4_complete  wall=3.689580e-04s  cpu=3.700000e-04s  provider=0  solves=1  iterations=1

STEP 5
  certificate  stage=STEP 5 LOCAL  major=31  attempt=134  accepted  reason=success  P rel.= 5.746067e-14  objective=-5.321178e+01  upper=-5.605843e+01  gap=-2.846652e+00  wall=0.000000e+00s  cpu=0.000000e+00s  provider=0  solves=0  iterations=0
  certificate  stage=STEP 5 LOCAL  major=31  attempt=135  accepted  reason=success  P rel.=-1.535116e-09  objective=-5.605843e+01  upper=-5.605843e+01  gap= 7.569301e-07  wall=0.000000e+00s  cpu=0.000000e+00s  provider=0  solves=0  iterations=0
  certificate  stage=STEP 5  complete  reason=step5_complete  wall=4.756937e-02s  cpu=4.755700e-02s  provider=43  solves=2  iterations=40

STEP 6
  certificate  stage=STEP 6  complete  reason=candidate_set  wall=1.484000e-05s  cpu=1.500000e-05s  provider=0  solves=0  iterations=0

STEP 8
  certificate  stage=STEP 8  complete  reason=step8_complete  wall=6.885653e-02s  cpu=6.884400e-02s  provider=138  solves=1  iterations=18

STEP 9
  certificate  stage=STEP 9  failed  objective=-5.605893e+01  upper=-5.605843e+01  gap= 5.033954e-04  wall=0.000000e+00s  cpu=0.000000e+00s  provider=0  solves=0  iterations=0
  certificate  stage=STEP 9  complete  reason=paper_free_energy_convergence_failed  wall=2.347436e-03s  cpu=2.336000e-03s  provider=3  solves=0  iterations=0

STEP 7
  certificate  stage=STEP 7  complete  reason=continue_stage_ii  wall=1.030000e-06s  cpu=1.000000e-06s  provider=0  solves=0  iterations=0

STEP 4
  STAGE II STEP 4  major=32  upper=-5.605843e+01  LP_primal= 7.105427e-15  LP_dual= 5.551115e-17  active_cuts=37  certified
  certificate  stage=STEP 4  complete  reason=step4_complete  wall=4.143180e-04s  cpu=4.140000e-04s  provider=0  solves=1  iterations=1

STEP 5
  certificate  stage=STEP 5 LOCAL  major=32  attempt=137  accepted  reason=success  P rel.= 4.754871e-14  objective=-5.321178e+01  upper=-5.605843e+01  gap=-2.846652e+00  wall=0.000000e+00s  cpu=0.000000e+00s  provider=0  solves=0  iterations=0
  certificate  stage=STEP 5 LOCAL  major=32  attempt=138  accepted  reason=success  P rel.= 6.461453e-13  objective=-5.321178e+01  upper=-5.605843e+01  gap=-2.846652e+00  wall=0.000000e+00s  cpu=0.000000e+00s  provider=0  solves=0  iterations=0
  certificate  stage=STEP 5 LOCAL  major=32  attempt=139  accepted  reason=success  P rel.= 4.553758e-14  objective=-5.321178e+01  upper=-5.605843e+01  gap=-2.846652e+00  wall=0.000000e+00s  cpu=0.000000e+00s  provider=0  solves=0  iterations=0
  certificate  stage=STEP 5 LOCAL  major=32  attempt=141  accepted  reason=success  P rel.= 4.223359e-14  objective=-5.321178e+01  upper=-5.605843e+01  gap=-2.846652e+00  wall=0.000000e+00s  cpu=0.000000e+00s  provider=0  solves=0  iterations=0
  certificate  stage=STEP 5 LOCAL  major=32  attempt=142  accepted  reason=success  P rel.= 6.191387e-14  objective=-5.321178e+01  upper=-5.605843e+01  gap=-2.846652e+00  wall=0.000000e+00s  cpu=0.000000e+00s  provider=0  solves=0  iterations=0
  certificate  stage=STEP 5 LOCAL  major=32  attempt=143  accepted  reason=success  P rel.= 4.582489e-14  objective=-5.321178e+01  upper=-5.605843e+01  gap=-2.846652e+00  wall=0.000000e+00s  cpu=0.000000e+00s  provider=0  solves=0  iterations=0
  certificate  stage=STEP 5 LOCAL  major=32  attempt=144  accepted  reason=success  P rel.=-1.527504e-09  objective=-5.605843e+01  upper=-5.605843e+01  gap= 2.131628e-12  wall=0.000000e+00s  cpu=0.000000e+00s  provider=0  solves=0  iterations=0
  certificate  stage=STEP 5  complete  reason=step5_complete  wall=1.618711e-01s  cpu=1.618510e-01s  provider=151  solves=9  iterations=130

STEP 6
  certificate  stage=STEP 6  complete  reason=candidate_set  wall=1.301000e-05s  cpu=1.300000e-05s  provider=0  solves=0  iterations=0

STEP 8
  certificate  stage=STEP 8  complete  reason=step8_complete  wall=7.168024e-02s  cpu=7.161600e-02s  provider=138  solves=1  iterations=18

STEP 9
  certificate  stage=STEP 9  failed  objective=-5.605893e+01  upper=-5.605843e+01  gap= 5.031910e-04  wall=0.000000e+00s  cpu=0.000000e+00s  provider=0  solves=0  iterations=0
  certificate  stage=STEP 9  complete  reason=paper_free_energy_convergence_failed  wall=2.437745e-03s  cpu=2.438000e-03s  provider=3  solves=0  iterations=0

STEP 7
  certificate  stage=STEP 7  complete  reason=continue_stage_ii  wall=1.680000e-06s  cpu=2.000000e-06s  provider=0  solves=0  iterations=0

STEP 4
  STAGE II STEP 4  major=33  upper=-5.605843e+01  LP_primal= 2.131628e-12  LP_dual= 5.551115e-17  active_cuts=38  certified
  certificate  stage=STEP 4  complete  reason=step4_complete  wall=3.864370e-04s  cpu=3.870000e-04s  provider=0  solves=1  iterations=1

STEP 5
  certificate  stage=STEP 5 LOCAL  major=33  attempt=145  accepted  reason=success  P rel.=-1.521628e-09  objective=-5.605843e+01  upper=-5.605843e+01  gap= 2.124523e-12  wall=0.000000e+00s  cpu=0.000000e+00s  provider=0  solves=0  iterations=0
  certificate  stage=STEP 5  complete  reason=step5_complete  wall=2.089845e-02s  cpu=2.087400e-02s  provider=18  solves=1  iterations=16

STEP 6
  certificate  stage=STEP 6  complete  reason=candidate_set  wall=1.778000e-05s  cpu=1.800000e-05s  provider=0  solves=0  iterations=0

STEP 8
  certificate  stage=STEP 8  complete  reason=step8_complete  wall=6.872380e-02s  cpu=6.871700e-02s  provider=138  solves=1  iterations=18

STEP 9
  certificate  stage=STEP 9  failed  objective=-5.605893e+01  upper=-5.605843e+01  gap= 5.031910e-04  wall=0.000000e+00s  cpu=0.000000e+00s  provider=0  solves=0  iterations=0
  certificate  stage=STEP 9  complete  reason=paper_free_energy_convergence_failed  wall=2.297796e-03s  cpu=2.298000e-03s  provider=3  solves=0  iterations=0

STEP 7
  certificate  stage=STEP 7  complete  reason=continue_stage_ii  wall=1.160000e-06s  cpu=1.000000e-06s  provider=0  solves=0  iterations=0

STEP 4
  STAGE II STEP 4  major=34  upper=-5.605843e+01  LP_primal= 7.105427e-15  LP_dual= 1.110223e-16  active_cuts=39  certified
  certificate  stage=STEP 4  complete  reason=step4_complete  wall=4.258170e-04s  cpu=4.260000e-04s  provider=0  solves=1  iterations=1

STEP 5
  certificate  stage=STEP 5 LOCAL  major=34  attempt=146  accepted  reason=success  P rel.=-1.529195e-09  objective=-5.605843e+01  upper=-5.605843e+01  gap= 0.000000e+00  wall=0.000000e+00s  cpu=0.000000e+00s  provider=0  solves=0  iterations=0
  certificate  stage=STEP 5  complete  reason=step5_complete  wall=1.499956e-02s  cpu=1.499200e-02s  provider=12  solves=1  iterations=11

STEP 6
  certificate  stage=STEP 6  complete  reason=candidate_set  wall=1.677000e-05s  cpu=1.600000e-05s  provider=0  solves=0  iterations=0

STEP 8
  certificate  stage=STEP 8  complete  reason=step8_complete  wall=7.005146e-02s  cpu=7.005300e-02s  provider=138  solves=1  iterations=18

STEP 9
  certificate  stage=STEP 9  failed  objective=-5.605893e+01  upper=-5.605843e+01  gap= 5.031910e-04  wall=0.000000e+00s  cpu=0.000000e+00s  provider=0  solves=0  iterations=0
  certificate  stage=STEP 9  complete  reason=paper_free_energy_convergence_failed  wall=2.522525e-03s  cpu=2.523000e-03s  provider=3  solves=0  iterations=0

STEP 7
  certificate  stage=STEP 7  complete  reason=continue_stage_ii  wall=1.120000e-06s  cpu=1.000000e-06s  provider=0  solves=0  iterations=0

STEP 4
  STAGE II STEP 4  major=35  upper=-5.605843e+01  LP_primal= 7.105427e-15  LP_dual= 1.387779e-17  active_cuts=40  certified
  certificate  stage=STEP 4  complete  reason=step4_complete  wall=4.199670e-04s  cpu=4.210000e-04s  provider=0  solves=1  iterations=1

STEP 5
  certificate  stage=STEP 5 LOCAL  major=35  attempt=147  accepted  reason=success  P rel.= 5.616781e-14  objective=-5.321178e+01  upper=-5.605843e+01  gap=-2.846652e+00  wall=0.000000e+00s  cpu=0.000000e+00s  provider=0  solves=0  iterations=0
  certificate  stage=STEP 5 LOCAL  major=35  attempt=148  accepted  reason=success  P rel.= 5.249032e-13  objective=-5.321178e+01  upper=-5.605843e+01  gap=-2.846652e+00  wall=0.000000e+00s  cpu=0.000000e+00s  provider=0  solves=0  iterations=0
  certificate  stage=STEP 5 LOCAL  major=35  attempt=149  accepted  reason=success  P rel.=-1.507250e-09  objective=-5.605843e+01  upper=-5.605843e+01  gap= 7.105427e-15  wall=0.000000e+00s  cpu=0.000000e+00s  provider=0  solves=0  iterations=0
  certificate  stage=STEP 5  complete  reason=step5_complete  wall=6.436027e-02s  cpu=6.434000e-02s  provider=57  solves=3  iterations=54

STEP 6
  certificate  stage=STEP 6  complete  reason=candidate_set  wall=1.695000e-05s  cpu=1.600000e-05s  provider=0  solves=0  iterations=0

STEP 8
  certificate  stage=STEP 8  complete  reason=step8_complete  wall=7.511628e-02s  cpu=7.505600e-02s  provider=138  solves=1  iterations=18

STEP 9
  certificate  stage=STEP 9  failed  objective=-5.605893e+01  upper=-5.605843e+01  gap= 5.031910e-04  wall=0.000000e+00s  cpu=0.000000e+00s  provider=0  solves=0  iterations=0
  certificate  stage=STEP 9  complete  reason=paper_free_energy_convergence_failed  wall=2.321817e-03s  cpu=2.322000e-03s  provider=3  solves=0  iterations=0

STEP 7
  certificate  stage=STEP 7  complete  reason=continue_stage_ii  wall=1.220000e-06s  cpu=1.000000e-06s  provider=0  solves=0  iterations=0

STEP 4
  STAGE II STEP 4  major=36  upper=-5.605843e+01  LP_primal= 7.105427e-15  LP_dual= 5.551115e-17  active_cuts=41  certified
  certificate  stage=STEP 4  complete  reason=step4_complete  wall=4.342070e-04s  cpu=4.350000e-04s  provider=0  solves=1  iterations=1

STEP 5
  certificate  stage=STEP 5 LOCAL  major=36  attempt=151  accepted  reason=success  P rel.= 5.817893e-14  objective=-5.321178e+01  upper=-5.605843e+01  gap=-2.846652e+00  wall=0.000000e+00s  cpu=0.000000e+00s  provider=0  solves=0  iterations=0
  certificate  stage=STEP 5 LOCAL  major=36  attempt=152  accepted  reason=success  P rel.=-1.530931e-09  objective=-5.605843e+01  upper=-5.605843e+01  gap= 7.105427e-15  wall=0.000000e+00s  cpu=0.000000e+00s  provider=0  solves=0  iterations=0
  certificate  stage=STEP 5  complete  reason=step5_complete  wall=4.252071e-02s  cpu=4.250400e-02s  provider=41  solves=3  iterations=35

STEP 6
  certificate  stage=STEP 6  complete  reason=candidate_set  wall=1.789900e-05s  cpu=1.800000e-05s  provider=0  solves=0  iterations=0

STEP 8
  certificate  stage=STEP 8  complete  reason=step8_complete  wall=7.347093e-02s  cpu=7.344200e-02s  provider=138  solves=1  iterations=18

STEP 9
  certificate  stage=STEP 9  failed  objective=-5.605893e+01  upper=-5.605843e+01  gap= 5.031910e-04  wall=0.000000e+00s  cpu=0.000000e+00s  provider=0  solves=0  iterations=0
  certificate  stage=STEP 9  complete  reason=paper_free_energy_convergence_failed  wall=2.408016e-03s  cpu=2.409000e-03s  provider=3  solves=0  iterations=0

STEP 7
  certificate  stage=STEP 7  complete  reason=continue_stage_ii  wall=1.120000e-06s  cpu=1.000000e-06s  provider=0  solves=0  iterations=0

STEP 4
  STAGE II STEP 4  major=37  upper=-5.605843e+01  LP_primal= 7.105427e-15  LP_dual= 5.551115e-17  active_cuts=42  certified
  certificate  stage=STEP 4  complete  reason=step4_complete  wall=4.011280e-04s  cpu=4.020000e-04s  provider=0  solves=1  iterations=1

STEP 5
  certificate  stage=STEP 5 LOCAL  major=37  attempt=153  accepted  reason=success  P rel.= 5.257652e-14  objective=-5.321178e+01  upper=-5.605843e+01  gap=-2.846652e+00  wall=0.000000e+00s  cpu=0.000000e+00s  provider=0  solves=0  iterations=0
  certificate  stage=STEP 5 LOCAL  major=37  attempt=154  accepted  reason=success  P rel.=-2.990567e-09  objective=-5.605843e+01  upper=-5.605843e+01  gap= 4.156676e-06  wall=0.000000e+00s  cpu=0.000000e+00s  provider=0  solves=0  iterations=0
  certificate  stage=STEP 5  complete  reason=step5_complete  wall=4.413606e-02s  cpu=4.413700e-02s  provider=42  solves=2  iterations=36

STEP 6
  certificate  stage=STEP 6  complete  reason=candidate_set  wall=1.576000e-05s  cpu=1.600000e-05s  provider=0  solves=0  iterations=0

STEP 8
  certificate  stage=STEP 8  complete  reason=step8_complete  wall=9.105396e-02s  cpu=9.104900e-02s  provider=180  solves=1  iterations=18

STEP 9
  certificate  stage=STEP 9  failed  objective=-5.605893e+01  upper=-5.605843e+01  gap= 5.031910e-04  wall=0.000000e+00s  cpu=0.000000e+00s  provider=0  solves=0  iterations=0
  certificate  stage=STEP 9  complete  reason=paper_free_energy_convergence_failed  wall=3.100571e-03s  cpu=3.101000e-03s  provider=4  solves=0  iterations=0

STEP 7
  certificate  stage=STEP 7  complete  reason=continue_stage_ii  wall=1.370000e-06s  cpu=2.000000e-06s  provider=0  solves=0  iterations=0

STEP 4
  STAGE II STEP 4  major=38  upper=-5.605843e+01  LP_primal= 2.936673e-11  LP_dual= 3.469447e-17  active_cuts=43  certified
  certificate  stage=STEP 4  complete  reason=step4_complete  wall=3.988880e-04s  cpu=4.000000e-04s  provider=0  solves=1  iterations=1

STEP 5
  certificate  stage=STEP 5 LOCAL  major=38  attempt=155  accepted  reason=success  P rel.= 6.478691e-14  objective=-5.321178e+01  upper=-5.605843e+01  gap=-2.846652e+00  wall=0.000000e+00s  cpu=0.000000e+00s  provider=0  solves=0  iterations=0
  certificate  stage=STEP 5 LOCAL  major=38  attempt=156  accepted  reason=success  P rel.= 6.737264e-14  objective=-5.321178e+01  upper=-5.605843e+01  gap=-2.846652e+00  wall=0.000000e+00s  cpu=0.000000e+00s  provider=0  solves=0  iterations=0
  certificate  stage=STEP 5 LOCAL  major=38  attempt=157  accepted  reason=success  P rel.= 5.401303e-14  objective=-5.321178e+01  upper=-5.605843e+01  gap=-2.846652e+00  wall=0.000000e+00s  cpu=0.000000e+00s  provider=0  solves=0  iterations=0
  certificate  stage=STEP 5 LOCAL  major=38  attempt=158  accepted  reason=success  P rel.= 5.487494e-14  objective=-5.321178e+01  upper=-5.605843e+01  gap=-2.846652e+00  wall=0.000000e+00s  cpu=0.000000e+00s  provider=0  solves=0  iterations=0
  certificate  stage=STEP 5 LOCAL  major=38  attempt=159  accepted  reason=success  P rel.=-3.675760e-09  objective=-5.605843e+01  upper=-5.605843e+01  gap= 1.184759e-10  wall=0.000000e+00s  cpu=0.000000e+00s  provider=0  solves=0  iterations=0
  certificate  stage=STEP 5  complete  reason=step5_complete  wall=1.185289e-01s  cpu=1.185100e-01s  provider=109  solves=5  iterations=99

STEP 6
  certificate  stage=STEP 6  complete  reason=candidate_set  wall=1.697000e-05s  cpu=1.700000e-05s  provider=0  solves=0  iterations=0

STEP 8
  certificate  stage=STEP 8  complete  reason=step8_complete  wall=6.314628e-02s  cpu=6.314000e-02s  provider=117  solves=1  iterations=15

STEP 9
  certificate  stage=STEP 9  failed  objective=-5.605893e+01  upper=-5.605843e+01  gap= 5.029393e-04  wall=0.000000e+00s  cpu=0.000000e+00s  provider=0  solves=0  iterations=0
  certificate  stage=STEP 9  complete  reason=paper_free_energy_convergence_failed  wall=2.337786e-03s  cpu=2.338000e-03s  provider=3  solves=0  iterations=0

STEP 7
  certificate  stage=STEP 7  complete  reason=continue_stage_ii  wall=1.310000e-06s  cpu=1.000000e-06s  provider=0  solves=0  iterations=0

STEP 4
  STAGE II STEP 4  major=39  upper=-5.605843e+01  LP_primal= 0.000000e+00  LP_dual= 1.387779e-17  active_cuts=44  certified
  certificate  stage=STEP 4  complete  reason=step4_complete  wall=4.456180e-04s  cpu=4.460000e-04s  provider=0  solves=1  iterations=1

STEP 5
  certificate  stage=STEP 5 LOCAL  major=39  attempt=160  accepted  reason=success  P rel.= 5.214556e-14  objective=-5.321178e+01  upper=-5.605843e+01  gap=-2.846652e+00  wall=0.000000e+00s  cpu=0.000000e+00s  provider=0  solves=0  iterations=0
  certificate  stage=STEP 5 LOCAL  major=39  attempt=161  accepted  reason=success  P rel.=-1.510322e-09  objective=-5.605843e+01  upper=-5.605843e+01  gap=-1.421085e-14  wall=0.000000e+00s  cpu=0.000000e+00s  provider=0  solves=0  iterations=0
  certificate  stage=STEP 5  complete  reason=step5_complete  wall=3.931654e-02s  cpu=3.931100e-02s  provider=37  solves=2  iterations=33

STEP 6
  certificate  stage=STEP 6  complete  reason=candidate_set  wall=1.531000e-05s  cpu=1.500000e-05s  provider=0  solves=0  iterations=0

STEP 8
  certificate  stage=STEP 8  complete  reason=step8_complete  wall=6.097496e-02s  cpu=6.097700e-02s  provider=120  solves=1  iterations=15

STEP 9
  certificate  stage=STEP 9  failed  objective=-5.605893e+01  upper=-5.605843e+01  gap= 5.029392e-04  wall=0.000000e+00s  cpu=0.000000e+00s  provider=0  solves=0  iterations=0
  certificate  stage=STEP 9  complete  reason=paper_free_energy_convergence_failed  wall=2.415615e-03s  cpu=2.416000e-03s  provider=3  solves=0  iterations=0

STEP 7
  certificate  stage=STEP 7  complete  reason=continue_stage_ii  wall=1.230000e-06s  cpu=2.000000e-06s  provider=0  solves=0  iterations=0

STEP 4
  STAGE II STEP 4  major=40  upper=-5.605843e+01  LP_primal= 0.000000e+00  LP_dual= 5.551115e-17  active_cuts=45  certified
  certificate  stage=STEP 4  complete  reason=step4_complete  wall=3.972270e-04s  cpu=3.970000e-04s  provider=0  solves=1  iterations=1

STEP 5
  certificate  stage=STEP 5 LOCAL  major=40  attempt=162  accepted  reason=success  P rel.= 3.505101e-14  objective=-5.321178e+01  upper=-5.605843e+01  gap=-2.846652e+00  wall=0.000000e+00s  cpu=0.000000e+00s  provider=0  solves=0  iterations=0
  certificate  stage=STEP 5 LOCAL  major=40  attempt=163  accepted  reason=success  P rel.= 1.756860e-13  objective=-5.321178e+01  upper=-5.605843e+01  gap=-2.846652e+00  wall=0.000000e+00s  cpu=0.000000e+00s  provider=0  solves=0  iterations=0
  certificate  stage=STEP 5 LOCAL  major=40  attempt=164  accepted  reason=success  P rel.= 4.079708e-14  objective=-5.321178e+01  upper=-5.605843e+01  gap=-2.846652e+00  wall=0.000000e+00s  cpu=0.000000e+00s  provider=0  solves=0  iterations=0
  certificate  stage=STEP 5 LOCAL  major=40  attempt=165  accepted  reason=success  P rel.= 5.214556e-14  objective=-5.321178e+01  upper=-5.605843e+01  gap=-2.846652e+00  wall=0.000000e+00s  cpu=0.000000e+00s  provider=0  solves=0  iterations=0
  certificate  stage=STEP 5 LOCAL  major=40  attempt=166  accepted  reason=success  P rel.= 4.582489e-13  objective=-5.321178e+01  upper=-5.605843e+01  gap=-2.846652e+00  wall=0.000000e+00s  cpu=0.000000e+00s  provider=0  solves=0  iterations=0
  certificate  stage=STEP 5 LOCAL  major=40  attempt=167  accepted  reason=success  P rel.=-1.516287e-09  objective=-5.605843e+01  upper=-5.605843e+01  gap= 0.000000e+00  wall=0.000000e+00s  cpu=0.000000e+00s  provider=0  solves=0  iterations=0
  certificate  stage=STEP 5  complete  reason=step5_complete  wall=1.408015e-01s  cpu=1.408040e-01s  provider=127  solves=6  iterations=121

STEP 6
  certificate  stage=STEP 6  complete  reason=candidate_set  wall=1.673000e-05s  cpu=1.600000e-05s  provider=0  solves=0  iterations=0

STEP 8
  certificate  stage=STEP 8  complete  reason=step8_complete  wall=6.217886e-02s  cpu=6.218100e-02s  provider=120  solves=1  iterations=15

STEP 9
  certificate  stage=STEP 9  failed  objective=-5.605893e+01  upper=-5.605843e+01  gap= 5.029392e-04  wall=0.000000e+00s  cpu=0.000000e+00s  provider=0  solves=0  iterations=0
  certificate  stage=STEP 9  complete  reason=paper_free_energy_convergence_failed  wall=2.382236e-03s  cpu=2.383000e-03s  provider=3  solves=0  iterations=0

STEP 7
  certificate  stage=STEP 7  complete  reason=continue_stage_ii  wall=1.110000e-06s  cpu=1.000000e-06s  provider=0  solves=0  iterations=0

STEP 4
  STAGE II STEP 4  major=41  upper=-5.605843e+01  LP_primal= 0.000000e+00  LP_dual= 5.551115e-17  active_cuts=46  certified
  certificate  stage=STEP 4  complete  reason=step4_complete  wall=4.087480e-04s  cpu=4.090000e-04s  provider=0  solves=1  iterations=1

STEP 5
  certificate  stage=STEP 5 LOCAL  major=41  attempt=169  accepted  reason=success  P rel.= 8.231241e-14  objective=-5.321178e+01  upper=-5.605843e+01  gap=-2.846652e+00  wall=0.000000e+00s  cpu=0.000000e+00s  provider=0  solves=0  iterations=0
  certificate  stage=STEP 5 LOCAL  major=41  attempt=170  accepted  reason=success  P rel.= 3.792404e-14  objective=-5.321178e+01  upper=-5.605843e+01  gap=-2.846652e+00  wall=0.000000e+00s  cpu=0.000000e+00s  provider=0  solves=0  iterations=0
  certificate  stage=STEP 5 LOCAL  major=41  attempt=171  accepted  reason=success  P rel.= 5.401303e-14  objective=-5.321178e+01  upper=-5.605843e+01  gap=-2.846652e+00  wall=0.000000e+00s  cpu=0.000000e+00s  provider=0  solves=0  iterations=0
  certificate  stage=STEP 5 LOCAL  major=41  attempt=172  accepted  reason=success  P rel.= 3.016685e-14  objective=-5.321178e+01  upper=-5.605843e+01  gap=-2.846652e+00  wall=0.000000e+00s  cpu=0.000000e+00s  provider=0  solves=0  iterations=0
  certificate  stage=STEP 5 LOCAL  major=41  attempt=173  accepted  reason=success  P rel.= 4.367011e-14  objective=-5.321178e+01  upper=-5.605843e+01  gap=-2.846652e+00  wall=0.000000e+00s  cpu=0.000000e+00s  provider=0  solves=0  iterations=0
  certificate  stage=STEP 5 LOCAL  major=41  attempt=174  accepted  reason=success  P rel.=-1.518468e-09  objective=-5.605843e+01  upper=-5.605843e+01  gap= 7.105427e-15  wall=0.000000e+00s  cpu=0.000000e+00s  provider=0  solves=0  iterations=0
  certificate  stage=STEP 5  complete  reason=step5_complete  wall=1.492602e-01s  cpu=1.492530e-01s  provider=142  solves=7  iterations=119

STEP 6
  certificate  stage=STEP 6  complete  reason=candidate_set  wall=1.704000e-05s  cpu=1.700000e-05s  provider=0  solves=0  iterations=0

STEP 8
  certificate  stage=STEP 8  complete  reason=step8_complete  wall=6.230903e-02s  cpu=6.229800e-02s  provider=120  solves=1  iterations=15

STEP 9
  certificate  stage=STEP 9  failed  objective=-5.605893e+01  upper=-5.605843e+01  gap= 5.029392e-04  wall=0.000000e+00s  cpu=0.000000e+00s  provider=0  solves=0  iterations=0
  certificate  stage=STEP 9  complete  reason=paper_free_energy_convergence_failed  wall=2.355586e-03s  cpu=2.356000e-03s  provider=3  solves=0  iterations=0

STEP 7
  certificate  stage=STEP 7  complete  reason=continue_stage_ii  wall=1.180000e-06s  cpu=1.000000e-06s  provider=0  solves=0  iterations=0

STEP 4
  STAGE II STEP 4  major=42  upper=-5.605843e+01  LP_primal= 7.105427e-15  LP_dual= 5.551115e-17  active_cuts=47  certified
  certificate  stage=STEP 4  complete  reason=step4_complete  wall=4.162470e-04s  cpu=4.170000e-04s  provider=0  solves=1  iterations=1

STEP 5
  certificate  stage=STEP 5 LOCAL  major=42  attempt=175  accepted  reason=success  P rel.=-1.518023e-09  objective=-5.605843e+01  upper=-5.605843e+01  gap= 0.000000e+00  wall=0.000000e+00s  cpu=0.000000e+00s  provider=0  solves=0  iterations=0
  certificate  stage=STEP 5  complete  reason=step5_complete  wall=1.384943e-02s  cpu=1.383900e-02s  provider=12  solves=1  iterations=11

STEP 6
  certificate  stage=STEP 6  complete  reason=candidate_set  wall=1.694000e-05s  cpu=1.700000e-05s  provider=0  solves=0  iterations=0

STEP 8
  certificate  stage=STEP 8  complete  reason=step8_complete  wall=6.174340e-02s  cpu=6.174500e-02s  provider=120  solves=1  iterations=15

STEP 9
  certificate  stage=STEP 9  failed  objective=-5.605893e+01  upper=-5.605843e+01  gap= 5.029392e-04  wall=0.000000e+00s  cpu=0.000000e+00s  provider=0  solves=0  iterations=0
  certificate  stage=STEP 9  complete  reason=paper_free_energy_convergence_failed  wall=2.626884e-03s  cpu=2.627000e-03s  provider=3  solves=0  iterations=0

STEP 7
  certificate  stage=STEP 7  complete  reason=continue_stage_ii  wall=2.010000e-06s  cpu=2.000000e-06s  provider=0  solves=0  iterations=0

STEP 4
  STAGE II STEP 4  major=43  upper=-5.605843e+01  LP_primal= 7.105427e-15  LP_dual= 5.551115e-17  active_cuts=48  certified
  certificate  stage=STEP 4  complete  reason=step4_complete  wall=6.483660e-04s  cpu=6.480000e-04s  provider=0  solves=1  iterations=1

STEP 5
  certificate  stage=STEP 5 LOCAL  major=43  attempt=176  accepted  reason=success  P rel.= 5.918449e-14  objective=-5.321178e+01  upper=-5.605843e+01  gap=-2.846652e+00  wall=0.000000e+00s  cpu=0.000000e+00s  provider=0  solves=0  iterations=0
  certificate  stage=STEP 5 LOCAL  major=43  attempt=177  accepted  reason=success  P rel.=-1.516509e-09  objective=-5.605843e+01  upper=-5.605843e+01  gap= 7.105427e-15  wall=0.000000e+00s  cpu=0.000000e+00s  provider=0  solves=0  iterations=0
  certificate  stage=STEP 5  complete  reason=step5_complete  wall=4.440208e-02s  cpu=4.440300e-02s  provider=41  solves=2  iterations=38

STEP 6
  certificate  stage=STEP 6  complete  reason=candidate_set  wall=1.837000e-05s  cpu=1.900000e-05s  provider=0  solves=0  iterations=0

STEP 8
  certificate  stage=STEP 8  complete  reason=step8_complete  wall=6.218496e-02s  cpu=6.218600e-02s  provider=120  solves=1  iterations=15

STEP 9
  certificate  stage=STEP 9  failed  objective=-5.605893e+01  upper=-5.605843e+01  gap= 5.029392e-04  wall=0.000000e+00s  cpu=0.000000e+00s  provider=0  solves=0  iterations=0
  certificate  stage=STEP 9  complete  reason=paper_free_energy_convergence_failed  wall=2.350066e-03s  cpu=2.350000e-03s  provider=3  solves=0  iterations=0

STEP 7
  certificate  stage=STEP 7  complete  reason=continue_stage_ii  wall=1.390000e-06s  cpu=1.000000e-06s  provider=0  solves=0  iterations=0

STEP 4
  STAGE II STEP 4  major=44  upper=-5.605843e+01  LP_primal= 7.105427e-15  LP_dual= 5.551115e-17  active_cuts=49  certified
  certificate  stage=STEP 4  complete  reason=step4_complete  wall=4.104580e-04s  cpu=4.110000e-04s  provider=0  solves=1  iterations=1

STEP 5
  certificate  stage=STEP 5 LOCAL  major=44  attempt=178  accepted  reason=success  P rel.=-1.531599e-09  objective=-5.605843e+01  upper=-5.605843e+01  gap= 0.000000e+00  wall=0.000000e+00s  cpu=0.000000e+00s  provider=0  solves=0  iterations=0
  certificate  stage=STEP 5  complete  reason=step5_complete  wall=2.122163e-02s  cpu=2.122200e-02s  provider=20  solves=1  iterations=16

STEP 6
  certificate  stage=STEP 6  complete  reason=candidate_set  wall=1.634000e-05s  cpu=1.600000e-05s  provider=0  solves=0  iterations=0

STEP 8
  certificate  stage=STEP 8  complete  reason=step8_complete  wall=6.119822e-02s  cpu=6.120000e-02s  provider=120  solves=1  iterations=15

STEP 9
  certificate  stage=STEP 9  failed  objective=-5.605893e+01  upper=-5.605843e+01  gap= 5.029392e-04  wall=0.000000e+00s  cpu=0.000000e+00s  provider=0  solves=0  iterations=0
  certificate  stage=STEP 9  complete  reason=paper_free_energy_convergence_failed  wall=2.333026e-03s  cpu=2.334000e-03s  provider=3  solves=0  iterations=0

STEP 7
  certificate  stage=STEP 7  complete  reason=continue_stage_ii  wall=1.269000e-06s  cpu=2.000000e-06s  provider=0  solves=0  iterations=0

STEP 4
  STAGE II STEP 4  major=45  upper=-5.605843e+01  LP_primal= 7.105427e-15  LP_dual= 5.551115e-17  active_cuts=50  certified
  certificate  stage=STEP 4  complete  reason=step4_complete  wall=4.738670e-04s  cpu=4.740000e-04s  provider=0  solves=1  iterations=1

STEP 5
  certificate  stage=STEP 5 LOCAL  major=45  attempt=179  accepted  reason=success  P rel.= 3.246528e-14  objective=-5.321178e+01  upper=-5.605843e+01  gap=-2.846652e+00  wall=0.000000e+00s  cpu=0.000000e+00s  provider=0  solves=0  iterations=0
  certificate  stage=STEP 5 LOCAL  major=45  attempt=180  accepted  reason=success  P rel.= 6.320674e-14  objective=-5.321178e+01  upper=-5.605843e+01  gap=-2.846652e+00  wall=0.000000e+00s  cpu=0.000000e+00s  provider=0  solves=0  iterations=0
  certificate  stage=STEP 5 LOCAL  major=45  attempt=182  accepted  reason=success  P rel.= 5.458764e-14  objective=-5.321178e+01  upper=-5.605843e+01  gap=-2.846652e+00  wall=0.000000e+00s  cpu=0.000000e+00s  provider=0  solves=0  iterations=0
  certificate  stage=STEP 5 LOCAL  major=45  attempt=183  accepted  reason=success  P rel.= 5.875354e-14  objective=-5.321178e+01  upper=-5.605843e+01  gap=-2.846652e+00  wall=0.000000e+00s  cpu=0.000000e+00s  provider=0  solves=0  iterations=0
  certificate  stage=STEP 5 LOCAL  major=45  attempt=184  accepted  reason=success  P rel.= 4.467567e-14  objective=-5.321178e+01  upper=-5.605843e+01  gap=-2.846652e+00  wall=0.000000e+00s  cpu=0.000000e+00s  provider=0  solves=0  iterations=0
  certificate  stage=STEP 5 LOCAL  major=45  attempt=185  accepted  reason=success  P rel.=-1.522162e-09  objective=-5.605843e+01  upper=-5.605843e+01  gap= 7.105427e-15  wall=0.000000e+00s  cpu=0.000000e+00s  provider=0  solves=0  iterations=0
  certificate  stage=STEP 5  complete  reason=step5_complete  wall=1.430020e-01s  cpu=1.429970e-01s  provider=132  solves=7  iterations=119

STEP 6
  certificate  stage=STEP 6  complete  reason=candidate_set  wall=1.782000e-05s  cpu=1.700000e-05s  provider=0  solves=0  iterations=0

STEP 8
  certificate  stage=STEP 8  complete  reason=step8_complete  wall=6.083360e-02s  cpu=6.083500e-02s  provider=120  solves=1  iterations=15

STEP 9
  certificate  stage=STEP 9  failed  objective=-5.605893e+01  upper=-5.605843e+01  gap= 5.029392e-04  wall=0.000000e+00s  cpu=0.000000e+00s  provider=0  solves=0  iterations=0
  certificate  stage=STEP 9  complete  reason=paper_free_energy_convergence_failed  wall=2.345566e-03s  cpu=2.346000e-03s  provider=3  solves=0  iterations=0

STEP 7
  certificate  stage=STEP 7  complete  reason=continue_stage_ii  wall=1.120000e-06s  cpu=2.000000e-06s  provider=0  solves=0  iterations=0

STEP 4
  STAGE II STEP 4  major=46  upper=-5.605843e+01  LP_primal= 7.105427e-15  LP_dual= 5.551115e-17  active_cuts=51  certified
  certificate  stage=STEP 4  complete  reason=step4_complete  wall=4.171470e-04s  cpu=4.170000e-04s  provider=0  solves=1  iterations=1

STEP 5
  certificate  stage=STEP 5 LOCAL  major=46  attempt=186  accepted  reason=success  P rel.= 6.665438e-14  objective=-5.321178e+01  upper=-5.605843e+01  gap=-2.846652e+00  wall=0.000000e+00s  cpu=0.000000e+00s  provider=0  solves=0  iterations=0
  certificate  stage=STEP 5 LOCAL  major=46  attempt=187  accepted  reason=success  P rel.= 3.720579e-14  objective=-5.321178e+01  upper=-5.605843e+01  gap=-2.846652e+00  wall=0.000000e+00s  cpu=0.000000e+00s  provider=0  solves=0  iterations=0
  certificate  stage=STEP 5 LOCAL  major=46  attempt=188  accepted  reason=success  P rel.=-1.531377e-09  objective=-5.605843e+01  upper=-5.605843e+01  gap= 7.105427e-15  wall=0.000000e+00s  cpu=0.000000e+00s  provider=0  solves=0  iterations=0
  certificate  stage=STEP 5  complete  reason=step5_complete  wall=7.468547e-02s  cpu=7.467600e-02s  provider=70  solves=3  iterations=65

STEP 6
  certificate  stage=STEP 6  complete  reason=candidate_set  wall=1.807000e-05s  cpu=1.800000e-05s  provider=0  solves=0  iterations=0

STEP 8
  certificate  stage=STEP 8  complete  reason=step8_complete  wall=6.033568e-02s  cpu=6.033700e-02s  provider=120  solves=1  iterations=15

STEP 9
  certificate  stage=STEP 9  failed  objective=-5.605893e+01  upper=-5.605843e+01  gap= 5.029392e-04  wall=0.000000e+00s  cpu=0.000000e+00s  provider=0  solves=0  iterations=0
  certificate  stage=STEP 9  complete  reason=paper_free_energy_convergence_failed  wall=2.345826e-03s  cpu=2.346000e-03s  provider=3  solves=0  iterations=0

STEP 7
  certificate  stage=STEP 7  complete  reason=continue_stage_ii  wall=1.130000e-06s  cpu=1.000000e-06s  provider=0  solves=0  iterations=0

STEP 4
  STAGE II STEP 4  major=47  upper=-5.605843e+01  LP_primal= 7.105427e-15  LP_dual= 5.551115e-17  active_cuts=52  certified
  certificate  stage=STEP 4  complete  reason=step4_complete  wall=4.126680e-04s  cpu=4.130000e-04s  provider=0  solves=1  iterations=1

STEP 5
  certificate  stage=STEP 5 LOCAL  major=47  attempt=189  accepted  reason=success  P rel.= 4.237725e-14  objective=-5.321178e+01  upper=-5.605843e+01  gap=-2.846652e+00  wall=0.000000e+00s  cpu=0.000000e+00s  provider=0  solves=0  iterations=0
  certificate  stage=STEP 5 LOCAL  major=47  attempt=190  accepted  reason=success  P rel.= 4.381376e-14  objective=-5.321178e+01  upper=-5.605843e+01  gap=-2.846652e+00  wall=0.000000e+00s  cpu=0.000000e+00s  provider=0  solves=0  iterations=0
  certificate  stage=STEP 5 LOCAL  major=47  attempt=191  accepted  reason=success  P rel.= 2.781097e-13  objective=-5.321178e+01  upper=-5.605843e+01  gap=-2.846652e+00  wall=0.000000e+00s  cpu=0.000000e+00s  provider=0  solves=0  iterations=0
  certificate  stage=STEP 5 LOCAL  major=47  attempt=192  accepted  reason=success  P rel.= 3.016685e-14  objective=-5.321178e+01  upper=-5.605843e+01  gap=-2.846652e+00  wall=0.000000e+00s  cpu=0.000000e+00s  provider=0  solves=0  iterations=0
  certificate  stage=STEP 5 LOCAL  major=47  attempt=193  accepted  reason=success  P rel.= 3.749309e-14  objective=-5.321178e+01  upper=-5.605843e+01  gap=-2.846652e+00  wall=0.000000e+00s  cpu=0.000000e+00s  provider=0  solves=0  iterations=0
  certificate  stage=STEP 5 LOCAL  major=47  attempt=194  accepted  reason=success  P rel.=-1.513794e-09  objective=-5.605843e+01  upper=-5.605843e+01  gap=-7.105427e-15  wall=0.000000e+00s  cpu=0.000000e+00s  provider=0  solves=0  iterations=0
  certificate  stage=STEP 5  complete  reason=step5_complete  wall=1.420863e-01s  cpu=1.420830e-01s  provider=136  solves=6  iterations=120

STEP 6
  certificate  stage=STEP 6  complete  reason=candidate_set  wall=1.973000e-05s  cpu=2.000000e-05s  provider=0  solves=0  iterations=0

STEP 8
  certificate  stage=STEP 8  complete  reason=step8_complete  wall=6.100741e-02s  cpu=6.099900e-02s  provider=120  solves=1  iterations=15

STEP 9
  certificate  stage=STEP 9  failed  objective=-5.605893e+01  upper=-5.605843e+01  gap= 5.029392e-04  wall=0.000000e+00s  cpu=0.000000e+00s  provider=0  solves=0  iterations=0
  certificate  stage=STEP 9  complete  reason=paper_free_energy_convergence_failed  wall=2.316646e-03s  cpu=2.317000e-03s  provider=3  solves=0  iterations=0

STEP 7
  certificate  stage=STEP 7  complete  reason=continue_stage_ii  wall=1.210000e-06s  cpu=1.000000e-06s  provider=0  solves=0  iterations=0

STEP 4
  STAGE II STEP 4  major=48  upper=-5.605843e+01  LP_primal= 7.105427e-15  LP_dual= 5.551115e-17  active_cuts=53  certified
  certificate  stage=STEP 4  complete  reason=step4_complete  wall=4.274070e-04s  cpu=4.270000e-04s  provider=0  solves=1  iterations=1

STEP 5
  certificate  stage=STEP 5 LOCAL  major=48  attempt=195  accepted  reason=success  P rel.= 6.320674e-14  objective=-5.321178e+01  upper=-5.605843e+01  gap=-2.846652e+00  wall=0.000000e+00s  cpu=0.000000e+00s  provider=0  solves=0  iterations=0
  certificate  stage=STEP 5 LOCAL  major=48  attempt=196  accepted  reason=success  P rel.= 7.900842e-14  objective=-5.321178e+01  upper=-5.605843e+01  gap=-2.846652e+00  wall=0.000000e+00s  cpu=0.000000e+00s  provider=0  solves=0  iterations=0
  certificate  stage=STEP 5 LOCAL  major=48  attempt=197  accepted  reason=success  P rel.=-9.860971e-09  objective=-5.605843e+01  upper=-5.605843e+01  gap= 7.105427e-15  wall=0.000000e+00s  cpu=0.000000e+00s  provider=0  solves=0  iterations=0
  certificate  stage=STEP 5  complete  reason=step5_complete  wall=6.458096e-02s  cpu=6.458200e-02s  provider=60  solves=3  iterations=56

STEP 6
  certificate  stage=STEP 6  complete  reason=candidate_set  wall=1.855000e-05s  cpu=1.800000e-05s  provider=0  solves=0  iterations=0

STEP 8
  certificate  stage=STEP 8  complete  reason=step8_complete  wall=6.263266e-02s  cpu=6.262800e-02s  provider=120  solves=1  iterations=15

STEP 9
  certificate  stage=STEP 9  failed  objective=-5.605893e+01  upper=-5.605843e+01  gap= 5.029392e-04  wall=0.000000e+00s  cpu=0.000000e+00s  provider=0  solves=0  iterations=0
  certificate  stage=STEP 9  complete  reason=paper_free_energy_convergence_failed  wall=2.294196e-03s  cpu=2.295000e-03s  provider=3  solves=0  iterations=0

STEP 7
  certificate  stage=STEP 7  complete  reason=continue_stage_ii  wall=1.040000e-06s  cpu=1.000000e-06s  provider=0  solves=0  iterations=0

STEP 4
  STAGE II STEP 4  major=49  upper=-5.605843e+01  LP_primal= 0.000000e+00  LP_dual= 5.551115e-17  active_cuts=54  certified
  certificate  stage=STEP 4  complete  reason=step4_complete  wall=4.139070e-04s  cpu=4.140000e-04s  provider=0  solves=1  iterations=1

STEP 5
  certificate  stage=STEP 5 LOCAL  major=49  attempt=198  accepted  reason=success  P rel.=-1.522474e-09  objective=-5.605843e+01  upper=-5.605843e+01  gap=-7.105427e-15  wall=0.000000e+00s  cpu=0.000000e+00s  provider=0  solves=0  iterations=0
  certificate  stage=STEP 5  complete  reason=step5_complete  wall=2.417714e-02s  cpu=2.417800e-02s  provider=24  solves=1  iterations=17

STEP 6
  certificate  stage=STEP 6  complete  reason=candidate_set  wall=1.797000e-05s  cpu=1.800000e-05s  provider=0  solves=0  iterations=0

STEP 8
  certificate  stage=STEP 8  complete  reason=step8_complete  wall=6.083123e-02s  cpu=6.083200e-02s  provider=120  solves=1  iterations=15

STEP 9
  certificate  stage=STEP 9  failed  objective=-5.605893e+01  upper=-5.605843e+01  gap= 5.029392e-04  wall=0.000000e+00s  cpu=0.000000e+00s  provider=0  solves=0  iterations=0
  certificate  stage=STEP 9  complete  reason=paper_free_energy_convergence_failed  wall=2.333186e-03s  cpu=2.334000e-03s  provider=3  solves=0  iterations=0

STEP 7
  certificate  stage=STEP 7  complete  reason=continue_stage_ii  wall=1.090000e-06s  cpu=1.000000e-06s  provider=0  solves=0  iterations=0

STEP 4
  STAGE II STEP 4  major=50  upper=-5.605843e+01  LP_primal= 0.000000e+00  LP_dual= 5.551115e-17  active_cuts=55  certified
  certificate  stage=STEP 4  complete  reason=step4_complete  wall=4.380070e-04s  cpu=4.380000e-04s  provider=0  solves=1  iterations=1

STEP 5
  certificate  stage=STEP 5 LOCAL  major=50  attempt=199  accepted  reason=success  P rel.=-2.983356e-09  objective=-5.605843e+01  upper=-5.605843e+01  gap= 1.469402e-11  wall=0.000000e+00s  cpu=0.000000e+00s  provider=0  solves=0  iterations=0
  certificate  stage=STEP 5  complete  reason=step5_complete  wall=2.092956e-02s  cpu=2.093000e-02s  provider=21  solves=1  iterations=16

STEP 6
  certificate  stage=STEP 6  complete  reason=candidate_set  wall=1.892900e-05s  cpu=1.900000e-05s  provider=0  solves=0  iterations=0

STEP 8
  certificate  stage=STEP 8  complete  reason=step8_complete  wall=6.054095e-02s  cpu=6.053200e-02s  provider=120  solves=1  iterations=15

STEP 9
  certificate  stage=STEP 9  failed  objective=-5.605893e+01  upper=-5.605843e+01  gap= 5.029392e-04  wall=0.000000e+00s  cpu=0.000000e+00s  provider=0  solves=0  iterations=0
  certificate  stage=STEP 9  complete  reason=paper_free_energy_convergence_failed  wall=2.334766e-03s  cpu=2.335000e-03s  provider=3  solves=0  iterations=0

STEP 7
  certificate  stage=STEP 7  complete  reason=continue_stage_ii  wall=1.120000e-06s  cpu=1.000000e-06s  provider=0  solves=0  iterations=0

STEP 4
  STAGE II STEP 4  major=51  upper=-5.605843e+01  LP_primal= 7.105427e-15  LP_dual= 1.040834e-17  active_cuts=56  certified
  certificate  stage=STEP 4  complete  reason=step4_complete  wall=4.264280e-04s  cpu=4.270000e-04s  provider=0  solves=1  iterations=1

STEP 5
  certificate  stage=STEP 5 LOCAL  major=51  attempt=200  accepted  reason=success  P rel.= 6.320674e-14  objective=-5.321178e+01  upper=-5.605843e+01  gap=-2.846652e+00  wall=0.000000e+00s  cpu=0.000000e+00s  provider=0  solves=0  iterations=0
  certificate  stage=STEP 5 LOCAL  major=51  attempt=201  accepted  reason=success  P rel.=-1.512859e-09  objective=-5.605843e+01  upper=-5.605843e+01  gap= 1.421085e-14  wall=0.000000e+00s  cpu=0.000000e+00s  provider=0  solves=0  iterations=0
  certificate  stage=STEP 5  complete  reason=step5_complete  wall=3.723157e-02s  cpu=3.722600e-02s  provider=36  solves=2  iterations=33

STEP 6
  certificate  stage=STEP 6  complete  reason=candidate_set  wall=1.821000e-05s  cpu=1.800000e-05s  provider=0  solves=0  iterations=0

STEP 8
  certificate  stage=STEP 8  complete  reason=step8_complete  wall=6.043046e-02s  cpu=6.042500e-02s  provider=120  solves=1  iterations=15

STEP 9
  certificate  stage=STEP 9  failed  objective=-5.605893e+01  upper=-5.605843e+01  gap= 5.029392e-04  wall=0.000000e+00s  cpu=0.000000e+00s  provider=0  solves=0  iterations=0
  certificate  stage=STEP 9  complete  reason=paper_free_energy_convergence_failed  wall=2.356646e-03s  cpu=2.357000e-03s  provider=3  solves=0  iterations=0

STEP 7
  certificate  stage=STEP 7  complete  reason=continue_stage_ii  wall=1.320000e-06s  cpu=1.000000e-06s  provider=0  solves=0  iterations=0

STEP 4
  STAGE II STEP 4  major=52  upper=-5.605843e+01  LP_primal= 1.421085e-14  LP_dual= 1.040834e-17  active_cuts=57  certified
  certificate  stage=STEP 4  complete  reason=step4_complete  wall=3.923180e-04s  cpu=3.930000e-04s  provider=0  solves=1  iterations=1

STEP 5
  certificate  stage=STEP 5 LOCAL  major=52  attempt=202  accepted  reason=success  P rel.= 6.550517e-14  objective=-5.321178e+01  upper=-5.605843e+01  gap=-2.846652e+00  wall=0.000000e+00s  cpu=0.000000e+00s  provider=0  solves=0  iterations=0
  certificate  stage=STEP 5 LOCAL  major=52  attempt=203  accepted  reason=success  P rel.= 6.659692e-13  objective=-5.321178e+01  upper=-5.605843e+01  gap=-2.846652e+00  wall=0.000000e+00s  cpu=0.000000e+00s  provider=0  solves=0  iterations=0
  certificate  stage=STEP 5 LOCAL  major=52  attempt=204  accepted  reason=success  P rel.= 7.642269e-14  objective=-5.321178e+01  upper=-5.605843e+01  gap=-2.846652e+00  wall=0.000000e+00s  cpu=0.000000e+00s  provider=0  solves=0  iterations=0
  certificate  stage=STEP 5 LOCAL  major=52  attempt=206  accepted  reason=success  P rel.= 5.070904e-14  objective=-5.321178e+01  upper=-5.605843e+01  gap=-2.846652e+00  wall=0.000000e+00s  cpu=0.000000e+00s  provider=0  solves=0  iterations=0
  certificate  stage=STEP 5 LOCAL  major=52  attempt=207  accepted  reason=success  P rel.= 5.573685e-14  objective=-5.321178e+01  upper=-5.605843e+01  gap=-2.846652e+00  wall=0.000000e+00s  cpu=0.000000e+00s  provider=0  solves=0  iterations=0
  certificate  stage=STEP 5 LOCAL  major=52  attempt=208  accepted  reason=success  P rel.=-6.525367e-09  objective=-5.605843e+01  upper=-5.605843e+01  gap=-1.085709e-11  wall=0.000000e+00s  cpu=0.000000e+00s  provider=0  solves=0  iterations=0
  certificate  stage=STEP 5  complete  reason=step5_complete  wall=1.437468e-01s  cpu=1.437420e-01s  provider=139  solves=7  iterations=122

STEP 6
  certificate  stage=STEP 6  complete  reason=candidate_set  wall=1.937900e-05s  cpu=1.900000e-05s  provider=0  solves=0  iterations=0

STEP 8
  certificate  stage=STEP 8  complete  reason=step8_complete  wall=6.085160e-02s  cpu=6.084000e-02s  provider=120  solves=1  iterations=15

STEP 9
  certificate  stage=STEP 9  failed  objective=-5.605893e+01  upper=-5.605843e+01  gap= 5.029392e-04  wall=0.000000e+00s  cpu=0.000000e+00s  provider=0  solves=0  iterations=0
  certificate  stage=STEP 9  complete  reason=paper_free_energy_convergence_failed  wall=2.327116e-03s  cpu=2.328000e-03s  provider=3  solves=0  iterations=0

STEP 7
  certificate  stage=STEP 7  complete  reason=continue_stage_ii  wall=1.120000e-06s  cpu=1.000000e-06s  provider=0  solves=0  iterations=0

STEP 4
  STAGE II STEP 4  major=53  upper=-5.605843e+01  LP_primal= 1.421085e-14  LP_dual= 1.040834e-17  active_cuts=58  certified
  certificate  stage=STEP 4  complete  reason=step4_complete  wall=4.307170e-04s  cpu=4.310000e-04s  provider=0  solves=1  iterations=1

STEP 5
  certificate  stage=STEP 5 LOCAL  major=53  attempt=209  accepted  reason=success  P rel.= 1.580168e-13  objective=-5.321178e+01  upper=-5.605843e+01  gap=-2.846652e+00  wall=0.000000e+00s  cpu=0.000000e+00s  provider=0  solves=0  iterations=0
  certificate  stage=STEP 5 LOCAL  major=53  attempt=210  accepted  reason=success  P rel.=-1.509432e-09  objective=-5.605843e+01  upper=-5.605843e+01  gap= 7.105427e-15  wall=0.000000e+00s  cpu=0.000000e+00s  provider=0  solves=0  iterations=0
  certificate  stage=STEP 5  complete  reason=step5_complete  wall=4.074343e-02s  cpu=4.074400e-02s  provider=38  solves=2  iterations=36

STEP 6
  certificate  stage=STEP 6  complete  reason=candidate_set  wall=1.881000e-05s  cpu=1.900000e-05s  provider=0  solves=0  iterations=0

STEP 8
  certificate  stage=STEP 8  complete  reason=step8_complete  wall=6.030018e-02s  cpu=6.029400e-02s  provider=120  solves=1  iterations=15

STEP 9
  certificate  stage=STEP 9  failed  objective=-5.605893e+01  upper=-5.605843e+01  gap= 5.029392e-04  wall=0.000000e+00s  cpu=0.000000e+00s  provider=0  solves=0  iterations=0
  certificate  stage=STEP 9  complete  reason=paper_free_energy_convergence_failed  wall=2.327416e-03s  cpu=2.327000e-03s  provider=3  solves=0  iterations=0

STEP 7
  certificate  stage=STEP 7  complete  reason=continue_stage_ii  wall=1.100000e-06s  cpu=1.000000e-06s  provider=0  solves=0  iterations=0

STEP 4
  STAGE II STEP 4  major=54  upper=-5.605843e+01  LP_primal= 1.421085e-14  LP_dual= 1.040834e-17  active_cuts=59  certified
  certificate  stage=STEP 4  complete  reason=step4_complete  wall=4.397270e-04s  cpu=4.400000e-04s  provider=0  solves=1  iterations=1

STEP 5
  certificate  stage=STEP 5 LOCAL  major=54  attempt=211  accepted  reason=success  P rel.= 7.383696e-14  objective=-5.321178e+01  upper=-5.605843e+01  gap=-2.846652e+00  wall=0.000000e+00s  cpu=0.000000e+00s  provider=0  solves=0  iterations=0
  certificate  stage=STEP 5 LOCAL  major=54  attempt=212  accepted  reason=success  P rel.= 4.252090e-14  objective=-5.321178e+01  upper=-5.605843e+01  gap=-2.846652e+00  wall=0.000000e+00s  cpu=0.000000e+00s  provider=0  solves=0  iterations=0
  certificate  stage=STEP 5 LOCAL  major=54  attempt=213  accepted  reason=success  P rel.= 2.600095e-14  objective=-5.321178e+01  upper=-5.605843e+01  gap=-2.846652e+00  wall=0.000000e+00s  cpu=0.000000e+00s  provider=0  solves=0  iterations=0
  certificate  stage=STEP 5 LOCAL  major=54  attempt=214  accepted  reason=success  P rel.= 4.252090e-14  objective=-5.321178e+01  upper=-5.605843e+01  gap=-2.846652e+00  wall=0.000000e+00s  cpu=0.000000e+00s  provider=0  solves=0  iterations=0
  certificate  stage=STEP 5 LOCAL  major=54  attempt=215  accepted  reason=success  P rel.= 6.335039e-14  objective=-5.321178e+01  upper=-5.605843e+01  gap=-2.846652e+00  wall=0.000000e+00s  cpu=0.000000e+00s  provider=0  solves=0  iterations=0
  certificate  stage=STEP 5 LOCAL  major=54  attempt=216  accepted  reason=success  P rel.= 4.898522e-14  objective=-5.321178e+01  upper=-5.605843e+01  gap=-2.846652e+00  wall=0.000000e+00s  cpu=0.000000e+00s  provider=0  solves=0  iterations=0
  certificate  stage=STEP 5 LOCAL  major=54  attempt=217  accepted  reason=success  P rel.= 2.437769e-13  objective=-5.321178e+01  upper=-5.605843e+01  gap=-2.846652e+00  wall=0.000000e+00s  cpu=0.000000e+00s  provider=0  solves=0  iterations=0
  certificate  stage=STEP 5 LOCAL  major=54  attempt=218  accepted  reason=success  P rel.= 6.651073e-14  objective=-5.321178e+01  upper=-5.605843e+01  gap=-2.846652e+00  wall=0.000000e+00s  cpu=0.000000e+00s  provider=0  solves=0  iterations=0
  certificate  stage=STEP 5 LOCAL  major=54  attempt=219  accepted  reason=success  P rel.= 3.849865e-14  objective=-5.321178e+01  upper=-5.605843e+01  gap=-2.846652e+00  wall=0.000000e+00s  cpu=0.000000e+00s  provider=0  solves=0  iterations=0
  certificate  stage=STEP 5 LOCAL  major=54  attempt=220  accepted  reason=success  P rel.= 6.866550e-14  objective=-5.321178e+01  upper=-5.605843e+01  gap=-2.846652e+00  wall=0.000000e+00s  cpu=0.000000e+00s  provider=0  solves=0  iterations=0
  certificate  stage=STEP 5 LOCAL  major=54  attempt=221  accepted  reason=success  P rel.= 8.748387e-14  objective=-5.321178e+01  upper=-5.605843e+01  gap=-2.846652e+00  wall=0.000000e+00s  cpu=0.000000e+00s  provider=0  solves=0  iterations=0
  certificate  stage=STEP 5 LOCAL  major=54  attempt=222  accepted  reason=success  P rel.= 4.809458e-13  objective=-5.321178e+01  upper=-5.605843e+01  gap=-2.846652e+00  wall=0.000000e+00s  cpu=0.000000e+00s  provider=0  solves=0  iterations=0
  certificate  stage=STEP 5 LOCAL  major=54  attempt=223  accepted  reason=success  P rel.= 4.079708e-14  objective=-5.321178e+01  upper=-5.605843e+01  gap=-2.846652e+00  wall=0.000000e+00s  cpu=0.000000e+00s  provider=0  solves=0  iterations=0
  certificate  stage=STEP 5 LOCAL  major=54  attempt=224  accepted  reason=success  P rel.= 1.743931e-13  objective=-5.321178e+01  upper=-5.605843e+01  gap=-2.846652e+00  wall=0.000000e+00s  cpu=0.000000e+00s  provider=0  solves=0  iterations=0
  certificate  stage=STEP 5 LOCAL  major=54  attempt=225  accepted  reason=success  P rel.= 4.898522e-14  objective=-5.321178e+01  upper=-5.605843e+01  gap=-2.846652e+00  wall=0.000000e+00s  cpu=0.000000e+00s  provider=0  solves=0  iterations=0
  certificate  stage=STEP 5 LOCAL  major=54  attempt=226  accepted  reason=success  P rel.= 4.079708e-14  objective=-5.321178e+01  upper=-5.605843e+01  gap=-2.846652e+00  wall=0.000000e+00s  cpu=0.000000e+00s  provider=0  solves=0  iterations=0
  certificate  stage=STEP 5 LOCAL  major=54  attempt=228  accepted  reason=success  P rel.= 6.952741e-14  objective=-5.321178e+01  upper=-5.605843e+01  gap=-2.846652e+00  wall=0.000000e+00s  cpu=0.000000e+00s  provider=0  solves=0  iterations=0
  certificate  stage=STEP 5 LOCAL  major=54  attempt=229  accepted  reason=success  P rel.= 4.582489e-14  objective=-5.321178e+01  upper=-5.605843e+01  gap=-2.846652e+00  wall=0.000000e+00s  cpu=0.000000e+00s  provider=0  solves=0  iterations=0
  certificate  stage=STEP 5 LOCAL  major=54  attempt=230  accepted  reason=success  P rel.= 2.743747e-14  objective=-5.321178e+01  upper=-5.605843e+01  gap=-2.846652e+00  wall=0.000000e+00s  cpu=0.000000e+00s  provider=0  solves=0  iterations=0
  certificate  stage=STEP 5 LOCAL  major=54  attempt=231  accepted  reason=success  P rel.= 3.260893e-14  objective=-5.321178e+01  upper=-5.605843e+01  gap=-2.846652e+00  wall=0.000000e+00s  cpu=0.000000e+00s  provider=0  solves=0  iterations=0
  certificate  stage=STEP 5 LOCAL  major=54  attempt=232  accepted  reason=success  P rel.= 2.743747e-14  objective=-5.321178e+01  upper=-5.605843e+01  gap=-2.846652e+00  wall=0.000000e+00s  cpu=0.000000e+00s  provider=0  solves=0  iterations=0
  certificate  stage=STEP 5 LOCAL  major=54  attempt=233  accepted  reason=success  P rel.= 2.600095e-14  objective=-5.321178e+01  upper=-5.605843e+01  gap=-2.846652e+00  wall=0.000000e+00s  cpu=0.000000e+00s  provider=0  solves=0  iterations=0
  certificate  stage=STEP 5 LOCAL  major=54  attempt=235  accepted  reason=success  P rel.= 8.590370e-14  objective=-5.321178e+01  upper=-5.605843e+01  gap=-2.846652e+00  wall=0.000000e+00s  cpu=0.000000e+00s  provider=0  solves=0  iterations=0
  certificate  stage=STEP 5 LOCAL  major=54  attempt=236  accepted  reason=success  P rel.= 6.981472e-14  objective=-5.321178e+01  upper=-5.605843e+01  gap=-2.846652e+00  wall=0.000000e+00s  cpu=0.000000e+00s  provider=0  solves=0  iterations=0
  certificate  stage=STEP 5 LOCAL  major=54  attempt=237  accepted  reason=success  P rel.= 5.573685e-14  objective=-5.321178e+01  upper=-5.605843e+01  gap=-2.846652e+00  wall=0.000000e+00s  cpu=0.000000e+00s  provider=0  solves=0  iterations=0
  certificate  stage=STEP 5 LOCAL  major=54  attempt=238  accepted  reason=success  P rel.= 4.836752e-13  objective=-5.321178e+01  upper=-5.605843e+01  gap=-2.846652e+00  wall=0.000000e+00s  cpu=0.000000e+00s  provider=0  solves=0  iterations=0
  certificate  stage=STEP 5 LOCAL  major=54  attempt=239  accepted  reason=success  P rel.= 1.738185e-14  objective=-5.321178e+01  upper=-5.605843e+01  gap=-2.846652e+00  wall=0.000000e+00s  cpu=0.000000e+00s  provider=0  solves=0  iterations=0
  certificate  stage=STEP 5 LOCAL  major=54  attempt=240  accepted  reason=success  P rel.=-1.530798e-09  objective=-5.605843e+01  upper=-5.605843e+01  gap= 7.105427e-15  wall=0.000000e+00s  cpu=0.000000e+00s  provider=0  solves=0  iterations=0
  certificate  stage=STEP 5  complete  reason=step5_complete  wall=6.293664e-01s  cpu=6.293180e-01s  provider=600  solves=30  iterations=560

STEP 6
  certificate  stage=STEP 6  complete  reason=candidate_set  wall=2.001000e-05s  cpu=2.000000e-05s  provider=0  solves=0  iterations=0

STEP 8
  certificate  stage=STEP 8  complete  reason=step8_complete  wall=6.091108e-02s  cpu=6.091200e-02s  provider=120  solves=1  iterations=15

STEP 9
  certificate  stage=STEP 9  failed  objective=-5.605893e+01  upper=-5.605843e+01  gap= 5.029392e-04  wall=0.000000e+00s  cpu=0.000000e+00s  provider=0  solves=0  iterations=0
  certificate  stage=STEP 9  complete  reason=paper_free_energy_convergence_failed  wall=2.355306e-03s  cpu=2.355000e-03s  provider=3  solves=0  iterations=0

STEP 7
  certificate  stage=STEP 7  complete  reason=continue_stage_ii  wall=1.110000e-06s  cpu=1.000000e-06s  provider=0  solves=0  iterations=0

STEP 4
  STAGE II STEP 4  major=55  upper=-5.605843e+01  LP_primal= 1.421085e-14  LP_dual= 1.040834e-17  active_cuts=60  certified
  certificate  stage=STEP 4  complete  reason=step4_complete  wall=4.196270e-04s  cpu=4.200000e-04s  provider=0  solves=1  iterations=1

STEP 5
  certificate  stage=STEP 5 LOCAL  major=55  attempt=241  accepted  reason=success  P rel.= 2.600095e-14  objective=-5.321178e+01  upper=-5.605843e+01  gap=-2.846652e+00  wall=0.000000e+00s  cpu=0.000000e+00s  provider=0  solves=0  iterations=0
  certificate  stage=STEP 5 LOCAL  major=55  attempt=242  accepted  reason=success  P rel.= 2.215109e-13  objective=-5.321178e+01  upper=-5.605843e+01  gap=-2.846652e+00  wall=0.000000e+00s  cpu=0.000000e+00s  provider=0  solves=0  iterations=0
  certificate  stage=STEP 5 LOCAL  major=55  attempt=243  accepted  reason=success  P rel.=-1.518557e-09  objective=-5.605843e+01  upper=-5.605843e+01  gap= 1.421085e-14  wall=0.000000e+00s  cpu=0.000000e+00s  provider=0  solves=0  iterations=0
  certificate  stage=STEP 5  complete  reason=step5_complete  wall=6.438541e-02s  cpu=6.438700e-02s  provider=62  solves=3  iterations=55

STEP 6
  certificate  stage=STEP 6  complete  reason=candidate_set  wall=2.013900e-05s  cpu=2.000000e-05s  provider=0  solves=0  iterations=0

STEP 8
  certificate  stage=STEP 8  complete  reason=step8_complete  wall=5.968208e-02s  cpu=5.968400e-02s  provider=120  solves=1  iterations=15

STEP 9
  certificate  stage=STEP 9  failed  objective=-5.605893e+01  upper=-5.605843e+01  gap= 5.029392e-04  wall=0.000000e+00s  cpu=0.000000e+00s  provider=0  solves=0  iterations=0
  certificate  stage=STEP 9  complete  reason=paper_free_energy_convergence_failed  wall=2.330726e-03s  cpu=2.331000e-03s  provider=3  solves=0  iterations=0

STEP 7
  certificate  stage=STEP 7  complete  reason=continue_stage_ii  wall=1.090000e-06s  cpu=2.000000e-06s  provider=0  solves=0  iterations=0

STEP 4
  STAGE II STEP 4  major=56  upper=-5.605843e+01  LP_primal= 1.421085e-14  LP_dual= 1.040834e-17  active_cuts=61  certified
  certificate  stage=STEP 4  complete  reason=step4_complete  wall=4.280680e-04s  cpu=4.280000e-04s  provider=0  solves=1  iterations=1

STEP 5
  certificate  stage=STEP 5 LOCAL  major=56  attempt=244  accepted  reason=success  P rel.= 3.189067e-13  objective=-5.321178e+01  upper=-5.605843e+01  gap=-2.846652e+00  wall=0.000000e+00s  cpu=0.000000e+00s  provider=0  solves=0  iterations=0
  certificate  stage=STEP 5 LOCAL  major=56  attempt=245  accepted  reason=success  P rel.= 4.841062e-14  objective=-5.321178e+01  upper=-5.605843e+01  gap=-2.846652e+00  wall=0.000000e+00s  cpu=0.000000e+00s  provider=0  solves=0  iterations=0
  certificate  stage=STEP 5 LOCAL  major=56  attempt=246  accepted  reason=success  P rel.= 6.119562e-14  objective=-5.321178e+01  upper=-5.605843e+01  gap=-2.846652e+00  wall=0.000000e+00s  cpu=0.000000e+00s  provider=0  solves=0  iterations=0
  certificate  stage=STEP 5 LOCAL  major=56  attempt=247  accepted  reason=success  P rel.= 4.898522e-14  objective=-5.321178e+01  upper=-5.605843e+01  gap=-2.846652e+00  wall=0.000000e+00s  cpu=0.000000e+00s  provider=0  solves=0  iterations=0
  certificate  stage=STEP 5 LOCAL  major=56  attempt=248  accepted  reason=success  P rel.=-3.012824e-09  objective=-5.605843e+01  upper=-5.605843e+01  gap=-2.131628e-14  wall=0.000000e+00s  cpu=0.000000e+00s  provider=0  solves=0  iterations=0
  certificate  stage=STEP 5  complete  reason=step5_complete  wall=1.190071e-01s  cpu=1.190020e-01s  provider=114  solves=5  iterations=99

STEP 6
  certificate  stage=STEP 6  complete  reason=candidate_set  wall=2.147000e-05s  cpu=2.100000e-05s  provider=0  solves=0  iterations=0

STEP 8
  certificate  stage=STEP 8  complete  reason=step8_complete  wall=5.976678e-02s  cpu=5.976800e-02s  provider=120  solves=1  iterations=15

STEP 9
  certificate  stage=STEP 9  failed  objective=-5.605893e+01  upper=-5.605843e+01  gap= 5.029392e-04  wall=0.000000e+00s  cpu=0.000000e+00s  provider=0  solves=0  iterations=0
  certificate  stage=STEP 9  complete  reason=paper_free_energy_convergence_failed  wall=2.302556e-03s  cpu=2.303000e-03s  provider=3  solves=0  iterations=0

STEP 7
  certificate  stage=STEP 7  complete  reason=continue_stage_ii  wall=1.160000e-06s  cpu=1.000000e-06s  provider=0  solves=0  iterations=0

STEP 4
  STAGE II STEP 4  major=57  upper=-5.605843e+01  LP_primal= 2.842171e-14  LP_dual= 5.551115e-17  active_cuts=62  certified
  certificate  stage=STEP 4  complete  reason=step4_complete  wall=4.310680e-04s  cpu=4.320000e-04s  provider=0  solves=1  iterations=1

STEP 5
  certificate  stage=STEP 5 LOCAL  major=57  attempt=249  accepted  reason=success  P rel.= 4.381376e-14  objective=-5.321178e+01  upper=-5.605843e+01  gap=-2.846652e+00  wall=0.000000e+00s  cpu=0.000000e+00s  provider=0  solves=0  iterations=0
  certificate  stage=STEP 5 LOCAL  major=57  attempt=250  accepted  reason=success  P rel.= 6.607977e-14  objective=-5.321178e+01  upper=-5.605843e+01  gap=-2.846652e+00  wall=0.000000e+00s  cpu=0.000000e+00s  provider=0  solves=0  iterations=0
  certificate  stage=STEP 5 LOCAL  major=57  attempt=251  accepted  reason=success  P rel.= 6.363769e-14  objective=-5.321178e+01  upper=-5.605843e+01  gap=-2.846652e+00  wall=0.000000e+00s  cpu=0.000000e+00s  provider=0  solves=0  iterations=0
  certificate  stage=STEP 5 LOCAL  major=57  attempt=253  accepted  reason=success  P rel.= 6.562009e-13  objective=-5.321178e+01  upper=-5.605843e+01  gap=-2.846652e+00  wall=0.000000e+00s  cpu=0.000000e+00s  provider=0  solves=0  iterations=0
  certificate  stage=STEP 5 LOCAL  major=57  attempt=254  accepted  reason=success  P rel.=-2.987985e-09  objective=-5.605843e+01  upper=-5.605843e+01  gap= 0.000000e+00  wall=0.000000e+00s  cpu=0.000000e+00s  provider=0  solves=0  iterations=0
  certificate  stage=STEP 5  complete  reason=step5_complete  wall=1.199902e-01s  cpu=1.199810e-01s  provider=115  solves=6  iterations=102

STEP 6
  certificate  stage=STEP 6  complete  reason=candidate_set  wall=2.683000e-05s  cpu=2.700000e-05s  provider=0  solves=0  iterations=0

STEP 8
  certificate  stage=STEP 8  complete  reason=step8_complete  wall=5.997133e-02s  cpu=5.997300e-02s  provider=120  solves=1  iterations=15

STEP 9
  certificate  stage=STEP 9  failed  objective=-5.605893e+01  upper=-5.605843e+01  gap= 5.029392e-04  wall=0.000000e+00s  cpu=0.000000e+00s  provider=0  solves=0  iterations=0
  certificate  stage=STEP 9  complete  reason=paper_free_energy_convergence_failed  wall=2.344776e-03s  cpu=2.345000e-03s  provider=3  solves=0  iterations=0

STEP 7
  certificate  stage=STEP 7  complete  reason=continue_stage_ii  wall=1.200000e-06s  cpu=1.000000e-06s  provider=0  solves=0  iterations=0

STEP 4
  STAGE II STEP 4  major=58  upper=-5.605843e+01  LP_primal= 2.842171e-14  LP_dual= 5.551115e-17  active_cuts=63  certified
  certificate  stage=STEP 4  complete  reason=step4_complete  wall=4.458580e-04s  cpu=4.460000e-04s  provider=0  solves=1  iterations=1

STEP 5
  certificate  stage=STEP 5 LOCAL  major=58  attempt=255  accepted  reason=success  P rel.=-1.528617e-09  objective=-5.605843e+01  upper=-5.605843e+01  gap= 7.105427e-15  wall=0.000000e+00s  cpu=0.000000e+00s  provider=0  solves=0  iterations=0
  certificate  stage=STEP 5  complete  reason=step5_complete  wall=1.816264e-02s  cpu=1.816300e-02s  provider=17  solves=1  iterations=16

STEP 6
  certificate  stage=STEP 6  complete  reason=candidate_set  wall=2.056900e-05s  cpu=2.100000e-05s  provider=0  solves=0  iterations=0

STEP 8
  certificate  stage=STEP 8  complete  reason=step8_complete  wall=6.076511e-02s  cpu=6.075800e-02s  provider=120  solves=1  iterations=15

STEP 9
  certificate  stage=STEP 9  failed  objective=-5.605893e+01  upper=-5.605843e+01  gap= 5.029392e-04  wall=0.000000e+00s  cpu=0.000000e+00s  provider=0  solves=0  iterations=0
  certificate  stage=STEP 9  complete  reason=paper_free_energy_convergence_failed  wall=2.307086e-03s  cpu=2.307000e-03s  provider=3  solves=0  iterations=0

STEP 7
  certificate  stage=STEP 7  complete  reason=continue_stage_ii  wall=1.130000e-06s  cpu=1.000000e-06s  provider=0  solves=0  iterations=0

STEP 4
  STAGE II STEP 4  major=59  upper=-5.605843e+01  LP_primal= 2.842171e-14  LP_dual= 5.551115e-17  active_cuts=64  certified
  certificate  stage=STEP 4  complete  reason=step4_complete  wall=4.521070e-04s  cpu=4.530000e-04s  provider=0  solves=1  iterations=1

STEP 5
  certificate  stage=STEP 5 LOCAL  major=59  attempt=258  accepted  reason=success  P rel.= 3.634388e-14  objective=-5.321178e+01  upper=-5.605843e+01  gap=-2.846652e+00  wall=0.000000e+00s  cpu=0.000000e+00s  provider=0  solves=0  iterations=0
  certificate  stage=STEP 5 LOCAL  major=59  attempt=259  accepted  reason=success  P rel.= 6.852185e-14  objective=-5.321178e+01  upper=-5.605843e+01  gap=-2.846652e+00  wall=0.000000e+00s  cpu=0.000000e+00s  provider=0  solves=0  iterations=0
  certificate  stage=STEP 5 LOCAL  major=59  attempt=260  accepted  reason=success  P rel.=-2.061218e-09  objective=-5.605843e+01  upper=-5.605843e+01  gap= 7.105427e-15  wall=0.000000e+00s  cpu=0.000000e+00s  provider=0  solves=0  iterations=0
  certificate  stage=STEP 5  complete  reason=step5_complete  wall=7.057475e-02s  cpu=7.057600e-02s  provider=68  solves=5  iterations=55

STEP 6
  certificate  stage=STEP 6  complete  reason=candidate_set  wall=2.388000e-05s  cpu=2.400000e-05s  provider=0  solves=0  iterations=0

STEP 8
  certificate  stage=STEP 8  complete  reason=step8_complete  wall=6.122570e-02s  cpu=6.122100e-02s  provider=120  solves=1  iterations=15

STEP 9
  certificate  stage=STEP 9  failed  objective=-5.605893e+01  upper=-5.605843e+01  gap= 5.029392e-04  wall=0.000000e+00s  cpu=0.000000e+00s  provider=0  solves=0  iterations=0
  certificate  stage=STEP 9  complete  reason=paper_free_energy_convergence_failed  wall=2.343086e-03s  cpu=2.343000e-03s  provider=3  solves=0  iterations=0

STEP 7
  certificate  stage=STEP 7  complete  reason=continue_stage_ii  wall=1.240000e-06s  cpu=1.000000e-06s  provider=0  solves=0  iterations=0

STEP 4
  STAGE II STEP 4  major=60  upper=-5.605843e+01  LP_primal= 2.842171e-14  LP_dual= 5.551115e-17  active_cuts=65  certified
  certificate  stage=STEP 4  complete  reason=step4_complete  wall=4.507180e-04s  cpu=4.510000e-04s  provider=0  solves=1  iterations=1

STEP 5
  certificate  stage=STEP 5 LOCAL  major=60  attempt=261  accepted  reason=success  P rel.=-6.338857e-09  objective=-5.605843e+01  upper=-5.605843e+01  gap= 7.105427e-15  wall=0.000000e+00s  cpu=0.000000e+00s  provider=0  solves=0  iterations=0
  certificate  stage=STEP 5  complete  reason=step5_complete  wall=2.063860e-02s  cpu=2.062600e-02s  provider=19  solves=1  iterations=17

STEP 6
  certificate  stage=STEP 6  complete  reason=candidate_set  wall=2.244000e-05s  cpu=2.300000e-05s  provider=0  solves=0  iterations=0

STEP 8
  certificate  stage=STEP 8  complete  reason=step8_complete  wall=6.057477e-02s  cpu=6.057600e-02s  provider=120  solves=1  iterations=15

STEP 9
  certificate  stage=STEP 9  failed  objective=-5.605893e+01  upper=-5.605843e+01  gap= 5.029392e-04  wall=0.000000e+00s  cpu=0.000000e+00s  provider=0  solves=0  iterations=0
  certificate  stage=STEP 9  complete  reason=paper_free_energy_convergence_failed  wall=2.332536e-03s  cpu=2.333000e-03s  provider=3  solves=0  iterations=0

STEP 7
  certificate  stage=STEP 7  complete  reason=continue_stage_ii  wall=1.120000e-06s  cpu=1.000000e-06s  provider=0  solves=0  iterations=0

STEP 4
  STAGE II STEP 4  major=61  upper=-5.605843e+01  LP_primal= 2.842171e-14  LP_dual= 5.551115e-17  active_cuts=66  certified
  certificate  stage=STEP 4  complete  reason=step4_complete  wall=4.415680e-04s  cpu=4.420000e-04s  provider=0  solves=1  iterations=1

STEP 5
  certificate  stage=STEP 5 LOCAL  major=61  attempt=262  accepted  reason=success  P rel.= 3.144535e-13  objective=-5.321178e+01  upper=-5.605843e+01  gap=-2.846652e+00  wall=0.000000e+00s  cpu=0.000000e+00s  provider=0  solves=0  iterations=0
  certificate  stage=STEP 5 LOCAL  major=61  attempt=263  accepted  reason=success  P rel.= 5.358208e-14  objective=-5.321178e+01  upper=-5.605843e+01  gap=-2.846652e+00  wall=0.000000e+00s  cpu=0.000000e+00s  provider=0  solves=0  iterations=0
  certificate  stage=STEP 5 LOCAL  major=61  attempt=264  accepted  reason=success  P rel.= 4.079708e-14  objective=-5.321178e+01  upper=-5.605843e+01  gap=-2.846652e+00  wall=0.000000e+00s  cpu=0.000000e+00s  provider=0  solves=0  iterations=0
  certificate  stage=STEP 5 LOCAL  major=61  attempt=265  accepted  reason=success  P rel.= 7.714095e-14  objective=-5.321178e+01  upper=-5.605843e+01  gap=-2.846652e+00  wall=0.000000e+00s  cpu=0.000000e+00s  provider=0  solves=0  iterations=0
  certificate  stage=STEP 5 LOCAL  major=61  attempt=266  accepted  reason=success  P rel.= 3.260893e-14  objective=-5.321178e+01  upper=-5.605843e+01  gap=-2.846652e+00  wall=0.000000e+00s  cpu=0.000000e+00s  provider=0  solves=0  iterations=0
  certificate  stage=STEP 5 LOCAL  major=61  attempt=267  accepted  reason=success  P rel.= 6.148292e-14  objective=-5.321178e+01  upper=-5.605843e+01  gap=-2.846652e+00  wall=0.000000e+00s  cpu=0.000000e+00s  provider=0  solves=0  iterations=0
  certificate  stage=STEP 5 LOCAL  major=61  attempt=268  accepted  reason=success  P rel.= 4.999078e-14  objective=-5.321178e+01  upper=-5.605843e+01  gap=-2.846652e+00  wall=0.000000e+00s  cpu=0.000000e+00s  provider=0  solves=0  iterations=0
  certificate  stage=STEP 5 LOCAL  major=61  attempt=269  accepted  reason=success  P rel.= 6.852185e-14  objective=-5.321178e+01  upper=-5.605843e+01  gap=-2.846652e+00  wall=0.000000e+00s  cpu=0.000000e+00s  provider=0  solves=0  iterations=0
  certificate  stage=STEP 5 LOCAL  major=61  attempt=270  accepted  reason=success  P rel.=-2.974809e-09  objective=-5.605843e+01  upper=-5.605843e+01  gap= 1.421085e-14  wall=0.000000e+00s  cpu=0.000000e+00s  provider=0  solves=0  iterations=0
  certificate  stage=STEP 5  complete  reason=step5_complete  wall=2.094855e-01s  cpu=2.094640e-01s  provider=199  solves=9  iterations=185

STEP 6
  certificate  stage=STEP 6  complete  reason=candidate_set  wall=2.413000e-05s  cpu=2.400000e-05s  provider=0  solves=0  iterations=0

STEP 8
  certificate  stage=STEP 8  complete  reason=step8_complete  wall=6.026072e-02s  cpu=6.025400e-02s  provider=120  solves=1  iterations=15

STEP 9
  certificate  stage=STEP 9  failed  objective=-5.605893e+01  upper=-5.605843e+01  gap= 5.029392e-04  wall=0.000000e+00s  cpu=0.000000e+00s  provider=0  solves=0  iterations=0
  certificate  stage=STEP 9  complete  reason=paper_free_energy_convergence_failed  wall=2.314647e-03s  cpu=2.315000e-03s  provider=3  solves=0  iterations=0

STEP 7
  certificate  stage=STEP 7  complete  reason=continue_stage_ii  wall=1.140000e-06s  cpu=2.000000e-06s  provider=0  solves=0  iterations=0

STEP 4
  STAGE II STEP 4  major=62  upper=-5.605843e+01  LP_primal= 2.842171e-14  LP_dual= 5.551115e-17  active_cuts=67  certified
  certificate  stage=STEP 4  complete  reason=step4_complete  wall=4.379970e-04s  cpu=4.380000e-04s  provider=0  solves=1  iterations=1

STEP 5
  certificate  stage=STEP 5 LOCAL  major=62  attempt=271  accepted  reason=success  P rel.= 6.852185e-14  objective=-5.321178e+01  upper=-5.605843e+01  gap=-2.846652e+00  wall=0.000000e+00s  cpu=0.000000e+00s  provider=0  solves=0  iterations=0
  certificate  stage=STEP 5 LOCAL  major=62  attempt=272  accepted  reason=success  P rel.= 3.260893e-14  objective=-5.321178e+01  upper=-5.605843e+01  gap=-2.846652e+00  wall=0.000000e+00s  cpu=0.000000e+00s  provider=0  solves=0  iterations=0
  certificate  stage=STEP 5 LOCAL  major=62  attempt=273  accepted  reason=success  P rel.=-8.796079e-08  objective=-5.605843e+01  upper=-5.605843e+01  gap= 7.105427e-15  wall=0.000000e+00s  cpu=0.000000e+00s  provider=0  solves=0  iterations=0
  certificate  stage=STEP 5  complete  reason=step5_complete  wall=6.344969e-02s  cpu=6.345100e-02s  provider=60  solves=3  iterations=56

STEP 6
  certificate  stage=STEP 6  complete  reason=candidate_set  wall=3.445000e-05s  cpu=3.500000e-05s  provider=0  solves=0  iterations=0

STEP 8
  certificate  stage=STEP 8  complete  reason=step8_complete  wall=6.091078e-02s  cpu=6.089500e-02s  provider=120  solves=1  iterations=15

STEP 9
  certificate  stage=STEP 9  failed  objective=-5.605893e+01  upper=-5.605843e+01  gap= 5.029392e-04  wall=0.000000e+00s  cpu=0.000000e+00s  provider=0  solves=0  iterations=0
  certificate  stage=STEP 9  complete  reason=paper_free_energy_convergence_failed  wall=2.296286e-03s  cpu=2.296000e-03s  provider=3  solves=0  iterations=0

STEP 7
  certificate  stage=STEP 7  complete  reason=continue_stage_ii  wall=1.110000e-06s  cpu=1.000000e-06s  provider=0  solves=0  iterations=0

STEP 4
  STAGE II STEP 4  major=63  upper=-5.605843e+01  LP_primal= 2.842171e-14  LP_dual= 5.551115e-17  active_cuts=68  certified
  certificate  stage=STEP 4  complete  reason=step4_complete  wall=4.349280e-04s  cpu=4.360000e-04s  provider=0  solves=1  iterations=1

STEP 5
  certificate  stage=STEP 5 LOCAL  major=63  attempt=274  accepted  reason=success  P rel.= 7.570444e-14  objective=-5.321178e+01  upper=-5.605843e+01  gap=-2.846652e+00  wall=0.000000e+00s  cpu=0.000000e+00s  provider=0  solves=0  iterations=0
  certificate  stage=STEP 5 LOCAL  major=63  attempt=275  accepted  reason=success  P rel.= 6.694168e-14  objective=-5.321178e+01  upper=-5.605843e+01  gap=-2.846652e+00  wall=0.000000e+00s  cpu=0.000000e+00s  provider=0  solves=0  iterations=0
  certificate  stage=STEP 5 LOCAL  major=63  attempt=276  accepted  reason=success  P rel.=-1.522964e-09  objective=-5.605843e+01  upper=-5.605843e+01  gap= 0.000000e+00  wall=0.000000e+00s  cpu=0.000000e+00s  provider=0  solves=0  iterations=0
  certificate  stage=STEP 5  complete  reason=step5_complete  wall=7.058193e-02s  cpu=7.057600e-02s  provider=66  solves=3  iterations=59

STEP 6
  certificate  stage=STEP 6  complete  reason=candidate_set  wall=2.196900e-05s  cpu=2.200000e-05s  provider=0  solves=0  iterations=0

STEP 8
  certificate  stage=STEP 8  complete  reason=step8_complete  wall=5.980915e-02s  cpu=5.981100e-02s  provider=120  solves=1  iterations=15

STEP 9
  certificate  stage=STEP 9  failed  objective=-5.605893e+01  upper=-5.605843e+01  gap= 5.029392e-04  wall=0.000000e+00s  cpu=0.000000e+00s  provider=0  solves=0  iterations=0
  certificate  stage=STEP 9  complete  reason=paper_free_energy_convergence_failed  wall=2.295677e-03s  cpu=2.296000e-03s  provider=3  solves=0  iterations=0

STEP 7
  certificate  stage=STEP 7  complete  reason=continue_stage_ii  wall=1.070000e-06s  cpu=1.000000e-06s  provider=0  solves=0  iterations=0

STEP 4
  STAGE II STEP 4  major=64  upper=-5.605843e+01  LP_primal= 2.842171e-14  LP_dual= 5.551115e-17  active_cuts=69  certified
  certificate  stage=STEP 4  complete  reason=step4_complete  wall=4.495370e-04s  cpu=4.500000e-04s  provider=0  solves=1  iterations=1

STEP 5
  certificate  stage=STEP 5 LOCAL  major=64  attempt=277  accepted  reason=success  P rel.= 1.255516e-13  objective=-5.321178e+01  upper=-5.605843e+01  gap=-2.846652e+00  wall=0.000000e+00s  cpu=0.000000e+00s  provider=0  solves=0  iterations=0
  certificate  stage=STEP 5 LOCAL  major=64  attempt=278  accepted  reason=success  P rel.= 4.927253e-14  objective=-5.321178e+01  upper=-5.605843e+01  gap=-2.846652e+00  wall=0.000000e+00s  cpu=0.000000e+00s  provider=0  solves=0  iterations=0
  certificate  stage=STEP 5 LOCAL  major=64  attempt=279  accepted  reason=success  P rel.= 1.498287e-13  objective=-5.321178e+01  upper=-5.605843e+01  gap=-2.846652e+00  wall=0.000000e+00s  cpu=0.000000e+00s  provider=0  solves=0  iterations=0
  certificate  stage=STEP 5 LOCAL  major=64  attempt=280  accepted  reason=success  P rel.= 3.102876e-14  objective=-5.321178e+01  upper=-5.605843e+01  gap=-2.846652e+00  wall=0.000000e+00s  cpu=0.000000e+00s  provider=0  solves=0  iterations=0
  certificate  stage=STEP 5 LOCAL  major=64  attempt=281  accepted  reason=success  P rel.=-1.511613e-09  objective=-5.605843e+01  upper=-5.605843e+01  gap= 0.000000e+00  wall=0.000000e+00s  cpu=0.000000e+00s  provider=0  solves=0  iterations=0
  certificate  stage=STEP 5  complete  reason=step5_complete  wall=1.110674e-01s  cpu=1.110520e-01s  provider=106  solves=5  iterations=99

STEP 6
  certificate  stage=STEP 6  complete  reason=candidate_set  wall=2.042000e-05s  cpu=2.000000e-05s  provider=0  solves=0  iterations=0

STEP 8
  certificate  stage=STEP 8  complete  reason=step8_complete  wall=6.016522e-02s  cpu=6.016700e-02s  provider=120  solves=1  iterations=15

STEP 9
  certificate  stage=STEP 9  failed  objective=-5.605893e+01  upper=-5.605843e+01  gap= 5.029392e-04  wall=0.000000e+00s  cpu=0.000000e+00s  provider=0  solves=0  iterations=0
  certificate  stage=STEP 9  complete  reason=paper_free_energy_convergence_failed  wall=2.321586e-03s  cpu=2.321000e-03s  provider=3  solves=0  iterations=0

STEP 7
  certificate  stage=STEP 7  complete  reason=continue_stage_ii  wall=1.090000e-06s  cpu=1.000000e-06s  provider=0  solves=0  iterations=0

STEP 4
  STAGE II STEP 4  major=65  upper=-5.605843e+01  LP_primal= 2.842171e-14  LP_dual= 5.551115e-17  active_cuts=70  certified
  certificate  stage=STEP 4  complete  reason=step4_complete  wall=4.456180e-04s  cpu=4.460000e-04s  provider=0  solves=1  iterations=1

STEP 5
  certificate  stage=STEP 5 LOCAL  major=65  attempt=282  accepted  reason=success  P rel.=-2.999826e-09  objective=-5.605843e+01  upper=-5.605843e+01  gap=-7.105427e-15  wall=0.000000e+00s  cpu=0.000000e+00s  provider=0  solves=0  iterations=0
  certificate  stage=STEP 5  complete  reason=step5_complete  wall=1.425990e-02s  cpu=1.426000e-02s  provider=13  solves=1  iterations=12

STEP 6
  certificate  stage=STEP 6  complete  reason=candidate_set  wall=2.181000e-05s  cpu=2.200000e-05s  provider=0  solves=0  iterations=0

STEP 8
  certificate  stage=STEP 8  complete  reason=step8_complete  wall=5.993674e-02s  cpu=5.992800e-02s  provider=120  solves=1  iterations=15

STEP 9
  certificate  stage=STEP 9  failed  objective=-5.605893e+01  upper=-5.605843e+01  gap= 5.029392e-04  wall=0.000000e+00s  cpu=0.000000e+00s  provider=0  solves=0  iterations=0
  certificate  stage=STEP 9  complete  reason=paper_free_energy_convergence_failed  wall=2.338816e-03s  cpu=2.339000e-03s  provider=3  solves=0  iterations=0

STEP 7
  certificate  stage=STEP 7  complete  reason=continue_stage_ii  wall=1.170000e-06s  cpu=2.000000e-06s  provider=0  solves=0  iterations=0

STEP 4
  STAGE II STEP 4  major=66  upper=-5.605843e+01  LP_primal= 2.842171e-14  LP_dual= 5.551115e-17  active_cuts=71  certified
  certificate  stage=STEP 4  complete  reason=step4_complete  wall=4.291670e-04s  cpu=4.300000e-04s  provider=0  solves=1  iterations=1

STEP 5
  certificate  stage=STEP 5 LOCAL  major=66  attempt=283  accepted  reason=success  P rel.= 3.160337e-14  objective=-5.321178e+01  upper=-5.605843e+01  gap=-2.846652e+00  wall=0.000000e+00s  cpu=0.000000e+00s  provider=0  solves=0  iterations=0
  certificate  stage=STEP 5 LOCAL  major=66  attempt=284  accepted  reason=success  P rel.=-1.517978e-09  objective=-5.605843e+01  upper=-5.605843e+01  gap=-7.105427e-15  wall=0.000000e+00s  cpu=0.000000e+00s  provider=0  solves=0  iterations=0
  certificate  stage=STEP 5  complete  reason=step5_complete  wall=4.429317e-02s  cpu=4.428600e-02s  provider=43  solves=2  iterations=36

STEP 6
  certificate  stage=STEP 6  complete  reason=candidate_set  wall=2.216000e-05s  cpu=2.200000e-05s  provider=0  solves=0  iterations=0

STEP 8
  certificate  stage=STEP 8  complete  reason=step8_complete  wall=6.051560e-02s  cpu=6.051700e-02s  provider=120  solves=1  iterations=15

STEP 9
  certificate  stage=STEP 9  failed  objective=-5.605893e+01  upper=-5.605843e+01  gap= 5.029392e-04  wall=0.000000e+00s  cpu=0.000000e+00s  provider=0  solves=0  iterations=0
  certificate  stage=STEP 9  complete  reason=paper_free_energy_convergence_failed  wall=2.316626e-03s  cpu=2.317000e-03s  provider=3  solves=0  iterations=0

STEP 7
  certificate  stage=STEP 7  complete  reason=continue_stage_ii  wall=1.110000e-06s  cpu=1.000000e-06s  provider=0  solves=0  iterations=0

STEP 4
  STAGE II STEP 4  major=67  upper=-5.605843e+01  LP_primal= 2.842171e-14  LP_dual= 5.551115e-17  active_cuts=72  certified
  certificate  stage=STEP 4  complete  reason=step4_complete  wall=4.510280e-04s  cpu=4.520000e-04s  provider=0  solves=1  iterations=1

STEP 5
  certificate  stage=STEP 5 LOCAL  major=67  attempt=285  accepted  reason=success  P rel.=-1.524744e-09  objective=-5.605843e+01  upper=-5.605843e+01  gap= 0.000000e+00  wall=0.000000e+00s  cpu=0.000000e+00s  provider=0  solves=0  iterations=0
  certificate  stage=STEP 5  complete  reason=step5_complete  wall=2.102399e-02s  cpu=2.102500e-02s  provider=20  solves=1  iterations=18

STEP 6
  certificate  stage=STEP 6  complete  reason=candidate_set  wall=2.338000e-05s  cpu=2.400000e-05s  provider=0  solves=0  iterations=0

STEP 8
  certificate  stage=STEP 8  complete  reason=step8_complete  wall=6.026684e-02s  cpu=6.025800e-02s  provider=120  solves=1  iterations=15

STEP 9
  certificate  stage=STEP 9  failed  objective=-5.605893e+01  upper=-5.605843e+01  gap= 5.029392e-04  wall=0.000000e+00s  cpu=0.000000e+00s  provider=0  solves=0  iterations=0
  certificate  stage=STEP 9  complete  reason=paper_free_energy_convergence_failed  wall=2.305506e-03s  cpu=2.306000e-03s  provider=3  solves=0  iterations=0

STEP 7
  certificate  stage=STEP 7  complete  reason=continue_stage_ii  wall=1.310000e-06s  cpu=1.000000e-06s  provider=0  solves=0  iterations=0

STEP 4
  STAGE II STEP 4  major=68  upper=-5.605843e+01  LP_primal= 2.842171e-14  LP_dual= 5.551115e-17  active_cuts=73  certified
  certificate  stage=STEP 4  complete  reason=step4_complete  wall=4.784470e-04s  cpu=4.780000e-04s  provider=0  solves=1  iterations=1

STEP 5
  certificate  stage=STEP 5 LOCAL  major=68  attempt=287  accepted  reason=success  P rel.= 2.976463e-13  objective=-5.321178e+01  upper=-5.605843e+01  gap=-2.846652e+00  wall=0.000000e+00s  cpu=0.000000e+00s  provider=0  solves=0  iterations=0
  certificate  stage=STEP 5 LOCAL  major=68  attempt=288  accepted  reason=success  P rel.=-1.535249e-09  objective=-5.605843e+01  upper=-5.605843e+01  gap=-7.105427e-15  wall=0.000000e+00s  cpu=0.000000e+00s  provider=0  solves=0  iterations=0
  certificate  stage=STEP 5  complete  reason=step5_complete  wall=4.259770e-02s  cpu=4.258800e-02s  provider=42  solves=3  iterations=37

STEP 6
  certificate  stage=STEP 6  complete  reason=candidate_set  wall=2.361000e-05s  cpu=2.400000e-05s  provider=0  solves=0  iterations=0

STEP 8
  certificate  stage=STEP 8  complete  reason=step8_complete  wall=6.131952e-02s  cpu=6.132100e-02s  provider=120  solves=1  iterations=15

STEP 9
  certificate  stage=STEP 9  failed  objective=-5.605893e+01  upper=-5.605843e+01  gap= 5.029392e-04  wall=0.000000e+00s  cpu=0.000000e+00s  provider=0  solves=0  iterations=0
  certificate  stage=STEP 9  complete  reason=paper_free_energy_convergence_failed  wall=2.302496e-03s  cpu=2.303000e-03s  provider=3  solves=0  iterations=0

STEP 7
  certificate  stage=STEP 7  complete  reason=continue_stage_ii  wall=1.160000e-06s  cpu=1.000000e-06s  provider=0  solves=0  iterations=0

STEP 4
  STAGE II STEP 4  major=69  upper=-5.605843e+01  LP_primal= 2.842171e-14  LP_dual= 5.551115e-17  active_cuts=74  certified
  certificate  stage=STEP 4  complete  reason=step4_complete  wall=5.181960e-04s  cpu=5.190000e-04s  provider=0  solves=1  iterations=1

STEP 5
  certificate  stage=STEP 5 LOCAL  major=69  attempt=289  accepted  reason=success  P rel.= 2.643191e-14  objective=-5.321178e+01  upper=-5.605843e+01  gap=-2.846652e+00  wall=0.000000e+00s  cpu=0.000000e+00s  provider=0  solves=0  iterations=0
  certificate  stage=STEP 5 LOCAL  major=69  attempt=290  accepted  reason=success  P rel.= 7.714095e-14  objective=-5.321178e+01  upper=-5.605843e+01  gap=-2.846652e+00  wall=0.000000e+00s  cpu=0.000000e+00s  provider=0  solves=0  iterations=0
  certificate  stage=STEP 5 LOCAL  major=69  attempt=291  accepted  reason=success  P rel.=-1.517577e-09  objective=-5.605843e+01  upper=-5.605843e+01  gap= 7.105427e-15  wall=0.000000e+00s  cpu=0.000000e+00s  provider=0  solves=0  iterations=0
  certificate  stage=STEP 5  complete  reason=step5_complete  wall=6.158973e-02s  cpu=6.159000e-02s  provider=58  solves=3  iterations=53

STEP 6
  certificate  stage=STEP 6  complete  reason=candidate_set  wall=2.371000e-05s  cpu=2.400000e-05s  provider=0  solves=0  iterations=0

STEP 8
  certificate  stage=STEP 8  complete  reason=step8_complete  wall=6.044816e-02s  cpu=6.045000e-02s  provider=120  solves=1  iterations=15

STEP 9
  certificate  stage=STEP 9  failed  objective=-5.605893e+01  upper=-5.605843e+01  gap= 5.029392e-04  wall=0.000000e+00s  cpu=0.000000e+00s  provider=0  solves=0  iterations=0
  certificate  stage=STEP 9  complete  reason=paper_free_energy_convergence_failed  wall=2.305396e-03s  cpu=2.305000e-03s  provider=3  solves=0  iterations=0

STEP 7
  certificate  stage=STEP 7  complete  reason=continue_stage_ii  wall=1.100000e-06s  cpu=1.000000e-06s  provider=0  solves=0  iterations=0

STEP 4
  STAGE II STEP 4  major=70  upper=-5.605843e+01  LP_primal= 2.842171e-14  LP_dual= 5.551115e-17  active_cuts=75  certified
  certificate  stage=STEP 4  complete  reason=step4_complete  wall=4.531670e-04s  cpu=4.540000e-04s  provider=0  solves=1  iterations=1

STEP 5
  certificate  stage=STEP 5 LOCAL  major=70  attempt=292  accepted  reason=success  P rel.= 1.838742e-14  objective=-5.321178e+01  upper=-5.605843e+01  gap=-2.846652e+00  wall=0.000000e+00s  cpu=0.000000e+00s  provider=0  solves=0  iterations=0
  certificate  stage=STEP 5 LOCAL  major=70  attempt=293  accepted  reason=success  P rel.=-1.508586e-09  objective=-5.605843e+01  upper=-5.605843e+01  gap= 0.000000e+00  wall=0.000000e+00s  cpu=0.000000e+00s  provider=0  solves=0  iterations=0
  certificate  stage=STEP 5  complete  reason=step5_complete  wall=4.819394e-02s  cpu=4.819500e-02s  provider=47  solves=2  iterations=39

STEP 6
  certificate  stage=STEP 6  complete  reason=candidate_set  wall=2.338000e-05s  cpu=2.300000e-05s  provider=0  solves=0  iterations=0

STEP 8
  certificate  stage=STEP 8  complete  reason=step8_complete  wall=6.247134e-02s  cpu=6.247400e-02s  provider=120  solves=1  iterations=15

STEP 9
  certificate  stage=STEP 9  failed  objective=-5.605893e+01  upper=-5.605843e+01  gap= 5.029392e-04  wall=0.000000e+00s  cpu=0.000000e+00s  provider=0  solves=0  iterations=0
  certificate  stage=STEP 9  complete  reason=paper_free_energy_convergence_failed  wall=2.364535e-03s  cpu=2.364000e-03s  provider=3  solves=0  iterations=0

STEP 7
  certificate  stage=STEP 7  complete  reason=continue_stage_ii  wall=1.210000e-06s  cpu=1.000000e-06s  provider=0  solves=0  iterations=0

STEP 4
  STAGE II STEP 4  major=71  upper=-5.605843e+01  LP_primal= 2.842171e-14  LP_dual= 5.551115e-17  active_cuts=76  certified
  certificate  stage=STEP 4  complete  reason=step4_complete  wall=4.565870e-04s  cpu=4.570000e-04s  provider=0  solves=1  iterations=1

STEP 5
  certificate  stage=STEP 5 LOCAL  major=71  attempt=294  accepted  reason=success  P rel.= 1.040038e-13  objective=-5.321178e+01  upper=-5.605843e+01  gap=-2.846652e+00  wall=0.000000e+00s  cpu=0.000000e+00s  provider=0  solves=0  iterations=0
  certificate  stage=STEP 5 LOCAL  major=71  attempt=295  accepted  reason=success  P rel.=-1.537163e-09  objective=-5.605843e+01  upper=-5.605843e+01  gap= 1.421085e-14  wall=0.000000e+00s  cpu=0.000000e+00s  provider=0  solves=0  iterations=0
  certificate  stage=STEP 5  complete  reason=step5_complete  wall=4.385572e-02s  cpu=4.385100e-02s  provider=40  solves=2  iterations=37

STEP 6
  certificate  stage=STEP 6  complete  reason=candidate_set  wall=2.615000e-05s  cpu=2.600000e-05s  provider=0  solves=0  iterations=0

STEP 8
  certificate  stage=STEP 8  complete  reason=step8_complete  wall=6.330700e-02s  cpu=6.330900e-02s  provider=120  solves=1  iterations=15

STEP 9
  certificate  stage=STEP 9  failed  objective=-5.605893e+01  upper=-5.605843e+01  gap= 5.029392e-04  wall=0.000000e+00s  cpu=0.000000e+00s  provider=0  solves=0  iterations=0
  certificate  stage=STEP 9  complete  reason=paper_free_energy_convergence_failed  wall=2.379136e-03s  cpu=2.379000e-03s  provider=3  solves=0  iterations=0

STEP 7
  certificate  stage=STEP 7  complete  reason=continue_stage_ii  wall=1.220000e-06s  cpu=1.000000e-06s  provider=0  solves=0  iterations=0

STEP 4
  STAGE II STEP 4  major=72  upper=-5.605843e+01  LP_primal= 2.842171e-14  LP_dual= 5.551115e-17  active_cuts=77  certified
  certificate  stage=STEP 4  complete  reason=step4_complete  wall=6.378560e-04s  cpu=6.380000e-04s  provider=0  solves=1  iterations=1

STEP 5
  certificate  stage=STEP 5 LOCAL  major=72  attempt=297  accepted  reason=success  P rel.= 4.907141e-13  objective=-5.321178e+01  upper=-5.605843e+01  gap=-2.846652e+00  wall=0.000000e+00s  cpu=0.000000e+00s  provider=0  solves=0  iterations=0
  certificate  stage=STEP 5 LOCAL  major=72  attempt=298  accepted  reason=success  P rel.= 6.852185e-14  objective=-5.321178e+01  upper=-5.605843e+01  gap=-2.846652e+00  wall=0.000000e+00s  cpu=0.000000e+00s  provider=0  solves=0  iterations=0
  certificate  stage=STEP 5 LOCAL  major=72  attempt=299  accepted  reason=success  P rel.=-1.526347e-09  objective=-5.605843e+01  upper=-5.605843e+01  gap= 0.000000e+00  wall=0.000000e+00s  cpu=0.000000e+00s  provider=0  solves=0  iterations=0
  certificate  stage=STEP 5  complete  reason=step5_complete  wall=7.083374e-02s  cpu=7.083500e-02s  provider=66  solves=4  iterations=56

STEP 6
  certificate  stage=STEP 6  complete  reason=candidate_set  wall=2.525000e-05s  cpu=2.600000e-05s  provider=0  solves=0  iterations=0

STEP 8
  certificate  stage=STEP 8  complete  reason=step8_complete  wall=6.167037e-02s  cpu=6.167200e-02s  provider=120  solves=1  iterations=15

STEP 9
  certificate  stage=STEP 9  failed  objective=-5.605893e+01  upper=-5.605843e+01  gap= 5.029392e-04  wall=0.000000e+00s  cpu=0.000000e+00s  provider=0  solves=0  iterations=0
  certificate  stage=STEP 9  complete  reason=paper_free_energy_convergence_failed  wall=2.919963e-03s  cpu=2.921000e-03s  provider=3  solves=0  iterations=0

STEP 7
  certificate  stage=STEP 7  complete  reason=continue_stage_ii  wall=1.330000e-06s  cpu=1.000000e-06s  provider=0  solves=0  iterations=0

STEP 4
  STAGE II STEP 4  major=73  upper=-5.605843e+01  LP_primal= 2.842171e-14  LP_dual= 5.551115e-17  active_cuts=78  certified
  certificate  stage=STEP 4  complete  reason=step4_complete  wall=6.261660e-04s  cpu=6.260000e-04s  provider=0  solves=1  iterations=1

STEP 5
  certificate  stage=STEP 5 LOCAL  major=73  attempt=300  accepted  reason=success  P rel.= 4.582489e-14  objective=-5.321178e+01  upper=-5.605843e+01  gap=-2.846652e+00  wall=0.000000e+00s  cpu=0.000000e+00s  provider=0  solves=0  iterations=0
  certificate  stage=STEP 5 LOCAL  major=73  attempt=301  accepted  reason=success  P rel.= 4.582489e-14  objective=-5.321178e+01  upper=-5.605843e+01  gap=-2.846652e+00  wall=0.000000e+00s  cpu=0.000000e+00s  provider=0  solves=0  iterations=0
  certificate  stage=STEP 5 LOCAL  major=73  attempt=302  accepted  reason=success  P rel.= 6.852185e-14  objective=-5.321178e+01  upper=-5.605843e+01  gap=-2.846652e+00  wall=0.000000e+00s  cpu=0.000000e+00s  provider=0  solves=0  iterations=0
  certificate  stage=STEP 5 LOCAL  major=73  attempt=304  accepted  reason=success  P rel.= 4.668680e-14  objective=-5.321178e+01  upper=-5.605843e+01  gap=-2.846652e+00  wall=0.000000e+00s  cpu=0.000000e+00s  provider=0  solves=0  iterations=0
  certificate  stage=STEP 5 LOCAL  major=73  attempt=305  accepted  reason=success  P rel.= 2.585730e-14  objective=-5.321178e+01  upper=-5.605843e+01  gap=-2.846652e+00  wall=0.000000e+00s  cpu=0.000000e+00s  provider=0  solves=0  iterations=0
  certificate  stage=STEP 5 LOCAL  major=73  attempt=307  accepted  reason=success  P rel.=-1.523498e-09  objective=-5.605843e+01  upper=-5.605843e+01  gap= 7.105427e-15  wall=0.000000e+00s  cpu=0.000000e+00s  provider=0  solves=0  iterations=0
  certificate  stage=STEP 5  complete  reason=step5_complete  wall=1.486132e-01s  cpu=1.485930e-01s  provider=139  solves=8  iterations=126

STEP 6
  certificate  stage=STEP 6  complete  reason=candidate_set  wall=2.587900e-05s  cpu=2.600000e-05s  provider=0  solves=0  iterations=0

STEP 8
  certificate  stage=STEP 8  complete  reason=step8_complete  wall=6.241580e-02s  cpu=6.240800e-02s  provider=120  solves=1  iterations=15

STEP 9
  certificate  stage=STEP 9  failed  objective=-5.605893e+01  upper=-5.605843e+01  gap= 5.029392e-04  wall=0.000000e+00s  cpu=0.000000e+00s  provider=0  solves=0  iterations=0
  certificate  stage=STEP 9  complete  reason=paper_free_energy_convergence_failed  wall=2.400806e-03s  cpu=2.401000e-03s  provider=3  solves=0  iterations=0

STEP 7
  certificate  stage=STEP 7  complete  reason=continue_stage_ii  wall=1.130000e-06s  cpu=1.000000e-06s  provider=0  solves=0  iterations=0

STEP 4
  STAGE II STEP 4  major=74  upper=-5.605843e+01  LP_primal= 2.842171e-14  LP_dual= 5.551115e-17  active_cuts=79  certified
  certificate  stage=STEP 4  complete  reason=step4_complete  wall=4.837870e-04s  cpu=4.840000e-04s  provider=0  solves=1  iterations=1

STEP 5
  certificate  stage=STEP 5 LOCAL  major=74  attempt=308  accepted  reason=success  P rel.= 5.975910e-14  objective=-5.321178e+01  upper=-5.605843e+01  gap=-2.846652e+00  wall=0.000000e+00s  cpu=0.000000e+00s  provider=0  solves=0  iterations=0
  certificate  stage=STEP 5 LOCAL  major=74  attempt=309  accepted  reason=success  P rel.= 4.381376e-14  objective=-5.321178e+01  upper=-5.605843e+01  gap=-2.846652e+00  wall=0.000000e+00s  cpu=0.000000e+00s  provider=0  solves=0  iterations=0
  certificate  stage=STEP 5 LOCAL  major=74  attempt=310  accepted  reason=success  P rel.= 6.392500e-14  objective=-5.321178e+01  upper=-5.605843e+01  gap=-2.846652e+00  wall=0.000000e+00s  cpu=0.000000e+00s  provider=0  solves=0  iterations=0
  certificate  stage=STEP 5 LOCAL  major=74  attempt=311  accepted  reason=success  P rel.= 3.160337e-14  objective=-5.321178e+01  upper=-5.605843e+01  gap=-2.846652e+00  wall=0.000000e+00s  cpu=0.000000e+00s  provider=0  solves=0  iterations=0
  certificate  stage=STEP 5 LOCAL  major=74  attempt=312  accepted  reason=success  P rel.= 4.079708e-14  objective=-5.321178e+01  upper=-5.605843e+01  gap=-2.846652e+00  wall=0.000000e+00s  cpu=0.000000e+00s  provider=0  solves=0  iterations=0
  certificate  stage=STEP 5 LOCAL  major=74  attempt=313  accepted  reason=success  P rel.=-1.513883e-09  objective=-5.605843e+01  upper=-5.605843e+01  gap= 0.000000e+00  wall=0.000000e+00s  cpu=0.000000e+00s  provider=0  solves=0  iterations=0
  certificate  stage=STEP 5  complete  reason=step5_complete  wall=1.378005e-01s  cpu=1.378030e-01s  provider=127  solves=6  iterations=119

STEP 6
  certificate  stage=STEP 6  complete  reason=candidate_set  wall=2.596000e-05s  cpu=2.600000e-05s  provider=0  solves=0  iterations=0

STEP 8
  certificate  stage=STEP 8  complete  reason=step8_complete  wall=6.146178e-02s  cpu=6.146300e-02s  provider=120  solves=1  iterations=15

STEP 9
  certificate  stage=STEP 9  failed  objective=-5.605893e+01  upper=-5.605843e+01  gap= 5.029392e-04  wall=0.000000e+00s  cpu=0.000000e+00s  provider=0  solves=0  iterations=0
  certificate  stage=STEP 9  complete  reason=paper_free_energy_convergence_failed  wall=2.379306e-03s  cpu=2.379000e-03s  provider=3  solves=0  iterations=0

STEP 7
  certificate  stage=STEP 7  complete  reason=continue_stage_ii  wall=1.180000e-06s  cpu=1.000000e-06s  provider=0  solves=0  iterations=0

STEP 4
  STAGE II STEP 4  major=75  upper=-5.605843e+01  LP_primal= 2.842171e-14  LP_dual= 5.551115e-17  active_cuts=80  certified
  certificate  stage=STEP 4  complete  reason=step4_complete  wall=4.744770e-04s  cpu=4.750000e-04s  provider=0  solves=1  iterations=1

STEP 5
  certificate  stage=STEP 5 LOCAL  major=75  attempt=314  accepted  reason=success  P rel.= 4.668680e-14  objective=-5.321178e+01  upper=-5.605843e+01  gap=-2.846652e+00  wall=0.000000e+00s  cpu=0.000000e+00s  provider=0  solves=0  iterations=0
  certificate  stage=STEP 5 LOCAL  major=75  attempt=315  accepted  reason=success  P rel.= 3.260893e-14  objective=-5.321178e+01  upper=-5.605843e+01  gap=-2.846652e+00  wall=0.000000e+00s  cpu=0.000000e+00s  provider=0  solves=0  iterations=0
  certificate  stage=STEP 5 LOCAL  major=75  attempt=316  accepted  reason=success  P rel.= 6.967107e-14  objective=-5.321178e+01  upper=-5.605843e+01  gap=-2.846652e+00  wall=0.000000e+00s  cpu=0.000000e+00s  provider=0  solves=0  iterations=0
  certificate  stage=STEP 5 LOCAL  major=75  attempt=317  accepted  reason=success  P rel.= 6.852185e-14  objective=-5.321178e+01  upper=-5.605843e+01  gap=-2.846652e+00  wall=0.000000e+00s  cpu=0.000000e+00s  provider=0  solves=0  iterations=0
  certificate  stage=STEP 5 LOCAL  major=75  attempt=318  accepted  reason=success  P rel.= 6.607977e-14  objective=-5.321178e+01  upper=-5.605843e+01  gap=-2.846652e+00  wall=0.000000e+00s  cpu=0.000000e+00s  provider=0  solves=0  iterations=0
  certificate  stage=STEP 5 LOCAL  major=75  attempt=319  accepted  reason=success  P rel.= 2.585730e-14  objective=-5.321178e+01  upper=-5.605843e+01  gap=-2.846652e+00  wall=0.000000e+00s  cpu=0.000000e+00s  provider=0  solves=0  iterations=0
  certificate  stage=STEP 5 LOCAL  major=75  attempt=320  accepted  reason=success  P rel.= 2.585730e-14  objective=-5.321178e+01  upper=-5.605843e+01  gap=-2.846652e+00  wall=0.000000e+00s  cpu=0.000000e+00s  provider=0  solves=0  iterations=0
  certificate  stage=STEP 5 LOCAL  major=75  attempt=321  accepted  reason=success  P rel.= 5.511915e-13  objective=-5.321178e+01  upper=-5.605843e+01  gap=-2.846652e+00  wall=0.000000e+00s  cpu=0.000000e+00s  provider=0  solves=0  iterations=0
  certificate  stage=STEP 5 LOCAL  major=75  attempt=322  accepted  reason=success  P rel.= 7.714095e-14  objective=-5.321178e+01  upper=-5.605843e+01  gap=-2.846652e+00  wall=0.000000e+00s  cpu=0.000000e+00s  provider=0  solves=0  iterations=0
  certificate  stage=STEP 5 LOCAL  major=75  attempt=323  accepted  reason=success  P rel.= 2.643191e-14  objective=-5.321178e+01  upper=-5.605843e+01  gap=-2.846652e+00  wall=0.000000e+00s  cpu=0.000000e+00s  provider=0  solves=0  iterations=0
  certificate  stage=STEP 5 LOCAL  major=75  attempt=324  accepted  reason=success  P rel.=-2.974275e-09  objective=-5.605843e+01  upper=-5.605843e+01  gap= 2.842171e-14  wall=0.000000e+00s  cpu=0.000000e+00s  provider=0  solves=0  iterations=0
  certificate  stage=STEP 5  complete  reason=step5_complete  wall=2.503027e-01s  cpu=2.502880e-01s  provider=234  solves=11  iterations=216

STEP 6
  certificate  stage=STEP 6  complete  reason=candidate_set  wall=2.403000e-05s  cpu=2.400000e-05s  provider=0  solves=0  iterations=0

STEP 8
  certificate  stage=STEP 8  complete  reason=step8_complete  wall=6.129897e-02s  cpu=6.129100e-02s  provider=120  solves=1  iterations=15

STEP 9
  certificate  stage=STEP 9  failed  objective=-5.605893e+01  upper=-5.605843e+01  gap= 5.029392e-04  wall=0.000000e+00s  cpu=0.000000e+00s  provider=0  solves=0  iterations=0
  certificate  stage=STEP 9  complete  reason=paper_free_energy_convergence_failed  wall=2.590465e-03s  cpu=2.591000e-03s  provider=3  solves=0  iterations=0

STEP 7
  certificate  stage=STEP 7  complete  reason=continue_stage_ii  wall=1.350000e-06s  cpu=2.000000e-06s  provider=0  solves=0  iterations=0

STEP 4
  STAGE II STEP 4  major=76  upper=-5.605843e+01  LP_primal= 2.842171e-14  LP_dual= 5.551115e-17  active_cuts=81  certified
  certificate  stage=STEP 4  complete  reason=step4_complete  wall=4.591270e-04s  cpu=4.590000e-04s  provider=0  solves=1  iterations=1

STEP 5
  certificate  stage=STEP 5 LOCAL  major=76  attempt=325  accepted  reason=success  P rel.= 7.196949e-14  objective=-5.321178e+01  upper=-5.605843e+01  gap=-2.846652e+00  wall=0.000000e+00s  cpu=0.000000e+00s  provider=0  solves=0  iterations=0
  certificate  stage=STEP 5 LOCAL  major=76  attempt=326  accepted  reason=success  P rel.= 6.694168e-14  objective=-5.321178e+01  upper=-5.605843e+01  gap=-2.846652e+00  wall=0.000000e+00s  cpu=0.000000e+00s  provider=0  solves=0  iterations=0
  certificate  stage=STEP 5 LOCAL  major=76  attempt=327  accepted  reason=success  P rel.=-3.004722e-09  objective=-5.605843e+01  upper=-5.605843e+01  gap= 1.421085e-14  wall=0.000000e+00s  cpu=0.000000e+00s  provider=0  solves=0  iterations=0
  certificate  stage=STEP 5  complete  reason=step5_complete  wall=6.339210e-02s  cpu=6.336700e-02s  provider=57  solves=3  iterations=54

STEP 6
  certificate  stage=STEP 6  complete  reason=candidate_set  wall=3.153000e-05s  cpu=3.200000e-05s  provider=0  solves=0  iterations=0

STEP 8
  certificate  stage=STEP 8  complete  reason=step8_complete  wall=6.215482e-02s  cpu=6.214600e-02s  provider=120  solves=1  iterations=15

STEP 9
  certificate  stage=STEP 9  failed  objective=-5.605893e+01  upper=-5.605843e+01  gap= 5.029392e-04  wall=0.000000e+00s  cpu=0.000000e+00s  provider=0  solves=0  iterations=0
  certificate  stage=STEP 9  complete  reason=paper_free_energy_convergence_failed  wall=2.381206e-03s  cpu=2.382000e-03s  provider=3  solves=0  iterations=0

STEP 7
  certificate  stage=STEP 7  complete  reason=continue_stage_ii  wall=1.140000e-06s  cpu=1.000000e-06s  provider=0  solves=0  iterations=0

STEP 4
  STAGE II STEP 4  major=77  upper=-5.605843e+01  LP_primal= 2.842171e-14  LP_dual= 5.551115e-17  active_cuts=82  certified
  certificate  stage=STEP 4  complete  reason=step4_complete  wall=4.608980e-04s  cpu=4.610000e-04s  provider=0  solves=1  iterations=1

STEP 5
  certificate  stage=STEP 5 LOCAL  major=77  attempt=328  accepted  reason=success  P rel.=-1.192203e-08  objective=-5.605843e+01  upper=-5.605843e+01  gap= 0.000000e+00  wall=0.000000e+00s  cpu=0.000000e+00s  provider=0  solves=0  iterations=0
  certificate  stage=STEP 5  complete  reason=step5_complete  wall=1.981683e-02s  cpu=1.981700e-02s  provider=18  solves=1  iterations=17

STEP 6
  certificate  stage=STEP 6  complete  reason=candidate_set  wall=2.374000e-05s  cpu=2.400000e-05s  provider=0  solves=0  iterations=0

STEP 8
  certificate  stage=STEP 8  complete  reason=step8_complete  wall=6.259291e-02s  cpu=6.258300e-02s  provider=120  solves=1  iterations=15

STEP 9
  certificate  stage=STEP 9  failed  objective=-5.605893e+01  upper=-5.605843e+01  gap= 5.029392e-04  wall=0.000000e+00s  cpu=0.000000e+00s  provider=0  solves=0  iterations=0
  certificate  stage=STEP 9  complete  reason=paper_free_energy_convergence_failed  wall=2.425385e-03s  cpu=2.426000e-03s  provider=3  solves=0  iterations=0

STEP 7
  certificate  stage=STEP 7  complete  reason=continue_stage_ii  wall=1.230000e-06s  cpu=2.000000e-06s  provider=0  solves=0  iterations=0

STEP 4
  STAGE II STEP 4  major=78  upper=-5.605843e+01  LP_primal= 2.842171e-14  LP_dual= 5.551115e-17  active_cuts=83  certified
  certificate  stage=STEP 4  complete  reason=step4_complete  wall=4.691470e-04s  cpu=4.700000e-04s  provider=0  solves=1  iterations=1

STEP 5
  certificate  stage=STEP 5 LOCAL  major=78  attempt=329  accepted  reason=success  P rel.= 6.967107e-14  objective=-5.321178e+01  upper=-5.605843e+01  gap=-2.846652e+00  wall=0.000000e+00s  cpu=0.000000e+00s  provider=0  solves=0  iterations=0
  certificate  stage=STEP 5 LOCAL  major=78  attempt=330  accepted  reason=success  P rel.= 2.614461e-14  objective=-5.321178e+01  upper=-5.605843e+01  gap=-2.846652e+00  wall=0.000000e+00s  cpu=0.000000e+00s  provider=0  solves=0  iterations=0
  certificate  stage=STEP 5 LOCAL  major=78  attempt=331  accepted  reason=success  P rel.= 5.746067e-14  objective=-5.321178e+01  upper=-5.605843e+01  gap=-2.846652e+00  wall=0.000000e+00s  cpu=0.000000e+00s  provider=0  solves=0  iterations=0
  certificate  stage=STEP 5 LOCAL  major=78  attempt=332  accepted  reason=success  P rel.= 1.926369e-13  objective=-5.321178e+01  upper=-5.605843e+01  gap=-2.846652e+00  wall=0.000000e+00s  cpu=0.000000e+00s  provider=0  solves=0  iterations=0
  certificate  stage=STEP 5 LOCAL  major=78  attempt=333  accepted  reason=success  P rel.= 4.395741e-14  objective=-5.321178e+01  upper=-5.605843e+01  gap=-2.846652e+00  wall=0.000000e+00s  cpu=0.000000e+00s  provider=0  solves=0  iterations=0
  certificate  stage=STEP 5 LOCAL  major=78  attempt=334  accepted  reason=success  P rel.= 2.120299e-13  objective=-5.321178e+01  upper=-5.605843e+01  gap=-2.846652e+00  wall=0.000000e+00s  cpu=0.000000e+00s  provider=0  solves=0  iterations=0
  certificate  stage=STEP 5 LOCAL  major=78  attempt=335  accepted  reason=success  P rel.= 5.358208e-14  objective=-5.321178e+01  upper=-5.605843e+01  gap=-2.846652e+00  wall=0.000000e+00s  cpu=0.000000e+00s  provider=0  solves=0  iterations=0
  certificate  stage=STEP 5 LOCAL  major=78  attempt=336  accepted  reason=success  P rel.= 6.392500e-14  objective=-5.321178e+01  upper=-5.605843e+01  gap=-2.846652e+00  wall=0.000000e+00s  cpu=0.000000e+00s  provider=0  solves=0  iterations=0
  certificate  stage=STEP 5 LOCAL  major=78  attempt=337  accepted  reason=success  P rel.= 6.607977e-14  objective=-5.321178e+01  upper=-5.605843e+01  gap=-2.846652e+00  wall=0.000000e+00s  cpu=0.000000e+00s  provider=0  solves=0  iterations=0
  certificate  stage=STEP 5 LOCAL  major=78  attempt=338  accepted  reason=success  P rel.= 4.657187e-13  objective=-5.321178e+01  upper=-5.605843e+01  gap=-2.846652e+00  wall=0.000000e+00s  cpu=0.000000e+00s  provider=0  solves=0  iterations=0
  certificate  stage=STEP 5 LOCAL  major=78  attempt=339  accepted  reason=success  P rel.= 6.967107e-14  objective=-5.321178e+01  upper=-5.605843e+01  gap=-2.846652e+00  wall=0.000000e+00s  cpu=0.000000e+00s  provider=0  solves=0  iterations=0
  certificate  stage=STEP 5 LOCAL  major=78  attempt=340  accepted  reason=success  P rel.= 6.047736e-14  objective=-5.321178e+01  upper=-5.605843e+01  gap=-2.846652e+00  wall=0.000000e+00s  cpu=0.000000e+00s  provider=0  solves=0  iterations=0
  certificate  stage=STEP 5 LOCAL  major=78  attempt=341  accepted  reason=success  P rel.= 7.987033e-14  objective=-5.321178e+01  upper=-5.605843e+01  gap=-2.846652e+00  wall=0.000000e+00s  cpu=0.000000e+00s  provider=0  solves=0  iterations=0
  certificate  stage=STEP 5 LOCAL  major=78  attempt=342  accepted  reason=success  P rel.= 1.838742e-14  objective=-5.321178e+01  upper=-5.605843e+01  gap=-2.846652e+00  wall=0.000000e+00s  cpu=0.000000e+00s  provider=0  solves=0  iterations=0
  certificate  stage=STEP 5 LOCAL  major=78  attempt=343  accepted  reason=success  P rel.= 1.084570e-13  objective=-5.321178e+01  upper=-5.605843e+01  gap=-2.846652e+00  wall=0.000000e+00s  cpu=0.000000e+00s  provider=0  solves=0  iterations=0
  certificate  stage=STEP 5 LOCAL  major=78  attempt=344  accepted  reason=success  P rel.= 2.614461e-14  objective=-5.321178e+01  upper=-5.605843e+01  gap=-2.846652e+00  wall=0.000000e+00s  cpu=0.000000e+00s  provider=0  solves=0  iterations=0
  certificate  stage=STEP 5 LOCAL  major=78  attempt=345  accepted  reason=success  P rel.=-1.526258e-09  objective=-5.605843e+01  upper=-5.605843e+01  gap= 1.421085e-14  wall=0.000000e+00s  cpu=0.000000e+00s  provider=0  solves=0  iterations=0
  certificate  stage=STEP 5  complete  reason=step5_complete  wall=3.977220e-01s  cpu=3.976430e-01s  provider=370  solves=17  iterations=344

STEP 6
  certificate  stage=STEP 6  complete  reason=candidate_set  wall=2.607000e-05s  cpu=2.600000e-05s  provider=0  solves=0  iterations=0

STEP 8
  certificate  stage=STEP 8  complete  reason=step8_complete  wall=6.075958e-02s  cpu=6.076100e-02s  provider=120  solves=1  iterations=15

STEP 9
  certificate  stage=STEP 9  failed  objective=-5.605893e+01  upper=-5.605843e+01  gap= 5.029392e-04  wall=0.000000e+00s  cpu=0.000000e+00s  provider=0  solves=0  iterations=0
  certificate  stage=STEP 9  complete  reason=paper_free_energy_convergence_failed  wall=2.283486e-03s  cpu=2.283000e-03s  provider=3  solves=0  iterations=0

STEP 7
  certificate  stage=STEP 7  complete  reason=continue_stage_ii  wall=1.230000e-06s  cpu=1.000000e-06s  provider=0  solves=0  iterations=0

STEP 4
  STAGE II STEP 4  major=79  upper=-5.605843e+01  LP_primal= 2.842171e-14  LP_dual= 5.551115e-17  active_cuts=84  certified
  certificate  stage=STEP 4  complete  reason=step4_complete  wall=5.005070e-04s  cpu=5.010000e-04s  provider=0  solves=1  iterations=1

STEP 5
  certificate  stage=STEP 5 LOCAL  major=79  attempt=346  accepted  reason=success  P rel.= 6.363769e-14  objective=-5.321178e+01  upper=-5.605843e+01  gap=-2.846652e+00  wall=0.000000e+00s  cpu=0.000000e+00s  provider=0  solves=0  iterations=0
  certificate  stage=STEP 5 LOCAL  major=79  attempt=347  accepted  reason=success  P rel.= 4.079708e-14  objective=-5.321178e+01  upper=-5.605843e+01  gap=-2.846652e+00  wall=0.000000e+00s  cpu=0.000000e+00s  provider=0  solves=0  iterations=0
  certificate  stage=STEP 5 LOCAL  major=79  attempt=348  accepted  reason=success  P rel.= 4.381376e-14  objective=-5.321178e+01  upper=-5.605843e+01  gap=-2.846652e+00  wall=0.000000e+00s  cpu=0.000000e+00s  provider=0  solves=0  iterations=0
  certificate  stage=STEP 5 LOCAL  major=79  attempt=349  accepted  reason=success  P rel.= 4.079708e-14  objective=-5.321178e+01  upper=-5.605843e+01  gap=-2.846652e+00  wall=0.000000e+00s  cpu=0.000000e+00s  provider=0  solves=0  iterations=0
  certificate  stage=STEP 5 LOCAL  major=79  attempt=350  accepted  reason=success  P rel.=-1.529552e-09  objective=-5.605843e+01  upper=-5.605843e+01  gap=-7.105427e-15  wall=0.000000e+00s  cpu=0.000000e+00s  provider=0  solves=0  iterations=0
  certificate  stage=STEP 5  complete  reason=step5_complete  wall=1.031705e-01s  cpu=1.031720e-01s  provider=96  solves=5  iterations=89

STEP 6
  certificate  stage=STEP 6  complete  reason=candidate_set  wall=2.707000e-05s  cpu=2.700000e-05s  provider=0  solves=0  iterations=0

STEP 8
  certificate  stage=STEP 8  complete  reason=step8_complete  wall=6.168568e-02s  cpu=6.168800e-02s  provider=120  solves=1  iterations=15

STEP 9
  certificate  stage=STEP 9  failed  objective=-5.605893e+01  upper=-5.605843e+01  gap= 5.029392e-04  wall=0.000000e+00s  cpu=0.000000e+00s  provider=0  solves=0  iterations=0
  certificate  stage=STEP 9  complete  reason=paper_free_energy_convergence_failed  wall=2.233116e-03s  cpu=2.233000e-03s  provider=3  solves=0  iterations=0

STEP 7
  certificate  stage=STEP 7  indeterminate  reason=stage_ii_major_iteration_limit  wall=1.660000e-06s  cpu=2.000000e-06s  provider=0  solves=0  iterations=0
