HELD2.0  case=installed-held2-paper-rewrite  T=2.981500e+02 K  P=1.013000e+05 Pa

STEP 1
  certificate  stage=STEP 1  complete  reason=step1_complete  wall=2.318000e-05s  cpu=2.300000e-05s  provider=1  solves=0  iterations=0

STEP 2

REFERENCE PRESSURE ROOTS
  root   0  V= 2.941589e-05  P rel.= 2.930858e-09  G/RT=-2.880716e+01  strict_stable
  root   1  V= 5.732061e-04  P rel.= 3.069033e-09  G/RT=-2.433105e+01  unstable
  root   2  V= 2.237760e-02  P rel.= 1.310462e-11  G/RT=-2.568647e+01  strict_stable
  selected root 0  status=selected
  eval     1  TPD= 4.319344e-02  P rel.= 2.232178e-09  V= 4.684854e-05  certified
  eval     2  TPD=-2.592929e-01  P rel.=-9.329527e-09  V= 5.717807e-05  certified
  certificate  stage=STEP 2  complete  reason=negative_tpd_witness  wall=6.116320e-01s  cpu=6.115020e-01s  provider=822  solves=1  iterations=2

STEP 3
  certificate  stage=STEP 3  complete  reason=step3_complete  wall=7.780200e-01s  cpu=7.779810e-01s  provider=4  solves=0  iterations=0

STEP 4
  STAGE II STEP 4  major=0  upper=-2.884776e+01  LP_primal= 0.000000e+00  LP_dual= 1.387779e-17  active_cuts=5  certified
  certificate  stage=STEP 4  complete  reason=step4_complete  wall=3.737880e-04s  cpu=3.740000e-04s  provider=0  solves=1  iterations=1

STEP 5
  certificate  stage=STEP 5 LOCAL  major=0  attempt=0  accepted  reason=success  P rel.=-1.454960e-03  objective=-2.908891e+01  upper=-2.884776e+01  gap= 2.411489e-01  wall=0.000000e+00s  cpu=0.000000e+00s  provider=0  solves=0  iterations=0
  certificate  stage=STEP 5  complete  reason=step5_complete  wall=2.755696e-02s  cpu=2.754500e-02s  provider=155  solves=1  iterations=21

STEP 6
  certificate  stage=STEP 6  complete  reason=insufficient_candidates  wall=1.970000e-06s  cpu=2.000000e-06s  provider=0  solves=0  iterations=0

STEP 7
  certificate  stage=STEP 7  complete  reason=continue_stage_ii  wall=8.900000e-07s  cpu=1.000000e-06s  provider=0  solves=0  iterations=0

STEP 4
  STAGE II STEP 4  major=1  upper=-2.888045e+01  LP_primal= 2.486900e-14  LP_dual= 2.775558e-17  active_cuts=6  certified
  certificate  stage=STEP 4  complete  reason=step4_complete  wall=1.906290e-04s  cpu=1.910000e-04s  provider=0  solves=1  iterations=1

STEP 5
  certificate  stage=STEP 5 LOCAL  major=1  attempt=1  accepted  reason=success  P rel.=-8.818251e-08  objective=-2.913047e+01  upper=-2.888045e+01  gap= 2.500236e-01  wall=0.000000e+00s  cpu=0.000000e+00s  provider=0  solves=0  iterations=0
  certificate  stage=STEP 5  complete  reason=step5_complete  wall=2.474896e-02s  cpu=2.473000e-02s  provider=24  solves=1  iterations=22

STEP 6
  certificate  stage=STEP 6  complete  reason=insufficient_candidates  wall=2.100000e-06s  cpu=2.000000e-06s  provider=0  solves=0  iterations=0

STEP 7
  certificate  stage=STEP 7  complete  reason=continue_stage_ii  wall=8.800000e-07s  cpu=1.000000e-06s  provider=0  solves=0  iterations=0

STEP 4
  STAGE II STEP 4  major=2  upper=-2.894375e+01  LP_primal= 0.000000e+00  LP_dual= 6.938894e-18  active_cuts=7  certified
  certificate  stage=STEP 4  complete  reason=step4_complete  wall=2.777190e-04s  cpu=2.780000e-04s  provider=0  solves=1  iterations=1

STEP 5
  certificate  stage=STEP 5 LOCAL  major=2  attempt=2  accepted  reason=success  P rel.= 8.633466e-14  objective=-2.600696e+01  upper=-2.894375e+01  gap=-2.936794e+00  wall=0.000000e+00s  cpu=0.000000e+00s  provider=0  solves=0  iterations=0
  certificate  stage=STEP 5 LOCAL  major=2  attempt=3  accepted  reason=success  P rel.= 5.530590e-14  objective=-2.600696e+01  upper=-2.894375e+01  gap=-2.936794e+00  wall=0.000000e+00s  cpu=0.000000e+00s  provider=0  solves=0  iterations=0
  certificate  stage=STEP 5 LOCAL  major=2  attempt=4  accepted  reason=success  P rel.=-2.363731e-09  objective=-2.905813e+01  upper=-2.894375e+01  gap= 1.143768e-01  wall=0.000000e+00s  cpu=0.000000e+00s  provider=0  solves=0  iterations=0
  certificate  stage=STEP 5  complete  reason=step5_complete  wall=7.439659e-02s  cpu=7.439800e-02s  provider=74  solves=3  iterations=68

STEP 6
  certificate  stage=STEP 6  complete  reason=candidate_set  wall=2.420000e-06s  cpu=2.000000e-06s  provider=0  solves=0  iterations=0

STEP 8
  certificate  stage=STEP 8  complete  reason=problem_67_infeasible  wall=1.924390e-04s  cpu=1.930000e-04s  provider=2  solves=1  iterations=0

STEP 7
  certificate  stage=STEP 7  complete  reason=continue_stage_ii  wall=9.800000e-07s  cpu=1.000000e-06s  provider=0  solves=0  iterations=0

STEP 4
  STAGE II STEP 4  major=3  upper=-2.897829e+01  LP_primal= 0.000000e+00  LP_dual= 2.220446e-16  active_cuts=8  certified
  certificate  stage=STEP 4  complete  reason=step4_complete  wall=2.150190e-04s  cpu=2.160000e-04s  provider=0  solves=1  iterations=1

STEP 5
  certificate  stage=STEP 5 LOCAL  major=3  attempt=5  accepted  reason=success  P rel.= 9.164977e-14  objective=-2.606343e+01  upper=-2.897829e+01  gap=-2.914864e+00  wall=0.000000e+00s  cpu=0.000000e+00s  provider=0  solves=0  iterations=0
  certificate  stage=STEP 5 LOCAL  major=3  attempt=6  accepted  reason=success  P rel.=-2.601934e-08  objective=-2.913544e+01  upper=-2.897829e+01  gap= 1.571487e-01  wall=0.000000e+00s  cpu=0.000000e+00s  provider=0  solves=0  iterations=0
  certificate  stage=STEP 5  complete  reason=step5_complete  wall=5.168578e-02s  cpu=5.167400e-02s  provider=51  solves=2  iterations=41

STEP 6
  certificate  stage=STEP 6  complete  reason=insufficient_candidates  wall=3.590000e-06s  cpu=3.000000e-06s  provider=0  solves=0  iterations=0

STEP 7
  certificate  stage=STEP 7  complete  reason=continue_stage_ii  wall=8.900000e-07s  cpu=1.000000e-06s  provider=0  solves=0  iterations=0

STEP 4
  STAGE II STEP 4  major=4  upper=-2.900059e+01  LP_primal= 3.552714e-15  LP_dual= 5.551115e-17  active_cuts=9  certified
  certificate  stage=STEP 4  complete  reason=step4_complete  wall=3.103390e-04s  cpu=3.100000e-04s  provider=0  solves=1  iterations=1

STEP 5
  certificate  stage=STEP 5 LOCAL  major=4  attempt=7  accepted  reason=success  P rel.=-1.936759e-09  objective=-2.900946e+01  upper=-2.900059e+01  gap= 8.865754e-03  wall=0.000000e+00s  cpu=0.000000e+00s  provider=0  solves=0  iterations=0
  certificate  stage=STEP 5  complete  reason=step5_complete  wall=2.252636e-02s  cpu=2.252700e-02s  provider=21  solves=1  iterations=17

STEP 6
  certificate  stage=STEP 6  complete  reason=candidate_set  wall=4.600000e-06s  cpu=4.000000e-06s  provider=0  solves=0  iterations=0

STEP 8
  certificate  stage=STEP 8  complete  reason=problem_67_infeasible  wall=3.058580e-04s  cpu=3.060000e-04s  provider=3  solves=1  iterations=0

STEP 7
  certificate  stage=STEP 7  complete  reason=continue_stage_ii  wall=1.020000e-06s  cpu=1.000000e-06s  provider=0  solves=0  iterations=0

STEP 4
  STAGE II STEP 4  major=5  upper=-2.900351e+01  LP_primal= 0.000000e+00  LP_dual= 6.938894e-18  active_cuts=10  certified
  certificate  stage=STEP 4  complete  reason=step4_complete  wall=2.320590e-04s  cpu=2.330000e-04s  provider=0  solves=1  iterations=1

STEP 5
  certificate  stage=STEP 5 LOCAL  major=5  attempt=8  accepted  reason=success  P rel.= 3.892961e-14  objective=-2.606262e+01  upper=-2.900351e+01  gap=-2.940884e+00  wall=0.000000e+00s  cpu=0.000000e+00s  provider=0  solves=0  iterations=0
  certificate  stage=STEP 5 LOCAL  major=5  attempt=9  accepted  reason=success  P rel.= 2.786843e-13  objective=-2.606262e+01  upper=-2.900351e+01  gap=-2.940884e+00  wall=0.000000e+00s  cpu=0.000000e+00s  provider=0  solves=0  iterations=0
  certificate  stage=STEP 5 LOCAL  major=5  attempt=10  accepted  reason=success  P rel.= 6.880915e-14  objective=-2.606262e+01  upper=-2.900351e+01  gap=-2.940884e+00  wall=0.000000e+00s  cpu=0.000000e+00s  provider=0  solves=0  iterations=0
  certificate  stage=STEP 5 LOCAL  major=5  attempt=11  accepted  reason=success  P rel.= 6.329293e-13  objective=-2.606262e+01  upper=-2.900351e+01  gap=-2.940884e+00  wall=0.000000e+00s  cpu=0.000000e+00s  provider=0  solves=0  iterations=0
  certificate  stage=STEP 5 LOCAL  major=5  attempt=12  accepted  reason=success  P rel.= 4.453202e-14  objective=-2.606262e+01  upper=-2.900351e+01  gap=-2.940884e+00  wall=0.000000e+00s  cpu=0.000000e+00s  provider=0  solves=0  iterations=0
  certificate  stage=STEP 5 LOCAL  major=5  attempt=13  accepted  reason=success  P rel.=-1.971747e-09  objective=-2.900356e+01  upper=-2.900351e+01  gap= 5.552818e-05  wall=0.000000e+00s  cpu=0.000000e+00s  provider=0  solves=0  iterations=0
  certificate  stage=STEP 5  complete  reason=step5_complete  wall=1.404655e-01s  cpu=1.404440e-01s  provider=137  solves=6  iterations=125

STEP 6
  certificate  stage=STEP 6  complete  reason=candidate_set  wall=3.520000e-06s  cpu=4.000000e-06s  provider=0  solves=0  iterations=0

STEP 8
  certificate  stage=STEP 8  complete  reason=problem_67_infeasible  wall=2.956390e-04s  cpu=2.960000e-04s  provider=4  solves=1  iterations=0

STEP 7
  certificate  stage=STEP 7  complete  reason=continue_stage_ii  wall=1.040000e-06s  cpu=1.000000e-06s  provider=0  solves=0  iterations=0

STEP 4
  STAGE II STEP 4  major=6  upper=-2.900353e+01  LP_primal= 0.000000e+00  LP_dual= 6.938894e-18  active_cuts=11  certified
  certificate  stage=STEP 4  complete  reason=step4_complete  wall=2.298790e-04s  cpu=2.310000e-04s  provider=0  solves=1  iterations=1

STEP 5
  certificate  stage=STEP 5 LOCAL  major=6  attempt=14  accepted  reason=success  P rel.= 6.119562e-14  objective=-2.606264e+01  upper=-2.900353e+01  gap=-2.940884e+00  wall=0.000000e+00s  cpu=0.000000e+00s  provider=0  solves=0  iterations=0
  certificate  stage=STEP 5 LOCAL  major=6  attempt=15  accepted  reason=success  P rel.= 4.869792e-14  objective=-2.606264e+01  upper=-2.900353e+01  gap=-2.940884e+00  wall=0.000000e+00s  cpu=0.000000e+00s  provider=0  solves=0  iterations=0
  certificate  stage=STEP 5 LOCAL  major=6  attempt=16  accepted  reason=success  P rel.=-2.012699e-09  objective=-2.900353e+01  upper=-2.900353e+01  gap= 2.251110e-09  wall=0.000000e+00s  cpu=0.000000e+00s  provider=0  solves=0  iterations=0
  certificate  stage=STEP 5  complete  reason=step5_complete  wall=6.659881e-02s  cpu=6.659100e-02s  provider=66  solves=3  iterations=57

STEP 6
  certificate  stage=STEP 6  complete  reason=candidate_set  wall=3.440000e-06s  cpu=3.000000e-06s  provider=0  solves=0  iterations=0

STEP 8
  certificate  stage=STEP 8  complete  reason=unchanged_problem_67  wall=1.570000e-06s  cpu=1.000000e-06s  provider=0  solves=0  iterations=0

STEP 7
  certificate  stage=STEP 7  complete  reason=continue_stage_ii  wall=8.300000e-07s  cpu=1.000000e-06s  provider=0  solves=0  iterations=0

STEP 4
  STAGE II STEP 4  major=7  upper=-2.900353e+01  LP_primal= 0.000000e+00  LP_dual= 1.387779e-17  active_cuts=12  certified
  certificate  stage=STEP 4  complete  reason=step4_complete  wall=2.413890e-04s  cpu=2.420000e-04s  provider=0  solves=1  iterations=1

STEP 5
  certificate  stage=STEP 5 LOCAL  major=7  attempt=17  accepted  reason=success  P rel.= 9.409185e-14  objective=-2.606264e+01  upper=-2.900353e+01  gap=-2.940884e+00  wall=0.000000e+00s  cpu=0.000000e+00s  provider=0  solves=0  iterations=0
  certificate  stage=STEP 5 LOCAL  major=7  attempt=18  accepted  reason=success  P rel.= 5.415668e-14  objective=-2.606264e+01  upper=-2.900353e+01  gap=-2.940884e+00  wall=0.000000e+00s  cpu=0.000000e+00s  provider=0  solves=0  iterations=0
  certificate  stage=STEP 5 LOCAL  major=7  attempt=19  accepted  reason=success  P rel.=-2.018931e-09  objective=-2.900353e+01  upper=-2.900353e+01  gap= 0.000000e+00  wall=0.000000e+00s  cpu=0.000000e+00s  provider=0  solves=0  iterations=0
  certificate  stage=STEP 5  complete  reason=step5_complete  wall=6.688430e-02s  cpu=6.687800e-02s  provider=66  solves=3  iterations=58

STEP 6
  certificate  stage=STEP 6  complete  reason=candidate_set  wall=4.560000e-06s  cpu=5.000000e-06s  provider=0  solves=0  iterations=0

STEP 8
  certificate  stage=STEP 8  complete  reason=unchanged_problem_67  wall=1.430000e-06s  cpu=2.000000e-06s  provider=0  solves=0  iterations=0

STEP 7
  certificate  stage=STEP 7  complete  reason=continue_stage_ii  wall=8.400000e-07s  cpu=0.000000e+00s  provider=0  solves=0  iterations=0

STEP 4
  STAGE II STEP 4  major=8  upper=-2.900353e+01  LP_primal= 0.000000e+00  LP_dual= 1.110223e-16  active_cuts=13  certified
  certificate  stage=STEP 4  complete  reason=step4_complete  wall=3.011180e-04s  cpu=3.010000e-04s  provider=0  solves=1  iterations=1

STEP 5
  certificate  stage=STEP 5 LOCAL  major=8  attempt=20  accepted  reason=success  P rel.= 6.607977e-14  objective=-2.606264e+01  upper=-2.900353e+01  gap=-2.940884e+00  wall=0.000000e+00s  cpu=0.000000e+00s  provider=0  solves=0  iterations=0
  certificate  stage=STEP 5 LOCAL  major=8  attempt=23  accepted  reason=success  P rel.= 6.435595e-14  objective=-2.606264e+01  upper=-2.900353e+01  gap=-2.940884e+00  wall=0.000000e+00s  cpu=0.000000e+00s  provider=0  solves=0  iterations=0
  certificate  stage=STEP 5 LOCAL  major=8  attempt=24  accepted  reason=success  P rel.=-1.997030e-09  objective=-2.900353e+01  upper=-2.900353e+01  gap=-2.842171e-14  wall=0.000000e+00s  cpu=0.000000e+00s  provider=0  solves=0  iterations=0
  certificate  stage=STEP 5  complete  reason=step5_complete  wall=6.515234e-02s  cpu=6.508100e-02s  provider=63  solves=5  iterations=56

STEP 6
  certificate  stage=STEP 6  complete  reason=candidate_set  wall=4.960000e-06s  cpu=5.000000e-06s  provider=0  solves=0  iterations=0

STEP 8
  certificate  stage=STEP 8  complete  reason=unchanged_problem_67  wall=1.900000e-06s  cpu=2.000000e-06s  provider=0  solves=0  iterations=0

STEP 7
  certificate  stage=STEP 7  complete  reason=continue_stage_ii  wall=9.600000e-07s  cpu=1.000000e-06s  provider=0  solves=0  iterations=0

STEP 4
  STAGE II STEP 4  major=9  upper=-2.900353e+01  LP_primal= 2.131628e-14  LP_dual= 5.551115e-17  active_cuts=14  certified
  certificate  stage=STEP 4  complete  reason=step4_complete  wall=3.215990e-04s  cpu=3.220000e-04s  provider=0  solves=1  iterations=1

STEP 5
  certificate  stage=STEP 5 LOCAL  major=9  attempt=25  accepted  reason=success  P rel.= 3.002320e-14  objective=-2.606264e+01  upper=-2.900353e+01  gap=-2.940884e+00  wall=0.000000e+00s  cpu=0.000000e+00s  provider=0  solves=0  iterations=0
  certificate  stage=STEP 5 LOCAL  major=9  attempt=26  accepted  reason=success  P rel.=-2.031929e-09  objective=-2.900353e+01  upper=-2.900353e+01  gap= 2.131628e-14  wall=0.000000e+00s  cpu=0.000000e+00s  provider=0  solves=0  iterations=0
  certificate  stage=STEP 5  complete  reason=step5_complete  wall=4.818359e-02s  cpu=4.818400e-02s  provider=48  solves=2  iterations=42

STEP 6
  certificate  stage=STEP 6  complete  reason=candidate_set  wall=4.140000e-06s  cpu=4.000000e-06s  provider=0  solves=0  iterations=0

STEP 8
  certificate  stage=STEP 8  complete  reason=unchanged_problem_67  wall=1.500000e-06s  cpu=2.000000e-06s  provider=0  solves=0  iterations=0

STEP 7
  certificate  stage=STEP 7  complete  reason=continue_stage_ii  wall=8.800000e-07s  cpu=1.000000e-06s  provider=0  solves=0  iterations=0

STEP 4
  STAGE II STEP 4  major=10  upper=-2.900353e+01  LP_primal= 2.131628e-14  LP_dual= 5.551115e-17  active_cuts=15  certified
  certificate  stage=STEP 4  complete  reason=step4_complete  wall=2.572790e-04s  cpu=2.570000e-04s  provider=0  solves=1  iterations=1

STEP 5
  certificate  stage=STEP 5 LOCAL  major=10  attempt=27  accepted  reason=success  P rel.= 4.912887e-14  objective=-2.606264e+01  upper=-2.900353e+01  gap=-2.940884e+00  wall=0.000000e+00s  cpu=0.000000e+00s  provider=0  solves=0  iterations=0
  certificate  stage=STEP 5 LOCAL  major=10  attempt=28  accepted  reason=success  P rel.= 6.320674e-14  objective=-2.606264e+01  upper=-2.900353e+01  gap=-2.940884e+00  wall=0.000000e+00s  cpu=0.000000e+00s  provider=0  solves=0  iterations=0
  certificate  stage=STEP 5 LOCAL  major=10  attempt=29  accepted  reason=success  P rel.= 5.128365e-14  objective=-2.606264e+01  upper=-2.900353e+01  gap=-2.940884e+00  wall=0.000000e+00s  cpu=0.000000e+00s  provider=0  solves=0  iterations=0
  certificate  stage=STEP 5 LOCAL  major=10  attempt=30  accepted  reason=success  P rel.= 3.634388e-14  objective=-2.606264e+01  upper=-2.900353e+01  gap=-2.940884e+00  wall=0.000000e+00s  cpu=0.000000e+00s  provider=0  solves=0  iterations=0
  certificate  stage=STEP 5 LOCAL  major=10  attempt=31  accepted  reason=success  P rel.= 6.909646e-14  objective=-2.606264e+01  upper=-2.900353e+01  gap=-2.940884e+00  wall=0.000000e+00s  cpu=0.000000e+00s  provider=0  solves=0  iterations=0
  certificate  stage=STEP 5 LOCAL  major=10  attempt=32  accepted  reason=success  P rel.= 5.085269e-14  objective=-2.606264e+01  upper=-2.900353e+01  gap=-2.940884e+00  wall=0.000000e+00s  cpu=0.000000e+00s  provider=0  solves=0  iterations=0
  certificate  stage=STEP 5 LOCAL  major=10  attempt=33  accepted  reason=success  P rel.= 5.530590e-14  objective=-2.606264e+01  upper=-2.900353e+01  gap=-2.940884e+00  wall=0.000000e+00s  cpu=0.000000e+00s  provider=0  solves=0  iterations=0
  certificate  stage=STEP 5 LOCAL  major=10  attempt=34  accepted  reason=success  P rel.= 8.805848e-14  objective=-2.606264e+01  upper=-2.900353e+01  gap=-2.940884e+00  wall=0.000000e+00s  cpu=0.000000e+00s  provider=0  solves=0  iterations=0
  certificate  stage=STEP 5 LOCAL  major=10  attempt=35  accepted  reason=success  P rel.= 6.780359e-14  objective=-2.606264e+01  upper=-2.900353e+01  gap=-2.940884e+00  wall=0.000000e+00s  cpu=0.000000e+00s  provider=0  solves=0  iterations=0
  certificate  stage=STEP 5 LOCAL  major=10  attempt=36  accepted  reason=success  P rel.=-1.982608e-09  objective=-2.900353e+01  upper=-2.900353e+01  gap= 1.065814e-14  wall=0.000000e+00s  cpu=0.000000e+00s  provider=0  solves=0  iterations=0
  certificate  stage=STEP 5  complete  reason=step5_complete  wall=2.355036e-01s  cpu=2.354410e-01s  provider=228  solves=10  iterations=215

STEP 6
  certificate  stage=STEP 6  complete  reason=candidate_set  wall=5.020000e-06s  cpu=5.000000e-06s  provider=0  solves=0  iterations=0

STEP 8
  certificate  stage=STEP 8  complete  reason=unchanged_problem_67  wall=2.030000e-06s  cpu=2.000000e-06s  provider=0  solves=0  iterations=0

STEP 7
  certificate  stage=STEP 7  complete  reason=continue_stage_ii  wall=9.000000e-07s  cpu=1.000000e-06s  provider=0  solves=0  iterations=0

STEP 4
  STAGE II STEP 4  major=11  upper=-2.900353e+01  LP_primal= 2.131628e-14  LP_dual= 5.551115e-17  active_cuts=16  certified
  certificate  stage=STEP 4  complete  reason=step4_complete  wall=3.230180e-04s  cpu=3.230000e-04s  provider=0  solves=1  iterations=1

STEP 5
  certificate  stage=STEP 5 LOCAL  major=11  attempt=37  accepted  reason=success  P rel.=-1.981718e-09  objective=-2.900353e+01  upper=-2.900353e+01  gap= 1.065814e-14  wall=0.000000e+00s  cpu=0.000000e+00s  provider=0  solves=0  iterations=0
  certificate  stage=STEP 5  complete  reason=step5_complete  wall=2.286232e-02s  cpu=2.285700e-02s  provider=23  solves=1  iterations=20

STEP 6
  certificate  stage=STEP 6  complete  reason=candidate_set  wall=6.590000e-06s  cpu=6.000000e-06s  provider=0  solves=0  iterations=0

STEP 8
  certificate  stage=STEP 8  complete  reason=unchanged_problem_67  wall=1.360000e-06s  cpu=2.000000e-06s  provider=0  solves=0  iterations=0

STEP 7
  certificate  stage=STEP 7  complete  reason=continue_stage_ii  wall=8.900000e-07s  cpu=1.000000e-06s  provider=0  solves=0  iterations=0

STEP 4
  STAGE II STEP 4  major=12  upper=-2.900353e+01  LP_primal= 2.131628e-14  LP_dual= 5.551115e-17  active_cuts=17  certified
  certificate  stage=STEP 4  complete  reason=step4_complete  wall=2.701480e-04s  cpu=2.710000e-04s  provider=0  solves=1  iterations=1

STEP 5
  certificate  stage=STEP 5 LOCAL  major=12  attempt=38  accepted  reason=success  P rel.= 5.774798e-14  objective=-2.606264e+01  upper=-2.900353e+01  gap=-2.940884e+00  wall=0.000000e+00s  cpu=0.000000e+00s  provider=0  solves=0  iterations=0
  certificate  stage=STEP 5 LOCAL  major=12  attempt=39  accepted  reason=success  P rel.= 4.050977e-14  objective=-2.606264e+01  upper=-2.900353e+01  gap=-2.940884e+00  wall=0.000000e+00s  cpu=0.000000e+00s  provider=0  solves=0  iterations=0
  certificate  stage=STEP 5 LOCAL  major=12  attempt=40  accepted  reason=success  P rel.= 5.142730e-14  objective=-2.606264e+01  upper=-2.900353e+01  gap=-2.940884e+00  wall=0.000000e+00s  cpu=0.000000e+00s  provider=0  solves=0  iterations=0
  certificate  stage=STEP 5 LOCAL  major=12  attempt=41  accepted  reason=success  P rel.= 6.794724e-14  objective=-2.606264e+01  upper=-2.900353e+01  gap=-2.940884e+00  wall=0.000000e+00s  cpu=0.000000e+00s  provider=0  solves=0  iterations=0
  certificate  stage=STEP 5 LOCAL  major=12  attempt=42  accepted  reason=success  P rel.= 6.033371e-14  objective=-2.606264e+01  upper=-2.900353e+01  gap=-2.940884e+00  wall=0.000000e+00s  cpu=0.000000e+00s  provider=0  solves=0  iterations=0
  certificate  stage=STEP 5 LOCAL  major=12  attempt=43  accepted  reason=success  P rel.=-2.001392e-09  objective=-2.900353e+01  upper=-2.900353e+01  gap= 1.065814e-14  wall=0.000000e+00s  cpu=0.000000e+00s  provider=0  solves=0  iterations=0
  certificate  stage=STEP 5  complete  reason=step5_complete  wall=1.392204e-01s  cpu=1.392030e-01s  provider=137  solves=6  iterations=126

STEP 6
  certificate  stage=STEP 6  complete  reason=candidate_set  wall=7.450000e-06s  cpu=8.000000e-06s  provider=0  solves=0  iterations=0

STEP 8
  certificate  stage=STEP 8  complete  reason=unchanged_problem_67  wall=1.740000e-06s  cpu=2.000000e-06s  provider=0  solves=0  iterations=0

STEP 7
  certificate  stage=STEP 7  complete  reason=continue_stage_ii  wall=9.000000e-07s  cpu=0.000000e+00s  provider=0  solves=0  iterations=0

STEP 4
  STAGE II STEP 4  major=13  upper=-2.900353e+01  LP_primal= 2.131628e-14  LP_dual= 5.551115e-17  active_cuts=18  certified
  certificate  stage=STEP 4  complete  reason=step4_complete  wall=3.002590e-04s  cpu=3.000000e-04s  provider=0  solves=1  iterations=1

STEP 5
  certificate  stage=STEP 5 LOCAL  major=13  attempt=44  accepted  reason=success  P rel.= 5.746067e-14  objective=-2.606264e+01  upper=-2.900353e+01  gap=-2.940884e+00  wall=0.000000e+00s  cpu=0.000000e+00s  provider=0  solves=0  iterations=0
  certificate  stage=STEP 5 LOCAL  major=13  attempt=45  accepted  reason=success  P rel.= 8.231241e-14  objective=-2.606264e+01  upper=-2.900353e+01  gap=-2.940884e+00  wall=0.000000e+00s  cpu=0.000000e+00s  provider=0  solves=0  iterations=0
  certificate  stage=STEP 5 LOCAL  major=13  attempt=47  accepted  reason=success  P rel.=-1.996407e-09  objective=-2.900353e+01  upper=-2.900353e+01  gap= 1.421085e-14  wall=0.000000e+00s  cpu=0.000000e+00s  provider=0  solves=0  iterations=0
  certificate  stage=STEP 5  complete  reason=step5_complete  wall=7.330254e-02s  cpu=7.328000e-02s  provider=74  solves=4  iterations=61

STEP 6
  certificate  stage=STEP 6  complete  reason=candidate_set  wall=7.180000e-06s  cpu=7.000000e-06s  provider=0  solves=0  iterations=0

STEP 8
  certificate  stage=STEP 8  complete  reason=unchanged_problem_67  wall=1.270000e-06s  cpu=2.000000e-06s  provider=0  solves=0  iterations=0

STEP 7
  certificate  stage=STEP 7  complete  reason=continue_stage_ii  wall=8.900000e-07s  cpu=0.000000e+00s  provider=0  solves=0  iterations=0

STEP 4
  STAGE II STEP 4  major=14  upper=-2.900353e+01  LP_primal= 2.131628e-14  LP_dual= 5.551115e-17  active_cuts=19  certified
  certificate  stage=STEP 4  complete  reason=step4_complete  wall=2.739680e-04s  cpu=2.740000e-04s  provider=0  solves=1  iterations=1

STEP 5
  certificate  stage=STEP 5 LOCAL  major=14  attempt=48  accepted  reason=success  P rel.= 4.855427e-13  objective=-2.606264e+01  upper=-2.900353e+01  gap=-2.940884e+00  wall=0.000000e+00s  cpu=0.000000e+00s  provider=0  solves=0  iterations=0
  certificate  stage=STEP 5 LOCAL  major=14  attempt=49  accepted  reason=success  P rel.= 6.478691e-14  objective=-2.606264e+01  upper=-2.900353e+01  gap=-2.940884e+00  wall=0.000000e+00s  cpu=0.000000e+00s  provider=0  solves=0  iterations=0
  certificate  stage=STEP 5 LOCAL  major=14  attempt=50  accepted  reason=success  P rel.= 7.426792e-14  objective=-2.606264e+01  upper=-2.900353e+01  gap=-2.940884e+00  wall=0.000000e+00s  cpu=0.000000e+00s  provider=0  solves=0  iterations=0
  certificate  stage=STEP 5 LOCAL  major=14  attempt=51  accepted  reason=success  P rel.= 4.596854e-14  objective=-2.606264e+01  upper=-2.900353e+01  gap=-2.940884e+00  wall=0.000000e+00s  cpu=0.000000e+00s  provider=0  solves=0  iterations=0
  certificate  stage=STEP 5 LOCAL  major=14  attempt=52  accepted  reason=success  P rel.= 7.283140e-14  objective=-2.606264e+01  upper=-2.900353e+01  gap=-2.940884e+00  wall=0.000000e+00s  cpu=0.000000e+00s  provider=0  solves=0  iterations=0
  certificate  stage=STEP 5 LOCAL  major=14  attempt=53  accepted  reason=success  P rel.= 4.481932e-14  objective=-2.606264e+01  upper=-2.900353e+01  gap=-2.940884e+00  wall=0.000000e+00s  cpu=0.000000e+00s  provider=0  solves=0  iterations=0
  certificate  stage=STEP 5 LOCAL  major=14  attempt=54  accepted  reason=success  P rel.= 8.762753e-14  objective=-2.606264e+01  upper=-2.900353e+01  gap=-2.940884e+00  wall=0.000000e+00s  cpu=0.000000e+00s  provider=0  solves=0  iterations=0
  certificate  stage=STEP 5 LOCAL  major=14  attempt=55  accepted  reason=success  P rel.= 6.214372e-13  objective=-2.606264e+01  upper=-2.900353e+01  gap=-2.940884e+00  wall=0.000000e+00s  cpu=0.000000e+00s  provider=0  solves=0  iterations=0
  certificate  stage=STEP 5 LOCAL  major=14  attempt=56  accepted  reason=success  P rel.= 3.801023e-13  objective=-2.606264e+01  upper=-2.900353e+01  gap=-2.940884e+00  wall=0.000000e+00s  cpu=0.000000e+00s  provider=0  solves=0  iterations=0
  certificate  stage=STEP 5 LOCAL  major=14  attempt=57  accepted  reason=success  P rel.= 4.639949e-14  objective=-2.606264e+01  upper=-2.900353e+01  gap=-2.940884e+00  wall=0.000000e+00s  cpu=0.000000e+00s  provider=0  solves=0  iterations=0
  certificate  stage=STEP 5 LOCAL  major=14  attempt=59  accepted  reason=success  P rel.= 7.127996e-13  objective=-2.606264e+01  upper=-2.900353e+01  gap=-2.940884e+00  wall=0.000000e+00s  cpu=0.000000e+00s  provider=0  solves=0  iterations=0
  certificate  stage=STEP 5 LOCAL  major=14  attempt=60  accepted  reason=success  P rel.= 3.979152e-14  objective=-2.606264e+01  upper=-2.900353e+01  gap=-2.940884e+00  wall=0.000000e+00s  cpu=0.000000e+00s  provider=0  solves=0  iterations=0
  certificate  stage=STEP 5 LOCAL  major=14  attempt=61  accepted  reason=success  P rel.= 4.065343e-14  objective=-2.606264e+01  upper=-2.900353e+01  gap=-2.940884e+00  wall=0.000000e+00s  cpu=0.000000e+00s  provider=0  solves=0  iterations=0
  certificate  stage=STEP 5 LOCAL  major=14  attempt=62  accepted  reason=success  P rel.=-1.995784e-09  objective=-2.900353e+01  upper=-2.900353e+01  gap= 1.065814e-14  wall=0.000000e+00s  cpu=0.000000e+00s  provider=0  solves=0  iterations=0
  certificate  stage=STEP 5  complete  reason=step5_complete  wall=3.344547e-01s  cpu=3.344480e-01s  provider=324  solves=15  iterations=296

STEP 6
  certificate  stage=STEP 6  complete  reason=candidate_set  wall=8.310000e-06s  cpu=8.000000e-06s  provider=0  solves=0  iterations=0

STEP 8
  certificate  stage=STEP 8  complete  reason=unchanged_problem_67  wall=2.240000e-06s  cpu=2.000000e-06s  provider=0  solves=0  iterations=0

STEP 7
  certificate  stage=STEP 7  complete  reason=continue_stage_ii  wall=9.000000e-07s  cpu=1.000000e-06s  provider=0  solves=0  iterations=0

STEP 4
  STAGE II STEP 4  major=15  upper=-2.900353e+01  LP_primal= 2.131628e-14  LP_dual= 5.551115e-17  active_cuts=20  certified
  certificate  stage=STEP 4  complete  reason=step4_complete  wall=3.288490e-04s  cpu=3.290000e-04s  provider=0  solves=1  iterations=1

STEP 5
  certificate  stage=STEP 5 LOCAL  major=15  attempt=63  accepted  reason=success  P rel.=-1.995339e-09  objective=-2.900353e+01  upper=-2.900353e+01  gap= 1.776357e-14  wall=0.000000e+00s  cpu=0.000000e+00s  provider=0  solves=0  iterations=0
  certificate  stage=STEP 5  complete  reason=step5_complete  wall=2.427214e-02s  cpu=2.427200e-02s  provider=25  solves=1  iterations=19

STEP 6
  certificate  stage=STEP 6  complete  reason=candidate_set  wall=7.160000e-06s  cpu=8.000000e-06s  provider=0  solves=0  iterations=0

STEP 8
  certificate  stage=STEP 8  complete  reason=unchanged_problem_67  wall=1.320000e-06s  cpu=1.000000e-06s  provider=0  solves=0  iterations=0

STEP 7
  certificate  stage=STEP 7  complete  reason=continue_stage_ii  wall=8.900000e-07s  cpu=1.000000e-06s  provider=0  solves=0  iterations=0

STEP 4
  STAGE II STEP 4  major=16  upper=-2.900353e+01  LP_primal= 2.131628e-14  LP_dual= 5.551115e-17  active_cuts=21  certified
  certificate  stage=STEP 4  complete  reason=step4_complete  wall=2.779080e-04s  cpu=2.780000e-04s  provider=0  solves=1  iterations=1

STEP 5
  certificate  stage=STEP 5 LOCAL  major=16  attempt=64  accepted  reason=success  P rel.=-3.405431e-09  objective=-2.900353e+01  upper=-2.900353e+01  gap= 1.421085e-14  wall=0.000000e+00s  cpu=0.000000e+00s  provider=0  solves=0  iterations=0
  certificate  stage=STEP 5  complete  reason=step5_complete  wall=2.094117e-02s  cpu=2.094200e-02s  provider=20  solves=1  iterations=19

STEP 6
  certificate  stage=STEP 6  complete  reason=candidate_set  wall=6.370000e-06s  cpu=7.000000e-06s  provider=0  solves=0  iterations=0

STEP 8
  certificate  stage=STEP 8  complete  reason=unchanged_problem_67  wall=1.340000e-06s  cpu=1.000000e-06s  provider=0  solves=0  iterations=0

STEP 7
  certificate  stage=STEP 7  complete  reason=continue_stage_ii  wall=9.000000e-07s  cpu=1.000000e-06s  provider=0  solves=0  iterations=0

STEP 4
  STAGE II STEP 4  major=17  upper=-2.900353e+01  LP_primal= 1.065814e-14  LP_dual= 5.551115e-17  active_cuts=22  certified
  certificate  stage=STEP 4  complete  reason=step4_complete  wall=2.663290e-04s  cpu=2.670000e-04s  provider=0  solves=1  iterations=1

STEP 5
  certificate  stage=STEP 5 LOCAL  major=17  attempt=65  accepted  reason=success  P rel.= 7.714095e-14  objective=-2.606264e+01  upper=-2.900353e+01  gap=-2.940884e+00  wall=0.000000e+00s  cpu=0.000000e+00s  provider=0  solves=0  iterations=0
  certificate  stage=STEP 5 LOCAL  major=17  attempt=66  accepted  reason=success  P rel.= 6.866550e-14  objective=-2.606264e+01  upper=-2.900353e+01  gap=-2.940884e+00  wall=0.000000e+00s  cpu=0.000000e+00s  provider=0  solves=0  iterations=0
  certificate  stage=STEP 5 LOCAL  major=17  attempt=67  accepted  reason=success  P rel.= 4.668680e-14  objective=-2.606264e+01  upper=-2.900353e+01  gap=-2.940884e+00  wall=0.000000e+00s  cpu=0.000000e+00s  provider=0  solves=0  iterations=0
  certificate  stage=STEP 5 LOCAL  major=17  attempt=68  accepted  reason=success  P rel.= 3.174702e-14  objective=-2.606264e+01  upper=-2.900353e+01  gap=-2.940884e+00  wall=0.000000e+00s  cpu=0.000000e+00s  provider=0  solves=0  iterations=0
  certificate  stage=STEP 5 LOCAL  major=17  attempt=69  accepted  reason=success  P rel.= 9.595932e-14  objective=-2.606264e+01  upper=-2.900353e+01  gap=-2.940884e+00  wall=0.000000e+00s  cpu=0.000000e+00s  provider=0  solves=0  iterations=0
  certificate  stage=STEP 5 LOCAL  major=17  attempt=70  accepted  reason=success  P rel.=-1.993113e-09  objective=-2.900353e+01  upper=-2.900353e+01  gap= 3.552714e-15  wall=0.000000e+00s  cpu=0.000000e+00s  provider=0  solves=0  iterations=0
  certificate  stage=STEP 5  complete  reason=step5_complete  wall=1.429867e-01s  cpu=1.428980e-01s  provider=137  solves=6  iterations=131

STEP 6
  certificate  stage=STEP 6  complete  reason=candidate_set  wall=7.950000e-06s  cpu=8.000000e-06s  provider=0  solves=0  iterations=0

STEP 8
  certificate  stage=STEP 8  complete  reason=unchanged_problem_67  wall=1.280000e-06s  cpu=1.000000e-06s  provider=0  solves=0  iterations=0

STEP 7
  certificate  stage=STEP 7  complete  reason=continue_stage_ii  wall=8.300000e-07s  cpu=1.000000e-06s  provider=0  solves=0  iterations=0

STEP 4
  STAGE II STEP 4  major=18  upper=-2.900353e+01  LP_primal= 1.065814e-14  LP_dual= 5.551115e-17  active_cuts=23  certified
  certificate  stage=STEP 4  complete  reason=step4_complete  wall=2.774280e-04s  cpu=2.780000e-04s  provider=0  solves=1  iterations=1

STEP 5
  certificate  stage=STEP 5 LOCAL  major=18  attempt=71  accepted  reason=success  P rel.= 4.266455e-14  objective=-2.606264e+01  upper=-2.900353e+01  gap=-2.940884e+00  wall=0.000000e+00s  cpu=0.000000e+00s  provider=0  solves=0  iterations=0
  certificate  stage=STEP 5 LOCAL  major=18  attempt=72  accepted  reason=success  P rel.= 9.294264e-14  objective=-2.606264e+01  upper=-2.900353e+01  gap=-2.940884e+00  wall=0.000000e+00s  cpu=0.000000e+00s  provider=0  solves=0  iterations=0
  certificate  stage=STEP 5 LOCAL  major=18  attempt=73  accepted  reason=success  P rel.= 2.289808e-13  objective=-2.606264e+01  upper=-2.900353e+01  gap=-2.940884e+00  wall=0.000000e+00s  cpu=0.000000e+00s  provider=0  solves=0  iterations=0
  certificate  stage=STEP 5 LOCAL  major=18  attempt=74  accepted  reason=success  P rel.= 2.523960e-13  objective=-2.606264e+01  upper=-2.900353e+01  gap=-2.940884e+00  wall=0.000000e+00s  cpu=0.000000e+00s  provider=0  solves=0  iterations=0
  certificate  stage=STEP 5 LOCAL  major=18  attempt=75  accepted  reason=success  P rel.= 5.171460e-14  objective=-2.606264e+01  upper=-2.900353e+01  gap=-2.940884e+00  wall=0.000000e+00s  cpu=0.000000e+00s  provider=0  solves=0  iterations=0
  certificate  stage=STEP 5 LOCAL  major=18  attempt=76  accepted  reason=success  P rel.= 7.527348e-13  objective=-2.606264e+01  upper=-2.900353e+01  gap=-2.940884e+00  wall=0.000000e+00s  cpu=0.000000e+00s  provider=0  solves=0  iterations=0
  certificate  stage=STEP 5 LOCAL  major=18  attempt=77  accepted  reason=success  P rel.= 2.684850e-13  objective=-2.606264e+01  upper=-2.900353e+01  gap=-2.940884e+00  wall=0.000000e+00s  cpu=0.000000e+00s  provider=0  solves=0  iterations=0
  certificate  stage=STEP 5 LOCAL  major=18  attempt=78  accepted  reason=success  P rel.= 8.259972e-14  objective=-2.606264e+01  upper=-2.900353e+01  gap=-2.940884e+00  wall=0.000000e+00s  cpu=0.000000e+00s  provider=0  solves=0  iterations=0
  certificate  stage=STEP 5 LOCAL  major=18  attempt=79  accepted  reason=success  P rel.= 6.564882e-14  objective=-2.606264e+01  upper=-2.900353e+01  gap=-2.940884e+00  wall=0.000000e+00s  cpu=0.000000e+00s  provider=0  solves=0  iterations=0
  certificate  stage=STEP 5 LOCAL  major=18  attempt=80  accepted  reason=success  P rel.= 4.237725e-14  objective=-2.606264e+01  upper=-2.900353e+01  gap=-2.940884e+00  wall=0.000000e+00s  cpu=0.000000e+00s  provider=0  solves=0  iterations=0
  certificate  stage=STEP 5 LOCAL  major=18  attempt=81  accepted  reason=success  P rel.= 1.729566e-13  objective=-2.606264e+01  upper=-2.900353e+01  gap=-2.940884e+00  wall=0.000000e+00s  cpu=0.000000e+00s  provider=0  solves=0  iterations=0
  certificate  stage=STEP 5 LOCAL  major=18  attempt=82  accepted  reason=success  P rel.= 5.372573e-14  objective=-2.606264e+01  upper=-2.900353e+01  gap=-2.940884e+00  wall=0.000000e+00s  cpu=0.000000e+00s  provider=0  solves=0  iterations=0
  certificate  stage=STEP 5 LOCAL  major=18  attempt=83  accepted  reason=success  P rel.= 6.378135e-14  objective=-2.606264e+01  upper=-2.900353e+01  gap=-2.940884e+00  wall=0.000000e+00s  cpu=0.000000e+00s  provider=0  solves=0  iterations=0
  certificate  stage=STEP 5 LOCAL  major=18  attempt=84  accepted  reason=success  P rel.= 6.033371e-14  objective=-2.606264e+01  upper=-2.900353e+01  gap=-2.940884e+00  wall=0.000000e+00s  cpu=0.000000e+00s  provider=0  solves=0  iterations=0
  certificate  stage=STEP 5 LOCAL  major=18  attempt=85  accepted  reason=success  P rel.= 3.347084e-14  objective=-2.606264e+01  upper=-2.900353e+01  gap=-2.940884e+00  wall=0.000000e+00s  cpu=0.000000e+00s  provider=0  solves=0  iterations=0
  certificate  stage=STEP 5 LOCAL  major=18  attempt=87  accepted  reason=success  P rel.= 3.145972e-14  objective=-2.606264e+01  upper=-2.900353e+01  gap=-2.940884e+00  wall=0.000000e+00s  cpu=0.000000e+00s  provider=0  solves=0  iterations=0
  certificate  stage=STEP 5 LOCAL  major=18  attempt=88  accepted  reason=success  P rel.= 7.053298e-14  objective=-2.606264e+01  upper=-2.900353e+01  gap=-2.940884e+00  wall=0.000000e+00s  cpu=0.000000e+00s  provider=0  solves=0  iterations=0
  certificate  stage=STEP 5 LOCAL  major=18  attempt=89  accepted  reason=success  P rel.=-2.005221e-09  objective=-2.900353e+01  upper=-2.900353e+01  gap= 0.000000e+00  wall=0.000000e+00s  cpu=0.000000e+00s  provider=0  solves=0  iterations=0
  certificate  stage=STEP 5  complete  reason=step5_complete  wall=4.263323e-01s  cpu=4.263090e-01s  provider=415  solves=19  iterations=386

STEP 6
  certificate  stage=STEP 6  complete  reason=candidate_set  wall=9.950000e-06s  cpu=1.000000e-05s  provider=0  solves=0  iterations=0

STEP 8
  certificate  stage=STEP 8  complete  reason=unchanged_problem_67  wall=1.650000e-06s  cpu=2.000000e-06s  provider=0  solves=0  iterations=0

STEP 7
  certificate  stage=STEP 7  complete  reason=continue_stage_ii  wall=8.900000e-07s  cpu=1.000000e-06s  provider=0  solves=0  iterations=0

STEP 4
  STAGE II STEP 4  major=19  upper=-2.900353e+01  LP_primal= 1.065814e-14  LP_dual= 5.551115e-17  active_cuts=24  certified
  certificate  stage=STEP 4  complete  reason=step4_complete  wall=3.301780e-04s  cpu=3.300000e-04s  provider=0  solves=1  iterations=1

STEP 5
  certificate  stage=STEP 5 LOCAL  major=19  attempt=90  accepted  reason=success  P rel.= 7.627904e-14  objective=-2.606264e+01  upper=-2.900353e+01  gap=-2.940884e+00  wall=0.000000e+00s  cpu=0.000000e+00s  provider=0  solves=0  iterations=0
  certificate  stage=STEP 5 LOCAL  major=19  attempt=91  accepted  reason=success  P rel.= 4.726140e-14  objective=-2.606264e+01  upper=-2.900353e+01  gap=-2.940884e+00  wall=0.000000e+00s  cpu=0.000000e+00s  provider=0  solves=0  iterations=0
  certificate  stage=STEP 5 LOCAL  major=19  attempt=92  accepted  reason=success  P rel.= 4.036612e-14  objective=-2.606264e+01  upper=-2.900353e+01  gap=-2.940884e+00  wall=0.000000e+00s  cpu=0.000000e+00s  provider=0  solves=0  iterations=0
  certificate  stage=STEP 5 LOCAL  major=19  attempt=93  accepted  reason=success  P rel.= 7.584809e-13  objective=-2.606264e+01  upper=-2.900353e+01  gap=-2.940884e+00  wall=0.000000e+00s  cpu=0.000000e+00s  provider=0  solves=0  iterations=0
  certificate  stage=STEP 5 LOCAL  major=19  attempt=94  accepted  reason=success  P rel.= 7.656635e-14  objective=-2.606264e+01  upper=-2.900353e+01  gap=-2.940884e+00  wall=0.000000e+00s  cpu=0.000000e+00s  provider=0  solves=0  iterations=0
  certificate  stage=STEP 5 LOCAL  major=19  attempt=95  accepted  reason=success  P rel.=-1.987949e-09  objective=-2.900353e+01  upper=-2.900353e+01  gap= 0.000000e+00  wall=0.000000e+00s  cpu=0.000000e+00s  provider=0  solves=0  iterations=0
  certificate  stage=STEP 5  complete  reason=step5_complete  wall=1.430712e-01s  cpu=1.430380e-01s  provider=138  solves=6  iterations=129

STEP 6
  certificate  stage=STEP 6  complete  reason=candidate_set  wall=8.510000e-06s  cpu=9.000000e-06s  provider=0  solves=0  iterations=0

STEP 8
  certificate  stage=STEP 8  complete  reason=unchanged_problem_67  wall=1.350000e-06s  cpu=1.000000e-06s  provider=0  solves=0  iterations=0

STEP 7
  certificate  stage=STEP 7  complete  reason=continue_stage_ii  wall=8.800000e-07s  cpu=1.000000e-06s  provider=0  solves=0  iterations=0

STEP 4
  STAGE II STEP 4  major=20  upper=-2.900353e+01  LP_primal= 1.065814e-14  LP_dual= 5.551115e-17  active_cuts=25  certified
  certificate  stage=STEP 4  complete  reason=step4_complete  wall=2.956380e-04s  cpu=2.960000e-04s  provider=0  solves=1  iterations=1

STEP 5
  certificate  stage=STEP 5 LOCAL  major=20  attempt=96  accepted  reason=success  P rel.=-5.437997e-09  objective=-2.900353e+01  upper=-2.900353e+01  gap=-3.552714e-15  wall=0.000000e+00s  cpu=0.000000e+00s  provider=0  solves=0  iterations=0
  certificate  stage=STEP 5  complete  reason=step5_complete  wall=2.595248e-02s  cpu=2.595300e-02s  provider=26  solves=1  iterations=20

STEP 6
  certificate  stage=STEP 6  complete  reason=candidate_set  wall=8.350000e-06s  cpu=8.000000e-06s  provider=0  solves=0  iterations=0

STEP 8
  certificate  stage=STEP 8  complete  reason=unchanged_problem_67  wall=1.280000e-06s  cpu=1.000000e-06s  provider=0  solves=0  iterations=0

STEP 7
  certificate  stage=STEP 7  complete  reason=continue_stage_ii  wall=8.400000e-07s  cpu=1.000000e-06s  provider=0  solves=0  iterations=0

STEP 4
  STAGE II STEP 4  major=21  upper=-2.900353e+01  LP_primal= 1.065814e-14  LP_dual= 6.938894e-18  active_cuts=26  certified
  certificate  stage=STEP 4  complete  reason=step4_complete  wall=2.821980e-04s  cpu=2.830000e-04s  provider=0  solves=1  iterations=1

STEP 5
  certificate  stage=STEP 5 LOCAL  major=21  attempt=97  accepted  reason=success  P rel.=-1.996674e-09  objective=-2.900353e+01  upper=-2.900353e+01  gap= 0.000000e+00  wall=0.000000e+00s  cpu=0.000000e+00s  provider=0  solves=0  iterations=0
  certificate  stage=STEP 5  complete  reason=step5_complete  wall=1.929840e-02s  cpu=1.927200e-02s  provider=19  solves=1  iterations=16

STEP 6
  certificate  stage=STEP 6  complete  reason=candidate_set  wall=8.440000e-06s  cpu=9.000000e-06s  provider=0  solves=0  iterations=0

STEP 8
  certificate  stage=STEP 8  complete  reason=unchanged_problem_67  wall=1.290000e-06s  cpu=1.000000e-06s  provider=0  solves=0  iterations=0

STEP 7
  certificate  stage=STEP 7  complete  reason=continue_stage_ii  wall=8.300000e-07s  cpu=1.000000e-06s  provider=0  solves=0  iterations=0

STEP 4
  STAGE II STEP 4  major=22  upper=-2.900353e+01  LP_primal= 1.065814e-14  LP_dual= 6.938894e-18  active_cuts=27  certified
  certificate  stage=STEP 4  complete  reason=step4_complete  wall=2.919290e-04s  cpu=2.930000e-04s  provider=0  solves=1  iterations=1

STEP 5
  certificate  stage=STEP 5 LOCAL  major=22  attempt=98  accepted  reason=success  P rel.= 8.690927e-14  objective=-2.606264e+01  upper=-2.900353e+01  gap=-2.940884e+00  wall=0.000000e+00s  cpu=0.000000e+00s  provider=0  solves=0  iterations=0
  certificate  stage=STEP 5 LOCAL  major=22  attempt=99  accepted  reason=success  P rel.= 5.717337e-14  objective=-2.606264e+01  upper=-2.900353e+01  gap=-2.940884e+00  wall=0.000000e+00s  cpu=0.000000e+00s  provider=0  solves=0  iterations=0
  certificate  stage=STEP 5 LOCAL  major=22  attempt=100  accepted  reason=success  P rel.= 5.573685e-14  objective=-2.606264e+01  upper=-2.900353e+01  gap=-2.940884e+00  wall=0.000000e+00s  cpu=0.000000e+00s  provider=0  solves=0  iterations=0
  certificate  stage=STEP 5 LOCAL  major=22  attempt=102  accepted  reason=success  P rel.= 5.329477e-14  objective=-2.606264e+01  upper=-2.900353e+01  gap=-2.940884e+00  wall=0.000000e+00s  cpu=0.000000e+00s  provider=0  solves=0  iterations=0
  certificate  stage=STEP 5 LOCAL  major=22  attempt=103  accepted  reason=success  P rel.= 5.975910e-14  objective=-2.606264e+01  upper=-2.900353e+01  gap=-2.940884e+00  wall=0.000000e+00s  cpu=0.000000e+00s  provider=0  solves=0  iterations=0
  certificate  stage=STEP 5 LOCAL  major=22  attempt=104  accepted  reason=success  P rel.=-2.002995e-09  objective=-2.900353e+01  upper=-2.900353e+01  gap= 3.552714e-15  wall=0.000000e+00s  cpu=0.000000e+00s  provider=0  solves=0  iterations=0
  certificate  stage=STEP 5  complete  reason=step5_complete  wall=1.522886e-01s  cpu=1.522840e-01s  provider=149  solves=7  iterations=136

STEP 6
  certificate  stage=STEP 6  complete  reason=candidate_set  wall=9.520000e-06s  cpu=1.000000e-05s  provider=0  solves=0  iterations=0

STEP 8
  certificate  stage=STEP 8  complete  reason=unchanged_problem_67  wall=1.470000e-06s  cpu=2.000000e-06s  provider=0  solves=0  iterations=0

STEP 7
  certificate  stage=STEP 7  complete  reason=continue_stage_ii  wall=8.200000e-07s  cpu=0.000000e+00s  provider=0  solves=0  iterations=0

STEP 4
  STAGE II STEP 4  major=23  upper=-2.900353e+01  LP_primal= 1.065814e-14  LP_dual= 6.938894e-18  active_cuts=28  certified
  certificate  stage=STEP 4  complete  reason=step4_complete  wall=3.155580e-04s  cpu=3.160000e-04s  provider=0  solves=1  iterations=1

STEP 5
  certificate  stage=STEP 5 LOCAL  major=23  attempt=105  accepted  reason=success  P rel.= 3.634388e-14  objective=-2.606264e+01  upper=-2.900353e+01  gap=-2.940884e+00  wall=0.000000e+00s  cpu=0.000000e+00s  provider=0  solves=0  iterations=0
  certificate  stage=STEP 5 LOCAL  major=23  attempt=106  accepted  reason=success  P rel.= 6.823455e-14  objective=-2.606264e+01  upper=-2.900353e+01  gap=-2.940884e+00  wall=0.000000e+00s  cpu=0.000000e+00s  provider=0  solves=0  iterations=0
  certificate  stage=STEP 5 LOCAL  major=23  attempt=107  accepted  reason=success  P rel.= 5.175770e-13  objective=-2.606264e+01  upper=-2.900353e+01  gap=-2.940884e+00  wall=0.000000e+00s  cpu=0.000000e+00s  provider=0  solves=0  iterations=0
  certificate  stage=STEP 5 LOCAL  major=23  attempt=108  accepted  reason=success  P rel.= 4.838189e-13  objective=-2.606264e+01  upper=-2.900353e+01  gap=-2.940884e+00  wall=0.000000e+00s  cpu=0.000000e+00s  provider=0  solves=0  iterations=0
  certificate  stage=STEP 5 LOCAL  major=23  attempt=109  accepted  reason=success  P rel.=-1.987326e-09  objective=-2.900353e+01  upper=-2.900353e+01  gap= 0.000000e+00  wall=0.000000e+00s  cpu=0.000000e+00s  provider=0  solves=0  iterations=0
  certificate  stage=STEP 5  complete  reason=step5_complete  wall=1.196052e-01s  cpu=1.195930e-01s  provider=117  solves=5  iterations=107

STEP 6
  certificate  stage=STEP 6  complete  reason=candidate_set  wall=9.590000e-06s  cpu=9.000000e-06s  provider=0  solves=0  iterations=0

STEP 8
  certificate  stage=STEP 8  complete  reason=unchanged_problem_67  wall=1.430000e-06s  cpu=1.000000e-06s  provider=0  solves=0  iterations=0

STEP 7
  certificate  stage=STEP 7  complete  reason=continue_stage_ii  wall=8.900000e-07s  cpu=1.000000e-06s  provider=0  solves=0  iterations=0

STEP 4
  STAGE II STEP 4  major=24  upper=-2.900353e+01  LP_primal= 1.065814e-14  LP_dual= 6.938894e-18  active_cuts=29  certified
  certificate  stage=STEP 4  complete  reason=step4_complete  wall=3.168690e-04s  cpu=3.170000e-04s  provider=0  solves=1  iterations=1

STEP 5
  certificate  stage=STEP 5 LOCAL  major=24  attempt=110  accepted  reason=success  P rel.= 5.717337e-14  objective=-2.606264e+01  upper=-2.900353e+01  gap=-2.940884e+00  wall=0.000000e+00s  cpu=0.000000e+00s  provider=0  solves=0  iterations=0
  certificate  stage=STEP 5 LOCAL  major=24  attempt=111  accepted  reason=success  P rel.= 7.225680e-14  objective=-2.606264e+01  upper=-2.900353e+01  gap=-2.940884e+00  wall=0.000000e+00s  cpu=0.000000e+00s  provider=0  solves=0  iterations=0
  certificate  stage=STEP 5 LOCAL  major=24  attempt=112  accepted  reason=success  P rel.= 5.487494e-14  objective=-2.606264e+01  upper=-2.900353e+01  gap=-2.940884e+00  wall=0.000000e+00s  cpu=0.000000e+00s  provider=0  solves=0  iterations=0
  certificate  stage=STEP 5 LOCAL  major=24  attempt=113  accepted  reason=success  P rel.= 8.216876e-14  objective=-2.606264e+01  upper=-2.900353e+01  gap=-2.940884e+00  wall=0.000000e+00s  cpu=0.000000e+00s  provider=0  solves=0  iterations=0
  certificate  stage=STEP 5 LOCAL  major=24  attempt=114  accepted  reason=success  P rel.= 5.228921e-14  objective=-2.606264e+01  upper=-2.900353e+01  gap=-2.940884e+00  wall=0.000000e+00s  cpu=0.000000e+00s  provider=0  solves=0  iterations=0
  certificate  stage=STEP 5 LOCAL  major=24  attempt=115  accepted  reason=success  P rel.= 4.927253e-14  objective=-2.606264e+01  upper=-2.900353e+01  gap=-2.940884e+00  wall=0.000000e+00s  cpu=0.000000e+00s  provider=0  solves=0  iterations=0
  certificate  stage=STEP 5 LOCAL  major=24  attempt=116  accepted  reason=success  P rel.=-1.978424e-09  objective=-2.900353e+01  upper=-2.900353e+01  gap=-3.552714e-15  wall=0.000000e+00s  cpu=0.000000e+00s  provider=0  solves=0  iterations=0
  certificate  stage=STEP 5  complete  reason=step5_complete  wall=1.589007e-01s  cpu=1.587900e-01s  provider=156  solves=7  iterations=140

STEP 6
  certificate  stage=STEP 6  complete  reason=candidate_set  wall=9.870000e-06s  cpu=1.000000e-05s  provider=0  solves=0  iterations=0

STEP 8
  certificate  stage=STEP 8  complete  reason=unchanged_problem_67  wall=1.440000e-06s  cpu=2.000000e-06s  provider=0  solves=0  iterations=0

STEP 7
  certificate  stage=STEP 7  complete  reason=continue_stage_ii  wall=9.100000e-07s  cpu=1.000000e-06s  provider=0  solves=0  iterations=0

STEP 4
  STAGE II STEP 4  major=25  upper=-2.900353e+01  LP_primal= 1.065814e-14  LP_dual= 6.938894e-18  active_cuts=30  certified
  certificate  stage=STEP 4  complete  reason=step4_complete  wall=3.179480e-04s  cpu=3.190000e-04s  provider=0  solves=1  iterations=1

STEP 5
  certificate  stage=STEP 5 LOCAL  major=25  attempt=117  accepted  reason=success  P rel.= 6.866550e-14  objective=-2.606264e+01  upper=-2.900353e+01  gap=-2.940884e+00  wall=0.000000e+00s  cpu=0.000000e+00s  provider=0  solves=0  iterations=0
  certificate  stage=STEP 5 LOCAL  major=25  attempt=118  accepted  reason=success  P rel.= 4.698846e-13  objective=-2.606264e+01  upper=-2.900353e+01  gap=-2.940884e+00  wall=0.000000e+00s  cpu=0.000000e+00s  provider=0  solves=0  iterations=0
  certificate  stage=STEP 5 LOCAL  major=25  attempt=119  accepted  reason=success  P rel.= 5.300747e-14  objective=-2.606264e+01  upper=-2.900353e+01  gap=-2.940884e+00  wall=0.000000e+00s  cpu=0.000000e+00s  provider=0  solves=0  iterations=0
  certificate  stage=STEP 5 LOCAL  major=25  attempt=120  accepted  reason=success  P rel.= 7.202695e-13  objective=-2.606264e+01  upper=-2.900353e+01  gap=-2.940884e+00  wall=0.000000e+00s  cpu=0.000000e+00s  provider=0  solves=0  iterations=0
  certificate  stage=STEP 5 LOCAL  major=25  attempt=121  accepted  reason=success  P rel.= 5.588050e-14  objective=-2.606264e+01  upper=-2.900353e+01  gap=-2.940884e+00  wall=0.000000e+00s  cpu=0.000000e+00s  provider=0  solves=0  iterations=0
  certificate  stage=STEP 5 LOCAL  major=25  attempt=122  accepted  reason=success  P rel.=-2.005043e-09  objective=-2.900353e+01  upper=-2.900353e+01  gap= 0.000000e+00  wall=0.000000e+00s  cpu=0.000000e+00s  provider=0  solves=0  iterations=0
  certificate  stage=STEP 5  complete  reason=step5_complete  wall=1.406272e-01s  cpu=1.406080e-01s  provider=136  solves=6  iterations=129

STEP 6
  certificate  stage=STEP 6  complete  reason=candidate_set  wall=1.051000e-05s  cpu=1.000000e-05s  provider=0  solves=0  iterations=0

STEP 8
  certificate  stage=STEP 8  complete  reason=unchanged_problem_67  wall=2.000000e-06s  cpu=2.000000e-06s  provider=0  solves=0  iterations=0

STEP 7
  certificate  stage=STEP 7  complete  reason=continue_stage_ii  wall=9.100000e-07s  cpu=1.000000e-06s  provider=0  solves=0  iterations=0

STEP 4
  STAGE II STEP 4  major=26  upper=-2.900353e+01  LP_primal= 1.065814e-14  LP_dual= 6.938894e-18  active_cuts=31  certified
  certificate  stage=STEP 4  complete  reason=step4_complete  wall=3.620380e-04s  cpu=3.630000e-04s  provider=0  solves=1  iterations=1

STEP 5
  certificate  stage=STEP 5 LOCAL  major=26  attempt=123  accepted  reason=success  P rel.= 6.995837e-14  objective=-2.606264e+01  upper=-2.900353e+01  gap=-2.940884e+00  wall=0.000000e+00s  cpu=0.000000e+00s  provider=0  solves=0  iterations=0
  certificate  stage=STEP 5 LOCAL  major=26  attempt=124  accepted  reason=success  P rel.= 4.970348e-14  objective=-2.606264e+01  upper=-2.900353e+01  gap=-2.940884e+00  wall=0.000000e+00s  cpu=0.000000e+00s  provider=0  solves=0  iterations=0
  certificate  stage=STEP 5 LOCAL  major=26  attempt=125  accepted  reason=success  P rel.=-1.995873e-09  objective=-2.900353e+01  upper=-2.900353e+01  gap=-3.552714e-15  wall=0.000000e+00s  cpu=0.000000e+00s  provider=0  solves=0  iterations=0
  certificate  stage=STEP 5  complete  reason=step5_complete  wall=7.555569e-02s  cpu=7.555700e-02s  provider=73  solves=3  iterations=66

STEP 6
  certificate  stage=STEP 6  complete  reason=candidate_set  wall=9.910000e-06s  cpu=1.000000e-05s  provider=0  solves=0  iterations=0

STEP 8
  certificate  stage=STEP 8  complete  reason=unchanged_problem_67  wall=1.490000e-06s  cpu=1.000000e-06s  provider=0  solves=0  iterations=0

STEP 7
  certificate  stage=STEP 7  complete  reason=continue_stage_ii  wall=8.800000e-07s  cpu=0.000000e+00s  provider=0  solves=0  iterations=0

STEP 4
  STAGE II STEP 4  major=27  upper=-2.900353e+01  LP_primal= 1.065814e-14  LP_dual= 6.938894e-18  active_cuts=32  certified
  certificate  stage=STEP 4  complete  reason=step4_complete  wall=2.887790e-04s  cpu=2.890000e-04s  provider=0  solves=1  iterations=1

STEP 5
  certificate  stage=STEP 5 LOCAL  major=27  attempt=126  accepted  reason=success  P rel.= 4.381376e-14  objective=-2.606264e+01  upper=-2.900353e+01  gap=-2.940884e+00  wall=0.000000e+00s  cpu=0.000000e+00s  provider=0  solves=0  iterations=0
  certificate  stage=STEP 5 LOCAL  major=27  attempt=127  accepted  reason=success  P rel.= 6.880915e-14  objective=-2.606264e+01  upper=-2.900353e+01  gap=-2.940884e+00  wall=0.000000e+00s  cpu=0.000000e+00s  provider=0  solves=0  iterations=0
  certificate  stage=STEP 5 LOCAL  major=27  attempt=128  accepted  reason=success  P rel.= 6.306309e-14  objective=-2.606264e+01  upper=-2.900353e+01  gap=-2.940884e+00  wall=0.000000e+00s  cpu=0.000000e+00s  provider=0  solves=0  iterations=0
  certificate  stage=STEP 5 LOCAL  major=27  attempt=129  accepted  reason=success  P rel.=-1.995428e-09  objective=-2.900353e+01  upper=-2.900353e+01  gap=-3.552714e-15  wall=0.000000e+00s  cpu=0.000000e+00s  provider=0  solves=0  iterations=0
  certificate  stage=STEP 5  complete  reason=step5_complete  wall=8.989094e-02s  cpu=8.988300e-02s  provider=87  solves=4  iterations=81

STEP 6
  certificate  stage=STEP 6  complete  reason=candidate_set  wall=1.049000e-05s  cpu=1.100000e-05s  provider=0  solves=0  iterations=0

STEP 8
  certificate  stage=STEP 8  complete  reason=unchanged_problem_67  wall=1.560000e-06s  cpu=2.000000e-06s  provider=0  solves=0  iterations=0

STEP 7
  certificate  stage=STEP 7  complete  reason=continue_stage_ii  wall=8.900000e-07s  cpu=0.000000e+00s  provider=0  solves=0  iterations=0

STEP 4
  STAGE II STEP 4  major=28  upper=-2.900353e+01  LP_primal= 1.065814e-14  LP_dual= 6.938894e-18  active_cuts=33  certified
  certificate  stage=STEP 4  complete  reason=step4_complete  wall=3.199290e-04s  cpu=3.210000e-04s  provider=0  solves=1  iterations=1

STEP 5
  certificate  stage=STEP 5 LOCAL  major=28  attempt=130  accepted  reason=success  P rel.= 6.866550e-14  objective=-2.606264e+01  upper=-2.900353e+01  gap=-2.940884e+00  wall=0.000000e+00s  cpu=0.000000e+00s  provider=0  solves=0  iterations=0
  certificate  stage=STEP 5 LOCAL  major=28  attempt=131  accepted  reason=success  P rel.=-1.985902e-09  objective=-2.900353e+01  upper=-2.900353e+01  gap= 0.000000e+00  wall=0.000000e+00s  cpu=0.000000e+00s  provider=0  solves=0  iterations=0
  certificate  stage=STEP 5  complete  reason=step5_complete  wall=5.373065e-02s  cpu=5.372300e-02s  provider=53  solves=2  iterations=43

STEP 6
  certificate  stage=STEP 6  complete  reason=candidate_set  wall=1.054000e-05s  cpu=1.000000e-05s  provider=0  solves=0  iterations=0

STEP 8
  certificate  stage=STEP 8  complete  reason=unchanged_problem_67  wall=1.490000e-06s  cpu=1.000000e-06s  provider=0  solves=0  iterations=0

STEP 7
  certificate  stage=STEP 7  complete  reason=continue_stage_ii  wall=8.200000e-07s  cpu=1.000000e-06s  provider=0  solves=0  iterations=0

STEP 4
  STAGE II STEP 4  major=29  upper=-2.900353e+01  LP_primal= 1.065814e-14  LP_dual= 6.938894e-18  active_cuts=34  certified
  certificate  stage=STEP 4  complete  reason=step4_complete  wall=3.004590e-04s  cpu=3.000000e-04s  provider=0  solves=1  iterations=1

STEP 5
  certificate  stage=STEP 5 LOCAL  major=29  attempt=132  accepted  reason=success  P rel.= 4.984713e-14  objective=-2.606264e+01  upper=-2.900353e+01  gap=-2.940884e+00  wall=0.000000e+00s  cpu=0.000000e+00s  provider=0  solves=0  iterations=0
  certificate  stage=STEP 5 LOCAL  major=29  attempt=133  accepted  reason=success  P rel.=-1.990976e-09  objective=-2.900353e+01  upper=-2.900353e+01  gap= 0.000000e+00  wall=0.000000e+00s  cpu=0.000000e+00s  provider=0  solves=0  iterations=0
  certificate  stage=STEP 5  complete  reason=step5_complete  wall=4.466330e-02s  cpu=4.465500e-02s  provider=43  solves=2  iterations=38

STEP 6
  certificate  stage=STEP 6  complete  reason=candidate_set  wall=1.111000e-05s  cpu=1.100000e-05s  provider=0  solves=0  iterations=0

STEP 8
  certificate  stage=STEP 8  complete  reason=unchanged_problem_67  wall=1.450000e-06s  cpu=2.000000e-06s  provider=0  solves=0  iterations=0

STEP 7
  certificate  stage=STEP 7  complete  reason=continue_stage_ii  wall=9.100000e-07s  cpu=1.000000e-06s  provider=0  solves=0  iterations=0

STEP 4
  STAGE II STEP 4  major=30  upper=-2.900353e+01  LP_primal= 1.065814e-14  LP_dual= 6.938894e-18  active_cuts=35  certified
  certificate  stage=STEP 4  complete  reason=step4_complete  wall=3.149790e-04s  cpu=3.150000e-04s  provider=0  solves=1  iterations=1

STEP 5
  certificate  stage=STEP 5 LOCAL  major=30  attempt=134  accepted  reason=success  P rel.= 5.860989e-14  objective=-2.606264e+01  upper=-2.900353e+01  gap=-2.940884e+00  wall=0.000000e+00s  cpu=0.000000e+00s  provider=0  solves=0  iterations=0
  certificate  stage=STEP 5 LOCAL  major=30  attempt=135  accepted  reason=success  P rel.=-1.993914e-09  objective=-2.900353e+01  upper=-2.900353e+01  gap= 0.000000e+00  wall=0.000000e+00s  cpu=0.000000e+00s  provider=0  solves=0  iterations=0
  certificate  stage=STEP 5  complete  reason=step5_complete  wall=4.457335e-02s  cpu=4.457400e-02s  provider=42  solves=2  iterations=38

STEP 6
  certificate  stage=STEP 6  complete  reason=candidate_set  wall=1.172000e-05s  cpu=1.100000e-05s  provider=0  solves=0  iterations=0

STEP 8
  certificate  stage=STEP 8  complete  reason=unchanged_problem_67  wall=1.690000e-06s  cpu=1.000000e-06s  provider=0  solves=0  iterations=0

STEP 7
  certificate  stage=STEP 7  complete  reason=continue_stage_ii  wall=8.900000e-07s  cpu=1.000000e-06s  provider=0  solves=0  iterations=0

STEP 4
  STAGE II STEP 4  major=31  upper=-2.900353e+01  LP_primal= 1.065814e-14  LP_dual= 6.938894e-18  active_cuts=36  certified
  certificate  stage=STEP 4  complete  reason=step4_complete  wall=3.211880e-04s  cpu=3.210000e-04s  provider=0  solves=1  iterations=1

STEP 5
  certificate  stage=STEP 5 LOCAL  major=31  attempt=137  accepted  reason=success  P rel.= 3.677483e-14  objective=-2.606264e+01  upper=-2.900353e+01  gap=-2.940884e+00  wall=0.000000e+00s  cpu=0.000000e+00s  provider=0  solves=0  iterations=0
  certificate  stage=STEP 5 LOCAL  major=31  attempt=138  accepted  reason=success  P rel.= 7.290323e-13  objective=-2.606264e+01  upper=-2.900353e+01  gap=-2.940884e+00  wall=0.000000e+00s  cpu=0.000000e+00s  provider=0  solves=0  iterations=0
  certificate  stage=STEP 5 LOCAL  major=31  attempt=139  accepted  reason=success  P rel.= 3.505101e-14  objective=-2.606264e+01  upper=-2.900353e+01  gap=-2.940884e+00  wall=0.000000e+00s  cpu=0.000000e+00s  provider=0  solves=0  iterations=0
  certificate  stage=STEP 5 LOCAL  major=31  attempt=141  accepted  reason=success  P rel.= 6.866550e-14  objective=-2.606264e+01  upper=-2.900353e+01  gap=-2.940884e+00  wall=0.000000e+00s  cpu=0.000000e+00s  provider=0  solves=0  iterations=0
  certificate  stage=STEP 5 LOCAL  major=31  attempt=142  accepted  reason=success  P rel.= 4.668680e-14  objective=-2.606264e+01  upper=-2.900353e+01  gap=-2.940884e+00  wall=0.000000e+00s  cpu=0.000000e+00s  provider=0  solves=0  iterations=0
  certificate  stage=STEP 5 LOCAL  major=31  attempt=143  accepted  reason=success  P rel.= 7.987033e-14  objective=-2.606264e+01  upper=-2.900353e+01  gap=-2.940884e+00  wall=0.000000e+00s  cpu=0.000000e+00s  provider=0  solves=0  iterations=0
  certificate  stage=STEP 5 LOCAL  major=31  attempt=144  accepted  reason=success  P rel.=-1.987860e-09  objective=-2.900353e+01  upper=-2.900353e+01  gap= 0.000000e+00  wall=0.000000e+00s  cpu=0.000000e+00s  provider=0  solves=0  iterations=0
  certificate  stage=STEP 5  complete  reason=step5_complete  wall=1.553847e-01s  cpu=1.553720e-01s  provider=154  solves=9  iterations=139

STEP 6
  certificate  stage=STEP 6  complete  reason=candidate_set  wall=1.275000e-05s  cpu=1.300000e-05s  provider=0  solves=0  iterations=0

STEP 8
  certificate  stage=STEP 8  complete  reason=unchanged_problem_67  wall=1.640000e-06s  cpu=2.000000e-06s  provider=0  solves=0  iterations=0

STEP 7
  certificate  stage=STEP 7  complete  reason=continue_stage_ii  wall=9.000000e-07s  cpu=1.000000e-06s  provider=0  solves=0  iterations=0

STEP 4
  STAGE II STEP 4  major=32  upper=-2.900353e+01  LP_primal= 1.065814e-14  LP_dual= 6.938894e-18  active_cuts=37  certified
  certificate  stage=STEP 4  complete  reason=step4_complete  wall=3.783280e-04s  cpu=3.790000e-04s  provider=0  solves=1  iterations=1

STEP 5
  certificate  stage=STEP 5 LOCAL  major=32  attempt=145  accepted  reason=success  P rel.= 4.050977e-14  objective=-2.606264e+01  upper=-2.900353e+01  gap=-2.940884e+00  wall=0.000000e+00s  cpu=0.000000e+00s  provider=0  solves=0  iterations=0
  certificate  stage=STEP 5 LOCAL  major=32  attempt=146  accepted  reason=success  P rel.=-1.998188e-09  objective=-2.900353e+01  upper=-2.900353e+01  gap= 0.000000e+00  wall=0.000000e+00s  cpu=0.000000e+00s  provider=0  solves=0  iterations=0
  certificate  stage=STEP 5  complete  reason=step5_complete  wall=4.376342e-02s  cpu=4.376500e-02s  provider=41  solves=2  iterations=39

STEP 6
  certificate  stage=STEP 6  complete  reason=candidate_set  wall=1.130000e-05s  cpu=1.200000e-05s  provider=0  solves=0  iterations=0

STEP 8
  certificate  stage=STEP 8  complete  reason=unchanged_problem_67  wall=1.900000e-06s  cpu=2.000000e-06s  provider=0  solves=0  iterations=0

STEP 7
  certificate  stage=STEP 7  complete  reason=continue_stage_ii  wall=1.050000e-06s  cpu=1.000000e-06s  provider=0  solves=0  iterations=0

STEP 4
  STAGE II STEP 4  major=33  upper=-2.900353e+01  LP_primal= 1.065814e-14  LP_dual= 6.938894e-18  active_cuts=38  certified
  certificate  stage=STEP 4  complete  reason=step4_complete  wall=3.619180e-04s  cpu=3.620000e-04s  provider=0  solves=1  iterations=1

STEP 5
  certificate  stage=STEP 5 LOCAL  major=33  attempt=147  accepted  reason=success  P rel.= 5.631146e-14  objective=-2.606264e+01  upper=-2.900353e+01  gap=-2.940884e+00  wall=0.000000e+00s  cpu=0.000000e+00s  provider=0  solves=0  iterations=0
  certificate  stage=STEP 5 LOCAL  major=33  attempt=148  accepted  reason=success  P rel.= 5.727392e-13  objective=-2.606264e+01  upper=-2.900353e+01  gap=-2.940884e+00  wall=0.000000e+00s  cpu=0.000000e+00s  provider=0  solves=0  iterations=0
  certificate  stage=STEP 5 LOCAL  major=33  attempt=149  accepted  reason=success  P rel.=-1.995250e-09  objective=-2.900353e+01  upper=-2.900353e+01  gap=-3.552714e-15  wall=0.000000e+00s  cpu=0.000000e+00s  provider=0  solves=0  iterations=0
  certificate  stage=STEP 5  complete  reason=step5_complete  wall=7.269456e-02s  cpu=7.269500e-02s  provider=70  solves=3  iterations=64

STEP 6
  certificate  stage=STEP 6  complete  reason=candidate_set  wall=1.235000e-05s  cpu=1.200000e-05s  provider=0  solves=0  iterations=0

STEP 8
  certificate  stage=STEP 8  complete  reason=unchanged_problem_67  wall=1.650000e-06s  cpu=2.000000e-06s  provider=0  solves=0  iterations=0

STEP 7
  certificate  stage=STEP 7  complete  reason=continue_stage_ii  wall=9.000000e-07s  cpu=1.000000e-06s  provider=0  solves=0  iterations=0

STEP 4
  STAGE II STEP 4  major=34  upper=-2.900353e+01  LP_primal= 1.065814e-14  LP_dual= 6.938894e-18  active_cuts=39  certified
  certificate  stage=STEP 4  complete  reason=step4_complete  wall=3.519180e-04s  cpu=3.520000e-04s  provider=0  solves=1  iterations=1

STEP 5
  certificate  stage=STEP 5 LOCAL  major=34  attempt=151  accepted  reason=success  P rel.= 5.860989e-14  objective=-2.606264e+01  upper=-2.900353e+01  gap=-2.940884e+00  wall=0.000000e+00s  cpu=0.000000e+00s  provider=0  solves=0  iterations=0
  certificate  stage=STEP 5 LOCAL  major=34  attempt=152  accepted  reason=success  P rel.=-2.003529e-09  objective=-2.900353e+01  upper=-2.900353e+01  gap= 0.000000e+00  wall=0.000000e+00s  cpu=0.000000e+00s  provider=0  solves=0  iterations=0
  certificate  stage=STEP 5  complete  reason=step5_complete  wall=5.399162e-02s  cpu=5.399300e-02s  provider=54  solves=3  iterations=46

STEP 6
  certificate  stage=STEP 6  complete  reason=candidate_set  wall=1.273000e-05s  cpu=1.300000e-05s  provider=0  solves=0  iterations=0

STEP 8
  certificate  stage=STEP 8  complete  reason=unchanged_problem_67  wall=1.610000e-06s  cpu=1.000000e-06s  provider=0  solves=0  iterations=0

STEP 7
  certificate  stage=STEP 7  complete  reason=continue_stage_ii  wall=8.900000e-07s  cpu=0.000000e+00s  provider=0  solves=0  iterations=0

STEP 4
  STAGE II STEP 4  major=35  upper=-2.900353e+01  LP_primal= 1.065814e-14  LP_dual= 6.938894e-18  active_cuts=40  certified
  certificate  stage=STEP 4  complete  reason=step4_complete  wall=3.331580e-04s  cpu=3.330000e-04s  provider=0  solves=1  iterations=1

STEP 5
  certificate  stage=STEP 5 LOCAL  major=35  attempt=153  accepted  reason=success  P rel.= 6.536151e-14  objective=-2.606264e+01  upper=-2.900353e+01  gap=-2.940884e+00  wall=0.000000e+00s  cpu=0.000000e+00s  provider=0  solves=0  iterations=0
  certificate  stage=STEP 5 LOCAL  major=35  attempt=154  accepted  reason=success  P rel.=-2.006467e-09  objective=-2.900353e+01  upper=-2.900353e+01  gap= 0.000000e+00  wall=0.000000e+00s  cpu=0.000000e+00s  provider=0  solves=0  iterations=0
  certificate  stage=STEP 5  complete  reason=step5_complete  wall=4.265307e-02s  cpu=4.265400e-02s  provider=41  solves=2  iterations=38

STEP 6
  certificate  stage=STEP 6  complete  reason=candidate_set  wall=1.294000e-05s  cpu=1.200000e-05s  provider=0  solves=0  iterations=0

STEP 8
  certificate  stage=STEP 8  complete  reason=unchanged_problem_67  wall=1.810000e-06s  cpu=2.000000e-06s  provider=0  solves=0  iterations=0

STEP 7
  certificate  stage=STEP 7  complete  reason=continue_stage_ii  wall=9.100000e-07s  cpu=1.000000e-06s  provider=0  solves=0  iterations=0

STEP 4
  STAGE II STEP 4  major=36  upper=-2.900353e+01  LP_primal= 1.065814e-14  LP_dual= 6.938894e-18  active_cuts=41  certified
  certificate  stage=STEP 4  complete  reason=step4_complete  wall=3.634080e-04s  cpu=3.640000e-04s  provider=0  solves=1  iterations=1

STEP 5
  certificate  stage=STEP 5 LOCAL  major=36  attempt=155  accepted  reason=success  P rel.= 7.383696e-14  objective=-2.606264e+01  upper=-2.900353e+01  gap=-2.940884e+00  wall=0.000000e+00s  cpu=0.000000e+00s  provider=0  solves=0  iterations=0
  certificate  stage=STEP 5 LOCAL  major=36  attempt=156  accepted  reason=success  P rel.= 8.647831e-14  objective=-2.606264e+01  upper=-2.900353e+01  gap=-2.940884e+00  wall=0.000000e+00s  cpu=0.000000e+00s  provider=0  solves=0  iterations=0
  certificate  stage=STEP 5 LOCAL  major=36  attempt=157  accepted  reason=success  P rel.= 4.582489e-14  objective=-2.606264e+01  upper=-2.900353e+01  gap=-2.940884e+00  wall=0.000000e+00s  cpu=0.000000e+00s  provider=0  solves=0  iterations=0
  certificate  stage=STEP 5 LOCAL  major=36  attempt=158  accepted  reason=success  P rel.= 8.633466e-14  objective=-2.606264e+01  upper=-2.900353e+01  gap=-2.940884e+00  wall=0.000000e+00s  cpu=0.000000e+00s  provider=0  solves=0  iterations=0
  certificate  stage=STEP 5 LOCAL  major=36  attempt=159  accepted  reason=success  P rel.=-6.753600e-08  objective=-2.904394e+01  upper=-2.900353e+01  gap= 4.041297e-02  wall=0.000000e+00s  cpu=0.000000e+00s  provider=0  solves=0  iterations=0
  certificate  stage=STEP 5  complete  reason=step5_complete  wall=1.168862e-01s  cpu=1.168410e-01s  provider=114  solves=5  iterations=105

STEP 6
  certificate  stage=STEP 6  complete  reason=candidate_set  wall=1.197000e-05s  cpu=1.200000e-05s  provider=0  solves=0  iterations=0

STEP 8
  certificate  stage=STEP 8  complete  reason=unchanged_problem_67  wall=1.300000e-06s  cpu=2.000000e-06s  provider=0  solves=0  iterations=0

STEP 7
  certificate  stage=STEP 7  complete  reason=continue_stage_ii  wall=9.000000e-07s  cpu=1.000000e-06s  provider=0  solves=0  iterations=0

STEP 4
  STAGE II STEP 4  major=37  upper=-2.902716e+01  LP_primal= 7.105427e-15  LP_dual= 1.387779e-17  active_cuts=42  certified
  certificate  stage=STEP 4  complete  reason=step4_complete  wall=3.027980e-04s  cpu=3.040000e-04s  provider=0  solves=1  iterations=1

STEP 5
  certificate  stage=STEP 5 LOCAL  major=37  attempt=160  accepted  reason=success  P rel.= 5.904084e-14  objective=-2.609567e+01  upper=-2.902716e+01  gap=-2.931483e+00  wall=0.000000e+00s  cpu=0.000000e+00s  provider=0  solves=0  iterations=0
  certificate  stage=STEP 5 LOCAL  major=37  attempt=161  accepted  reason=success  P rel.=-1.585683e-09  objective=-2.904333e+01  upper=-2.902716e+01  gap= 1.617219e-02  wall=0.000000e+00s  cpu=0.000000e+00s  provider=0  solves=0  iterations=0
  certificate  stage=STEP 5  complete  reason=step5_complete  wall=4.597582e-02s  cpu=4.597600e-02s  provider=45  solves=2  iterations=41

STEP 6
  certificate  stage=STEP 6  complete  reason=candidate_set  wall=1.185000e-05s  cpu=1.200000e-05s  provider=0  solves=0  iterations=0

STEP 8
  certificate  stage=STEP 8  complete  reason=step8_complete  wall=9.282062e-02s  cpu=9.281300e-02s  provider=218  solves=2  iterations=17

STEP 9
  certificate  stage=STEP 9  failed  objective=-2.902766e+01  upper=-2.902716e+01  gap= 5.000070e-04  wall=0.000000e+00s  cpu=0.000000e+00s  provider=0  solves=0  iterations=0
  certificate  stage=STEP 9  complete  reason=paper_free_energy_convergence_failed  wall=2.292058e-03s  cpu=2.293000e-03s  provider=3  solves=0  iterations=0

STEP 7
  certificate  stage=STEP 7  complete  reason=continue_stage_ii  wall=1.000000e-06s  cpu=1.000000e-06s  provider=0  solves=0  iterations=0

STEP 4
  STAGE II STEP 4  major=38  upper=-2.902937e+01  LP_primal= 0.000000e+00  LP_dual= 6.938894e-18  active_cuts=43  certified
  certificate  stage=STEP 4  complete  reason=step4_complete  wall=3.120890e-04s  cpu=3.120000e-04s  provider=0  solves=1  iterations=1

STEP 5
  certificate  stage=STEP 5 LOCAL  major=38  attempt=162  accepted  reason=success  P rel.= 5.832258e-14  objective=-2.606424e+01  upper=-2.902937e+01  gap=-2.965132e+00  wall=0.000000e+00s  cpu=0.000000e+00s  provider=0  solves=0  iterations=0
  certificate  stage=STEP 5 LOCAL  major=38  attempt=163  accepted  reason=success  P rel.= 1.811448e-13  objective=-2.606424e+01  upper=-2.902937e+01  gap=-2.965132e+00  wall=0.000000e+00s  cpu=0.000000e+00s  provider=0  solves=0  iterations=0
  certificate  stage=STEP 5 LOCAL  major=38  attempt=164  accepted  reason=success  P rel.= 5.315112e-14  objective=-2.606424e+01  upper=-2.902937e+01  gap=-2.965132e+00  wall=0.000000e+00s  cpu=0.000000e+00s  provider=0  solves=0  iterations=0
  certificate  stage=STEP 5 LOCAL  major=38  attempt=165  accepted  reason=success  P rel.= 7.038932e-14  objective=-2.606424e+01  upper=-2.902937e+01  gap=-2.965132e+00  wall=0.000000e+00s  cpu=0.000000e+00s  provider=0  solves=0  iterations=0
  certificate  stage=STEP 5 LOCAL  major=38  attempt=166  accepted  reason=success  P rel.= 4.746252e-13  objective=-2.606424e+01  upper=-2.902937e+01  gap=-2.965132e+00  wall=0.000000e+00s  cpu=0.000000e+00s  provider=0  solves=0  iterations=0
  certificate  stage=STEP 5 LOCAL  major=38  attempt=167  accepted  reason=success  P rel.=-1.737340e-09  objective=-2.903333e+01  upper=-2.902937e+01  gap= 3.962079e-03  wall=0.000000e+00s  cpu=0.000000e+00s  provider=0  solves=0  iterations=0
  certificate  stage=STEP 5  complete  reason=step5_complete  wall=1.479563e-01s  cpu=1.479300e-01s  provider=143  solves=6  iterations=135

STEP 6
  certificate  stage=STEP 6  complete  reason=candidate_set  wall=1.244000e-05s  cpu=1.200000e-05s  provider=0  solves=0  iterations=0

STEP 8
  certificate  stage=STEP 8  complete  reason=step8_complete  wall=6.226336e-02s  cpu=6.226500e-02s  provider=135  solves=1  iterations=16

STEP 9
  certificate  stage=STEP 9  failed  objective=-2.903048e+01  upper=-2.902937e+01  gap= 1.115522e-03  wall=0.000000e+00s  cpu=0.000000e+00s  provider=0  solves=0  iterations=0
  certificate  stage=STEP 9  complete  reason=paper_free_energy_convergence_failed  wall=2.233108e-03s  cpu=2.233000e-03s  provider=3  solves=0  iterations=0

STEP 7
  certificate  stage=STEP 7  complete  reason=continue_stage_ii  wall=1.200000e-06s  cpu=1.000000e-06s  provider=0  solves=0  iterations=0

STEP 4
  STAGE II STEP 4  major=39  upper=-2.903044e+01  LP_primal= 3.552714e-15  LP_dual= 2.775558e-17  active_cuts=44  certified
  certificate  stage=STEP 4  complete  reason=step4_complete  wall=3.440680e-04s  cpu=3.440000e-04s  provider=0  solves=1  iterations=1

STEP 5
  certificate  stage=STEP 5 LOCAL  major=39  attempt=169  accepted  reason=success  P rel.= 6.579247e-14  objective=-2.605137e+01  upper=-2.903044e+01  gap=-2.979074e+00  wall=0.000000e+00s  cpu=0.000000e+00s  provider=0  solves=0  iterations=0
  certificate  stage=STEP 5 LOCAL  major=39  attempt=170  accepted  reason=success  P rel.=-1.864648e-09  objective=-2.903144e+01  upper=-2.903044e+01  gap= 9.929583e-04  wall=0.000000e+00s  cpu=0.000000e+00s  provider=0  solves=0  iterations=0
  certificate  stage=STEP 5  complete  reason=step5_complete  wall=5.084548e-02s  cpu=5.084200e-02s  provider=51  solves=3  iterations=45

STEP 6
  certificate  stage=STEP 6  complete  reason=candidate_set  wall=1.395000e-05s  cpu=1.400000e-05s  provider=0  solves=0  iterations=0

STEP 8
  certificate  stage=STEP 8  complete  reason=step8_complete  wall=1.101625e-01s  cpu=1.101260e-01s  provider=302  solves=2  iterations=25

STEP 9
  certificate  stage=STEP 9  failed  objective=-2.903059e+01  upper=-2.903044e+01  gap= 1.456360e-04  wall=0.000000e+00s  cpu=0.000000e+00s  provider=0  solves=0  iterations=0
  certificate  stage=STEP 9  complete  reason=paper_free_energy_convergence_failed  wall=2.264557e-03s  cpu=2.265000e-03s  provider=3  solves=0  iterations=0

STEP 7
  certificate  stage=STEP 7  complete  reason=continue_stage_ii  wall=1.040000e-06s  cpu=1.000000e-06s  provider=0  solves=0  iterations=0

STEP 4
  STAGE II STEP 4  major=40  upper=-2.903050e+01  LP_primal= 7.105427e-15  LP_dual= 2.775558e-17  active_cuts=45  certified
  certificate  stage=STEP 4  complete  reason=step4_complete  wall=3.101080e-04s  cpu=3.100000e-04s  provider=0  solves=1  iterations=1

STEP 5
  certificate  stage=STEP 5 LOCAL  major=40  attempt=171  accepted  reason=success  P rel.= 5.315112e-14  objective=-2.605885e+01  upper=-2.903050e+01  gap=-2.971648e+00  wall=0.000000e+00s  cpu=0.000000e+00s  provider=0  solves=0  iterations=0
  certificate  stage=STEP 5 LOCAL  major=40  attempt=172  accepted  reason=success  P rel.= 7.297505e-14  objective=-2.605885e+01  upper=-2.903050e+01  gap=-2.971648e+00  wall=0.000000e+00s  cpu=0.000000e+00s  provider=0  solves=0  iterations=0
  certificate  stage=STEP 5 LOCAL  major=40  attempt=173  accepted  reason=success  P rel.= 7.369331e-14  objective=-2.605885e+01  upper=-2.903050e+01  gap=-2.971648e+00  wall=0.000000e+00s  cpu=0.000000e+00s  provider=0  solves=0  iterations=0
  certificate  stage=STEP 5 LOCAL  major=40  attempt=174  accepted  reason=success  P rel.=-1.805712e-09  objective=-2.903075e+01  upper=-2.903050e+01  gap= 2.494954e-04  wall=0.000000e+00s  cpu=0.000000e+00s  provider=0  solves=0  iterations=0
  certificate  stage=STEP 5  complete  reason=step5_complete  wall=8.836504e-02s  cpu=8.834400e-02s  provider=87  solves=4  iterations=77

STEP 6
  certificate  stage=STEP 6  complete  reason=candidate_set  wall=1.300000e-05s  cpu=1.300000e-05s  provider=0  solves=0  iterations=0

STEP 8
  certificate  stage=STEP 8  complete  reason=step8_complete  wall=8.800999e-02s  cpu=8.800500e-02s  provider=210  solves=2  iterations=19

STEP 9
  certificate  stage=STEP 9  failed  objective=-2.903064e+01  upper=-2.903050e+01  gap= 1.408972e-04  wall=0.000000e+00s  cpu=0.000000e+00s  provider=0  solves=0  iterations=0
  certificate  stage=STEP 9  complete  reason=paper_free_energy_convergence_failed  wall=2.256268e-03s  cpu=2.257000e-03s  provider=3  solves=0  iterations=0

STEP 7
  certificate  stage=STEP 7  complete  reason=continue_stage_ii  wall=8.600000e-07s  cpu=1.000000e-06s  provider=0  solves=0  iterations=0

STEP 4
  STAGE II STEP 4  major=41  upper=-2.903053e+01  LP_primal= 3.552714e-15  LP_dual= 1.040834e-17  active_cuts=46  certified
  certificate  stage=STEP 4  complete  reason=step4_complete  wall=3.132190e-04s  cpu=3.130000e-04s  provider=0  solves=1  iterations=1

STEP 5
  certificate  stage=STEP 5 LOCAL  major=41  attempt=175  accepted  reason=success  P rel.=-1.775621e-09  objective=-2.903060e+01  upper=-2.903053e+01  gap= 6.266624e-05  wall=0.000000e+00s  cpu=0.000000e+00s  provider=0  solves=0  iterations=0
  certificate  stage=STEP 5  complete  reason=step5_complete  wall=2.727058e-02s  cpu=2.727200e-02s  provider=27  solves=1  iterations=22

STEP 6
  certificate  stage=STEP 6  complete  reason=candidate_set  wall=1.290000e-05s  cpu=1.200000e-05s  provider=0  solves=0  iterations=0

STEP 8
  certificate  stage=STEP 8  complete  reason=step8_complete  wall=8.478400e-02s  cpu=8.477400e-02s  provider=210  solves=2  iterations=18

STEP 9
  certificate  stage=STEP 9  failed  objective=-2.903065e+01  upper=-2.903053e+01  gap= 1.156972e-04  wall=0.000000e+00s  cpu=0.000000e+00s  provider=0  solves=0  iterations=0
  certificate  stage=STEP 9  complete  reason=paper_free_energy_convergence_failed  wall=2.266838e-03s  cpu=2.267000e-03s  provider=3  solves=0  iterations=0

STEP 7
  certificate  stage=STEP 7  complete  reason=continue_stage_ii  wall=8.900000e-07s  cpu=0.000000e+00s  provider=0  solves=0  iterations=0

STEP 4
  STAGE II STEP 4  major=42  upper=-2.903055e+01  LP_primal= 3.552714e-15  LP_dual= 5.551115e-17  active_cuts=47  certified
  certificate  stage=STEP 4  complete  reason=step4_complete  wall=3.159590e-04s  cpu=3.170000e-04s  provider=0  solves=1  iterations=1

STEP 5
  certificate  stage=STEP 5 LOCAL  major=42  attempt=176  accepted  reason=success  P rel.= 6.852185e-14  objective=-2.606484e+01  upper=-2.903055e+01  gap=-2.965703e+00  wall=0.000000e+00s  cpu=0.000000e+00s  provider=0  solves=0  iterations=0
  certificate  stage=STEP 5 LOCAL  major=42  attempt=177  accepted  reason=success  P rel.=-1.758795e-09  objective=-2.903056e+01  upper=-2.903055e+01  gap= 1.582918e-05  wall=0.000000e+00s  cpu=0.000000e+00s  provider=0  solves=0  iterations=0
  certificate  stage=STEP 5  complete  reason=step5_complete  wall=5.659361e-02s  cpu=5.657000e-02s  provider=57  solves=2  iterations=47

STEP 6
  certificate  stage=STEP 6  complete  reason=candidate_set  wall=1.354000e-05s  cpu=1.400000e-05s  provider=0  solves=0  iterations=0

STEP 8
  certificate  stage=STEP 8  complete  reason=step8_complete  wall=8.201222e-02s  cpu=8.200400e-02s  provider=194  solves=2  iterations=17

STEP 9
  certificate  stage=STEP 9  failed  objective=-2.903065e+01  upper=-2.903055e+01  gap= 1.007432e-04  wall=0.000000e+00s  cpu=0.000000e+00s  provider=0  solves=0  iterations=0
  certificate  stage=STEP 9  complete  reason=paper_free_energy_convergence_failed  wall=2.301267e-03s  cpu=2.301000e-03s  provider=3  solves=0  iterations=0

STEP 7
  certificate  stage=STEP 7  complete  reason=continue_stage_ii  wall=1.070000e-06s  cpu=1.000000e-06s  provider=0  solves=0  iterations=0

STEP 4
  STAGE II STEP 4  major=43  upper=-2.903055e+01  LP_primal= 0.000000e+00  LP_dual= 2.775558e-17  active_cuts=48  certified
  certificate  stage=STEP 4  complete  reason=step4_complete  wall=3.488780e-04s  cpu=3.490000e-04s  provider=0  solves=1  iterations=1

STEP 5
  certificate  stage=STEP 5 LOCAL  major=43  attempt=178  accepted  reason=success  P rel.=-1.781274e-09  objective=-2.903055e+01  upper=-2.903055e+01  gap= 3.954853e-06  wall=0.000000e+00s  cpu=0.000000e+00s  provider=0  solves=0  iterations=0
  certificate  stage=STEP 5  complete  reason=step5_complete  wall=2.008937e-02s  cpu=2.009000e-02s  provider=19  solves=1  iterations=17

STEP 6
  certificate  stage=STEP 6  complete  reason=candidate_set  wall=1.763000e-05s  cpu=1.800000e-05s  provider=0  solves=0  iterations=0

STEP 8
  certificate  stage=STEP 8  complete  reason=step8_complete  wall=1.054546e-01s  cpu=1.054000e-01s  provider=274  solves=2  iterations=24

STEP 9
  certificate  stage=STEP 9  failed  objective=-2.903065e+01  upper=-2.903055e+01  gap= 9.877803e-05  wall=0.000000e+00s  cpu=0.000000e+00s  provider=0  solves=0  iterations=0
  certificate  stage=STEP 9  complete  reason=paper_potential_convergence_failed  wall=2.267917e-03s  cpu=2.268000e-03s  provider=3  solves=0  iterations=0

STEP 7
  certificate  stage=STEP 7  complete  reason=continue_stage_ii  wall=1.050000e-06s  cpu=1.000000e-06s  provider=0  solves=0  iterations=0

STEP 4
  STAGE II STEP 4  major=44  upper=-2.903055e+01  LP_primal= 7.105427e-15  LP_dual= 1.387779e-17  active_cuts=49  certified
  certificate  stage=STEP 4  complete  reason=step4_complete  wall=3.300480e-04s  cpu=3.300000e-04s  provider=0  solves=1  iterations=1

STEP 5
  certificate  stage=STEP 5 LOCAL  major=44  attempt=179  accepted  reason=success  P rel.= 5.415668e-14  objective=-2.606334e+01  upper=-2.903055e+01  gap=-2.967207e+00  wall=0.000000e+00s  cpu=0.000000e+00s  provider=0  solves=0  iterations=0
  certificate  stage=STEP 5 LOCAL  major=44  attempt=180  accepted  reason=success  P rel.= 5.975910e-14  objective=-2.606334e+01  upper=-2.903055e+01  gap=-2.967207e+00  wall=0.000000e+00s  cpu=0.000000e+00s  provider=0  solves=0  iterations=0
  certificate  stage=STEP 5 LOCAL  major=44  attempt=182  accepted  reason=success  P rel.= 8.274337e-14  objective=-2.606334e+01  upper=-2.903055e+01  gap=-2.967207e+00  wall=0.000000e+00s  cpu=0.000000e+00s  provider=0  solves=0  iterations=0
  certificate  stage=STEP 5 LOCAL  major=44  attempt=183  accepted  reason=success  P rel.= 6.737264e-14  objective=-2.606334e+01  upper=-2.903055e+01  gap=-2.967207e+00  wall=0.000000e+00s  cpu=0.000000e+00s  provider=0  solves=0  iterations=0
  certificate  stage=STEP 5 LOCAL  major=44  attempt=184  accepted  reason=success  P rel.= 4.481932e-14  objective=-2.606334e+01  upper=-2.903055e+01  gap=-2.967207e+00  wall=0.000000e+00s  cpu=0.000000e+00s  provider=0  solves=0  iterations=0
  certificate  stage=STEP 5 LOCAL  major=44  attempt=185  accepted  reason=success  P rel.=-1.770903e-09  objective=-2.903055e+01  upper=-2.903055e+01  gap= 9.884426e-07  wall=0.000000e+00s  cpu=0.000000e+00s  provider=0  solves=0  iterations=0
  certificate  stage=STEP 5  complete  reason=step5_complete  wall=1.432421e-01s  cpu=1.432170e-01s  provider=139  solves=7  iterations=128

STEP 6
  certificate  stage=STEP 6  complete  reason=candidate_set  wall=1.495900e-05s  cpu=1.500000e-05s  provider=0  solves=0  iterations=0

STEP 8
  certificate  stage=STEP 8  complete  reason=step8_complete  wall=1.120278e-01s  cpu=1.120200e-01s  provider=282  solves=2  iterations=26

STEP 9
  certificate  stage=STEP 9  failed  objective=-2.903065e+01  upper=-2.903055e+01  gap= 9.779634e-05  wall=0.000000e+00s  cpu=0.000000e+00s  provider=0  solves=0  iterations=0
  certificate  stage=STEP 9  complete  reason=paper_potential_convergence_failed  wall=2.285448e-03s  cpu=2.285000e-03s  provider=3  solves=0  iterations=0

STEP 7
  certificate  stage=STEP 7  complete  reason=continue_stage_ii  wall=1.060000e-06s  cpu=1.000000e-06s  provider=0  solves=0  iterations=0

STEP 4
  STAGE II STEP 4  major=45  upper=-2.903055e+01  LP_primal= 3.552714e-15  LP_dual= 3.469447e-18  active_cuts=50  certified
  certificate  stage=STEP 4  complete  reason=step4_complete  wall=3.368280e-04s  cpu=3.370000e-04s  provider=0  solves=1  iterations=1

STEP 5
  certificate  stage=STEP 5 LOCAL  major=45  attempt=186  accepted  reason=success  P rel.= 9.279899e-14  objective=-2.606359e+01  upper=-2.903055e+01  gap=-2.966957e+00  wall=0.000000e+00s  cpu=0.000000e+00s  provider=0  solves=0  iterations=0
  certificate  stage=STEP 5 LOCAL  major=45  attempt=187  accepted  reason=success  P rel.= 2.987955e-14  objective=-2.606359e+01  upper=-2.903055e+01  gap=-2.966957e+00  wall=0.000000e+00s  cpu=0.000000e+00s  provider=0  solves=0  iterations=0
  certificate  stage=STEP 5 LOCAL  major=45  attempt=188  accepted  reason=success  P rel.=-1.765294e-09  objective=-2.903055e+01  upper=-2.903055e+01  gap= 2.471492e-07  wall=0.000000e+00s  cpu=0.000000e+00s  provider=0  solves=0  iterations=0
  certificate  stage=STEP 5  complete  reason=step5_complete  wall=8.026664e-02s  cpu=8.024800e-02s  provider=78  solves=3  iterations=71

STEP 6
  certificate  stage=STEP 6  complete  reason=candidate_set  wall=1.649900e-05s  cpu=1.700000e-05s  provider=0  solves=0  iterations=0

STEP 8
  certificate  stage=STEP 8  complete  reason=step8_complete  wall=1.131280e-01s  cpu=1.131210e-01s  provider=282  solves=2  iterations=26

STEP 9
  certificate  stage=STEP 9  failed  objective=-2.903065e+01  upper=-2.903055e+01  gap= 9.769139e-05  wall=0.000000e+00s  cpu=0.000000e+00s  provider=0  solves=0  iterations=0
  certificate  stage=STEP 9  complete  reason=paper_potential_convergence_failed  wall=2.301897e-03s  cpu=2.302000e-03s  provider=3  solves=0  iterations=0

STEP 7
  certificate  stage=STEP 7  complete  reason=continue_stage_ii  wall=1.110000e-06s  cpu=1.000000e-06s  provider=0  solves=0  iterations=0

STEP 4
  STAGE II STEP 4  major=46  upper=-2.903055e+01  LP_primal= 3.552714e-15  LP_dual= 1.387779e-17  active_cuts=51  certified
  certificate  stage=STEP 4  complete  reason=step4_complete  wall=3.403480e-04s  cpu=3.410000e-04s  provider=0  solves=1  iterations=1

STEP 5
  certificate  stage=STEP 5 LOCAL  major=46  attempt=189  accepted  reason=success  P rel.= 4.410107e-14  objective=-2.606372e+01  upper=-2.903055e+01  gap=-2.966832e+00  wall=0.000000e+00s  cpu=0.000000e+00s  provider=0  solves=0  iterations=0
  certificate  stage=STEP 5 LOCAL  major=46  attempt=190  accepted  reason=success  P rel.= 5.329477e-14  objective=-2.606372e+01  upper=-2.903055e+01  gap=-2.966832e+00  wall=0.000000e+00s  cpu=0.000000e+00s  provider=0  solves=0  iterations=0
  certificate  stage=STEP 5 LOCAL  major=46  attempt=191  accepted  reason=success  P rel.= 2.759549e-13  objective=-2.606372e+01  upper=-2.903055e+01  gap=-2.966832e+00  wall=0.000000e+00s  cpu=0.000000e+00s  provider=0  solves=0  iterations=0
  certificate  stage=STEP 5 LOCAL  major=46  attempt=192  accepted  reason=success  P rel.= 4.338281e-14  objective=-2.606372e+01  upper=-2.903055e+01  gap=-2.966832e+00  wall=0.000000e+00s  cpu=0.000000e+00s  provider=0  solves=0  iterations=0
  certificate  stage=STEP 5 LOCAL  major=46  attempt=193  accepted  reason=success  P rel.= 6.363769e-14  objective=-2.606372e+01  upper=-2.903055e+01  gap=-2.966832e+00  wall=0.000000e+00s  cpu=0.000000e+00s  provider=0  solves=0  iterations=0
  certificate  stage=STEP 5 LOCAL  major=46  attempt=194  accepted  reason=success  P rel.=-1.769567e-09  objective=-2.903055e+01  upper=-2.903055e+01  gap= 6.179224e-08  wall=0.000000e+00s  cpu=0.000000e+00s  provider=0  solves=0  iterations=0
  certificate  stage=STEP 5  complete  reason=step5_complete  wall=1.472714e-01s  cpu=1.472630e-01s  provider=145  solves=6  iterations=131

STEP 6
  certificate  stage=STEP 6  complete  reason=candidate_set  wall=1.480000e-05s  cpu=1.400000e-05s  provider=0  solves=0  iterations=0

STEP 8
  certificate  stage=STEP 8  complete  reason=step8_complete  wall=1.118899e-01s  cpu=1.118910e-01s  provider=282  solves=2  iterations=26

STEP 9
  certificate  stage=STEP 9  failed  objective=-2.903065e+01  upper=-2.903055e+01  gap= 9.763889e-05  wall=0.000000e+00s  cpu=0.000000e+00s  provider=0  solves=0  iterations=0
  certificate  stage=STEP 9  complete  reason=paper_potential_convergence_failed  wall=2.284367e-03s  cpu=2.284000e-03s  provider=3  solves=0  iterations=0

STEP 7
  certificate  stage=STEP 7  complete  reason=continue_stage_ii  wall=1.050000e-06s  cpu=1.000000e-06s  provider=0  solves=0  iterations=0

STEP 4
  STAGE II STEP 4  major=47  upper=-2.903055e+01  LP_primal= 3.552714e-15  LP_dual= 2.775558e-17  active_cuts=52  certified
  certificate  stage=STEP 4  complete  reason=step4_complete  wall=3.382480e-04s  cpu=3.390000e-04s  provider=0  solves=1  iterations=1

STEP 5
  certificate  stage=STEP 5 LOCAL  major=47  attempt=195  accepted  reason=success  P rel.= 5.415668e-14  objective=-2.606366e+01  upper=-2.903055e+01  gap=-2.966894e+00  wall=0.000000e+00s  cpu=0.000000e+00s  provider=0  solves=0  iterations=0
  certificate  stage=STEP 5 LOCAL  major=47  attempt=196  accepted  reason=success  P rel.= 9.682123e-14  objective=-2.606366e+01  upper=-2.903055e+01  gap=-2.966894e+00  wall=0.000000e+00s  cpu=0.000000e+00s  provider=0  solves=0  iterations=0
  certificate  stage=STEP 5 LOCAL  major=47  attempt=197  accepted  reason=success  P rel.=-1.155697e-08  objective=-2.903055e+01  upper=-2.903055e+01  gap= 1.544746e-08  wall=0.000000e+00s  cpu=0.000000e+00s  provider=0  solves=0  iterations=0
  certificate  stage=STEP 5  complete  reason=step5_complete  wall=7.640803e-02s  cpu=7.640800e-02s  provider=75  solves=3  iterations=68

STEP 6
  certificate  stage=STEP 6  complete  reason=candidate_set  wall=1.511000e-05s  cpu=1.500000e-05s  provider=0  solves=0  iterations=0

STEP 8
  certificate  stage=STEP 8  complete  reason=step8_complete  wall=1.125696e-01s  cpu=1.125710e-01s  provider=282  solves=2  iterations=26

STEP 9
  certificate  stage=STEP 9  failed  objective=-2.903065e+01  upper=-2.903055e+01  gap= 9.762791e-05  wall=0.000000e+00s  cpu=0.000000e+00s  provider=0  solves=0  iterations=0
  certificate  stage=STEP 9  complete  reason=paper_potential_convergence_failed  wall=2.302737e-03s  cpu=2.303000e-03s  provider=3  solves=0  iterations=0

STEP 7
  certificate  stage=STEP 7  complete  reason=continue_stage_ii  wall=1.310000e-06s  cpu=1.000000e-06s  provider=0  solves=0  iterations=0

STEP 4
  STAGE II STEP 4  major=48  upper=-2.903055e+01  LP_primal= 3.552714e-15  LP_dual= 2.775558e-17  active_cuts=53  certified
  certificate  stage=STEP 4  complete  reason=step4_complete  wall=3.458180e-04s  cpu=3.460000e-04s  provider=0  solves=1  iterations=1

STEP 5
  certificate  stage=STEP 5 LOCAL  major=48  attempt=198  accepted  reason=success  P rel.=-1.772238e-09  objective=-2.903055e+01  upper=-2.903055e+01  gap= 3.861945e-09  wall=0.000000e+00s  cpu=0.000000e+00s  provider=0  solves=0  iterations=0
  certificate  stage=STEP 5  complete  reason=step5_complete  wall=2.680301e-02s  cpu=2.676000e-02s  provider=27  solves=1  iterations=22

STEP 6
  certificate  stage=STEP 6  complete  reason=candidate_set  wall=1.549000e-05s  cpu=1.600000e-05s  provider=0  solves=0  iterations=0

STEP 8
  certificate  stage=STEP 8  complete  reason=step8_complete  wall=1.121153e-01s  cpu=1.121170e-01s  provider=282  solves=2  iterations=26

STEP 9
  certificate  stage=STEP 9  failed  objective=-2.903065e+01  upper=-2.903055e+01  gap= 9.762409e-05  wall=0.000000e+00s  cpu=0.000000e+00s  provider=0  solves=0  iterations=0
  certificate  stage=STEP 9  complete  reason=paper_potential_convergence_failed  wall=2.280078e-03s  cpu=2.280000e-03s  provider=3  solves=0  iterations=0

STEP 7
  certificate  stage=STEP 7  complete  reason=continue_stage_ii  wall=9.200000e-07s  cpu=1.000000e-06s  provider=0  solves=0  iterations=0

STEP 4
  STAGE II STEP 4  major=49  upper=-2.903055e+01  LP_primal= 1.065814e-14  LP_dual= 2.775558e-17  active_cuts=54  certified
  certificate  stage=STEP 4  complete  reason=step4_complete  wall=3.475880e-04s  cpu=3.480000e-04s  provider=0  solves=1  iterations=1

STEP 5
  certificate  stage=STEP 5 LOCAL  major=49  attempt=199  accepted  reason=success  P rel.=-1.783678e-09  objective=-2.903055e+01  upper=-2.903055e+01  gap= 9.654748e-10  wall=0.000000e+00s  cpu=0.000000e+00s  provider=0  solves=0  iterations=0
  certificate  stage=STEP 5  complete  reason=step5_complete  wall=2.203508e-02s  cpu=2.202600e-02s  provider=22  solves=1  iterations=19

STEP 6
  certificate  stage=STEP 6  complete  reason=candidate_set  wall=1.488000e-05s  cpu=1.500000e-05s  provider=0  solves=0  iterations=0

STEP 8
  certificate  stage=STEP 8  complete  reason=step8_complete  wall=1.137292e-01s  cpu=1.136800e-01s  provider=282  solves=2  iterations=26

STEP 9
  certificate  stage=STEP 9  failed  objective=-2.903065e+01  upper=-2.903055e+01  gap= 9.762367e-05  wall=0.000000e+00s  cpu=0.000000e+00s  provider=0  solves=0  iterations=0
  certificate  stage=STEP 9  complete  reason=paper_potential_convergence_failed  wall=2.258898e-03s  cpu=2.259000e-03s  provider=3  solves=0  iterations=0

STEP 7
  certificate  stage=STEP 7  complete  reason=continue_stage_ii  wall=1.060000e-06s  cpu=1.000000e-06s  provider=0  solves=0  iterations=0

STEP 4
  STAGE II STEP 4  major=50  upper=-2.903055e+01  LP_primal= 0.000000e+00  LP_dual= 2.775558e-17  active_cuts=55  certified
  certificate  stage=STEP 4  complete  reason=step4_complete  wall=3.532990e-04s  cpu=3.540000e-04s  provider=0  solves=1  iterations=1

STEP 5
  certificate  stage=STEP 5 LOCAL  major=50  attempt=200  accepted  reason=success  P rel.= 7.886477e-14  objective=-2.606366e+01  upper=-2.903055e+01  gap=-2.966886e+00  wall=0.000000e+00s  cpu=0.000000e+00s  provider=0  solves=0  iterations=0
  certificate  stage=STEP 5 LOCAL  major=50  attempt=201  accepted  reason=success  P rel.=-1.754922e-09  objective=-2.903055e+01  upper=-2.903055e+01  gap= 2.413678e-10  wall=0.000000e+00s  cpu=0.000000e+00s  provider=0  solves=0  iterations=0
  certificate  stage=STEP 5  complete  reason=step5_complete  wall=5.344926e-02s  cpu=5.345000e-02s  provider=52  solves=2  iterations=45

STEP 6
  certificate  stage=STEP 6  complete  reason=candidate_set  wall=1.533000e-05s  cpu=1.600000e-05s  provider=0  solves=0  iterations=0

STEP 8
  certificate  stage=STEP 8  complete  reason=step8_complete  wall=1.123454e-01s  cpu=1.123470e-01s  provider=282  solves=2  iterations=26

STEP 9
  certificate  stage=STEP 9  failed  objective=-2.903065e+01  upper=-2.903055e+01  gap= 9.762346e-05  wall=0.000000e+00s  cpu=0.000000e+00s  provider=0  solves=0  iterations=0
  certificate  stage=STEP 9  complete  reason=paper_potential_convergence_failed  wall=2.277847e-03s  cpu=2.278000e-03s  provider=3  solves=0  iterations=0

STEP 7
  certificate  stage=STEP 7  complete  reason=continue_stage_ii  wall=1.050000e-06s  cpu=1.000000e-06s  provider=0  solves=0  iterations=0

STEP 4
  STAGE II STEP 4  major=51  upper=-2.903055e+01  LP_primal= 7.105427e-15  LP_dual= 6.938894e-18  active_cuts=56  certified
  certificate  stage=STEP 4  complete  reason=step4_complete  wall=3.622380e-04s  cpu=3.630000e-04s  provider=0  solves=1  iterations=1

STEP 5
  certificate  stage=STEP 5 LOCAL  major=51  attempt=202  accepted  reason=success  P rel.= 5.774798e-14  objective=-2.606367e+01  upper=-2.903055e+01  gap=-2.966882e+00  wall=0.000000e+00s  cpu=0.000000e+00s  provider=0  solves=0  iterations=0
  certificate  stage=STEP 5 LOCAL  major=51  attempt=203  accepted  reason=success  P rel.= 6.968543e-13  objective=-2.606367e+01  upper=-2.903055e+01  gap=-2.966882e+00  wall=0.000000e+00s  cpu=0.000000e+00s  provider=0  solves=0  iterations=0
  certificate  stage=STEP 5 LOCAL  major=51  attempt=204  accepted  reason=success  P rel.= 8.461084e-14  objective=-2.606367e+01  upper=-2.903055e+01  gap=-2.966882e+00  wall=0.000000e+00s  cpu=0.000000e+00s  provider=0  solves=0  iterations=0
  certificate  stage=STEP 5 LOCAL  major=51  attempt=206  accepted  reason=success  P rel.= 3.260893e-14  objective=-2.606367e+01  upper=-2.903055e+01  gap=-2.966882e+00  wall=0.000000e+00s  cpu=0.000000e+00s  provider=0  solves=0  iterations=0
  certificate  stage=STEP 5 LOCAL  major=51  attempt=207  accepted  reason=success  P rel.= 5.717337e-14  objective=-2.606367e+01  upper=-2.903055e+01  gap=-2.966882e+00  wall=0.000000e+00s  cpu=0.000000e+00s  provider=0  solves=0  iterations=0
  certificate  stage=STEP 5 LOCAL  major=51  attempt=208  accepted  reason=success  P rel.=-6.162855e-08  objective=-2.903132e+01  upper=-2.903055e+01  gap= 7.725336e-04  wall=0.000000e+00s  cpu=0.000000e+00s  provider=0  solves=0  iterations=0
  certificate  stage=STEP 5  complete  reason=step5_complete  wall=1.473095e-01s  cpu=1.472560e-01s  provider=144  solves=7  iterations=134

STEP 6
  certificate  stage=STEP 6  complete  reason=candidate_set  wall=1.628000e-05s  cpu=1.700000e-05s  provider=0  solves=0  iterations=0

STEP 8
  certificate  stage=STEP 8  complete  reason=step8_complete  wall=8.425604e-02s  cpu=8.424500e-02s  provider=194  solves=2  iterations=18

STEP 9
  certificate  stage=STEP 9  failed  objective=-2.903067e+01  upper=-2.903055e+01  gap= 1.179060e-04  wall=0.000000e+00s  cpu=0.000000e+00s  provider=0  solves=0  iterations=0
  certificate  stage=STEP 9  complete  reason=paper_free_energy_convergence_failed  wall=2.291388e-03s  cpu=2.292000e-03s  provider=3  solves=0  iterations=0

STEP 7
  certificate  stage=STEP 7  complete  reason=continue_stage_ii  wall=1.620000e-06s  cpu=2.000000e-06s  provider=0  solves=0  iterations=0

STEP 4
  STAGE II STEP 4  major=52  upper=-2.903061e+01  LP_primal= 3.552714e-15  LP_dual= 2.775558e-17  active_cuts=57  certified
  certificate  stage=STEP 4  complete  reason=step4_complete  wall=3.777180e-04s  cpu=3.790000e-04s  provider=0  solves=1  iterations=1

STEP 5
  certificate  stage=STEP 5 LOCAL  major=52  attempt=209  accepted  reason=success  P rel.= 1.996758e-13  objective=-2.605628e+01  upper=-2.903061e+01  gap=-2.974327e+00  wall=0.000000e+00s  cpu=0.000000e+00s  provider=0  solves=0  iterations=0
  certificate  stage=STEP 5 LOCAL  major=52  attempt=210  accepted  reason=success  P rel.=-1.828770e-09  objective=-2.903065e+01  upper=-2.903061e+01  gap= 3.449899e-05  wall=0.000000e+00s  cpu=0.000000e+00s  provider=0  solves=0  iterations=0
  certificate  stage=STEP 5  complete  reason=step5_complete  wall=5.194416e-02s  cpu=5.193000e-02s  provider=49  solves=2  iterations=43

STEP 6
  certificate  stage=STEP 6  complete  reason=candidate_set  wall=1.870000e-05s  cpu=1.900000e-05s  provider=0  solves=0  iterations=0

STEP 8
  certificate  stage=STEP 8  complete  reason=step8_complete  wall=9.885462e-02s  cpu=9.885600e-02s  provider=270  solves=2  iterations=21

STEP 9
  certificate  stage=STEP 9  failed  objective=-2.903068e+01  upper=-2.903061e+01  gap= 6.318612e-05  wall=0.000000e+00s  cpu=0.000000e+00s  provider=0  solves=0  iterations=0
  certificate  stage=STEP 9  complete  reason=paper_potential_convergence_failed  wall=2.357427e-03s  cpu=2.357000e-03s  provider=3  solves=0  iterations=0

STEP 7
  certificate  stage=STEP 7  complete  reason=continue_stage_ii  wall=1.050000e-06s  cpu=1.000000e-06s  provider=0  solves=0  iterations=0

STEP 4
  STAGE II STEP 4  major=53  upper=-2.903062e+01  LP_primal= 7.105427e-15  LP_dual= 0.000000e+00  active_cuts=58  certified
  certificate  stage=STEP 4  complete  reason=step4_complete  wall=3.390190e-04s  cpu=3.390000e-04s  provider=0  solves=1  iterations=1

STEP 5
  certificate  stage=STEP 5 LOCAL  major=53  attempt=211  accepted  reason=success  P rel.= 7.455522e-14  objective=-2.605630e+01  upper=-2.903062e+01  gap=-2.974327e+00  wall=0.000000e+00s  cpu=0.000000e+00s  provider=0  solves=0  iterations=0
  certificate  stage=STEP 5 LOCAL  major=53  attempt=212  accepted  reason=success  P rel.= 6.105196e-14  objective=-2.605630e+01  upper=-2.903062e+01  gap=-2.974327e+00  wall=0.000000e+00s  cpu=0.000000e+00s  provider=0  solves=0  iterations=0
  certificate  stage=STEP 5 LOCAL  major=53  attempt=213  accepted  reason=success  P rel.= 7.441157e-14  objective=-2.605630e+01  upper=-2.903062e+01  gap=-2.974327e+00  wall=0.000000e+00s  cpu=0.000000e+00s  provider=0  solves=0  iterations=0
  certificate  stage=STEP 5 LOCAL  major=53  attempt=214  accepted  reason=success  P rel.= 6.809090e-14  objective=-2.605630e+01  upper=-2.903062e+01  gap=-2.974327e+00  wall=0.000000e+00s  cpu=0.000000e+00s  provider=0  solves=0  iterations=0
  certificate  stage=STEP 5 LOCAL  major=53  attempt=215  accepted  reason=success  P rel.= 7.053298e-14  objective=-2.605630e+01  upper=-2.903062e+01  gap=-2.974327e+00  wall=0.000000e+00s  cpu=0.000000e+00s  provider=0  solves=0  iterations=0
  certificate  stage=STEP 5 LOCAL  major=53  attempt=216  accepted  reason=success  P rel.= 6.234483e-14  objective=-2.605630e+01  upper=-2.903062e+01  gap=-2.974327e+00  wall=0.000000e+00s  cpu=0.000000e+00s  provider=0  solves=0  iterations=0
  certificate  stage=STEP 5 LOCAL  major=53  attempt=217  accepted  reason=success  P rel.= 2.577111e-13  objective=-2.605630e+01  upper=-2.903062e+01  gap=-2.974327e+00  wall=0.000000e+00s  cpu=0.000000e+00s  provider=0  solves=0  iterations=0
  certificate  stage=STEP 5 LOCAL  major=53  attempt=218  accepted  reason=success  P rel.= 6.636708e-14  objective=-2.605630e+01  upper=-2.903062e+01  gap=-2.974327e+00  wall=0.000000e+00s  cpu=0.000000e+00s  provider=0  solves=0  iterations=0
  certificate  stage=STEP 5 LOCAL  major=53  attempt=219  accepted  reason=success  P rel.= 4.927253e-14  objective=-2.605630e+01  upper=-2.903062e+01  gap=-2.974327e+00  wall=0.000000e+00s  cpu=0.000000e+00s  provider=0  solves=0  iterations=0
  certificate  stage=STEP 5 LOCAL  major=53  attempt=220  accepted  reason=success  P rel.= 5.875354e-14  objective=-2.605630e+01  upper=-2.903062e+01  gap=-2.974327e+00  wall=0.000000e+00s  cpu=0.000000e+00s  provider=0  solves=0  iterations=0
  certificate  stage=STEP 5 LOCAL  major=53  attempt=221  accepted  reason=success  P rel.= 1.081697e-13  objective=-2.605630e+01  upper=-2.903062e+01  gap=-2.974327e+00  wall=0.000000e+00s  cpu=0.000000e+00s  provider=0  solves=0  iterations=0
  certificate  stage=STEP 5 LOCAL  major=53  attempt=222  accepted  reason=success  P rel.= 5.177207e-13  objective=-2.605630e+01  upper=-2.903062e+01  gap=-2.974327e+00  wall=0.000000e+00s  cpu=0.000000e+00s  provider=0  solves=0  iterations=0
  certificate  stage=STEP 5 LOCAL  major=53  attempt=223  accepted  reason=success  P rel.= 6.737264e-14  objective=-2.605630e+01  upper=-2.903062e+01  gap=-2.974327e+00  wall=0.000000e+00s  cpu=0.000000e+00s  provider=0  solves=0  iterations=0
  certificate  stage=STEP 5 LOCAL  major=53  attempt=224  accepted  reason=success  P rel.= 2.087259e-13  objective=-2.605630e+01  upper=-2.903062e+01  gap=-2.974327e+00  wall=0.000000e+00s  cpu=0.000000e+00s  provider=0  solves=0  iterations=0
  certificate  stage=STEP 5 LOCAL  major=53  attempt=225  accepted  reason=success  P rel.= 3.016685e-14  objective=-2.605630e+01  upper=-2.903062e+01  gap=-2.974327e+00  wall=0.000000e+00s  cpu=0.000000e+00s  provider=0  solves=0  iterations=0
  certificate  stage=STEP 5 LOCAL  major=53  attempt=226  accepted  reason=success  P rel.= 2.470809e-14  objective=-2.605630e+01  upper=-2.903062e+01  gap=-2.974327e+00  wall=0.000000e+00s  cpu=0.000000e+00s  provider=0  solves=0  iterations=0
  certificate  stage=STEP 5 LOCAL  major=53  attempt=228  accepted  reason=success  P rel.= 5.286382e-14  objective=-2.605630e+01  upper=-2.903062e+01  gap=-2.974327e+00  wall=0.000000e+00s  cpu=0.000000e+00s  provider=0  solves=0  iterations=0
  certificate  stage=STEP 5 LOCAL  major=53  attempt=229  accepted  reason=success  P rel.= 3.433275e-14  objective=-2.605630e+01  upper=-2.903062e+01  gap=-2.974327e+00  wall=0.000000e+00s  cpu=0.000000e+00s  provider=0  solves=0  iterations=0
  certificate  stage=STEP 5 LOCAL  major=53  attempt=230  accepted  reason=success  P rel.= 6.636708e-14  objective=-2.605630e+01  upper=-2.903062e+01  gap=-2.974327e+00  wall=0.000000e+00s  cpu=0.000000e+00s  provider=0  solves=0  iterations=0
  certificate  stage=STEP 5 LOCAL  major=53  attempt=231  accepted  reason=success  P rel.= 3.964786e-14  objective=-2.605630e+01  upper=-2.903062e+01  gap=-2.974327e+00  wall=0.000000e+00s  cpu=0.000000e+00s  provider=0  solves=0  iterations=0
  certificate  stage=STEP 5 LOCAL  major=53  attempt=232  accepted  reason=success  P rel.= 6.708533e-14  objective=-2.605630e+01  upper=-2.903062e+01  gap=-2.974327e+00  wall=0.000000e+00s  cpu=0.000000e+00s  provider=0  solves=0  iterations=0
  certificate  stage=STEP 5 LOCAL  major=53  attempt=233  accepted  reason=success  P rel.= 5.530590e-14  objective=-2.605630e+01  upper=-2.903062e+01  gap=-2.974327e+00  wall=0.000000e+00s  cpu=0.000000e+00s  provider=0  solves=0  iterations=0
  certificate  stage=STEP 5 LOCAL  major=53  attempt=235  accepted  reason=success  P rel.= 9.409185e-14  objective=-2.605630e+01  upper=-2.903062e+01  gap=-2.974327e+00  wall=0.000000e+00s  cpu=0.000000e+00s  provider=0  solves=0  iterations=0
  certificate  stage=STEP 5 LOCAL  major=53  attempt=236  accepted  reason=success  P rel.= 5.200191e-14  objective=-2.605630e+01  upper=-2.903062e+01  gap=-2.974327e+00  wall=0.000000e+00s  cpu=0.000000e+00s  provider=0  solves=0  iterations=0
  certificate  stage=STEP 5 LOCAL  major=53  attempt=237  accepted  reason=success  P rel.= 5.114000e-14  objective=-2.605630e+01  upper=-2.903062e+01  gap=-2.974327e+00  wall=0.000000e+00s  cpu=0.000000e+00s  provider=0  solves=0  iterations=0
  certificate  stage=STEP 5 LOCAL  major=53  attempt=238  accepted  reason=success  P rel.= 5.560757e-13  objective=-2.605630e+01  upper=-2.903062e+01  gap=-2.974327e+00  wall=0.000000e+00s  cpu=0.000000e+00s  provider=0  solves=0  iterations=0
  certificate  stage=STEP 5 LOCAL  major=53  attempt=239  accepted  reason=success  P rel.= 3.993517e-14  objective=-2.605630e+01  upper=-2.903062e+01  gap=-2.974327e+00  wall=0.000000e+00s  cpu=0.000000e+00s  provider=0  solves=0  iterations=0
  certificate  stage=STEP 5 LOCAL  major=53  attempt=240  accepted  reason=success  P rel.=-1.829749e-09  objective=-2.903062e+01  upper=-2.903062e+01  gap= 6.924807e-10  wall=0.000000e+00s  cpu=0.000000e+00s  provider=0  solves=0  iterations=0
  certificate  stage=STEP 5  complete  reason=step5_complete  wall=6.848959e-01s  cpu=6.847670e-01s  provider=656  solves=30  iterations=611

STEP 6
  certificate  stage=STEP 6  complete  reason=candidate_set  wall=1.745000e-05s  cpu=1.700000e-05s  provider=0  solves=0  iterations=0

STEP 8
  certificate  stage=STEP 8  complete  reason=step8_complete  wall=5.989180e-02s  cpu=5.988200e-02s  provider=117  solves=1  iterations=15

STEP 9
  certificate  stage=STEP 9  failed  objective=-2.903068e+01  upper=-2.903062e+01  gap= 5.255573e-05  wall=0.000000e+00s  cpu=0.000000e+00s  provider=0  solves=0  iterations=0
  certificate  stage=STEP 9  complete  reason=paper_potential_convergence_failed  wall=2.333417e-03s  cpu=2.333000e-03s  provider=3  solves=0  iterations=0

STEP 7
  certificate  stage=STEP 7  complete  reason=continue_stage_ii  wall=1.060000e-06s  cpu=1.000000e-06s  provider=0  solves=0  iterations=0

STEP 4
  STAGE II STEP 4  major=54  upper=-2.903062e+01  LP_primal= 7.105427e-15  LP_dual= 1.387779e-17  active_cuts=59  certified
  certificate  stage=STEP 4  complete  reason=step4_complete  wall=3.488680e-04s  cpu=3.490000e-04s  provider=0  solves=1  iterations=1

STEP 5
  certificate  stage=STEP 5 LOCAL  major=54  attempt=241  accepted  reason=success  P rel.= 4.726140e-14  objective=-2.605630e+01  upper=-2.903062e+01  gap=-2.974327e+00  wall=0.000000e+00s  cpu=0.000000e+00s  provider=0  solves=0  iterations=0
  certificate  stage=STEP 5 LOCAL  major=54  attempt=242  accepted  reason=success  P rel.= 2.444952e-13  objective=-2.605630e+01  upper=-2.903062e+01  gap=-2.974327e+00  wall=0.000000e+00s  cpu=0.000000e+00s  provider=0  solves=0  iterations=0
  certificate  stage=STEP 5 LOCAL  major=54  attempt=243  accepted  reason=success  P rel.=-1.817998e-09  objective=-2.903062e+01  upper=-2.903062e+01  gap= 7.105427e-15  wall=0.000000e+00s  cpu=0.000000e+00s  provider=0  solves=0  iterations=0
  certificate  stage=STEP 5  complete  reason=step5_complete  wall=7.615650e-02s  cpu=7.615700e-02s  provider=74  solves=3  iterations=65

STEP 6
  certificate  stage=STEP 6  complete  reason=candidate_set  wall=1.665000e-05s  cpu=1.600000e-05s  provider=0  solves=0  iterations=0

STEP 8
  certificate  stage=STEP 8  complete  reason=step8_complete  wall=6.004812e-02s  cpu=6.005000e-02s  provider=117  solves=1  iterations=15

STEP 9
  certificate  stage=STEP 9  failed  objective=-2.903068e+01  upper=-2.903062e+01  gap= 5.255551e-05  wall=0.000000e+00s  cpu=0.000000e+00s  provider=0  solves=0  iterations=0
  certificate  stage=STEP 9  complete  reason=paper_potential_convergence_failed  wall=2.324167e-03s  cpu=2.324000e-03s  provider=3  solves=0  iterations=0

STEP 7
  certificate  stage=STEP 7  complete  reason=continue_stage_ii  wall=1.070000e-06s  cpu=1.000000e-06s  provider=0  solves=0  iterations=0

STEP 4
  STAGE II STEP 4  major=55  upper=-2.903062e+01  LP_primal= 3.552714e-15  LP_dual= 1.387779e-17  active_cuts=60  certified
  certificate  stage=STEP 4  complete  reason=step4_complete  wall=3.710180e-04s  cpu=3.710000e-04s  provider=0  solves=1  iterations=1

STEP 5
  certificate  stage=STEP 5 LOCAL  major=55  attempt=244  accepted  reason=success  P rel.= 3.147408e-13  objective=-2.605630e+01  upper=-2.903062e+01  gap=-2.974327e+00  wall=0.000000e+00s  cpu=0.000000e+00s  provider=0  solves=0  iterations=0
  certificate  stage=STEP 5 LOCAL  major=55  attempt=245  accepted  reason=success  P rel.= 3.763674e-14  objective=-2.605630e+01  upper=-2.903062e+01  gap=-2.974327e+00  wall=0.000000e+00s  cpu=0.000000e+00s  provider=0  solves=0  iterations=0
  certificate  stage=STEP 5 LOCAL  major=55  attempt=246  accepted  reason=success  P rel.= 6.191387e-14  objective=-2.605630e+01  upper=-2.903062e+01  gap=-2.974327e+00  wall=0.000000e+00s  cpu=0.000000e+00s  provider=0  solves=0  iterations=0
  certificate  stage=STEP 5 LOCAL  major=55  attempt=247  accepted  reason=success  P rel.= 4.223359e-14  objective=-2.605630e+01  upper=-2.903062e+01  gap=-2.974327e+00  wall=0.000000e+00s  cpu=0.000000e+00s  provider=0  solves=0  iterations=0
  certificate  stage=STEP 5 LOCAL  major=55  attempt=248  accepted  reason=success  P rel.=-2.908435e-08  objective=-2.903082e+01  upper=-2.903062e+01  gap= 1.931463e-04  wall=0.000000e+00s  cpu=0.000000e+00s  provider=0  solves=0  iterations=0
  certificate  stage=STEP 5  complete  reason=step5_complete  wall=1.241555e-01s  cpu=1.241570e-01s  provider=120  solves=5  iterations=107

STEP 6
  certificate  stage=STEP 6  complete  reason=candidate_set  wall=1.861900e-05s  cpu=1.900000e-05s  provider=0  solves=0  iterations=0

STEP 8
  certificate  stage=STEP 8  complete  reason=step8_complete  wall=9.915151e-02s  cpu=9.915200e-02s  provider=266  solves=2  iterations=21

STEP 9
  certificate  stage=STEP 9  failed  objective=-2.903072e+01  upper=-2.903062e+01  gap= 1.015540e-04  wall=0.000000e+00s  cpu=0.000000e+00s  provider=0  solves=0  iterations=0
  certificate  stage=STEP 9  complete  reason=paper_free_energy_convergence_failed  wall=2.338456e-03s  cpu=2.339000e-03s  provider=3  solves=0  iterations=0

STEP 7
  certificate  stage=STEP 7  complete  reason=continue_stage_ii  wall=1.040000e-06s  cpu=1.000000e-06s  provider=0  solves=0  iterations=0

STEP 4
  STAGE II STEP 4  major=56  upper=-2.903071e+01  LP_primal= 0.000000e+00  LP_dual= 6.938894e-18  active_cuts=61  certified
  certificate  stage=STEP 4  complete  reason=step4_complete  wall=3.445380e-04s  cpu=3.450000e-04s  provider=0  solves=1  iterations=1

STEP 5
  certificate  stage=STEP 5 LOCAL  major=56  attempt=249  accepted  reason=success  P rel.= 4.582489e-14  objective=-2.605282e+01  upper=-2.903071e+01  gap=-2.977889e+00  wall=0.000000e+00s  cpu=0.000000e+00s  provider=0  solves=0  iterations=0
  certificate  stage=STEP 5 LOCAL  major=56  attempt=250  accepted  reason=success  P rel.= 4.711775e-14  objective=-2.605282e+01  upper=-2.903071e+01  gap=-2.977889e+00  wall=0.000000e+00s  cpu=0.000000e+00s  provider=0  solves=0  iterations=0
  certificate  stage=STEP 5 LOCAL  major=56  attempt=251  accepted  reason=success  P rel.= 3.806770e-14  objective=-2.605282e+01  upper=-2.903071e+01  gap=-2.977889e+00  wall=0.000000e+00s  cpu=0.000000e+00s  provider=0  solves=0  iterations=0
  certificate  stage=STEP 5 LOCAL  major=56  attempt=253  accepted  reason=success  P rel.= 7.284577e-13  objective=-2.605282e+01  upper=-2.903071e+01  gap=-2.977889e+00  wall=0.000000e+00s  cpu=0.000000e+00s  provider=0  solves=0  iterations=0
  certificate  stage=STEP 5 LOCAL  major=56  attempt=254  accepted  reason=success  P rel.=-1.827791e-09  objective=-2.903072e+01  upper=-2.903071e+01  gap= 3.914404e-06  wall=0.000000e+00s  cpu=0.000000e+00s  provider=0  solves=0  iterations=0
  certificate  stage=STEP 5  complete  reason=step5_complete  wall=1.151177e-01s  cpu=1.150620e-01s  provider=112  solves=6  iterations=104

STEP 6
  certificate  stage=STEP 6  complete  reason=candidate_set  wall=1.762000e-05s  cpu=1.700000e-05s  provider=0  solves=0  iterations=0

STEP 8
  certificate  stage=STEP 8  indeterminate  reason=problem_67_not_converged  wall=2.705905e-01s  cpu=2.705770e-01s  provider=671  solves=2  iterations=67
