HELD2.0  case=installed-held2-paper-rewrite  T=2.981500e+02 K  P=1.013000e+05 Pa

STEP 1
  certificate  stage=STEP 1  complete  reason=step1_complete  wall=6.018000e-05s  cpu=6.000000e-05s  provider=1  solves=0  iterations=0

STEP 2

REFERENCE PRESSURE ROOTS
  root   0  V= 2.931780e-05  P rel.=-4.429860e-09  G/RT=-2.531616e+01  strict_stable
  root   1  V= 5.678419e-04  P rel.=-7.655093e-09  G/RT=-2.080816e+01  unstable
  root   2  V= 2.251478e-02  P rel.=-3.343845e-10  G/RT=-2.218487e+01  strict_stable
  selected root 0  status=selected
  eval     1  TPD= 1.238504e-01  P rel.= 2.232178e-09  V= 4.684854e-05  certified
  eval     2  TPD=-1.959563e-01  P rel.=-9.329527e-09  V= 5.717807e-05  certified
  certificate  stage=STEP 2  complete  reason=negative_tpd_witness  wall=6.091040e-01s  cpu=6.090330e-01s  provider=822  solves=1  iterations=2

STEP 3
  certificate  stage=STEP 3  complete  reason=step3_complete  wall=8.072416e-01s  cpu=8.071590e-01s  provider=4  solves=0  iterations=0

STEP 4
  STAGE II STEP 4  major=0  upper=-2.534966e+01  LP_primal= 0.000000e+00  LP_dual= 0.000000e+00  active_cuts=5  certified
  certificate  stage=STEP 4  complete  reason=step4_complete  wall=3.882980e-04s  cpu=3.890000e-04s  provider=0  solves=1  iterations=1

STEP 5
  certificate  stage=STEP 5 LOCAL  major=0  attempt=0  accepted  reason=success  P rel.=-1.538002e-03  objective=-2.551650e+01  upper=-2.534966e+01  gap= 1.668465e-01  wall=0.000000e+00s  cpu=0.000000e+00s  provider=0  solves=0  iterations=0
  certificate  stage=STEP 5  complete  reason=step5_complete  wall=2.745639e-02s  cpu=2.745700e-02s  provider=155  solves=1  iterations=22

STEP 6
  certificate  stage=STEP 6  complete  reason=insufficient_candidates  wall=1.950000e-06s  cpu=2.000000e-06s  provider=0  solves=0  iterations=0

STEP 7
  certificate  stage=STEP 7  complete  reason=continue_stage_ii  wall=9.100000e-07s  cpu=1.000000e-06s  provider=0  solves=0  iterations=0

STEP 4
  STAGE II STEP 4  major=1  upper=-2.537468e+01  LP_primal= 1.065814e-14  LP_dual= 2.775558e-17  active_cuts=6  certified
  certificate  stage=STEP 4  complete  reason=step4_complete  wall=1.878690e-04s  cpu=1.880000e-04s  provider=0  solves=1  iterations=1

STEP 5
  certificate  stage=STEP 5 LOCAL  major=1  attempt=1  accepted  reason=success  P rel.=-8.553806e-08  objective=-2.559398e+01  upper=-2.537468e+01  gap= 2.193063e-01  wall=0.000000e+00s  cpu=0.000000e+00s  provider=0  solves=0  iterations=0
  certificate  stage=STEP 5  complete  reason=step5_complete  wall=2.375491e-02s  cpu=2.374100e-02s  provider=23  solves=1  iterations=21

STEP 6
  certificate  stage=STEP 6  complete  reason=insufficient_candidates  wall=2.370000e-06s  cpu=3.000000e-06s  provider=0  solves=0  iterations=0

STEP 7
  certificate  stage=STEP 7  complete  reason=continue_stage_ii  wall=8.800000e-07s  cpu=1.000000e-06s  provider=0  solves=0  iterations=0

STEP 4
  STAGE II STEP 4  major=2  upper=-2.542672e+01  LP_primal= 0.000000e+00  LP_dual= 5.551115e-17  active_cuts=7  certified
  certificate  stage=STEP 4  complete  reason=step4_complete  wall=2.858780e-04s  cpu=2.860000e-04s  provider=0  solves=1  iterations=1

STEP 5
  certificate  stage=STEP 5 LOCAL  major=2  attempt=2  accepted  reason=success  P rel.= 8.116320e-14  objective=-2.245464e+01  upper=-2.542672e+01  gap=-2.972074e+00  wall=0.000000e+00s  cpu=0.000000e+00s  provider=0  solves=0  iterations=0
  certificate  stage=STEP 5 LOCAL  major=2  attempt=3  accepted  reason=success  P rel.= 4.955983e-14  objective=-2.245464e+01  upper=-2.542672e+01  gap=-2.972074e+00  wall=0.000000e+00s  cpu=0.000000e+00s  provider=0  solves=0  iterations=0
  certificate  stage=STEP 5 LOCAL  major=2  attempt=4  accepted  reason=success  P rel.=-2.646301e-09  objective=-2.551279e+01  upper=-2.542672e+01  gap= 8.607422e-02  wall=0.000000e+00s  cpu=0.000000e+00s  provider=0  solves=0  iterations=0
  certificate  stage=STEP 5  complete  reason=step5_complete  wall=7.246953e-02s  cpu=7.247100e-02s  provider=73  solves=3  iterations=65

STEP 6
  certificate  stage=STEP 6  complete  reason=candidate_set  wall=3.620000e-06s  cpu=3.000000e-06s  provider=0  solves=0  iterations=0

STEP 8
  certificate  stage=STEP 8  complete  reason=problem_67_infeasible  wall=2.464690e-04s  cpu=2.470000e-04s  provider=2  solves=1  iterations=0

STEP 7
  certificate  stage=STEP 7  complete  reason=continue_stage_ii  wall=1.000000e-06s  cpu=1.000000e-06s  provider=0  solves=0  iterations=0

STEP 4
  STAGE II STEP 4  major=3  upper=-2.545503e+01  LP_primal= 0.000000e+00  LP_dual= 1.110223e-16  active_cuts=8  certified
  certificate  stage=STEP 4  complete  reason=step4_complete  wall=2.324690e-04s  cpu=2.330000e-04s  provider=0  solves=1  iterations=1

STEP 5
  certificate  stage=STEP 5 LOCAL  major=3  attempt=5  accepted  reason=success  P rel.= 4.180264e-14  objective=-2.249508e+01  upper=-2.545503e+01  gap=-2.959941e+00  wall=0.000000e+00s  cpu=0.000000e+00s  provider=0  solves=0  iterations=0
  certificate  stage=STEP 5 LOCAL  major=3  attempt=6  accepted  reason=success  P rel.=-2.572627e-08  objective=-2.557371e+01  upper=-2.545503e+01  gap= 1.186838e-01  wall=0.000000e+00s  cpu=0.000000e+00s  provider=0  solves=0  iterations=0
  certificate  stage=STEP 5  complete  reason=step5_complete  wall=4.393061e-02s  cpu=4.392500e-02s  provider=44  solves=2  iterations=38

STEP 6
  certificate  stage=STEP 6  complete  reason=candidate_set  wall=3.630000e-06s  cpu=4.000000e-06s  provider=0  solves=0  iterations=0

STEP 8
  certificate  stage=STEP 8  complete  reason=problem_67_infeasible  wall=2.544990e-04s  cpu=2.550000e-04s  provider=2  solves=1  iterations=0

STEP 7
  certificate  stage=STEP 7  complete  reason=continue_stage_ii  wall=1.520000e-06s  cpu=1.000000e-06s  provider=0  solves=0  iterations=0

STEP 4
  STAGE II STEP 4  major=4  upper=-2.547423e+01  LP_primal= 1.421085e-14  LP_dual= 5.551115e-17  active_cuts=9  certified
  certificate  stage=STEP 4  complete  reason=step4_complete  wall=2.409590e-04s  cpu=2.420000e-04s  provider=0  solves=1  iterations=1

STEP 5
  certificate  stage=STEP 5 LOCAL  major=4  attempt=7  accepted  reason=success  P rel.=-2.122380e-09  objective=-2.548410e+01  upper=-2.547423e+01  gap= 9.871366e-03  wall=0.000000e+00s  cpu=0.000000e+00s  provider=0  solves=0  iterations=0
  certificate  stage=STEP 5  complete  reason=step5_complete  wall=2.161274e-02s  cpu=2.161300e-02s  provider=22  solves=1  iterations=17

STEP 6
  certificate  stage=STEP 6  complete  reason=candidate_set  wall=4.080000e-06s  cpu=4.000000e-06s  provider=0  solves=0  iterations=0

STEP 8
  certificate  stage=STEP 8  complete  reason=problem_67_infeasible  wall=2.929190e-04s  cpu=2.930000e-04s  provider=3  solves=1  iterations=0

STEP 7
  certificate  stage=STEP 7  complete  reason=continue_stage_ii  wall=1.050000e-06s  cpu=1.000000e-06s  provider=0  solves=0  iterations=0

STEP 4
  STAGE II STEP 4  major=5  upper=-2.547764e+01  LP_primal= 7.105427e-15  LP_dual= 5.551115e-17  active_cuts=10  certified
  certificate  stage=STEP 4  complete  reason=step4_complete  wall=2.343390e-04s  cpu=2.340000e-04s  provider=0  solves=1  iterations=1

STEP 5
  certificate  stage=STEP 5 LOCAL  major=5  attempt=8  accepted  reason=success  P rel.= 5.257652e-14  objective=-2.250668e+01  upper=-2.547764e+01  gap=-2.970957e+00  wall=0.000000e+00s  cpu=0.000000e+00s  provider=0  solves=0  iterations=0
  certificate  stage=STEP 5 LOCAL  major=5  attempt=9  accepted  reason=success  P rel.= 2.582857e-13  objective=-2.250668e+01  upper=-2.547764e+01  gap=-2.970957e+00  wall=0.000000e+00s  cpu=0.000000e+00s  provider=0  solves=0  iterations=0
  certificate  stage=STEP 5 LOCAL  major=5  attempt=10  accepted  reason=success  P rel.= 5.487494e-14  objective=-2.250668e+01  upper=-2.547764e+01  gap=-2.970957e+00  wall=0.000000e+00s  cpu=0.000000e+00s  provider=0  solves=0  iterations=0
  certificate  stage=STEP 5 LOCAL  major=5  attempt=11  accepted  reason=success  P rel.= 6.425540e-13  objective=-2.250668e+01  upper=-2.547764e+01  gap=-2.970957e+00  wall=0.000000e+00s  cpu=0.000000e+00s  provider=0  solves=0  iterations=0
  certificate  stage=STEP 5 LOCAL  major=5  attempt=12  accepted  reason=success  P rel.= 7.225680e-14  objective=-2.250668e+01  upper=-2.547764e+01  gap=-2.970957e+00  wall=0.000000e+00s  cpu=0.000000e+00s  provider=0  solves=0  iterations=0
  certificate  stage=STEP 5 LOCAL  major=5  attempt=13  accepted  reason=success  P rel.=-2.175350e-09  objective=-2.547772e+01  upper=-2.547764e+01  gap= 8.121389e-05  wall=0.000000e+00s  cpu=0.000000e+00s  provider=0  solves=0  iterations=0
  certificate  stage=STEP 5  complete  reason=step5_complete  wall=1.453922e-01s  cpu=1.453810e-01s  provider=136  solves=6  iterations=124

STEP 6
  certificate  stage=STEP 6  complete  reason=candidate_set  wall=6.720000e-06s  cpu=6.000000e-06s  provider=0  solves=0  iterations=0

STEP 8
  certificate  stage=STEP 8  complete  reason=problem_67_infeasible  wall=5.153270e-04s  cpu=5.160000e-04s  provider=4  solves=1  iterations=0

STEP 7
  certificate  stage=STEP 7  complete  reason=continue_stage_ii  wall=1.610000e-06s  cpu=1.000000e-06s  provider=0  solves=0  iterations=0

STEP 4
  STAGE II STEP 4  major=6  upper=-2.547767e+01  LP_primal= 7.105427e-15  LP_dual= 1.387779e-17  active_cuts=11  certified
  certificate  stage=STEP 4  complete  reason=step4_complete  wall=4.546070e-04s  cpu=4.550000e-04s  provider=0  solves=1  iterations=1

STEP 5
  certificate  stage=STEP 5 LOCAL  major=6  attempt=14  accepted  reason=success  P rel.= 6.550517e-14  objective=-2.250671e+01  upper=-2.547767e+01  gap=-2.970957e+00  wall=0.000000e+00s  cpu=0.000000e+00s  provider=0  solves=0  iterations=0
  certificate  stage=STEP 5 LOCAL  major=6  attempt=15  accepted  reason=success  P rel.= 6.248848e-14  objective=-2.250671e+01  upper=-2.547767e+01  gap=-2.970957e+00  wall=0.000000e+00s  cpu=0.000000e+00s  provider=0  solves=0  iterations=0
  certificate  stage=STEP 5 LOCAL  major=6  attempt=16  accepted  reason=success  P rel.=-2.175885e-09  objective=-2.547767e+01  upper=-2.547767e+01  gap= 5.728431e-09  wall=0.000000e+00s  cpu=0.000000e+00s  provider=0  solves=0  iterations=0
  certificate  stage=STEP 5  complete  reason=step5_complete  wall=7.062434e-02s  cpu=7.061600e-02s  provider=59  solves=3  iterations=52

STEP 6
  certificate  stage=STEP 6  complete  reason=candidate_set  wall=8.880000e-06s  cpu=9.000000e-06s  provider=0  solves=0  iterations=0

STEP 8
  certificate  stage=STEP 8  complete  reason=unchanged_problem_67  wall=3.520000e-06s  cpu=4.000000e-06s  provider=0  solves=0  iterations=0

STEP 7
  certificate  stage=STEP 7  complete  reason=continue_stage_ii  wall=1.610000e-06s  cpu=2.000000e-06s  provider=0  solves=0  iterations=0

STEP 4
  STAGE II STEP 4  major=7  upper=-2.547767e+01  LP_primal= 3.552714e-15  LP_dual= 5.551115e-17  active_cuts=12  certified
  certificate  stage=STEP 4  complete  reason=step4_complete  wall=5.464070e-04s  cpu=5.470000e-04s  provider=0  solves=1  iterations=1

STEP 5
  certificate  stage=STEP 5 LOCAL  major=7  attempt=17  accepted  reason=success  P rel.= 4.481932e-14  objective=-2.250671e+01  upper=-2.547767e+01  gap=-2.970957e+00  wall=0.000000e+00s  cpu=0.000000e+00s  provider=0  solves=0  iterations=0
  certificate  stage=STEP 5 LOCAL  major=7  attempt=18  accepted  reason=success  P rel.= 7.297505e-14  objective=-2.250671e+01  upper=-2.547767e+01  gap=-2.970957e+00  wall=0.000000e+00s  cpu=0.000000e+00s  provider=0  solves=0  iterations=0
  certificate  stage=STEP 5 LOCAL  major=7  attempt=19  accepted  reason=success  P rel.=-2.195916e-09  objective=-2.547767e+01  upper=-2.547767e+01  gap=-3.552714e-15  wall=0.000000e+00s  cpu=0.000000e+00s  provider=0  solves=0  iterations=0
  certificate  stage=STEP 5  complete  reason=step5_complete  wall=7.243467e-02s  cpu=7.242400e-02s  provider=61  solves=3  iterations=54

STEP 6
  certificate  stage=STEP 6  complete  reason=candidate_set  wall=5.680000e-06s  cpu=6.000000e-06s  provider=0  solves=0  iterations=0

STEP 8
  certificate  stage=STEP 8  complete  reason=unchanged_problem_67  wall=2.370000e-06s  cpu=3.000000e-06s  provider=0  solves=0  iterations=0

STEP 7
  certificate  stage=STEP 7  complete  reason=continue_stage_ii  wall=9.200000e-07s  cpu=1.000000e-06s  provider=0  solves=0  iterations=0

STEP 4
  STAGE II STEP 4  major=8  upper=-2.547767e+01  LP_primal= 3.552714e-15  LP_dual= 5.551115e-17  active_cuts=13  certified
  certificate  stage=STEP 4  complete  reason=step4_complete  wall=3.508280e-04s  cpu=3.510000e-04s  provider=0  solves=1  iterations=1

STEP 5
  certificate  stage=STEP 5 LOCAL  major=8  attempt=20  accepted  reason=success  P rel.= 6.220118e-14  objective=-2.250671e+01  upper=-2.547767e+01  gap=-2.970957e+00  wall=0.000000e+00s  cpu=0.000000e+00s  provider=0  solves=0  iterations=0
  certificate  stage=STEP 5 LOCAL  major=8  attempt=23  accepted  reason=success  P rel.= 7.053298e-14  objective=-2.250671e+01  upper=-2.547767e+01  gap=-2.970957e+00  wall=0.000000e+00s  cpu=0.000000e+00s  provider=0  solves=0  iterations=0
  certificate  stage=STEP 5 LOCAL  major=8  attempt=24  accepted  reason=success  P rel.=-2.181671e-09  objective=-2.547767e+01  upper=-2.547767e+01  gap=-7.105427e-15  wall=0.000000e+00s  cpu=0.000000e+00s  provider=0  solves=0  iterations=0
  certificate  stage=STEP 5  complete  reason=step5_complete  wall=6.580524e-02s  cpu=6.579500e-02s  provider=60  solves=5  iterations=53

STEP 6
  certificate  stage=STEP 6  complete  reason=candidate_set  wall=5.590000e-06s  cpu=6.000000e-06s  provider=0  solves=0  iterations=0

STEP 8
  certificate  stage=STEP 8  complete  reason=unchanged_problem_67  wall=2.030000e-06s  cpu=2.000000e-06s  provider=0  solves=0  iterations=0

STEP 7
  certificate  stage=STEP 7  complete  reason=continue_stage_ii  wall=9.200000e-07s  cpu=1.000000e-06s  provider=0  solves=0  iterations=0

STEP 4
  STAGE II STEP 4  major=9  upper=-2.547767e+01  LP_primal= 3.552714e-15  LP_dual= 5.551115e-17  active_cuts=14  certified
  certificate  stage=STEP 4  complete  reason=step4_complete  wall=3.493480e-04s  cpu=3.500000e-04s  provider=0  solves=1  iterations=1

STEP 5
  certificate  stage=STEP 5 LOCAL  major=9  attempt=25  accepted  reason=success  P rel.= 5.918449e-14  objective=-2.250671e+01  upper=-2.547767e+01  gap=-2.970957e+00  wall=0.000000e+00s  cpu=0.000000e+00s  provider=0  solves=0  iterations=0
  certificate  stage=STEP 5 LOCAL  major=9  attempt=26  accepted  reason=success  P rel.=-2.176152e-09  objective=-2.547767e+01  upper=-2.547767e+01  gap=-3.552714e-15  wall=0.000000e+00s  cpu=0.000000e+00s  provider=0  solves=0  iterations=0
  certificate  stage=STEP 5  complete  reason=step5_complete  wall=5.588383e-02s  cpu=5.588600e-02s  provider=49  solves=2  iterations=44

STEP 6
  certificate  stage=STEP 6  complete  reason=candidate_set  wall=6.630000e-06s  cpu=7.000000e-06s  provider=0  solves=0  iterations=0

STEP 8
  certificate  stage=STEP 8  complete  reason=unchanged_problem_67  wall=2.150000e-06s  cpu=2.000000e-06s  provider=0  solves=0  iterations=0

STEP 7
  certificate  stage=STEP 7  complete  reason=continue_stage_ii  wall=9.300000e-07s  cpu=1.000000e-06s  provider=0  solves=0  iterations=0

STEP 4
  STAGE II STEP 4  major=10  upper=-2.547767e+01  LP_primal= 3.552714e-15  LP_dual= 5.551115e-17  active_cuts=15  certified
  certificate  stage=STEP 4  complete  reason=step4_complete  wall=3.965580e-04s  cpu=3.970000e-04s  provider=0  solves=1  iterations=1

STEP 5
  certificate  stage=STEP 5 LOCAL  major=10  attempt=27  accepted  reason=success  P rel.= 6.794724e-14  objective=-2.250671e+01  upper=-2.547767e+01  gap=-2.970957e+00  wall=0.000000e+00s  cpu=0.000000e+00s  provider=0  solves=0  iterations=0
  certificate  stage=STEP 5 LOCAL  major=10  attempt=28  accepted  reason=success  P rel.= 6.033371e-14  objective=-2.250671e+01  upper=-2.547767e+01  gap=-2.970957e+00  wall=0.000000e+00s  cpu=0.000000e+00s  provider=0  solves=0  iterations=0
  certificate  stage=STEP 5 LOCAL  major=10  attempt=29  accepted  reason=success  P rel.= 7.297505e-14  objective=-2.250671e+01  upper=-2.547767e+01  gap=-2.970957e+00  wall=0.000000e+00s  cpu=0.000000e+00s  provider=0  solves=0  iterations=0
  certificate  stage=STEP 5 LOCAL  major=10  attempt=30  accepted  reason=success  P rel.= 5.731702e-14  objective=-2.250671e+01  upper=-2.547767e+01  gap=-2.970957e+00  wall=0.000000e+00s  cpu=0.000000e+00s  provider=0  solves=0  iterations=0
  certificate  stage=STEP 5 LOCAL  major=10  attempt=31  accepted  reason=success  P rel.= 6.148292e-14  objective=-2.250671e+01  upper=-2.547767e+01  gap=-2.970957e+00  wall=0.000000e+00s  cpu=0.000000e+00s  provider=0  solves=0  iterations=0
  certificate  stage=STEP 5 LOCAL  major=10  attempt=32  accepted  reason=success  P rel.= 6.335039e-14  objective=-2.250671e+01  upper=-2.547767e+01  gap=-2.970957e+00  wall=0.000000e+00s  cpu=0.000000e+00s  provider=0  solves=0  iterations=0
  certificate  stage=STEP 5 LOCAL  major=10  attempt=33  accepted  reason=success  P rel.= 8.647831e-14  objective=-2.250671e+01  upper=-2.547767e+01  gap=-2.970957e+00  wall=0.000000e+00s  cpu=0.000000e+00s  provider=0  solves=0  iterations=0
  certificate  stage=STEP 5 LOCAL  major=10  attempt=34  accepted  reason=success  P rel.= 7.182584e-14  objective=-2.250671e+01  upper=-2.547767e+01  gap=-2.970957e+00  wall=0.000000e+00s  cpu=0.000000e+00s  provider=0  solves=0  iterations=0
  certificate  stage=STEP 5 LOCAL  major=10  attempt=35  accepted  reason=success  P rel.= 5.947180e-14  objective=-2.250671e+01  upper=-2.547767e+01  gap=-2.970957e+00  wall=0.000000e+00s  cpu=0.000000e+00s  provider=0  solves=0  iterations=0
  certificate  stage=STEP 5 LOCAL  major=10  attempt=36  accepted  reason=success  P rel.=-2.175528e-09  objective=-2.547767e+01  upper=-2.547767e+01  gap= 0.000000e+00  wall=0.000000e+00s  cpu=0.000000e+00s  provider=0  solves=0  iterations=0
  certificate  stage=STEP 5  complete  reason=step5_complete  wall=2.517330e-01s  cpu=2.517140e-01s  provider=220  solves=10  iterations=209

STEP 6
  certificate  stage=STEP 6  complete  reason=candidate_set  wall=1.027000e-05s  cpu=1.600000e-05s  provider=0  solves=0  iterations=0

STEP 8
  certificate  stage=STEP 8  complete  reason=unchanged_problem_67  wall=2.060000e-06s  cpu=2.000000e-06s  provider=0  solves=0  iterations=0

STEP 7
  certificate  stage=STEP 7  complete  reason=continue_stage_ii  wall=1.020000e-06s  cpu=1.000000e-06s  provider=0  solves=0  iterations=0

STEP 4
  STAGE II STEP 4  major=11  upper=-2.547767e+01  LP_primal= 0.000000e+00  LP_dual= 0.000000e+00  active_cuts=16  certified
  certificate  stage=STEP 4  complete  reason=step4_complete  wall=4.103680e-04s  cpu=4.110000e-04s  provider=0  solves=1  iterations=1

STEP 5
  certificate  stage=STEP 5 LOCAL  major=11  attempt=37  accepted  reason=success  P rel.=-2.171077e-09  objective=-2.547767e+01  upper=-2.547767e+01  gap= 0.000000e+00  wall=0.000000e+00s  cpu=0.000000e+00s  provider=0  solves=0  iterations=0
  certificate  stage=STEP 5  complete  reason=step5_complete  wall=2.751703e-02s  cpu=2.752000e-02s  provider=24  solves=1  iterations=19

STEP 6
  certificate  stage=STEP 6  complete  reason=candidate_set  wall=1.968000e-05s  cpu=2.000000e-05s  provider=0  solves=0  iterations=0

STEP 8
  certificate  stage=STEP 8  complete  reason=unchanged_problem_67  wall=3.580000e-06s  cpu=4.000000e-06s  provider=0  solves=0  iterations=0

STEP 7
  certificate  stage=STEP 7  complete  reason=continue_stage_ii  wall=1.480000e-06s  cpu=1.000000e-06s  provider=0  solves=0  iterations=0

STEP 4
  STAGE II STEP 4  major=12  upper=-2.547767e+01  LP_primal= 0.000000e+00  LP_dual= 0.000000e+00  active_cuts=17  certified
  certificate  stage=STEP 4  complete  reason=step4_complete  wall=6.356160e-04s  cpu=6.360000e-04s  provider=0  solves=1  iterations=1

STEP 5
  certificate  stage=STEP 5 LOCAL  major=12  attempt=38  accepted  reason=success  P rel.= 6.162657e-14  objective=-2.250671e+01  upper=-2.547767e+01  gap=-2.970957e+00  wall=0.000000e+00s  cpu=0.000000e+00s  provider=0  solves=0  iterations=0
  certificate  stage=STEP 5 LOCAL  major=12  attempt=39  accepted  reason=success  P rel.= 7.814651e-14  objective=-2.250671e+01  upper=-2.547767e+01  gap=-2.970957e+00  wall=0.000000e+00s  cpu=0.000000e+00s  provider=0  solves=0  iterations=0
  certificate  stage=STEP 5 LOCAL  major=12  attempt=40  accepted  reason=success  P rel.= 5.731702e-14  objective=-2.250671e+01  upper=-2.547767e+01  gap=-2.970957e+00  wall=0.000000e+00s  cpu=0.000000e+00s  provider=0  solves=0  iterations=0
  certificate  stage=STEP 5 LOCAL  major=12  attempt=41  accepted  reason=success  P rel.= 8.030129e-14  objective=-2.250671e+01  upper=-2.547767e+01  gap=-2.970957e+00  wall=0.000000e+00s  cpu=0.000000e+00s  provider=0  solves=0  iterations=0
  certificate  stage=STEP 5 LOCAL  major=12  attempt=42  accepted  reason=success  P rel.= 3.519466e-14  objective=-2.250671e+01  upper=-2.547767e+01  gap=-2.970957e+00  wall=0.000000e+00s  cpu=0.000000e+00s  provider=0  solves=0  iterations=0
  certificate  stage=STEP 5 LOCAL  major=12  attempt=43  accepted  reason=success  P rel.=-2.170632e-09  objective=-2.547767e+01  upper=-2.547767e+01  gap= 0.000000e+00  wall=0.000000e+00s  cpu=0.000000e+00s  provider=0  solves=0  iterations=0
  certificate  stage=STEP 5  complete  reason=step5_complete  wall=1.575407e-01s  cpu=1.575420e-01s  provider=133  solves=6  iterations=124

STEP 6
  certificate  stage=STEP 6  complete  reason=candidate_set  wall=1.849000e-05s  cpu=1.800000e-05s  provider=0  solves=0  iterations=0

STEP 8
  certificate  stage=STEP 8  complete  reason=unchanged_problem_67  wall=2.040000e-06s  cpu=2.000000e-06s  provider=0  solves=0  iterations=0

STEP 7
  certificate  stage=STEP 7  complete  reason=continue_stage_ii  wall=9.700000e-07s  cpu=1.000000e-06s  provider=0  solves=0  iterations=0

STEP 4
  STAGE II STEP 4  major=13  upper=-2.547767e+01  LP_primal= 0.000000e+00  LP_dual= 0.000000e+00  active_cuts=18  certified
  certificate  stage=STEP 4  complete  reason=step4_complete  wall=4.016980e-04s  cpu=4.020000e-04s  provider=0  solves=1  iterations=1

STEP 5
  certificate  stage=STEP 5 LOCAL  major=13  attempt=44  accepted  reason=success  P rel.= 4.984713e-14  objective=-2.250671e+01  upper=-2.547767e+01  gap=-2.970957e+00  wall=0.000000e+00s  cpu=0.000000e+00s  provider=0  solves=0  iterations=0
  certificate  stage=STEP 5 LOCAL  major=13  attempt=45  accepted  reason=success  P rel.= 6.952741e-14  objective=-2.250671e+01  upper=-2.547767e+01  gap=-2.970957e+00  wall=0.000000e+00s  cpu=0.000000e+00s  provider=0  solves=0  iterations=0
  certificate  stage=STEP 5 LOCAL  major=13  attempt=47  accepted  reason=success  P rel.=-2.179802e-09  objective=-2.547767e+01  upper=-2.547767e+01  gap= 0.000000e+00  wall=0.000000e+00s  cpu=0.000000e+00s  provider=0  solves=0  iterations=0
  certificate  stage=STEP 5  complete  reason=step5_complete  wall=7.938892e-02s  cpu=7.939000e-02s  provider=74  solves=4  iterations=60

STEP 6
  certificate  stage=STEP 6  complete  reason=candidate_set  wall=9.809000e-06s  cpu=1.000000e-05s  provider=0  solves=0  iterations=0

STEP 8
  certificate  stage=STEP 8  complete  reason=unchanged_problem_67  wall=2.250000e-06s  cpu=2.000000e-06s  provider=0  solves=0  iterations=0

STEP 7
  certificate  stage=STEP 7  complete  reason=continue_stage_ii  wall=9.300000e-07s  cpu=1.000000e-06s  provider=0  solves=0  iterations=0

STEP 4
  STAGE II STEP 4  major=14  upper=-2.547767e+01  LP_primal= 7.105427e-15  LP_dual= 6.938894e-18  active_cuts=19  certified
  certificate  stage=STEP 4  complete  reason=step4_complete  wall=3.642280e-04s  cpu=3.650000e-04s  provider=0  solves=1  iterations=1

STEP 5
  certificate  stage=STEP 5 LOCAL  major=14  attempt=48  accepted  reason=success  P rel.= 5.194445e-13  objective=-2.250671e+01  upper=-2.547767e+01  gap=-2.970957e+00  wall=0.000000e+00s  cpu=0.000000e+00s  provider=0  solves=0  iterations=0
  certificate  stage=STEP 5 LOCAL  major=14  attempt=49  accepted  reason=success  P rel.= 5.616781e-14  objective=-2.250671e+01  upper=-2.547767e+01  gap=-2.970957e+00  wall=0.000000e+00s  cpu=0.000000e+00s  provider=0  solves=0  iterations=0
  certificate  stage=STEP 5 LOCAL  major=14  attempt=50  accepted  reason=success  P rel.= 5.645511e-14  objective=-2.250671e+01  upper=-2.547767e+01  gap=-2.970957e+00  wall=0.000000e+00s  cpu=0.000000e+00s  provider=0  solves=0  iterations=0
  certificate  stage=STEP 5 LOCAL  major=14  attempt=51  accepted  reason=success  P rel.= 7.024567e-14  objective=-2.250671e+01  upper=-2.547767e+01  gap=-2.970957e+00  wall=0.000000e+00s  cpu=0.000000e+00s  provider=0  solves=0  iterations=0
  certificate  stage=STEP 5 LOCAL  major=14  attempt=52  accepted  reason=success  P rel.= 5.588050e-14  objective=-2.250671e+01  upper=-2.547767e+01  gap=-2.970957e+00  wall=0.000000e+00s  cpu=0.000000e+00s  provider=0  solves=0  iterations=0
  certificate  stage=STEP 5 LOCAL  major=14  attempt=53  accepted  reason=success  P rel.= 6.995837e-14  objective=-2.250671e+01  upper=-2.547767e+01  gap=-2.970957e+00  wall=0.000000e+00s  cpu=0.000000e+00s  provider=0  solves=0  iterations=0
  certificate  stage=STEP 5 LOCAL  major=14  attempt=54  accepted  reason=success  P rel.= 4.754871e-14  objective=-2.250671e+01  upper=-2.547767e+01  gap=-2.970957e+00  wall=0.000000e+00s  cpu=0.000000e+00s  provider=0  solves=0  iterations=0
  certificate  stage=STEP 5 LOCAL  major=14  attempt=55  accepted  reason=success  P rel.= 6.123871e-13  objective=-2.250671e+01  upper=-2.547767e+01  gap=-2.970957e+00  wall=0.000000e+00s  cpu=0.000000e+00s  provider=0  solves=0  iterations=0
  certificate  stage=STEP 5 LOCAL  major=14  attempt=56  accepted  reason=success  P rel.= 3.930310e-13  objective=-2.250671e+01  upper=-2.547767e+01  gap=-2.970957e+00  wall=0.000000e+00s  cpu=0.000000e+00s  provider=0  solves=0  iterations=0
  certificate  stage=STEP 5 LOCAL  major=14  attempt=57  accepted  reason=success  P rel.= 7.556078e-14  objective=-2.250671e+01  upper=-2.547767e+01  gap=-2.970957e+00  wall=0.000000e+00s  cpu=0.000000e+00s  provider=0  solves=0  iterations=0
  certificate  stage=STEP 5 LOCAL  major=14  attempt=59  accepted  reason=success  P rel.= 7.184021e-13  objective=-2.250671e+01  upper=-2.547767e+01  gap=-2.970957e+00  wall=0.000000e+00s  cpu=0.000000e+00s  provider=0  solves=0  iterations=0
  certificate  stage=STEP 5 LOCAL  major=14  attempt=60  accepted  reason=success  P rel.= 5.401303e-14  objective=-2.250671e+01  upper=-2.547767e+01  gap=-2.970957e+00  wall=0.000000e+00s  cpu=0.000000e+00s  provider=0  solves=0  iterations=0
  certificate  stage=STEP 5 LOCAL  major=14  attempt=61  accepted  reason=success  P rel.= 4.754871e-14  objective=-2.250671e+01  upper=-2.547767e+01  gap=-2.970957e+00  wall=0.000000e+00s  cpu=0.000000e+00s  provider=0  solves=0  iterations=0
  certificate  stage=STEP 5 LOCAL  major=14  attempt=62  accepted  reason=success  P rel.=-2.176686e-09  objective=-2.547767e+01  upper=-2.547767e+01  gap=-1.065814e-14  wall=0.000000e+00s  cpu=0.000000e+00s  provider=0  solves=0  iterations=0
  certificate  stage=STEP 5  complete  reason=step5_complete  wall=3.410214e-01s  cpu=3.409910e-01s  provider=317  solves=15  iterations=287

STEP 6
  certificate  stage=STEP 6  complete  reason=candidate_set  wall=9.600000e-06s  cpu=9.000000e-06s  provider=0  solves=0  iterations=0

STEP 8
  certificate  stage=STEP 8  complete  reason=unchanged_problem_67  wall=1.840000e-06s  cpu=2.000000e-06s  provider=0  solves=0  iterations=0

STEP 7
  certificate  stage=STEP 7  complete  reason=continue_stage_ii  wall=1.120000e-06s  cpu=1.000000e-06s  provider=0  solves=0  iterations=0

STEP 4
  STAGE II STEP 4  major=15  upper=-2.547767e+01  LP_primal= 7.105427e-15  LP_dual= 6.938894e-18  active_cuts=20  certified
  certificate  stage=STEP 4  complete  reason=step4_complete  wall=3.417080e-04s  cpu=3.430000e-04s  provider=0  solves=1  iterations=1

STEP 5
  certificate  stage=STEP 5 LOCAL  major=15  attempt=63  accepted  reason=success  P rel.=-2.206777e-09  objective=-2.547767e+01  upper=-2.547767e+01  gap=-3.552714e-15  wall=0.000000e+00s  cpu=0.000000e+00s  provider=0  solves=0  iterations=0
  certificate  stage=STEP 5  complete  reason=step5_complete  wall=2.493064e-02s  cpu=2.493200e-02s  provider=24  solves=1  iterations=18

STEP 6
  certificate  stage=STEP 6  complete  reason=candidate_set  wall=8.530000e-06s  cpu=8.000000e-06s  provider=0  solves=0  iterations=0

STEP 8
  certificate  stage=STEP 8  complete  reason=unchanged_problem_67  wall=1.840000e-06s  cpu=2.000000e-06s  provider=0  solves=0  iterations=0

STEP 7
  certificate  stage=STEP 7  complete  reason=continue_stage_ii  wall=9.000000e-07s  cpu=1.000000e-06s  provider=0  solves=0  iterations=0

STEP 4
  STAGE II STEP 4  major=16  upper=-2.547767e+01  LP_primal= 7.105427e-15  LP_dual= 6.938894e-18  active_cuts=21  certified
  certificate  stage=STEP 4  complete  reason=step4_complete  wall=3.441590e-04s  cpu=3.450000e-04s  provider=0  solves=1  iterations=1

STEP 5
  certificate  stage=STEP 5 LOCAL  major=16  attempt=64  accepted  reason=success  P rel.=-3.711682e-09  objective=-2.547767e+01  upper=-2.547767e+01  gap=-7.105427e-15  wall=0.000000e+00s  cpu=0.000000e+00s  provider=0  solves=0  iterations=0
  certificate  stage=STEP 5  complete  reason=step5_complete  wall=2.169314e-02s  cpu=2.169400e-02s  provider=20  solves=1  iterations=19

STEP 6
  certificate  stage=STEP 6  complete  reason=candidate_set  wall=6.950000e-06s  cpu=7.000000e-06s  provider=0  solves=0  iterations=0

STEP 8
  certificate  stage=STEP 8  complete  reason=unchanged_problem_67  wall=1.750000e-06s  cpu=2.000000e-06s  provider=0  solves=0  iterations=0

STEP 7
  certificate  stage=STEP 7  complete  reason=continue_stage_ii  wall=9.000000e-07s  cpu=1.000000e-06s  provider=0  solves=0  iterations=0

STEP 4
  STAGE II STEP 4  major=17  upper=-2.547767e+01  LP_primal= 7.105427e-15  LP_dual= 5.551115e-17  active_cuts=22  certified
  certificate  stage=STEP 4  complete  reason=step4_complete  wall=3.185180e-04s  cpu=3.190000e-04s  provider=0  solves=1  iterations=1

STEP 5
  certificate  stage=STEP 5 LOCAL  major=17  attempt=65  accepted  reason=success  P rel.= 4.912887e-14  objective=-2.250671e+01  upper=-2.547767e+01  gap=-2.970957e+00  wall=0.000000e+00s  cpu=0.000000e+00s  provider=0  solves=0  iterations=0
  certificate  stage=STEP 5 LOCAL  major=17  attempt=66  accepted  reason=success  P rel.= 5.631146e-14  objective=-2.250671e+01  upper=-2.547767e+01  gap=-2.970957e+00  wall=0.000000e+00s  cpu=0.000000e+00s  provider=0  solves=0  iterations=0
  certificate  stage=STEP 5 LOCAL  major=17  attempt=67  accepted  reason=success  P rel.= 3.490736e-14  objective=-2.250671e+01  upper=-2.547767e+01  gap=-2.970957e+00  wall=0.000000e+00s  cpu=0.000000e+00s  provider=0  solves=0  iterations=0
  certificate  stage=STEP 5 LOCAL  major=17  attempt=68  accepted  reason=success  P rel.= 7.570444e-14  objective=-2.250671e+01  upper=-2.547767e+01  gap=-2.970957e+00  wall=0.000000e+00s  cpu=0.000000e+00s  provider=0  solves=0  iterations=0
  certificate  stage=STEP 5 LOCAL  major=17  attempt=69  accepted  reason=success  P rel.= 5.904084e-14  objective=-2.250671e+01  upper=-2.547767e+01  gap=-2.970957e+00  wall=0.000000e+00s  cpu=0.000000e+00s  provider=0  solves=0  iterations=0
  certificate  stage=STEP 5 LOCAL  major=17  attempt=70  accepted  reason=success  P rel.=-2.183363e-09  objective=-2.547767e+01  upper=-2.547767e+01  gap=-3.552714e-15  wall=0.000000e+00s  cpu=0.000000e+00s  provider=0  solves=0  iterations=0
  certificate  stage=STEP 5  complete  reason=step5_complete  wall=1.350399e-01s  cpu=1.350280e-01s  provider=128  solves=6  iterations=122

STEP 6
  certificate  stage=STEP 6  complete  reason=candidate_set  wall=1.023000e-05s  cpu=1.000000e-05s  provider=0  solves=0  iterations=0

STEP 8
  certificate  stage=STEP 8  complete  reason=unchanged_problem_67  wall=1.820000e-06s  cpu=1.000000e-06s  provider=0  solves=0  iterations=0

STEP 7
  certificate  stage=STEP 7  complete  reason=continue_stage_ii  wall=9.100000e-07s  cpu=1.000000e-06s  provider=0  solves=0  iterations=0

STEP 4
  STAGE II STEP 4  major=18  upper=-2.547767e+01  LP_primal= 7.105427e-15  LP_dual= 5.551115e-17  active_cuts=23  certified
  certificate  stage=STEP 4  complete  reason=step4_complete  wall=3.491880e-04s  cpu=3.500000e-04s  provider=0  solves=1  iterations=1

STEP 5
  certificate  stage=STEP 5 LOCAL  major=18  attempt=71  accepted  reason=success  P rel.= 6.220118e-14  objective=-2.250671e+01  upper=-2.547767e+01  gap=-2.970957e+00  wall=0.000000e+00s  cpu=0.000000e+00s  provider=0  solves=0  iterations=0
  certificate  stage=STEP 5 LOCAL  major=18  attempt=72  accepted  reason=success  P rel.= 7.283140e-14  objective=-2.250671e+01  upper=-2.547767e+01  gap=-2.970957e+00  wall=0.000000e+00s  cpu=0.000000e+00s  provider=0  solves=0  iterations=0
  certificate  stage=STEP 5 LOCAL  major=18  attempt=73  accepted  reason=success  P rel.= 2.515341e-13  objective=-2.250671e+01  upper=-2.547767e+01  gap=-2.970957e+00  wall=0.000000e+00s  cpu=0.000000e+00s  provider=0  solves=0  iterations=0
  certificate  stage=STEP 5 LOCAL  major=18  attempt=74  accepted  reason=success  P rel.= 2.602968e-13  objective=-2.250671e+01  upper=-2.547767e+01  gap=-2.970957e+00  wall=0.000000e+00s  cpu=0.000000e+00s  provider=0  solves=0  iterations=0
  certificate  stage=STEP 5 LOCAL  major=18  attempt=75  accepted  reason=success  P rel.= 3.404545e-14  objective=-2.250671e+01  upper=-2.547767e+01  gap=-2.970957e+00  wall=0.000000e+00s  cpu=0.000000e+00s  provider=0  solves=0  iterations=0
  certificate  stage=STEP 5 LOCAL  major=18  attempt=76  accepted  reason=success  P rel.= 7.811778e-13  objective=-2.250671e+01  upper=-2.547767e+01  gap=-2.970957e+00  wall=0.000000e+00s  cpu=0.000000e+00s  provider=0  solves=0  iterations=0
  certificate  stage=STEP 5 LOCAL  major=18  attempt=77  accepted  reason=success  P rel.= 2.963534e-13  objective=-2.250671e+01  upper=-2.547767e+01  gap=-2.970957e+00  wall=0.000000e+00s  cpu=0.000000e+00s  provider=0  solves=0  iterations=0
  certificate  stage=STEP 5 LOCAL  major=18  attempt=78  accepted  reason=success  P rel.= 6.564882e-14  objective=-2.250671e+01  upper=-2.547767e+01  gap=-2.970957e+00  wall=0.000000e+00s  cpu=0.000000e+00s  provider=0  solves=0  iterations=0
  certificate  stage=STEP 5 LOCAL  major=18  attempt=79  accepted  reason=success  P rel.= 7.024567e-14  objective=-2.250671e+01  upper=-2.547767e+01  gap=-2.970957e+00  wall=0.000000e+00s  cpu=0.000000e+00s  provider=0  solves=0  iterations=0
  certificate  stage=STEP 5 LOCAL  major=18  attempt=80  accepted  reason=success  P rel.= 6.205753e-14  objective=-2.250671e+01  upper=-2.547767e+01  gap=-2.970957e+00  wall=0.000000e+00s  cpu=0.000000e+00s  provider=0  solves=0  iterations=0
  certificate  stage=STEP 5 LOCAL  major=18  attempt=81  accepted  reason=success  P rel.= 1.993885e-13  objective=-2.250671e+01  upper=-2.547767e+01  gap=-2.970957e+00  wall=0.000000e+00s  cpu=0.000000e+00s  provider=0  solves=0  iterations=0
  certificate  stage=STEP 5 LOCAL  major=18  attempt=82  accepted  reason=success  P rel.= 6.981472e-14  objective=-2.250671e+01  upper=-2.547767e+01  gap=-2.970957e+00  wall=0.000000e+00s  cpu=0.000000e+00s  provider=0  solves=0  iterations=0
  certificate  stage=STEP 5 LOCAL  major=18  attempt=83  accepted  reason=success  P rel.= 3.993517e-14  objective=-2.250671e+01  upper=-2.547767e+01  gap=-2.970957e+00  wall=0.000000e+00s  cpu=0.000000e+00s  provider=0  solves=0  iterations=0
  certificate  stage=STEP 5 LOCAL  major=18  attempt=84  accepted  reason=success  P rel.= 6.866550e-14  objective=-2.250671e+01  upper=-2.547767e+01  gap=-2.970957e+00  wall=0.000000e+00s  cpu=0.000000e+00s  provider=0  solves=0  iterations=0
  certificate  stage=STEP 5 LOCAL  major=18  attempt=85  accepted  reason=success  P rel.= 8.561640e-14  objective=-2.250671e+01  upper=-2.547767e+01  gap=-2.970957e+00  wall=0.000000e+00s  cpu=0.000000e+00s  provider=0  solves=0  iterations=0
  certificate  stage=STEP 5 LOCAL  major=18  attempt=87  accepted  reason=success  P rel.= 3.418910e-14  objective=-2.250671e+01  upper=-2.547767e+01  gap=-2.970957e+00  wall=0.000000e+00s  cpu=0.000000e+00s  provider=0  solves=0  iterations=0
  certificate  stage=STEP 5 LOCAL  major=18  attempt=88  accepted  reason=success  P rel.= 2.427713e-14  objective=-2.250671e+01  upper=-2.547767e+01  gap=-2.970957e+00  wall=0.000000e+00s  cpu=0.000000e+00s  provider=0  solves=0  iterations=0
  certificate  stage=STEP 5 LOCAL  major=18  attempt=89  accepted  reason=success  P rel.=-2.176775e-09  objective=-2.547767e+01  upper=-2.547767e+01  gap= 0.000000e+00  wall=0.000000e+00s  cpu=0.000000e+00s  provider=0  solves=0  iterations=0
  certificate  stage=STEP 5  complete  reason=step5_complete  wall=4.626665e-01s  cpu=4.606190e-01s  provider=410  solves=19  iterations=380

STEP 6
  certificate  stage=STEP 6  complete  reason=candidate_set  wall=1.008000e-05s  cpu=1.000000e-05s  provider=0  solves=0  iterations=0

STEP 8
  certificate  stage=STEP 8  complete  reason=unchanged_problem_67  wall=1.920000e-06s  cpu=2.000000e-06s  provider=0  solves=0  iterations=0

STEP 7
  certificate  stage=STEP 7  complete  reason=continue_stage_ii  wall=9.100000e-07s  cpu=0.000000e+00s  provider=0  solves=0  iterations=0

STEP 4
  STAGE II STEP 4  major=19  upper=-2.547767e+01  LP_primal= 7.105427e-15  LP_dual= 5.551115e-17  active_cuts=24  certified
  certificate  stage=STEP 4  complete  reason=step4_complete  wall=3.373980e-04s  cpu=3.370000e-04s  provider=0  solves=1  iterations=1

STEP 5
  certificate  stage=STEP 5 LOCAL  major=19  attempt=90  accepted  reason=success  P rel.= 2.801208e-14  objective=-2.250671e+01  upper=-2.547767e+01  gap=-2.970957e+00  wall=0.000000e+00s  cpu=0.000000e+00s  provider=0  solves=0  iterations=0
  certificate  stage=STEP 5 LOCAL  major=19  attempt=91  accepted  reason=success  P rel.= 5.530590e-14  objective=-2.250671e+01  upper=-2.547767e+01  gap=-2.970957e+00  wall=0.000000e+00s  cpu=0.000000e+00s  provider=0  solves=0  iterations=0
  certificate  stage=STEP 5 LOCAL  major=19  attempt=92  accepted  reason=success  P rel.= 5.889719e-14  objective=-2.250671e+01  upper=-2.547767e+01  gap=-2.970957e+00  wall=0.000000e+00s  cpu=0.000000e+00s  provider=0  solves=0  iterations=0
  certificate  stage=STEP 5 LOCAL  major=19  attempt=93  accepted  reason=success  P rel.= 7.535967e-13  objective=-2.250671e+01  upper=-2.547767e+01  gap=-2.970957e+00  wall=0.000000e+00s  cpu=0.000000e+00s  provider=0  solves=0  iterations=0
  certificate  stage=STEP 5 LOCAL  major=19  attempt=94  accepted  reason=success  P rel.= 4.754871e-14  objective=-2.250671e+01  upper=-2.547767e+01  gap=-2.970957e+00  wall=0.000000e+00s  cpu=0.000000e+00s  provider=0  solves=0  iterations=0
  certificate  stage=STEP 5 LOCAL  major=19  attempt=95  accepted  reason=success  P rel.=-2.179090e-09  objective=-2.547767e+01  upper=-2.547767e+01  gap= 0.000000e+00  wall=0.000000e+00s  cpu=0.000000e+00s  provider=0  solves=0  iterations=0
  certificate  stage=STEP 5  complete  reason=step5_complete  wall=1.780021e-01s  cpu=1.778050e-01s  provider=140  solves=6  iterations=130

STEP 6
  certificate  stage=STEP 6  complete  reason=candidate_set  wall=1.969000e-05s  cpu=2.000000e-05s  provider=0  solves=0  iterations=0

STEP 8
  certificate  stage=STEP 8  complete  reason=unchanged_problem_67  wall=3.440000e-06s  cpu=3.000000e-06s  provider=0  solves=0  iterations=0

STEP 7
  certificate  stage=STEP 7  complete  reason=continue_stage_ii  wall=1.470000e-06s  cpu=2.000000e-06s  provider=0  solves=0  iterations=0

STEP 4
  STAGE II STEP 4  major=20  upper=-2.547767e+01  LP_primal= 7.105427e-15  LP_dual= 5.551115e-17  active_cuts=25  certified
  certificate  stage=STEP 4  complete  reason=step4_complete  wall=5.139570e-04s  cpu=5.140000e-04s  provider=0  solves=1  iterations=1

STEP 5
  certificate  stage=STEP 5 LOCAL  major=20  attempt=96  accepted  reason=success  P rel.=-7.623425e-08  objective=-2.550804e+01  upper=-2.547767e+01  gap= 3.037616e-02  wall=0.000000e+00s  cpu=0.000000e+00s  provider=0  solves=0  iterations=0
  certificate  stage=STEP 5  complete  reason=step5_complete  wall=2.910556e-02s  cpu=2.910700e-02s  provider=28  solves=1  iterations=22

STEP 6
  certificate  stage=STEP 6  complete  reason=candidate_set  wall=2.013000e-05s  cpu=2.000000e-05s  provider=0  solves=0  iterations=0

STEP 8
  certificate  stage=STEP 8  complete  reason=unchanged_problem_67  wall=3.620000e-06s  cpu=4.000000e-06s  provider=0  solves=0  iterations=0

STEP 7
  certificate  stage=STEP 7  complete  reason=continue_stage_ii  wall=1.510000e-06s  cpu=1.000000e-06s  provider=0  solves=0  iterations=0

STEP 4
  STAGE II STEP 4  major=21  upper=-2.549699e+01  LP_primal= 2.106759e-12  LP_dual= 6.938894e-18  active_cuts=26  certified
  certificate  stage=STEP 4  complete  reason=step4_complete  wall=5.276070e-04s  cpu=5.280000e-04s  provider=0  solves=1  iterations=1

STEP 5
  certificate  stage=STEP 5 LOCAL  major=21  attempt=97  accepted  reason=success  P rel.=-2.384118e-09  objective=-2.549906e+01  upper=-2.549699e+01  gap= 2.068551e-03  wall=0.000000e+00s  cpu=0.000000e+00s  provider=0  solves=0  iterations=0
  certificate  stage=STEP 5  complete  reason=step5_complete  wall=1.922446e-02s  cpu=1.921900e-02s  provider=17  solves=1  iterations=15

STEP 6
  certificate  stage=STEP 6  complete  reason=candidate_set  wall=2.285000e-05s  cpu=2.300000e-05s  provider=0  solves=0  iterations=0

STEP 8
  certificate  stage=STEP 8  complete  reason=step8_complete  wall=1.423462e-01s  cpu=1.423420e-01s  provider=354  solves=2  iterations=21

STEP 9
  certificate  stage=STEP 9  failed  objective=-2.549730e+01  upper=-2.549699e+01  gap= 3.180412e-04  wall=0.000000e+00s  cpu=0.000000e+00s  provider=0  solves=0  iterations=0
  certificate  stage=STEP 9  complete  reason=paper_free_energy_convergence_failed  wall=2.769355e-03s  cpu=2.769000e-03s  provider=3  solves=0  iterations=0

STEP 7
  certificate  stage=STEP 7  complete  reason=continue_stage_ii  wall=1.340000e-06s  cpu=1.000000e-06s  provider=0  solves=0  iterations=0

STEP 4
  STAGE II STEP 4  major=22  upper=-2.549711e+01  LP_primal= 2.643219e-12  LP_dual= 2.775558e-17  active_cuts=27  certified
  certificate  stage=STEP 4  complete  reason=step4_complete  wall=4.815580e-04s  cpu=4.880000e-04s  provider=0  solves=1  iterations=1

STEP 5
  certificate  stage=STEP 5 LOCAL  major=22  attempt=98  accepted  reason=success  P rel.= 7.383696e-14  objective=-2.247901e+01  upper=-2.549711e+01  gap=-3.018096e+00  wall=0.000000e+00s  cpu=0.000000e+00s  provider=0  solves=0  iterations=0
  certificate  stage=STEP 5 LOCAL  major=22  attempt=99  accepted  reason=success  P rel.= 5.415668e-14  objective=-2.247901e+01  upper=-2.549711e+01  gap=-3.018096e+00  wall=0.000000e+00s  cpu=0.000000e+00s  provider=0  solves=0  iterations=0
  certificate  stage=STEP 5 LOCAL  major=22  attempt=100  accepted  reason=success  P rel.= 6.392500e-14  objective=-2.247901e+01  upper=-2.549711e+01  gap=-3.018096e+00  wall=0.000000e+00s  cpu=0.000000e+00s  provider=0  solves=0  iterations=0
  certificate  stage=STEP 5 LOCAL  major=22  attempt=102  accepted  reason=success  P rel.= 9.739584e-14  objective=-2.247901e+01  upper=-2.549711e+01  gap=-3.018096e+00  wall=0.000000e+00s  cpu=0.000000e+00s  provider=0  solves=0  iterations=0
  certificate  stage=STEP 5 LOCAL  major=22  attempt=103  accepted  reason=success  P rel.= 6.248848e-14  objective=-2.247901e+01  upper=-2.549711e+01  gap=-3.018096e+00  wall=0.000000e+00s  cpu=0.000000e+00s  provider=0  solves=0  iterations=0
  certificate  stage=STEP 5 LOCAL  major=22  attempt=104  accepted  reason=success  P rel.=-2.219686e-09  objective=-2.549764e+01  upper=-2.549711e+01  gap= 5.300826e-04  wall=0.000000e+00s  cpu=0.000000e+00s  provider=0  solves=0  iterations=0
  certificate  stage=STEP 5  complete  reason=step5_complete  wall=1.542699e-01s  cpu=1.542600e-01s  provider=136  solves=7  iterations=120

STEP 6
  certificate  stage=STEP 6  complete  reason=candidate_set  wall=2.215000e-05s  cpu=2.200000e-05s  provider=0  solves=0  iterations=0

STEP 8
  certificate  stage=STEP 8  complete  reason=step8_complete  wall=1.373501e-01s  cpu=1.373420e-01s  provider=290  solves=2  iterations=29

STEP 9
  certificate  stage=STEP 9  failed  objective=-2.549731e+01  upper=-2.549711e+01  gap= 2.030002e-04  wall=0.000000e+00s  cpu=0.000000e+00s  provider=0  solves=0  iterations=0
  certificate  stage=STEP 9  complete  reason=paper_free_energy_convergence_failed  wall=2.194047e-03s  cpu=2.194000e-03s  provider=3  solves=0  iterations=0

STEP 7
  certificate  stage=STEP 7  complete  reason=continue_stage_ii  wall=1.170000e-06s  cpu=1.000000e-06s  provider=0  solves=0  iterations=0

STEP 4
  STAGE II STEP 4  major=23  upper=-2.549717e+01  LP_primal= 2.927436e-12  LP_dual= 2.775558e-17  active_cuts=28  certified
  certificate  stage=STEP 4  complete  reason=step4_complete  wall=2.994680e-04s  cpu=3.000000e-04s  provider=0  solves=1  iterations=1

STEP 5
  certificate  stage=STEP 5 LOCAL  major=23  attempt=105  accepted  reason=success  P rel.= 7.814651e-14  objective=-2.248288e+01  upper=-2.549717e+01  gap=-3.014290e+00  wall=0.000000e+00s  cpu=0.000000e+00s  provider=0  solves=0  iterations=0
  certificate  stage=STEP 5 LOCAL  major=23  attempt=106  accepted  reason=success  P rel.= 8.461084e-14  objective=-2.248288e+01  upper=-2.549717e+01  gap=-3.014290e+00  wall=0.000000e+00s  cpu=0.000000e+00s  provider=0  solves=0  iterations=0
  certificate  stage=STEP 5 LOCAL  major=23  attempt=107  accepted  reason=success  P rel.= 5.563630e-13  objective=-2.248288e+01  upper=-2.549717e+01  gap=-3.014290e+00  wall=0.000000e+00s  cpu=0.000000e+00s  provider=0  solves=0  iterations=0
  certificate  stage=STEP 5 LOCAL  major=23  attempt=108  accepted  reason=success  P rel.= 5.205937e-13  objective=-2.248288e+01  upper=-2.549717e+01  gap=-3.014290e+00  wall=0.000000e+00s  cpu=0.000000e+00s  provider=0  solves=0  iterations=0
  certificate  stage=STEP 5 LOCAL  major=23  attempt=109  accepted  reason=success  P rel.=-2.216214e-09  objective=-2.549732e+01  upper=-2.549717e+01  gap= 1.464073e-04  wall=0.000000e+00s  cpu=0.000000e+00s  provider=0  solves=0  iterations=0
  certificate  stage=STEP 5  complete  reason=step5_complete  wall=1.058689e-01s  cpu=1.058610e-01s  provider=105  solves=5  iterations=95

STEP 6
  certificate  stage=STEP 6  complete  reason=candidate_set  wall=1.123000e-05s  cpu=1.100000e-05s  provider=0  solves=0  iterations=0

STEP 8
  certificate  stage=STEP 8  complete  reason=step8_complete  wall=1.876714e-01s  cpu=1.876730e-01s  provider=906  solves=2  iterations=41

STEP 9
  certificate  stage=STEP 9  failed  objective=-2.549731e+01  upper=-2.549717e+01  gap= 1.431429e-04  wall=0.000000e+00s  cpu=0.000000e+00s  provider=0  solves=0  iterations=0
  certificate  stage=STEP 9  complete  reason=paper_free_energy_convergence_failed  wall=2.430407e-03s  cpu=2.431000e-03s  provider=3  solves=0  iterations=0

STEP 7
  certificate  stage=STEP 7  complete  reason=continue_stage_ii  wall=1.210000e-06s  cpu=1.000000e-06s  provider=0  solves=0  iterations=0

STEP 4
  STAGE II STEP 4  major=24  upper=-2.549721e+01  LP_primal= 3.101519e-12  LP_dual= 6.938894e-18  active_cuts=29  certified
  certificate  stage=STEP 4  complete  reason=step4_complete  wall=3.350780e-04s  cpu=3.350000e-04s  provider=0  solves=1  iterations=1

STEP 5
  certificate  stage=STEP 5 LOCAL  major=24  attempt=110  accepted  reason=success  P rel.= 4.467567e-14  objective=-2.248537e+01  upper=-2.549721e+01  gap=-3.011838e+00  wall=0.000000e+00s  cpu=0.000000e+00s  provider=0  solves=0  iterations=0
  certificate  stage=STEP 5 LOCAL  major=24  attempt=111  accepted  reason=success  P rel.= 5.487494e-14  objective=-2.248537e+01  upper=-2.549721e+01  gap=-3.011838e+00  wall=0.000000e+00s  cpu=0.000000e+00s  provider=0  solves=0  iterations=0
  certificate  stage=STEP 5 LOCAL  major=24  attempt=112  accepted  reason=success  P rel.= 6.694168e-14  objective=-2.248537e+01  upper=-2.549721e+01  gap=-3.011838e+00  wall=0.000000e+00s  cpu=0.000000e+00s  provider=0  solves=0  iterations=0
  certificate  stage=STEP 5 LOCAL  major=24  attempt=113  accepted  reason=success  P rel.= 5.228921e-14  objective=-2.248537e+01  upper=-2.549721e+01  gap=-3.011838e+00  wall=0.000000e+00s  cpu=0.000000e+00s  provider=0  solves=0  iterations=0
  certificate  stage=STEP 5 LOCAL  major=24  attempt=114  accepted  reason=success  P rel.= 6.119562e-14  objective=-2.248537e+01  upper=-2.549721e+01  gap=-3.011838e+00  wall=0.000000e+00s  cpu=0.000000e+00s  provider=0  solves=0  iterations=0
  certificate  stage=STEP 5 LOCAL  major=24  attempt=115  accepted  reason=success  P rel.= 6.320674e-14  objective=-2.248537e+01  upper=-2.549721e+01  gap=-3.011838e+00  wall=0.000000e+00s  cpu=0.000000e+00s  provider=0  solves=0  iterations=0
  certificate  stage=STEP 5 LOCAL  major=24  attempt=116  accepted  reason=success  P rel.=-2.176686e-09  objective=-2.549727e+01  upper=-2.549721e+01  gap= 5.562411e-05  wall=0.000000e+00s  cpu=0.000000e+00s  provider=0  solves=0  iterations=0
  certificate  stage=STEP 5  complete  reason=step5_complete  wall=1.428793e-01s  cpu=1.428800e-01s  provider=137  solves=7  iterations=120

STEP 6
  certificate  stage=STEP 6  complete  reason=candidate_set  wall=1.294000e-05s  cpu=1.300000e-05s  provider=0  solves=0  iterations=0

STEP 8
  certificate  stage=STEP 8  complete  reason=step8_complete  wall=1.315498e-01s  cpu=1.315460e-01s  provider=472  solves=2  iterations=30

STEP 9
  certificate  stage=STEP 9  failed  objective=-2.549732e+01  upper=-2.549721e+01  gap= 1.054813e-04  wall=0.000000e+00s  cpu=0.000000e+00s  provider=0  solves=0  iterations=0
  certificate  stage=STEP 9  complete  reason=paper_free_energy_convergence_failed  wall=1.494432e-03s  cpu=1.495000e-03s  provider=2  solves=0  iterations=0

STEP 7
  certificate  stage=STEP 7  complete  reason=continue_stage_ii  wall=1.070000e-06s  cpu=1.000000e-06s  provider=0  solves=0  iterations=0

STEP 4
  STAGE II STEP 4  major=25  upper=-2.549722e+01  LP_primal= 0.000000e+00  LP_dual= 2.775558e-17  active_cuts=30  certified
  certificate  stage=STEP 4  complete  reason=step4_complete  wall=2.981480e-04s  cpu=2.990000e-04s  provider=0  solves=1  iterations=1

STEP 5
  certificate  stage=STEP 5 LOCAL  major=25  attempt=117  accepted  reason=success  P rel.= 3.806770e-14  objective=-2.248416e+01  upper=-2.549722e+01  gap=-3.013053e+00  wall=0.000000e+00s  cpu=0.000000e+00s  provider=0  solves=0  iterations=0
  certificate  stage=STEP 5 LOCAL  major=25  attempt=118  accepted  reason=success  P rel.= 5.205937e-13  objective=-2.248416e+01  upper=-2.549722e+01  gap=-3.013053e+00  wall=0.000000e+00s  cpu=0.000000e+00s  provider=0  solves=0  iterations=0
  certificate  stage=STEP 5 LOCAL  major=25  attempt=119  accepted  reason=success  P rel.= 5.386938e-14  objective=-2.248416e+01  upper=-2.549722e+01  gap=-3.013053e+00  wall=0.000000e+00s  cpu=0.000000e+00s  provider=0  solves=0  iterations=0
  certificate  stage=STEP 5 LOCAL  major=25  attempt=120  accepted  reason=success  P rel.= 7.479943e-13  objective=-2.248416e+01  upper=-2.549722e+01  gap=-3.013053e+00  wall=0.000000e+00s  cpu=0.000000e+00s  provider=0  solves=0  iterations=0
  certificate  stage=STEP 5 LOCAL  major=25  attempt=121  accepted  reason=success  P rel.= 5.444399e-14  objective=-2.248416e+01  upper=-2.549722e+01  gap=-3.013053e+00  wall=0.000000e+00s  cpu=0.000000e+00s  provider=0  solves=0  iterations=0
  certificate  stage=STEP 5 LOCAL  major=25  attempt=122  accepted  reason=success  P rel.=-2.193423e-09  objective=-2.549723e+01  upper=-2.549722e+01  gap= 1.390266e-05  wall=0.000000e+00s  cpu=0.000000e+00s  provider=0  solves=0  iterations=0
  certificate  stage=STEP 5  complete  reason=step5_complete  wall=1.354673e-01s  cpu=1.354650e-01s  provider=128  solves=6  iterations=120

STEP 6
  certificate  stage=STEP 6  complete  reason=candidate_set  wall=1.277000e-05s  cpu=1.300000e-05s  provider=0  solves=0  iterations=0

STEP 8
  certificate  stage=STEP 8  complete  reason=step8_complete  wall=7.384952e-02s  cpu=7.385200e-02s  provider=156  solves=2  iterations=19

STEP 9
  certificate  stage=STEP 9  failed  objective=-2.549732e+01  upper=-2.549722e+01  gap= 9.971784e-05  wall=0.000000e+00s  cpu=0.000000e+00s  provider=0  solves=0  iterations=0
  certificate  stage=STEP 9  complete  reason=paper_potential_convergence_failed  wall=1.464532e-03s  cpu=1.465000e-03s  provider=2  solves=0  iterations=0

STEP 7
  certificate  stage=STEP 7  complete  reason=continue_stage_ii  wall=1.490000e-06s  cpu=1.000000e-06s  provider=0  solves=0  iterations=0

STEP 4
  STAGE II STEP 4  major=26  upper=-2.549722e+01  LP_primal= 0.000000e+00  LP_dual= 2.775558e-17  active_cuts=31  certified
  certificate  stage=STEP 4  complete  reason=step4_complete  wall=3.104880e-04s  cpu=3.110000e-04s  provider=0  solves=1  iterations=1

STEP 5
  certificate  stage=STEP 5 LOCAL  major=26  attempt=123  accepted  reason=success  P rel.= 6.636708e-14  objective=-2.248357e+01  upper=-2.549722e+01  gap=-3.013653e+00  wall=0.000000e+00s  cpu=0.000000e+00s  provider=0  solves=0  iterations=0
  certificate  stage=STEP 5 LOCAL  major=26  attempt=124  accepted  reason=success  P rel.= 7.728460e-14  objective=-2.248357e+01  upper=-2.549722e+01  gap=-3.013653e+00  wall=0.000000e+00s  cpu=0.000000e+00s  provider=0  solves=0  iterations=0
  certificate  stage=STEP 5 LOCAL  major=26  attempt=125  accepted  reason=success  P rel.=-2.200812e-09  objective=-2.549722e+01  upper=-2.549722e+01  gap= 3.475510e-06  wall=0.000000e+00s  cpu=0.000000e+00s  provider=0  solves=0  iterations=0
  certificate  stage=STEP 5  complete  reason=step5_complete  wall=6.905534e-02s  cpu=6.905700e-02s  provider=66  solves=3  iterations=62

STEP 6
  certificate  stage=STEP 6  complete  reason=candidate_set  wall=1.332000e-05s  cpu=1.300000e-05s  provider=0  solves=0  iterations=0

STEP 8
  certificate  stage=STEP 8  complete  reason=step8_complete  wall=7.338566e-02s  cpu=7.337500e-02s  provider=150  solves=2  iterations=20

STEP 9
  certificate  stage=STEP 9  failed  objective=-2.549732e+01  upper=-2.549722e+01  gap= 9.644853e-05  wall=0.000000e+00s  cpu=0.000000e+00s  provider=0  solves=0  iterations=0
  certificate  stage=STEP 9  complete  reason=paper_potential_convergence_failed  wall=1.909939e-03s  cpu=1.910000e-03s  provider=2  solves=0  iterations=0

STEP 7
  certificate  stage=STEP 7  complete  reason=continue_stage_ii  wall=1.890000e-06s  cpu=2.000000e-06s  provider=0  solves=0  iterations=0

STEP 4
  STAGE II STEP 4  major=27  upper=-2.549722e+01  LP_primal= 0.000000e+00  LP_dual= 1.387779e-17  active_cuts=32  certified
  certificate  stage=STEP 4  complete  reason=step4_complete  wall=4.040270e-04s  cpu=4.050000e-04s  provider=0  solves=1  iterations=1

STEP 5
  certificate  stage=STEP 5 LOCAL  major=27  attempt=126  accepted  reason=success  P rel.= 4.797966e-14  objective=-2.248387e+01  upper=-2.549722e+01  gap=-3.013352e+00  wall=0.000000e+00s  cpu=0.000000e+00s  provider=0  solves=0  iterations=0
  certificate  stage=STEP 5 LOCAL  major=27  attempt=127  accepted  reason=success  P rel.= 4.970348e-14  objective=-2.248387e+01  upper=-2.549722e+01  gap=-3.013352e+00  wall=0.000000e+00s  cpu=0.000000e+00s  provider=0  solves=0  iterations=0
  certificate  stage=STEP 5 LOCAL  major=27  attempt=128  accepted  reason=success  P rel.= 4.568123e-14  objective=-2.248387e+01  upper=-2.549722e+01  gap=-3.013352e+00  wall=0.000000e+00s  cpu=0.000000e+00s  provider=0  solves=0  iterations=0
  certificate  stage=STEP 5 LOCAL  major=27  attempt=129  accepted  reason=success  P rel.=-2.226363e-09  objective=-2.549722e+01  upper=-2.549722e+01  gap= 8.689319e-07  wall=0.000000e+00s  cpu=0.000000e+00s  provider=0  solves=0  iterations=0
  certificate  stage=STEP 5  complete  reason=step5_complete  wall=8.813230e-02s  cpu=8.812800e-02s  provider=85  solves=4  iterations=78

STEP 6
  certificate  stage=STEP 6  complete  reason=candidate_set  wall=2.879900e-05s  cpu=2.800000e-05s  provider=0  solves=0  iterations=0

STEP 8
  certificate  stage=STEP 8  complete  reason=step8_complete  wall=6.978135e-02s  cpu=6.976900e-02s  provider=147  solves=2  iterations=19

STEP 9
  certificate  stage=STEP 9  failed  objective=-2.549732e+01  upper=-2.549722e+01  gap= 9.555742e-05  wall=0.000000e+00s  cpu=0.000000e+00s  provider=0  solves=0  iterations=0
  certificate  stage=STEP 9  complete  reason=paper_potential_convergence_failed  wall=1.510591e-03s  cpu=1.510000e-03s  provider=2  solves=0  iterations=0

STEP 7
  certificate  stage=STEP 7  complete  reason=continue_stage_ii  wall=1.170000e-06s  cpu=1.000000e-06s  provider=0  solves=0  iterations=0

STEP 4
  STAGE II STEP 4  major=28  upper=-2.549722e+01  LP_primal= 7.105427e-15  LP_dual= 8.326673e-17  active_cuts=33  certified
  certificate  stage=STEP 4  complete  reason=step4_complete  wall=3.413480e-04s  cpu=3.420000e-04s  provider=0  solves=1  iterations=1

STEP 5
  certificate  stage=STEP 5 LOCAL  major=28  attempt=130  accepted  reason=success  P rel.= 3.936056e-14  objective=-2.248372e+01  upper=-2.549722e+01  gap=-3.013502e+00  wall=0.000000e+00s  cpu=0.000000e+00s  provider=0  solves=0  iterations=0
  certificate  stage=STEP 5 LOCAL  major=28  attempt=131  accepted  reason=success  P rel.=-2.184164e-09  objective=-2.549722e+01  upper=-2.549722e+01  gap= 2.172266e-07  wall=0.000000e+00s  cpu=0.000000e+00s  provider=0  solves=0  iterations=0
  certificate  stage=STEP 5  complete  reason=step5_complete  wall=4.509219e-02s  cpu=4.507600e-02s  provider=43  solves=2  iterations=40

STEP 6
  certificate  stage=STEP 6  complete  reason=candidate_set  wall=1.258000e-05s  cpu=1.300000e-05s  provider=0  solves=0  iterations=0

STEP 8
  certificate  stage=STEP 8  complete  reason=step8_complete  wall=6.880845e-02s  cpu=6.880900e-02s  provider=147  solves=2  iterations=19

STEP 9
  certificate  stage=STEP 9  failed  objective=-2.549732e+01  upper=-2.549722e+01  gap= 9.538590e-05  wall=0.000000e+00s  cpu=0.000000e+00s  provider=0  solves=0  iterations=0
  certificate  stage=STEP 9  complete  reason=paper_potential_convergence_failed  wall=1.493262e-03s  cpu=1.494000e-03s  provider=2  solves=0  iterations=0

STEP 7
  certificate  stage=STEP 7  complete  reason=continue_stage_ii  wall=1.170000e-06s  cpu=2.000000e-06s  provider=0  solves=0  iterations=0

STEP 4
  STAGE II STEP 4  major=29  upper=-2.549722e+01  LP_primal= 7.105427e-15  LP_dual= 5.551115e-17  active_cuts=34  certified
  certificate  stage=STEP 4  complete  reason=step4_complete  wall=3.256180e-04s  cpu=3.260000e-04s  provider=0  solves=1  iterations=1

STEP 5
  certificate  stage=STEP 5 LOCAL  major=29  attempt=132  accepted  reason=success  P rel.= 5.803528e-14  objective=-2.248379e+01  upper=-2.549722e+01  gap=-3.013427e+00  wall=0.000000e+00s  cpu=0.000000e+00s  provider=0  solves=0  iterations=0
  certificate  stage=STEP 5 LOCAL  major=29  attempt=133  accepted  reason=success  P rel.=-2.194224e-09  objective=-2.549722e+01  upper=-2.549722e+01  gap= 5.430748e-08  wall=0.000000e+00s  cpu=0.000000e+00s  provider=0  solves=0  iterations=0
  certificate  stage=STEP 5  complete  reason=step5_complete  wall=3.865521e-02s  cpu=3.865600e-02s  provider=37  solves=2  iterations=35

STEP 6
  certificate  stage=STEP 6  complete  reason=candidate_set  wall=1.254000e-05s  cpu=1.300000e-05s  provider=0  solves=0  iterations=0

STEP 8
  certificate  stage=STEP 8  complete  reason=step8_complete  wall=6.917873e-02s  cpu=6.917100e-02s  provider=147  solves=2  iterations=19

STEP 9
  certificate  stage=STEP 9  failed  objective=-2.549732e+01  upper=-2.549722e+01  gap= 9.531739e-05  wall=0.000000e+00s  cpu=0.000000e+00s  provider=0  solves=0  iterations=0
  certificate  stage=STEP 9  complete  reason=paper_potential_convergence_failed  wall=1.514202e-03s  cpu=1.515000e-03s  provider=2  solves=0  iterations=0

STEP 7
  certificate  stage=STEP 7  complete  reason=continue_stage_ii  wall=1.130000e-06s  cpu=1.000000e-06s  provider=0  solves=0  iterations=0

STEP 4
  STAGE II STEP 4  major=30  upper=-2.549722e+01  LP_primal= 3.552714e-15  LP_dual= 5.551115e-17  active_cuts=35  certified
  certificate  stage=STEP 4  complete  reason=step4_complete  wall=3.168880e-04s  cpu=3.170000e-04s  provider=0  solves=1  iterations=1

STEP 5
  certificate  stage=STEP 5 LOCAL  major=30  attempt=134  accepted  reason=success  P rel.= 7.771556e-14  objective=-2.248376e+01  upper=-2.549722e+01  gap=-3.013464e+00  wall=0.000000e+00s  cpu=0.000000e+00s  provider=0  solves=0  iterations=0
  certificate  stage=STEP 5 LOCAL  major=30  attempt=135  accepted  reason=success  P rel.=-2.231437e-09  objective=-2.549722e+01  upper=-2.549722e+01  gap= 1.357677e-08  wall=0.000000e+00s  cpu=0.000000e+00s  provider=0  solves=0  iterations=0
  certificate  stage=STEP 5  complete  reason=step5_complete  wall=4.158860e-02s  cpu=4.158900e-02s  provider=40  solves=2  iterations=37

STEP 6
  certificate  stage=STEP 6  complete  reason=candidate_set  wall=1.355900e-05s  cpu=1.400000e-05s  provider=0  solves=0  iterations=0

STEP 8
  certificate  stage=STEP 8  complete  reason=step8_complete  wall=6.848134e-02s  cpu=6.847500e-02s  provider=147  solves=2  iterations=19

STEP 9
  certificate  stage=STEP 9  failed  objective=-2.549732e+01  upper=-2.549722e+01  gap= 9.531308e-05  wall=0.000000e+00s  cpu=0.000000e+00s  provider=0  solves=0  iterations=0
  certificate  stage=STEP 9  complete  reason=paper_potential_convergence_failed  wall=1.497972e-03s  cpu=1.498000e-03s  provider=2  solves=0  iterations=0

STEP 7
  certificate  stage=STEP 7  complete  reason=continue_stage_ii  wall=1.210000e-06s  cpu=1.000000e-06s  provider=0  solves=0  iterations=0

STEP 4
  STAGE II STEP 4  major=31  upper=-2.549722e+01  LP_primal= 3.552714e-15  LP_dual= 5.551115e-17  active_cuts=36  certified
  certificate  stage=STEP 4  complete  reason=step4_complete  wall=3.281190e-04s  cpu=3.280000e-04s  provider=0  solves=1  iterations=1

STEP 5
  certificate  stage=STEP 5 LOCAL  major=31  attempt=137  accepted  reason=success  P rel.= 8.518545e-14  objective=-2.248374e+01  upper=-2.549722e+01  gap=-3.013483e+00  wall=0.000000e+00s  cpu=0.000000e+00s  provider=0  solves=0  iterations=0
  certificate  stage=STEP 5 LOCAL  major=31  attempt=138  accepted  reason=success  P rel.= 7.398062e-13  objective=-2.248374e+01  upper=-2.549722e+01  gap=-3.013483e+00  wall=0.000000e+00s  cpu=0.000000e+00s  provider=0  solves=0  iterations=0
  certificate  stage=STEP 5 LOCAL  major=31  attempt=139  accepted  reason=success  P rel.= 5.415668e-14  objective=-2.248374e+01  upper=-2.549722e+01  gap=-3.013483e+00  wall=0.000000e+00s  cpu=0.000000e+00s  provider=0  solves=0  iterations=0
  certificate  stage=STEP 5 LOCAL  major=31  attempt=141  accepted  reason=success  P rel.= 9.078786e-14  objective=-2.248374e+01  upper=-2.549722e+01  gap=-3.013483e+00  wall=0.000000e+00s  cpu=0.000000e+00s  provider=0  solves=0  iterations=0
  certificate  stage=STEP 5 LOCAL  major=31  attempt=142  accepted  reason=success  P rel.= 8.834578e-14  objective=-2.248374e+01  upper=-2.549722e+01  gap=-3.013483e+00  wall=0.000000e+00s  cpu=0.000000e+00s  provider=0  solves=0  iterations=0
  certificate  stage=STEP 5 LOCAL  major=31  attempt=143  accepted  reason=success  P rel.= 5.616781e-14  objective=-2.248374e+01  upper=-2.549722e+01  gap=-3.013483e+00  wall=0.000000e+00s  cpu=0.000000e+00s  provider=0  solves=0  iterations=0
  certificate  stage=STEP 5 LOCAL  major=31  attempt=144  accepted  reason=success  P rel.=-2.215590e-09  objective=-2.549722e+01  upper=-2.549722e+01  gap= 3.394181e-09  wall=0.000000e+00s  cpu=0.000000e+00s  provider=0  solves=0  iterations=0
  certificate  stage=STEP 5  complete  reason=step5_complete  wall=1.500325e-01s  cpu=1.500230e-01s  provider=150  solves=9  iterations=135

STEP 6
  certificate  stage=STEP 6  complete  reason=candidate_set  wall=1.341000e-05s  cpu=1.300000e-05s  provider=0  solves=0  iterations=0

STEP 8
  certificate  stage=STEP 8  complete  reason=step8_complete  wall=6.983571e-02s  cpu=6.982800e-02s  provider=147  solves=2  iterations=19

STEP 9
  certificate  stage=STEP 9  failed  objective=-2.549732e+01  upper=-2.549722e+01  gap= 9.531092e-05  wall=0.000000e+00s  cpu=0.000000e+00s  provider=0  solves=0  iterations=0
  certificate  stage=STEP 9  complete  reason=paper_potential_convergence_failed  wall=2.367987e-03s  cpu=2.368000e-03s  provider=2  solves=0  iterations=0

STEP 7
  certificate  stage=STEP 7  complete  reason=continue_stage_ii  wall=1.490000e-06s  cpu=2.000000e-06s  provider=0  solves=0  iterations=0

STEP 4
  STAGE II STEP 4  major=32  upper=-2.549722e+01  LP_primal= 0.000000e+00  LP_dual= 5.551115e-17  active_cuts=37  certified
  certificate  stage=STEP 4  complete  reason=step4_complete  wall=4.792470e-04s  cpu=4.800000e-04s  provider=0  solves=1  iterations=1

STEP 5
  certificate  stage=STEP 5 LOCAL  major=32  attempt=145  accepted  reason=success  P rel.= 5.702972e-14  objective=-2.248373e+01  upper=-2.549722e+01  gap=-3.013493e+00  wall=0.000000e+00s  cpu=0.000000e+00s  provider=0  solves=0  iterations=0
  certificate  stage=STEP 5 LOCAL  major=32  attempt=146  accepted  reason=success  P rel.=-2.202682e-09  objective=-2.549722e+01  upper=-2.549722e+01  gap= 8.485337e-10  wall=0.000000e+00s  cpu=0.000000e+00s  provider=0  solves=0  iterations=0
  certificate  stage=STEP 5  complete  reason=step5_complete  wall=4.453199e-02s  cpu=4.453300e-02s  provider=42  solves=2  iterations=38

STEP 6
  certificate  stage=STEP 6  complete  reason=candidate_set  wall=1.257000e-05s  cpu=1.300000e-05s  provider=0  solves=0  iterations=0

STEP 8
  certificate  stage=STEP 8  complete  reason=step8_complete  wall=6.874589e-02s  cpu=6.874700e-02s  provider=147  solves=2  iterations=19

STEP 9
  certificate  stage=STEP 9  failed  objective=-2.549732e+01  upper=-2.549722e+01  gap= 9.530985e-05  wall=0.000000e+00s  cpu=0.000000e+00s  provider=0  solves=0  iterations=0
  certificate  stage=STEP 9  complete  reason=paper_potential_convergence_failed  wall=1.496832e-03s  cpu=1.497000e-03s  provider=2  solves=0  iterations=0

STEP 7
  certificate  stage=STEP 7  complete  reason=continue_stage_ii  wall=1.080000e-06s  cpu=2.000000e-06s  provider=0  solves=0  iterations=0

STEP 4
  STAGE II STEP 4  major=33  upper=-2.549722e+01  LP_primal= 0.000000e+00  LP_dual= 1.214306e-17  active_cuts=38  certified
  certificate  stage=STEP 4  complete  reason=step4_complete  wall=3.339080e-04s  cpu=3.340000e-04s  provider=0  solves=1  iterations=1

STEP 5
  certificate  stage=STEP 5 LOCAL  major=33  attempt=147  accepted  reason=success  P rel.= 5.171460e-14  objective=-2.248373e+01  upper=-2.549722e+01  gap=-3.013488e+00  wall=0.000000e+00s  cpu=0.000000e+00s  provider=0  solves=0  iterations=0
  certificate  stage=STEP 5 LOCAL  major=33  attempt=148  accepted  reason=success  P rel.= 6.218681e-13  objective=-2.248373e+01  upper=-2.549722e+01  gap=-3.013488e+00  wall=0.000000e+00s  cpu=0.000000e+00s  provider=0  solves=0  iterations=0
  certificate  stage=STEP 5 LOCAL  major=33  attempt=149  accepted  reason=success  P rel.=-2.176953e-09  objective=-2.549722e+01  upper=-2.549722e+01  gap= 2.121361e-10  wall=0.000000e+00s  cpu=0.000000e+00s  provider=0  solves=0  iterations=0
  certificate  stage=STEP 5  complete  reason=step5_complete  wall=6.679791e-02s  cpu=6.678800e-02s  provider=66  solves=3  iterations=60

STEP 6
  certificate  stage=STEP 6  complete  reason=candidate_set  wall=1.483000e-05s  cpu=1.400000e-05s  provider=0  solves=0  iterations=0

STEP 8
  certificate  stage=STEP 8  complete  reason=step8_complete  wall=6.940610e-02s  cpu=6.940800e-02s  provider=147  solves=2  iterations=19

STEP 9
  certificate  stage=STEP 9  failed  objective=-2.549732e+01  upper=-2.549722e+01  gap= 9.530978e-05  wall=0.000000e+00s  cpu=0.000000e+00s  provider=0  solves=0  iterations=0
  certificate  stage=STEP 9  complete  reason=paper_potential_convergence_failed  wall=1.491232e-03s  cpu=1.492000e-03s  provider=2  solves=0  iterations=0

STEP 7
  certificate  stage=STEP 7  complete  reason=continue_stage_ii  wall=1.180000e-06s  cpu=1.000000e-06s  provider=0  solves=0  iterations=0

STEP 4
  STAGE II STEP 4  major=34  upper=-2.549722e+01  LP_primal= 0.000000e+00  LP_dual= 1.110223e-16  active_cuts=39  certified
  certificate  stage=STEP 4  complete  reason=step4_complete  wall=3.489080e-04s  cpu=3.490000e-04s  provider=0  solves=1  iterations=1

STEP 5
  certificate  stage=STEP 5 LOCAL  major=34  attempt=151  accepted  reason=success  P rel.= 4.797966e-14  objective=-2.248374e+01  upper=-2.549722e+01  gap=-3.013486e+00  wall=0.000000e+00s  cpu=0.000000e+00s  provider=0  solves=0  iterations=0
  certificate  stage=STEP 5 LOCAL  major=34  attempt=152  accepted  reason=success  P rel.=-2.196895e-09  objective=-2.549722e+01  upper=-2.549722e+01  gap= 5.302070e-11  wall=0.000000e+00s  cpu=0.000000e+00s  provider=0  solves=0  iterations=0
  certificate  stage=STEP 5  complete  reason=step5_complete  wall=4.918790e-02s  cpu=4.915900e-02s  provider=49  solves=3  iterations=41

STEP 6
  certificate  stage=STEP 6  complete  reason=candidate_set  wall=1.363000e-05s  cpu=1.400000e-05s  provider=0  solves=0  iterations=0

STEP 8
  certificate  stage=STEP 8  complete  reason=step8_complete  wall=6.927229e-02s  cpu=6.926500e-02s  provider=147  solves=2  iterations=19

STEP 9
  certificate  stage=STEP 9  failed  objective=-2.549732e+01  upper=-2.549722e+01  gap= 9.530975e-05  wall=0.000000e+00s  cpu=0.000000e+00s  provider=0  solves=0  iterations=0
  certificate  stage=STEP 9  complete  reason=paper_potential_convergence_failed  wall=1.507902e-03s  cpu=1.508000e-03s  provider=2  solves=0  iterations=0

STEP 7
  certificate  stage=STEP 7  complete  reason=continue_stage_ii  wall=1.220000e-06s  cpu=2.000000e-06s  provider=0  solves=0  iterations=0

STEP 4
  STAGE II STEP 4  major=35  upper=-2.549722e+01  LP_primal= 5.302070e-11  LP_dual= 1.110223e-16  active_cuts=40  certified
  certificate  stage=STEP 4  complete  reason=step4_complete  wall=3.403080e-04s  cpu=3.410000e-04s  provider=0  solves=1  iterations=1

STEP 5
  certificate  stage=STEP 5 LOCAL  major=35  attempt=153  accepted  reason=success  P rel.= 6.248848e-14  objective=-2.248374e+01  upper=-2.549722e+01  gap=-3.013486e+00  wall=0.000000e+00s  cpu=0.000000e+00s  provider=0  solves=0  iterations=0
  certificate  stage=STEP 5 LOCAL  major=35  attempt=154  accepted  reason=success  P rel.=-2.193868e-09  objective=-2.549722e+01  upper=-2.549722e+01  gap= 5.303136e-11  wall=0.000000e+00s  cpu=0.000000e+00s  provider=0  solves=0  iterations=0
  certificate  stage=STEP 5  complete  reason=step5_complete  wall=3.932168e-02s  cpu=3.931600e-02s  provider=38  solves=2  iterations=34

STEP 6
  certificate  stage=STEP 6  complete  reason=candidate_set  wall=1.337000e-05s  cpu=1.400000e-05s  provider=0  solves=0  iterations=0

STEP 8
  certificate  stage=STEP 8  complete  reason=step8_complete  wall=6.838027e-02s  cpu=6.838200e-02s  provider=147  solves=2  iterations=19

STEP 9
  certificate  stage=STEP 9  failed  objective=-2.549732e+01  upper=-2.549722e+01  gap= 9.530975e-05  wall=0.000000e+00s  cpu=0.000000e+00s  provider=0  solves=0  iterations=0
  certificate  stage=STEP 9  complete  reason=paper_potential_convergence_failed  wall=1.499272e-03s  cpu=1.500000e-03s  provider=2  solves=0  iterations=0

STEP 7
  certificate  stage=STEP 7  complete  reason=continue_stage_ii  wall=1.210000e-06s  cpu=2.000000e-06s  provider=0  solves=0  iterations=0

STEP 4
  STAGE II STEP 4  major=36  upper=-2.549722e+01  LP_primal= 5.303136e-11  LP_dual= 1.110223e-16  active_cuts=41  certified
  certificate  stage=STEP 4  complete  reason=step4_complete  wall=3.446780e-04s  cpu=3.450000e-04s  provider=0  solves=1  iterations=1

STEP 5
  certificate  stage=STEP 5 LOCAL  major=36  attempt=155  accepted  reason=success  P rel.= 4.898522e-14  objective=-2.248374e+01  upper=-2.549722e+01  gap=-3.013486e+00  wall=0.000000e+00s  cpu=0.000000e+00s  provider=0  solves=0  iterations=0
  certificate  stage=STEP 5 LOCAL  major=36  attempt=156  accepted  reason=success  P rel.= 5.042174e-14  objective=-2.248374e+01  upper=-2.549722e+01  gap=-3.013486e+00  wall=0.000000e+00s  cpu=0.000000e+00s  provider=0  solves=0  iterations=0
  certificate  stage=STEP 5 LOCAL  major=36  attempt=157  accepted  reason=success  P rel.= 4.970348e-14  objective=-2.248374e+01  upper=-2.549722e+01  gap=-3.013486e+00  wall=0.000000e+00s  cpu=0.000000e+00s  provider=0  solves=0  iterations=0
  certificate  stage=STEP 5 LOCAL  major=36  attempt=158  accepted  reason=success  P rel.= 5.300747e-14  objective=-2.248374e+01  upper=-2.549722e+01  gap=-3.013486e+00  wall=0.000000e+00s  cpu=0.000000e+00s  provider=0  solves=0  iterations=0
  certificate  stage=STEP 5 LOCAL  major=36  attempt=159  accepted  reason=success  P rel.=-6.492432e-08  objective=-2.549800e+01  upper=-2.549722e+01  gap= 7.753622e-04  wall=0.000000e+00s  cpu=0.000000e+00s  provider=0  solves=0  iterations=0
  certificate  stage=STEP 5  complete  reason=step5_complete  wall=1.011515e-01s  cpu=1.011260e-01s  provider=100  solves=5  iterations=93

STEP 6
  certificate  stage=STEP 6  complete  reason=candidate_set  wall=1.531000e-05s  cpu=1.500000e-05s  provider=0  solves=0  iterations=0

STEP 8
  certificate  stage=STEP 8  complete  reason=step8_complete  wall=9.474309e-02s  cpu=9.474400e-02s  provider=345  solves=1  iterations=25

STEP 9
  certificate  stage=STEP 9  failed  objective=-2.549733e+01  upper=-2.549722e+01  gap= 1.123049e-04  wall=0.000000e+00s  cpu=0.000000e+00s  provider=0  solves=0  iterations=0
  certificate  stage=STEP 9  complete  reason=paper_free_energy_convergence_failed  wall=2.196158e-03s  cpu=2.197000e-03s  provider=3  solves=0  iterations=0

STEP 7
  certificate  stage=STEP 7  complete  reason=continue_stage_ii  wall=1.290000e-06s  cpu=1.000000e-06s  provider=0  solves=0  iterations=0

STEP 4
  STAGE II STEP 4  major=37  upper=-2.549732e+01  LP_primal= 0.000000e+00  LP_dual= 5.551115e-17  active_cuts=42  certified
  certificate  stage=STEP 4  complete  reason=step4_complete  wall=3.684280e-04s  cpu=3.690000e-04s  provider=0  solves=1  iterations=1

STEP 5
  certificate  stage=STEP 5 LOCAL  major=37  attempt=160  accepted  reason=success  P rel.= 5.214556e-14  objective=-2.248971e+01  upper=-2.549732e+01  gap=-3.007609e+00  wall=0.000000e+00s  cpu=0.000000e+00s  provider=0  solves=0  iterations=0
  certificate  stage=STEP 5 LOCAL  major=37  attempt=161  accepted  reason=success  P rel.=-2.121400e-09  objective=-2.549734e+01  upper=-2.549732e+01  gap= 2.251830e-05  wall=0.000000e+00s  cpu=0.000000e+00s  provider=0  solves=0  iterations=0
  certificate  stage=STEP 5  complete  reason=step5_complete  wall=4.271979e-02s  cpu=4.270700e-02s  provider=42  solves=2  iterations=40

STEP 6
  certificate  stage=STEP 6  complete  reason=candidate_set  wall=1.406000e-05s  cpu=1.400000e-05s  provider=0  solves=0  iterations=0

STEP 8
  certificate  stage=STEP 8  complete  reason=step8_complete  wall=1.307282e-01s  cpu=1.307220e-01s  provider=438  solves=2  iterations=29

STEP 9
  certificate  stage=STEP 9  failed  objective=-2.549738e+01  upper=-2.549732e+01  gap= 5.663900e-05  wall=0.000000e+00s  cpu=0.000000e+00s  provider=0  solves=0  iterations=0
  certificate  stage=STEP 9  complete  reason=paper_potential_convergence_failed  wall=2.184898e-03s  cpu=2.185000e-03s  provider=3  solves=0  iterations=0

STEP 7
  certificate  stage=STEP 7  complete  reason=continue_stage_ii  wall=1.180000e-06s  cpu=1.000000e-06s  provider=0  solves=0  iterations=0

STEP 4
  STAGE II STEP 4  major=38  upper=-2.549733e+01  LP_primal= 3.552714e-15  LP_dual= 5.551115e-17  active_cuts=43  certified
  certificate  stage=STEP 4  complete  reason=step4_complete  wall=3.222780e-04s  cpu=3.230000e-04s  provider=0  solves=1  iterations=1

STEP 5
  certificate  stage=STEP 5 LOCAL  major=38  attempt=162  accepted  reason=success  P rel.= 6.133927e-14  objective=-2.248972e+01  upper=-2.549733e+01  gap=-3.007609e+00  wall=0.000000e+00s  cpu=0.000000e+00s  provider=0  solves=0  iterations=0
  certificate  stage=STEP 5 LOCAL  major=38  attempt=163  accepted  reason=success  P rel.= 1.620391e-13  objective=-2.248972e+01  upper=-2.549733e+01  gap=-3.007609e+00  wall=0.000000e+00s  cpu=0.000000e+00s  provider=0  solves=0  iterations=0
  certificate  stage=STEP 5 LOCAL  major=38  attempt=164  accepted  reason=success  P rel.= 8.360528e-14  objective=-2.248972e+01  upper=-2.549733e+01  gap=-3.007609e+00  wall=0.000000e+00s  cpu=0.000000e+00s  provider=0  solves=0  iterations=0
  certificate  stage=STEP 5 LOCAL  major=38  attempt=165  accepted  reason=success  P rel.= 3.375814e-14  objective=-2.248972e+01  upper=-2.549733e+01  gap=-3.007609e+00  wall=0.000000e+00s  cpu=0.000000e+00s  provider=0  solves=0  iterations=0
  certificate  stage=STEP 5 LOCAL  major=38  attempt=166  accepted  reason=success  P rel.= 5.240413e-13  objective=-2.248972e+01  upper=-2.549733e+01  gap=-3.007609e+00  wall=0.000000e+00s  cpu=0.000000e+00s  provider=0  solves=0  iterations=0
  certificate  stage=STEP 5 LOCAL  major=38  attempt=167  accepted  reason=success  P rel.=-2.134932e-09  objective=-2.549733e+01  upper=-2.549733e+01  gap= 4.145697e-10  wall=0.000000e+00s  cpu=0.000000e+00s  provider=0  solves=0  iterations=0
  certificate  stage=STEP 5  complete  reason=step5_complete  wall=1.369969e-01s  cpu=1.369990e-01s  provider=134  solves=6  iterations=126

STEP 6
  certificate  stage=STEP 6  complete  reason=candidate_set  wall=1.595000e-05s  cpu=1.600000e-05s  provider=0  solves=0  iterations=0

STEP 8
  certificate  stage=STEP 8  complete  reason=step8_complete  wall=5.610615e-02s  cpu=5.610800e-02s  provider=117  solves=1  iterations=13

STEP 9
  certificate  stage=STEP 9  failed  objective=-2.549738e+01  upper=-2.549733e+01  gap= 4.888608e-05  wall=0.000000e+00s  cpu=0.000000e+00s  provider=0  solves=0  iterations=0
  certificate  stage=STEP 9  complete  reason=paper_potential_convergence_failed  wall=2.273377e-03s  cpu=2.274000e-03s  provider=3  solves=0  iterations=0

STEP 7
  certificate  stage=STEP 7  complete  reason=continue_stage_ii  wall=1.320000e-06s  cpu=1.000000e-06s  provider=0  solves=0  iterations=0

STEP 4
  STAGE II STEP 4  major=39  upper=-2.549733e+01  LP_primal= 0.000000e+00  LP_dual= 5.551115e-17  active_cuts=44  certified
  certificate  stage=STEP 4  complete  reason=step4_complete  wall=4.331480e-04s  cpu=4.340000e-04s  provider=0  solves=1  iterations=1

STEP 5
  certificate  stage=STEP 5 LOCAL  major=39  attempt=169  accepted  reason=success  P rel.= 8.461084e-14  objective=-2.248972e+01  upper=-2.549733e+01  gap=-3.007609e+00  wall=0.000000e+00s  cpu=0.000000e+00s  provider=0  solves=0  iterations=0
  certificate  stage=STEP 5 LOCAL  major=39  attempt=170  accepted  reason=success  P rel.=-2.109649e-09  objective=-2.549733e+01  upper=-2.549733e+01  gap=-7.105427e-15  wall=0.000000e+00s  cpu=0.000000e+00s  provider=0  solves=0  iterations=0
  certificate  stage=STEP 5  complete  reason=step5_complete  wall=4.350848e-02s  cpu=4.351000e-02s  provider=44  solves=3  iterations=38

STEP 6
  certificate  stage=STEP 6  complete  reason=candidate_set  wall=1.854000e-05s  cpu=1.900000e-05s  provider=0  solves=0  iterations=0

STEP 8
  certificate  stage=STEP 8  complete  reason=step8_complete  wall=5.673685e-02s  cpu=5.672700e-02s  provider=117  solves=1  iterations=13

STEP 9
  certificate  stage=STEP 9  failed  objective=-2.549738e+01  upper=-2.549733e+01  gap= 4.888594e-05  wall=0.000000e+00s  cpu=0.000000e+00s  provider=0  solves=0  iterations=0
  certificate  stage=STEP 9  complete  reason=paper_potential_convergence_failed  wall=2.219538e-03s  cpu=2.219000e-03s  provider=3  solves=0  iterations=0

STEP 7
  certificate  stage=STEP 7  complete  reason=continue_stage_ii  wall=1.650000e-06s  cpu=1.000000e-06s  provider=0  solves=0  iterations=0

STEP 4
  STAGE II STEP 4  major=40  upper=-2.549733e+01  LP_primal= 7.105427e-15  LP_dual= 6.938894e-18  active_cuts=45  certified
  certificate  stage=STEP 4  complete  reason=step4_complete  wall=4.115480e-04s  cpu=4.110000e-04s  provider=0  solves=1  iterations=1

STEP 5
  certificate  stage=STEP 5 LOCAL  major=40  attempt=171  accepted  reason=success  P rel.= 7.053298e-14  objective=-2.248972e+01  upper=-2.549733e+01  gap=-3.007609e+00  wall=0.000000e+00s  cpu=0.000000e+00s  provider=0  solves=0  iterations=0
  certificate  stage=STEP 5 LOCAL  major=40  attempt=172  accepted  reason=success  P rel.= 4.625584e-14  objective=-2.248972e+01  upper=-2.549733e+01  gap=-3.007609e+00  wall=0.000000e+00s  cpu=0.000000e+00s  provider=0  solves=0  iterations=0
  certificate  stage=STEP 5 LOCAL  major=40  attempt=173  accepted  reason=success  P rel.= 4.510663e-14  objective=-2.248972e+01  upper=-2.549733e+01  gap=-3.007609e+00  wall=0.000000e+00s  cpu=0.000000e+00s  provider=0  solves=0  iterations=0
  certificate  stage=STEP 5 LOCAL  major=40  attempt=174  accepted  reason=success  P rel.=-2.138671e-09  objective=-2.549733e+01  upper=-2.549733e+01  gap= 1.065814e-14  wall=0.000000e+00s  cpu=0.000000e+00s  provider=0  solves=0  iterations=0
  certificate  stage=STEP 5  complete  reason=step5_complete  wall=7.939100e-02s  cpu=7.937500e-02s  provider=79  solves=4  iterations=70

STEP 6
  certificate  stage=STEP 6  complete  reason=candidate_set  wall=1.569000e-05s  cpu=1.500000e-05s  provider=0  solves=0  iterations=0

STEP 8
  certificate  stage=STEP 8  complete  reason=step8_complete  wall=5.531017e-02s  cpu=5.531100e-02s  provider=117  solves=1  iterations=13

STEP 9
  certificate  stage=STEP 9  failed  objective=-2.549738e+01  upper=-2.549733e+01  gap= 4.888594e-05  wall=0.000000e+00s  cpu=0.000000e+00s  provider=0  solves=0  iterations=0
  certificate  stage=STEP 9  complete  reason=paper_potential_convergence_failed  wall=2.268838e-03s  cpu=2.269000e-03s  provider=3  solves=0  iterations=0

STEP 7
  certificate  stage=STEP 7  complete  reason=continue_stage_ii  wall=1.180000e-06s  cpu=2.000000e-06s  provider=0  solves=0  iterations=0

STEP 4
  STAGE II STEP 4  major=41  upper=-2.549733e+01  LP_primal= 1.065814e-14  LP_dual= 6.938894e-18  active_cuts=46  certified
  certificate  stage=STEP 4  complete  reason=step4_complete  wall=3.897080e-04s  cpu=3.900000e-04s  provider=0  solves=1  iterations=1

STEP 5
  certificate  stage=STEP 5 LOCAL  major=41  attempt=175  accepted  reason=success  P rel.=-2.126297e-09  objective=-2.549733e+01  upper=-2.549733e+01  gap= 7.105427e-15  wall=0.000000e+00s  cpu=0.000000e+00s  provider=0  solves=0  iterations=0
  certificate  stage=STEP 5  complete  reason=step5_complete  wall=2.572535e-02s  cpu=2.571800e-02s  provider=26  solves=1  iterations=20

STEP 6
  certificate  stage=STEP 6  complete  reason=candidate_set  wall=1.661900e-05s  cpu=1.600000e-05s  provider=0  solves=0  iterations=0

STEP 8
  certificate  stage=STEP 8  complete  reason=step8_complete  wall=5.505613e-02s  cpu=5.505000e-02s  provider=117  solves=1  iterations=13

STEP 9
  certificate  stage=STEP 9  failed  objective=-2.549738e+01  upper=-2.549733e+01  gap= 4.888594e-05  wall=0.000000e+00s  cpu=0.000000e+00s  provider=0  solves=0  iterations=0
  certificate  stage=STEP 9  complete  reason=paper_potential_convergence_failed  wall=2.205898e-03s  cpu=2.206000e-03s  provider=3  solves=0  iterations=0

STEP 7
  certificate  stage=STEP 7  complete  reason=continue_stage_ii  wall=1.560000e-06s  cpu=1.000000e-06s  provider=0  solves=0  iterations=0

STEP 4
  STAGE II STEP 4  major=42  upper=-2.549733e+01  LP_primal= 1.065814e-14  LP_dual= 6.938894e-18  active_cuts=47  certified
  certificate  stage=STEP 4  complete  reason=step4_complete  wall=3.922480e-04s  cpu=3.930000e-04s  provider=0  solves=1  iterations=1

STEP 5
  certificate  stage=STEP 5 LOCAL  major=42  attempt=176  accepted  reason=success  P rel.= 9.179342e-14  objective=-2.248972e+01  upper=-2.549733e+01  gap=-3.007609e+00  wall=0.000000e+00s  cpu=0.000000e+00s  provider=0  solves=0  iterations=0
  certificate  stage=STEP 5 LOCAL  major=42  attempt=177  accepted  reason=success  P rel.=-2.096028e-09  objective=-2.549733e+01  upper=-2.549733e+01  gap= 0.000000e+00  wall=0.000000e+00s  cpu=0.000000e+00s  provider=0  solves=0  iterations=0
  certificate  stage=STEP 5  complete  reason=step5_complete  wall=4.890908e-02s  cpu=4.889300e-02s  provider=49  solves=2  iterations=44

STEP 6
  certificate  stage=STEP 6  complete  reason=candidate_set  wall=1.650000e-05s  cpu=1.600000e-05s  provider=0  solves=0  iterations=0

STEP 8
  certificate  stage=STEP 8  complete  reason=step8_complete  wall=5.515644e-02s  cpu=5.515700e-02s  provider=117  solves=1  iterations=13

STEP 9
  certificate  stage=STEP 9  failed  objective=-2.549738e+01  upper=-2.549733e+01  gap= 4.888594e-05  wall=0.000000e+00s  cpu=0.000000e+00s  provider=0  solves=0  iterations=0
  certificate  stage=STEP 9  complete  reason=paper_potential_convergence_failed  wall=2.182538e-03s  cpu=2.183000e-03s  provider=3  solves=0  iterations=0

STEP 7
  certificate  stage=STEP 7  complete  reason=continue_stage_ii  wall=1.160000e-06s  cpu=1.000000e-06s  provider=0  solves=0  iterations=0

STEP 4
  STAGE II STEP 4  major=43  upper=-2.549733e+01  LP_primal= 1.065814e-14  LP_dual= 6.938894e-18  active_cuts=48  certified
  certificate  stage=STEP 4  complete  reason=step4_complete  wall=3.675280e-04s  cpu=3.680000e-04s  provider=0  solves=1  iterations=1

STEP 5
  certificate  stage=STEP 5 LOCAL  major=43  attempt=178  accepted  reason=success  P rel.=-2.128522e-09  objective=-2.549733e+01  upper=-2.549733e+01  gap= 3.552714e-15  wall=0.000000e+00s  cpu=0.000000e+00s  provider=0  solves=0  iterations=0
  certificate  stage=STEP 5  complete  reason=step5_complete  wall=2.316142e-02s  cpu=2.315500e-02s  provider=23  solves=1  iterations=20

STEP 6
  certificate  stage=STEP 6  complete  reason=candidate_set  wall=1.533000e-05s  cpu=1.500000e-05s  provider=0  solves=0  iterations=0

STEP 8
  certificate  stage=STEP 8  complete  reason=step8_complete  wall=5.483659e-02s  cpu=5.483700e-02s  provider=117  solves=1  iterations=13

STEP 9
  certificate  stage=STEP 9  failed  objective=-2.549738e+01  upper=-2.549733e+01  gap= 4.888594e-05  wall=0.000000e+00s  cpu=0.000000e+00s  provider=0  solves=0  iterations=0
  certificate  stage=STEP 9  complete  reason=paper_potential_convergence_failed  wall=2.183797e-03s  cpu=2.184000e-03s  provider=3  solves=0  iterations=0

STEP 7
  certificate  stage=STEP 7  complete  reason=continue_stage_ii  wall=1.040000e-06s  cpu=1.000000e-06s  provider=0  solves=0  iterations=0

STEP 4
  STAGE II STEP 4  major=44  upper=-2.549733e+01  LP_primal= 1.065814e-14  LP_dual= 6.938894e-18  active_cuts=49  certified
  certificate  stage=STEP 4  complete  reason=step4_complete  wall=3.698580e-04s  cpu=3.700000e-04s  provider=0  solves=1  iterations=1

STEP 5
  certificate  stage=STEP 5 LOCAL  major=44  attempt=179  accepted  reason=success  P rel.= 4.510663e-14  objective=-2.248972e+01  upper=-2.549733e+01  gap=-3.007609e+00  wall=0.000000e+00s  cpu=0.000000e+00s  provider=0  solves=0  iterations=0
  certificate  stage=STEP 5 LOCAL  major=44  attempt=180  accepted  reason=success  P rel.= 6.019005e-14  objective=-2.248972e+01  upper=-2.549733e+01  gap=-3.007609e+00  wall=0.000000e+00s  cpu=0.000000e+00s  provider=0  solves=0  iterations=0
  certificate  stage=STEP 5 LOCAL  major=44  attempt=182  accepted  reason=success  P rel.= 4.050977e-14  objective=-2.248972e+01  upper=-2.549733e+01  gap=-3.007609e+00  wall=0.000000e+00s  cpu=0.000000e+00s  provider=0  solves=0  iterations=0
  certificate  stage=STEP 5 LOCAL  major=44  attempt=183  accepted  reason=success  P rel.= 8.231241e-14  objective=-2.248972e+01  upper=-2.549733e+01  gap=-3.007609e+00  wall=0.000000e+00s  cpu=0.000000e+00s  provider=0  solves=0  iterations=0
  certificate  stage=STEP 5 LOCAL  major=44  attempt=184  accepted  reason=success  P rel.= 4.668680e-14  objective=-2.248972e+01  upper=-2.549733e+01  gap=-3.007609e+00  wall=0.000000e+00s  cpu=0.000000e+00s  provider=0  solves=0  iterations=0
  certificate  stage=STEP 5 LOCAL  major=44  attempt=185  accepted  reason=success  P rel.=-2.131371e-09  objective=-2.549733e+01  upper=-2.549733e+01  gap= 1.065814e-14  wall=0.000000e+00s  cpu=0.000000e+00s  provider=0  solves=0  iterations=0
  certificate  stage=STEP 5  complete  reason=step5_complete  wall=1.245314e-01s  cpu=1.245180e-01s  provider=123  solves=7  iterations=111

STEP 6
  certificate  stage=STEP 6  complete  reason=candidate_set  wall=1.888000e-05s  cpu=1.900000e-05s  provider=0  solves=0  iterations=0

STEP 8
  certificate  stage=STEP 8  complete  reason=step8_complete  wall=5.501682e-02s  cpu=5.501700e-02s  provider=117  solves=1  iterations=13

STEP 9
  certificate  stage=STEP 9  failed  objective=-2.549738e+01  upper=-2.549733e+01  gap= 4.888594e-05  wall=0.000000e+00s  cpu=0.000000e+00s  provider=0  solves=0  iterations=0
  certificate  stage=STEP 9  complete  reason=paper_potential_convergence_failed  wall=2.311387e-03s  cpu=2.295000e-03s  provider=3  solves=0  iterations=0

STEP 7
  certificate  stage=STEP 7  complete  reason=continue_stage_ii  wall=1.260000e-06s  cpu=1.000000e-06s  provider=0  solves=0  iterations=0

STEP 4
  STAGE II STEP 4  major=45  upper=-2.549733e+01  LP_primal= 1.065814e-14  LP_dual= 6.938894e-18  active_cuts=50  certified
  certificate  stage=STEP 4  complete  reason=step4_complete  wall=3.899480e-04s  cpu=3.900000e-04s  provider=0  solves=1  iterations=1

STEP 5
  certificate  stage=STEP 5 LOCAL  major=45  attempt=186  accepted  reason=success  P rel.= 9.509741e-14  objective=-2.248972e+01  upper=-2.549733e+01  gap=-3.007609e+00  wall=0.000000e+00s  cpu=0.000000e+00s  provider=0  solves=0  iterations=0
  certificate  stage=STEP 5 LOCAL  major=45  attempt=187  accepted  reason=success  P rel.= 6.277578e-14  objective=-2.248972e+01  upper=-2.549733e+01  gap=-3.007609e+00  wall=0.000000e+00s  cpu=0.000000e+00s  provider=0  solves=0  iterations=0
  certificate  stage=STEP 5 LOCAL  major=45  attempt=188  accepted  reason=success  P rel.=-2.136980e-09  objective=-2.549733e+01  upper=-2.549733e+01  gap= 0.000000e+00  wall=0.000000e+00s  cpu=0.000000e+00s  provider=0  solves=0  iterations=0
  certificate  stage=STEP 5  complete  reason=step5_complete  wall=6.863662e-02s  cpu=6.855600e-02s  provider=68  solves=3  iterations=62

STEP 6
  certificate  stage=STEP 6  complete  reason=candidate_set  wall=1.746000e-05s  cpu=1.700000e-05s  provider=0  solves=0  iterations=0

STEP 8
  certificate  stage=STEP 8  complete  reason=step8_complete  wall=5.761367e-02s  cpu=5.760400e-02s  provider=117  solves=1  iterations=13

STEP 9
  certificate  stage=STEP 9  failed  objective=-2.549738e+01  upper=-2.549733e+01  gap= 4.888594e-05  wall=0.000000e+00s  cpu=0.000000e+00s  provider=0  solves=0  iterations=0
  certificate  stage=STEP 9  complete  reason=paper_potential_convergence_failed  wall=2.125519e-03s  cpu=2.126000e-03s  provider=3  solves=0  iterations=0

STEP 7
  certificate  stage=STEP 7  complete  reason=continue_stage_ii  wall=1.420000e-06s  cpu=2.000000e-06s  provider=0  solves=0  iterations=0

STEP 4
  STAGE II STEP 4  major=46  upper=-2.549733e+01  LP_primal= 1.421085e-14  LP_dual= 5.551115e-17  active_cuts=51  certified
  certificate  stage=STEP 4  complete  reason=step4_complete  wall=3.877970e-04s  cpu=3.880000e-04s  provider=0  solves=1  iterations=1

STEP 5
  certificate  stage=STEP 5 LOCAL  major=46  attempt=189  accepted  reason=success  P rel.= 5.243286e-14  objective=-2.248972e+01  upper=-2.549733e+01  gap=-3.007609e+00  wall=0.000000e+00s  cpu=0.000000e+00s  provider=0  solves=0  iterations=0
  certificate  stage=STEP 5 LOCAL  major=46  attempt=190  accepted  reason=success  P rel.= 5.774798e-14  objective=-2.248972e+01  upper=-2.549733e+01  gap=-3.007609e+00  wall=0.000000e+00s  cpu=0.000000e+00s  provider=0  solves=0  iterations=0
  certificate  stage=STEP 5 LOCAL  major=46  attempt=191  accepted  reason=success  P rel.= 3.051162e-13  objective=-2.248972e+01  upper=-2.549733e+01  gap=-3.007609e+00  wall=0.000000e+00s  cpu=0.000000e+00s  provider=0  solves=0  iterations=0
  certificate  stage=STEP 5 LOCAL  major=46  attempt=192  accepted  reason=success  P rel.= 7.527348e-14  objective=-2.248972e+01  upper=-2.549733e+01  gap=-3.007609e+00  wall=0.000000e+00s  cpu=0.000000e+00s  provider=0  solves=0  iterations=0
  certificate  stage=STEP 5 LOCAL  major=46  attempt=193  accepted  reason=success  P rel.= 5.832258e-14  objective=-2.248972e+01  upper=-2.549733e+01  gap=-3.007609e+00  wall=0.000000e+00s  cpu=0.000000e+00s  provider=0  solves=0  iterations=0
  certificate  stage=STEP 5 LOCAL  major=46  attempt=194  accepted  reason=success  P rel.=-2.131460e-09  objective=-2.549733e+01  upper=-2.549733e+01  gap= 7.105427e-15  wall=0.000000e+00s  cpu=0.000000e+00s  provider=0  solves=0  iterations=0
  certificate  stage=STEP 5  complete  reason=step5_complete  wall=1.346287e-01s  cpu=1.345570e-01s  provider=131  solves=6  iterations=116

STEP 6
  certificate  stage=STEP 6  complete  reason=candidate_set  wall=1.832000e-05s  cpu=1.900000e-05s  provider=0  solves=0  iterations=0

STEP 8
  certificate  stage=STEP 8  complete  reason=step8_complete  wall=5.482343e-02s  cpu=5.482400e-02s  provider=117  solves=1  iterations=13

STEP 9
  certificate  stage=STEP 9  failed  objective=-2.549738e+01  upper=-2.549733e+01  gap= 4.888594e-05  wall=0.000000e+00s  cpu=0.000000e+00s  provider=0  solves=0  iterations=0
  certificate  stage=STEP 9  complete  reason=paper_potential_convergence_failed  wall=2.232748e-03s  cpu=2.233000e-03s  provider=3  solves=0  iterations=0

STEP 7
  certificate  stage=STEP 7  complete  reason=continue_stage_ii  wall=1.280000e-06s  cpu=1.000000e-06s  provider=0  solves=0  iterations=0

STEP 4
  STAGE II STEP 4  major=47  upper=-2.549733e+01  LP_primal= 1.421085e-14  LP_dual= 5.551115e-17  active_cuts=52  certified
  certificate  stage=STEP 4  complete  reason=step4_complete  wall=3.606180e-04s  cpu=3.610000e-04s  provider=0  solves=1  iterations=1

STEP 5
  certificate  stage=STEP 5 LOCAL  major=47  attempt=195  accepted  reason=success  P rel.= 4.453202e-14  objective=-2.248972e+01  upper=-2.549733e+01  gap=-3.007609e+00  wall=0.000000e+00s  cpu=0.000000e+00s  provider=0  solves=0  iterations=0
  certificate  stage=STEP 5 LOCAL  major=47  attempt=196  accepted  reason=success  P rel.= 7.613539e-14  objective=-2.248972e+01  upper=-2.549733e+01  gap=-3.007609e+00  wall=0.000000e+00s  cpu=0.000000e+00s  provider=0  solves=0  iterations=0
  certificate  stage=STEP 5 LOCAL  major=47  attempt=197  accepted  reason=success  P rel.=-1.390505e-08  objective=-2.549733e+01  upper=-2.549733e+01  gap= 1.065814e-14  wall=0.000000e+00s  cpu=0.000000e+00s  provider=0  solves=0  iterations=0
  certificate  stage=STEP 5  complete  reason=step5_complete  wall=6.424797e-02s  cpu=6.423900e-02s  provider=64  solves=3  iterations=57

STEP 6
  certificate  stage=STEP 6  complete  reason=candidate_set  wall=1.700000e-05s  cpu=1.700000e-05s  provider=0  solves=0  iterations=0

STEP 8
  certificate  stage=STEP 8  complete  reason=step8_complete  wall=5.622222e-02s  cpu=5.622400e-02s  provider=117  solves=1  iterations=13

STEP 9
  certificate  stage=STEP 9  failed  objective=-2.549738e+01  upper=-2.549733e+01  gap= 4.888594e-05  wall=0.000000e+00s  cpu=0.000000e+00s  provider=0  solves=0  iterations=0
  certificate  stage=STEP 9  complete  reason=paper_potential_convergence_failed  wall=2.258297e-03s  cpu=2.258000e-03s  provider=3  solves=0  iterations=0

STEP 7
  certificate  stage=STEP 7  complete  reason=continue_stage_ii  wall=1.220000e-06s  cpu=1.000000e-06s  provider=0  solves=0  iterations=0

STEP 4
  STAGE II STEP 4  major=48  upper=-2.549733e+01  LP_primal= 3.552714e-15  LP_dual= 5.551115e-17  active_cuts=53  certified
  certificate  stage=STEP 4  complete  reason=step4_complete  wall=3.921880e-04s  cpu=3.920000e-04s  provider=0  solves=1  iterations=1

STEP 5
  certificate  stage=STEP 5 LOCAL  major=48  attempt=198  accepted  reason=success  P rel.=-2.130570e-09  objective=-2.549733e+01  upper=-2.549733e+01  gap=-3.552714e-15  wall=0.000000e+00s  cpu=0.000000e+00s  provider=0  solves=0  iterations=0
  certificate  stage=STEP 5  complete  reason=step5_complete  wall=2.517786e-02s  cpu=2.517200e-02s  provider=25  solves=1  iterations=20

STEP 6
  certificate  stage=STEP 6  complete  reason=candidate_set  wall=1.594000e-05s  cpu=1.600000e-05s  provider=0  solves=0  iterations=0

STEP 8
  certificate  stage=STEP 8  complete  reason=step8_complete  wall=5.676502e-02s  cpu=5.676000e-02s  provider=117  solves=1  iterations=13

STEP 9
  certificate  stage=STEP 9  failed  objective=-2.549738e+01  upper=-2.549733e+01  gap= 4.888594e-05  wall=0.000000e+00s  cpu=0.000000e+00s  provider=0  solves=0  iterations=0
  certificate  stage=STEP 9  complete  reason=paper_potential_convergence_failed  wall=2.272197e-03s  cpu=2.273000e-03s  provider=3  solves=0  iterations=0

STEP 7
  certificate  stage=STEP 7  complete  reason=continue_stage_ii  wall=9.300000e-07s  cpu=1.000000e-06s  provider=0  solves=0  iterations=0

STEP 4
  STAGE II STEP 4  major=49  upper=-2.549733e+01  LP_primal= 3.552714e-15  LP_dual= 5.551115e-17  active_cuts=54  certified
  certificate  stage=STEP 4  complete  reason=step4_complete  wall=3.663380e-04s  cpu=3.670000e-04s  provider=0  solves=1  iterations=1

STEP 5
  certificate  stage=STEP 5 LOCAL  major=49  attempt=199  accepted  reason=success  P rel.=-2.116415e-09  objective=-2.549733e+01  upper=-2.549733e+01  gap=-1.065814e-14  wall=0.000000e+00s  cpu=0.000000e+00s  provider=0  solves=0  iterations=0
  certificate  stage=STEP 5  complete  reason=step5_complete  wall=2.383834e-02s  cpu=2.382300e-02s  provider=23  solves=1  iterations=20

STEP 6
  certificate  stage=STEP 6  complete  reason=candidate_set  wall=1.701000e-05s  cpu=1.700000e-05s  provider=0  solves=0  iterations=0

STEP 8
  certificate  stage=STEP 8  complete  reason=step8_complete  wall=5.554739e-02s  cpu=5.554000e-02s  provider=117  solves=1  iterations=13

STEP 9
  certificate  stage=STEP 9  failed  objective=-2.549738e+01  upper=-2.549733e+01  gap= 4.888594e-05  wall=0.000000e+00s  cpu=0.000000e+00s  provider=0  solves=0  iterations=0
  certificate  stage=STEP 9  complete  reason=paper_potential_convergence_failed  wall=2.227858e-03s  cpu=2.228000e-03s  provider=3  solves=0  iterations=0

STEP 7
  certificate  stage=STEP 7  complete  reason=continue_stage_ii  wall=9.400000e-07s  cpu=0.000000e+00s  provider=0  solves=0  iterations=0

STEP 4
  STAGE II STEP 4  major=50  upper=-2.549733e+01  LP_primal= 3.552714e-15  LP_dual= 5.551115e-17  active_cuts=55  certified
  certificate  stage=STEP 4  complete  reason=step4_complete  wall=3.366380e-04s  cpu=3.370000e-04s  provider=0  solves=1  iterations=1

STEP 5
  certificate  stage=STEP 5 LOCAL  major=50  attempt=200  accepted  reason=success  P rel.= 3.605657e-14  objective=-2.248972e+01  upper=-2.549733e+01  gap=-3.007609e+00  wall=0.000000e+00s  cpu=0.000000e+00s  provider=0  solves=0  iterations=0
  certificate  stage=STEP 5 LOCAL  major=50  attempt=201  accepted  reason=success  P rel.=-2.126386e-09  objective=-2.549733e+01  upper=-2.549733e+01  gap= 3.552714e-15  wall=0.000000e+00s  cpu=0.000000e+00s  provider=0  solves=0  iterations=0
  certificate  stage=STEP 5  complete  reason=step5_complete  wall=4.713930e-02s  cpu=4.713200e-02s  provider=46  solves=2  iterations=43

STEP 6
  certificate  stage=STEP 6  complete  reason=candidate_set  wall=1.727000e-05s  cpu=1.700000e-05s  provider=0  solves=0  iterations=0

STEP 8
  certificate  stage=STEP 8  complete  reason=step8_complete  wall=5.454730e-02s  cpu=5.454800e-02s  provider=117  solves=1  iterations=13

STEP 9
  certificate  stage=STEP 9  failed  objective=-2.549738e+01  upper=-2.549733e+01  gap= 4.888594e-05  wall=0.000000e+00s  cpu=0.000000e+00s  provider=0  solves=0  iterations=0
  certificate  stage=STEP 9  complete  reason=paper_potential_convergence_failed  wall=2.174738e-03s  cpu=2.175000e-03s  provider=3  solves=0  iterations=0

STEP 7
  certificate  stage=STEP 7  complete  reason=continue_stage_ii  wall=1.010000e-06s  cpu=1.000000e-06s  provider=0  solves=0  iterations=0

STEP 4
  STAGE II STEP 4  major=51  upper=-2.549733e+01  LP_primal= 3.552714e-15  LP_dual= 5.551115e-17  active_cuts=56  certified
  certificate  stage=STEP 4  complete  reason=step4_complete  wall=3.650580e-04s  cpu=3.650000e-04s  provider=0  solves=1  iterations=1

STEP 5
  certificate  stage=STEP 5 LOCAL  major=51  attempt=202  accepted  reason=success  P rel.= 8.317432e-14  objective=-2.248972e+01  upper=-2.549733e+01  gap=-3.007609e+00  wall=0.000000e+00s  cpu=0.000000e+00s  provider=0  solves=0  iterations=0
  certificate  stage=STEP 5 LOCAL  major=51  attempt=203  accepted  reason=success  P rel.= 7.507237e-13  objective=-2.248972e+01  upper=-2.549733e+01  gap=-3.007609e+00  wall=0.000000e+00s  cpu=0.000000e+00s  provider=0  solves=0  iterations=0
  certificate  stage=STEP 5 LOCAL  major=51  attempt=204  accepted  reason=success  P rel.= 9.222438e-14  objective=-2.248972e+01  upper=-2.549733e+01  gap=-3.007609e+00  wall=0.000000e+00s  cpu=0.000000e+00s  provider=0  solves=0  iterations=0
  certificate  stage=STEP 5 LOCAL  major=51  attempt=206  accepted  reason=success  P rel.= 3.332719e-14  objective=-2.248972e+01  upper=-2.549733e+01  gap=-3.007609e+00  wall=0.000000e+00s  cpu=0.000000e+00s  provider=0  solves=0  iterations=0
  certificate  stage=STEP 5 LOCAL  major=51  attempt=207  accepted  reason=success  P rel.= 4.711775e-14  objective=-2.248972e+01  upper=-2.549733e+01  gap=-3.007609e+00  wall=0.000000e+00s  cpu=0.000000e+00s  provider=0  solves=0  iterations=0
  certificate  stage=STEP 5 LOCAL  major=51  attempt=208  accepted  reason=success  P rel.=-5.892731e-08  objective=-2.549752e+01  upper=-2.549733e+01  gap= 1.947058e-04  wall=0.000000e+00s  cpu=0.000000e+00s  provider=0  solves=0  iterations=0
  certificate  stage=STEP 5  complete  reason=step5_complete  wall=1.306426e-01s  cpu=1.306430e-01s  provider=129  solves=7  iterations=121

STEP 6
  certificate  stage=STEP 6  complete  reason=candidate_set  wall=1.815000e-05s  cpu=1.800000e-05s  provider=0  solves=0  iterations=0

STEP 8
  certificate  stage=STEP 8  complete  reason=step8_complete  wall=7.908453e-02s  cpu=7.906800e-02s  provider=168  solves=2  iterations=17

STEP 9
  certificate  stage=STEP 9  failed  objective=-2.549745e+01  upper=-2.549733e+01  gap= 1.253669e-04  wall=0.000000e+00s  cpu=0.000000e+00s  provider=0  solves=0  iterations=0
  certificate  stage=STEP 9  complete  reason=paper_free_energy_convergence_failed  wall=1.502461e-03s  cpu=1.503000e-03s  provider=2  solves=0  iterations=0

STEP 7
  certificate  stage=STEP 7  complete  reason=continue_stage_ii  wall=1.100000e-06s  cpu=1.000000e-06s  provider=0  solves=0  iterations=0

STEP 4
  STAGE II STEP 4  major=52  upper=-2.549743e+01  LP_primal= 3.552714e-15  LP_dual= 1.110223e-16  active_cuts=57  certified
  certificate  stage=STEP 4  complete  reason=step4_complete  wall=3.330380e-04s  cpu=3.330000e-04s  provider=0  solves=1  iterations=1

STEP 5
  certificate  stage=STEP 5 LOCAL  major=52  attempt=209  accepted  reason=success  P rel.= 1.959409e-13  objective=-2.249295e+01  upper=-2.549743e+01  gap=-3.004485e+00  wall=0.000000e+00s  cpu=0.000000e+00s  provider=0  solves=0  iterations=0
  certificate  stage=STEP 5 LOCAL  major=52  attempt=210  accepted  reason=success  P rel.=-2.112854e-09  objective=-2.549751e+01  upper=-2.549743e+01  gap= 7.273378e-05  wall=0.000000e+00s  cpu=0.000000e+00s  provider=0  solves=0  iterations=0
  certificate  stage=STEP 5  complete  reason=step5_complete  wall=4.733632e-02s  cpu=4.733700e-02s  provider=48  solves=2  iterations=43

STEP 6
  certificate  stage=STEP 6  complete  reason=candidate_set  wall=1.752000e-05s  cpu=1.700000e-05s  provider=0  solves=0  iterations=0

STEP 8
  certificate  stage=STEP 8  complete  reason=step8_complete  wall=1.164600e-01s  cpu=1.164470e-01s  provider=405  solves=2  iterations=35

STEP 9
  certificate  stage=STEP 9  failed  objective=-2.549745e+01  upper=-2.549743e+01  gap= 2.034228e-05  wall=0.000000e+00s  cpu=0.000000e+00s  provider=0  solves=0  iterations=0
  certificate  stage=STEP 9  complete  reason=paper_potential_convergence_failed  wall=1.481632e-03s  cpu=1.482000e-03s  provider=2  solves=0  iterations=0

STEP 7
  certificate  stage=STEP 7  complete  reason=continue_stage_ii  wall=1.140000e-06s  cpu=2.000000e-06s  provider=0  solves=0  iterations=0

STEP 4
  STAGE II STEP 4  major=53  upper=-2.549744e+01  LP_primal= 0.000000e+00  LP_dual= 5.551115e-17  active_cuts=58  certified
  certificate  stage=STEP 4  complete  reason=step4_complete  wall=3.315580e-04s  cpu=3.320000e-04s  provider=0  solves=1  iterations=1

STEP 5
  certificate  stage=STEP 5 LOCAL  major=53  attempt=211  accepted  reason=success  P rel.= 8.949500e-14  objective=-2.249126e+01  upper=-2.549744e+01  gap=-3.006189e+00  wall=0.000000e+00s  cpu=0.000000e+00s  provider=0  solves=0  iterations=0
  certificate  stage=STEP 5 LOCAL  major=53  attempt=212  accepted  reason=success  P rel.= 5.458764e-14  objective=-2.249126e+01  upper=-2.549744e+01  gap=-3.006189e+00  wall=0.000000e+00s  cpu=0.000000e+00s  provider=0  solves=0  iterations=0
  certificate  stage=STEP 5 LOCAL  major=53  attempt=213  accepted  reason=success  P rel.= 4.410107e-14  objective=-2.249126e+01  upper=-2.549744e+01  gap=-3.006189e+00  wall=0.000000e+00s  cpu=0.000000e+00s  provider=0  solves=0  iterations=0
  certificate  stage=STEP 5 LOCAL  major=53  attempt=214  accepted  reason=success  P rel.= 4.467567e-14  objective=-2.249126e+01  upper=-2.549744e+01  gap=-3.006189e+00  wall=0.000000e+00s  cpu=0.000000e+00s  provider=0  solves=0  iterations=0
  certificate  stage=STEP 5 LOCAL  major=53  attempt=215  accepted  reason=success  P rel.= 5.774798e-14  objective=-2.249126e+01  upper=-2.549744e+01  gap=-3.006189e+00  wall=0.000000e+00s  cpu=0.000000e+00s  provider=0  solves=0  iterations=0
  certificate  stage=STEP 5 LOCAL  major=53  attempt=216  accepted  reason=success  P rel.= 6.809090e-14  objective=-2.249126e+01  upper=-2.549744e+01  gap=-3.006189e+00  wall=0.000000e+00s  cpu=0.000000e+00s  provider=0  solves=0  iterations=0
  certificate  stage=STEP 5 LOCAL  major=53  attempt=217  accepted  reason=success  P rel.= 2.661866e-13  objective=-2.249126e+01  upper=-2.549744e+01  gap=-3.006189e+00  wall=0.000000e+00s  cpu=0.000000e+00s  provider=0  solves=0  iterations=0
  certificate  stage=STEP 5 LOCAL  major=53  attempt=218  accepted  reason=success  P rel.= 4.884157e-14  objective=-2.249126e+01  upper=-2.549744e+01  gap=-3.006189e+00  wall=0.000000e+00s  cpu=0.000000e+00s  provider=0  solves=0  iterations=0
  certificate  stage=STEP 5 LOCAL  major=53  attempt=219  accepted  reason=success  P rel.= 3.189067e-14  objective=-2.249126e+01  upper=-2.549744e+01  gap=-3.006189e+00  wall=0.000000e+00s  cpu=0.000000e+00s  provider=0  solves=0  iterations=0
  certificate  stage=STEP 5 LOCAL  major=53  attempt=220  accepted  reason=success  P rel.= 6.880915e-14  objective=-2.249126e+01  upper=-2.549744e+01  gap=-3.006189e+00  wall=0.000000e+00s  cpu=0.000000e+00s  provider=0  solves=0  iterations=0
  certificate  stage=STEP 5 LOCAL  major=53  attempt=221  accepted  reason=success  P rel.= 1.032856e-13  objective=-2.249126e+01  upper=-2.549744e+01  gap=-3.006189e+00  wall=0.000000e+00s  cpu=0.000000e+00s  provider=0  solves=0  iterations=0
  certificate  stage=STEP 5 LOCAL  major=53  attempt=222  accepted  reason=success  P rel.= 5.473129e-13  objective=-2.249126e+01  upper=-2.549744e+01  gap=-3.006189e+00  wall=0.000000e+00s  cpu=0.000000e+00s  provider=0  solves=0  iterations=0
  certificate  stage=STEP 5 LOCAL  major=53  attempt=223  accepted  reason=success  P rel.= 5.372573e-14  objective=-2.249126e+01  upper=-2.549744e+01  gap=-3.006189e+00  wall=0.000000e+00s  cpu=0.000000e+00s  provider=0  solves=0  iterations=0
  certificate  stage=STEP 5 LOCAL  major=53  attempt=224  accepted  reason=success  P rel.= 2.128918e-13  objective=-2.249126e+01  upper=-2.549744e+01  gap=-3.006189e+00  wall=0.000000e+00s  cpu=0.000000e+00s  provider=0  solves=0  iterations=0
  certificate  stage=STEP 5 LOCAL  major=53  attempt=225  accepted  reason=success  P rel.= 4.496298e-14  objective=-2.249126e+01  upper=-2.549744e+01  gap=-3.006189e+00  wall=0.000000e+00s  cpu=0.000000e+00s  provider=0  solves=0  iterations=0
  certificate  stage=STEP 5 LOCAL  major=53  attempt=226  accepted  reason=success  P rel.= 5.559320e-14  objective=-2.249126e+01  upper=-2.549744e+01  gap=-3.006189e+00  wall=0.000000e+00s  cpu=0.000000e+00s  provider=0  solves=0  iterations=0
  certificate  stage=STEP 5 LOCAL  major=53  attempt=228  accepted  reason=success  P rel.= 3.936056e-14  objective=-2.249126e+01  upper=-2.549744e+01  gap=-3.006189e+00  wall=0.000000e+00s  cpu=0.000000e+00s  provider=0  solves=0  iterations=0
  certificate  stage=STEP 5 LOCAL  major=53  attempt=229  accepted  reason=success  P rel.= 5.544955e-14  objective=-2.249126e+01  upper=-2.549744e+01  gap=-3.006189e+00  wall=0.000000e+00s  cpu=0.000000e+00s  provider=0  solves=0  iterations=0
  certificate  stage=STEP 5 LOCAL  major=53  attempt=230  accepted  reason=success  P rel.= 5.746067e-14  objective=-2.249126e+01  upper=-2.549744e+01  gap=-3.006189e+00  wall=0.000000e+00s  cpu=0.000000e+00s  provider=0  solves=0  iterations=0
  certificate  stage=STEP 5 LOCAL  major=53  attempt=231  accepted  reason=success  P rel.= 3.749309e-14  objective=-2.249126e+01  upper=-2.549744e+01  gap=-3.006189e+00  wall=0.000000e+00s  cpu=0.000000e+00s  provider=0  solves=0  iterations=0
  certificate  stage=STEP 5 LOCAL  major=53  attempt=232  accepted  reason=success  P rel.= 5.200191e-14  objective=-2.249126e+01  upper=-2.549744e+01  gap=-3.006189e+00  wall=0.000000e+00s  cpu=0.000000e+00s  provider=0  solves=0  iterations=0
  certificate  stage=STEP 5 LOCAL  major=53  attempt=233  accepted  reason=success  P rel.= 7.656635e-14  objective=-2.249126e+01  upper=-2.549744e+01  gap=-3.006189e+00  wall=0.000000e+00s  cpu=0.000000e+00s  provider=0  solves=0  iterations=0
  certificate  stage=STEP 5 LOCAL  major=53  attempt=235  accepted  reason=success  P rel.= 1.042911e-13  objective=-2.249126e+01  upper=-2.549744e+01  gap=-3.006189e+00  wall=0.000000e+00s  cpu=0.000000e+00s  provider=0  solves=0  iterations=0
  certificate  stage=STEP 5 LOCAL  major=53  attempt=236  accepted  reason=success  P rel.= 5.875354e-14  objective=-2.249126e+01  upper=-2.549744e+01  gap=-3.006189e+00  wall=0.000000e+00s  cpu=0.000000e+00s  provider=0  solves=0  iterations=0
  certificate  stage=STEP 5 LOCAL  major=53  attempt=237  accepted  reason=success  P rel.= 5.975910e-14  objective=-2.249126e+01  upper=-2.549744e+01  gap=-3.006189e+00  wall=0.000000e+00s  cpu=0.000000e+00s  provider=0  solves=0  iterations=0
  certificate  stage=STEP 5 LOCAL  major=53  attempt=238  accepted  reason=success  P rel.= 5.835131e-13  objective=-2.249126e+01  upper=-2.549744e+01  gap=-3.006189e+00  wall=0.000000e+00s  cpu=0.000000e+00s  provider=0  solves=0  iterations=0
  certificate  stage=STEP 5 LOCAL  major=53  attempt=239  accepted  reason=success  P rel.= 4.754871e-14  objective=-2.249126e+01  upper=-2.549744e+01  gap=-3.006189e+00  wall=0.000000e+00s  cpu=0.000000e+00s  provider=0  solves=0  iterations=0
  certificate  stage=STEP 5 LOCAL  major=53  attempt=240  accepted  reason=success  P rel.=-2.117216e-09  objective=-2.549746e+01  upper=-2.549744e+01  gap= 1.817491e-05  wall=0.000000e+00s  cpu=0.000000e+00s  provider=0  solves=0  iterations=0
  certificate  stage=STEP 5  complete  reason=step5_complete  wall=6.122935e-01s  cpu=6.122460e-01s  provider=609  solves=30  iterations=566

STEP 6
  certificate  stage=STEP 6  complete  reason=candidate_set  wall=2.024000e-05s  cpu=2.000000e-05s  provider=0  solves=0  iterations=0

STEP 8
  certificate  stage=STEP 8  complete  reason=step8_complete  wall=6.715079e-02s  cpu=6.714100e-02s  provider=144  solves=1  iterations=17

STEP 9
  certificate  stage=STEP 9  failed  objective=-2.549745e+01  upper=-2.549744e+01  gap= 8.814493e-06  wall=0.000000e+00s  cpu=0.000000e+00s  provider=0  solves=0  iterations=0
  certificate  stage=STEP 9  complete  reason=paper_potential_convergence_failed  wall=2.205838e-03s  cpu=2.206000e-03s  provider=3  solves=0  iterations=0

STEP 7
  certificate  stage=STEP 7  complete  reason=continue_stage_ii  wall=1.170000e-06s  cpu=1.000000e-06s  provider=0  solves=0  iterations=0

STEP 4
  STAGE II STEP 4  major=54  upper=-2.549745e+01  LP_primal= 0.000000e+00  LP_dual= 5.551115e-17  active_cuts=59  certified
  certificate  stage=STEP 4  complete  reason=step4_complete  wall=4.276280e-04s  cpu=4.280000e-04s  provider=0  solves=1  iterations=1

STEP 5
  certificate  stage=STEP 5 LOCAL  major=54  attempt=241  accepted  reason=success  P rel.= 7.211314e-14  objective=-2.249042e+01  upper=-2.549745e+01  gap=-3.007029e+00  wall=0.000000e+00s  cpu=0.000000e+00s  provider=0  solves=0  iterations=0
  certificate  stage=STEP 5 LOCAL  major=54  attempt=242  accepted  reason=success  P rel.= 2.615897e-13  objective=-2.249042e+01  upper=-2.549745e+01  gap=-3.007029e+00  wall=0.000000e+00s  cpu=0.000000e+00s  provider=0  solves=0  iterations=0
  certificate  stage=STEP 5 LOCAL  major=54  attempt=243  accepted  reason=success  P rel.=-2.127365e-09  objective=-2.549745e+01  upper=-2.549745e+01  gap= 4.543040e-06  wall=0.000000e+00s  cpu=0.000000e+00s  provider=0  solves=0  iterations=0
  certificate  stage=STEP 5  complete  reason=step5_complete  wall=7.205881e-02s  cpu=7.205900e-02s  provider=71  solves=3  iterations=64

STEP 6
  certificate  stage=STEP 6  complete  reason=candidate_set  wall=2.070000e-05s  cpu=2.000000e-05s  provider=0  solves=0  iterations=0

STEP 8
  certificate  stage=STEP 8  complete  reason=step8_complete  wall=2.442157e-01s  cpu=2.441800e-01s  provider=836  solves=2  iterations=58

STEP 9
  certificate  stage=STEP 9  passed  objective=-2.549745e+01  upper=-2.549745e+01  gap= 3.907934e-06  wall=0.000000e+00s  cpu=0.000000e+00s  provider=0  solves=0  iterations=0
  certificate  stage=STEP 9  complete  reason=step9_complete  wall=1.474832e-03s  cpu=1.475000e-03s  provider=2  solves=0  iterations=0

STEP 10
  certificate  stage=STEP 10  passed  wall=0.000000e+00s  cpu=0.000000e+00s  provider=0  solves=0  iterations=0
  certificate  stage=STEP 10  complete  reason=trace_refinement_not_required  wall=2.851404e-03s  cpu=2.852000e-03s  provider=4  solves=0  iterations=0
