HELD2.0  case=installed-held2-paper-rewrite  T=2.981500e+02 K  P=1.013000e+05 Pa

STEP 1
  certificate  stage=STEP 1  complete  reason=step1_complete  wall=1.950000e-05s  cpu=1.900000e-05s  provider=1  solves=0  iterations=0

STEP 2

REFERENCE PRESSURE ROOTS
  root   0  V= 3.090949e-05  P rel.= 4.851201e-10  G/RT=-4.943607e+01  strict_stable
  root   1  V= 7.391991e-04  P rel.= 5.831951e-09  G/RT=-4.506860e+01  unstable
  root   2  V= 2.005871e-02  P rel.= 3.383098e-11  G/RT=-4.601409e+01  strict_stable
  selected root 0  status=selected
  eval     1  TPD=-1.868669e-01  P rel.= 2.232178e-09  V= 4.684854e-05  certified
  certificate  stage=STEP 2  complete  reason=negative_tpd_witness  wall=3.987067e-01s  cpu=3.986420e-01s  provider=548  solves=1  iterations=1

STEP 3
  certificate  stage=STEP 3  complete  reason=step3_complete  wall=8.032195e-01s  cpu=8.032140e-01s  provider=4  solves=0  iterations=0

STEP 4
  STAGE II STEP 4  major=0  upper=-4.945337e+01  LP_primal= 7.105427e-15  LP_dual= 6.938894e-18  active_cuts=5  certified
  certificate  stage=STEP 4  complete  reason=step4_complete  wall=4.963080e-04s  cpu=4.970000e-04s  provider=0  solves=1  iterations=1

STEP 5
  certificate  stage=STEP 5 LOCAL  major=0  attempt=0  accepted  reason=success  P rel.=-9.244641e-04  objective=-5.041291e+01  upper=-4.945337e+01  gap= 9.595344e-01  wall=0.000000e+00s  cpu=0.000000e+00s  provider=0  solves=0  iterations=0
  certificate  stage=STEP 5  complete  reason=step5_complete  wall=2.836529e-02s  cpu=2.836600e-02s  provider=154  solves=1  iterations=23

STEP 6
  certificate  stage=STEP 6  complete  reason=candidate_set  wall=2.740000e-06s  cpu=3.000000e-06s  provider=0  solves=0  iterations=0

STEP 8
  certificate  stage=STEP 8  complete  reason=problem_67_infeasible  wall=2.437190e-04s  cpu=2.440000e-04s  provider=2  solves=1  iterations=0

STEP 7
  certificate  stage=STEP 7  complete  reason=continue_stage_ii  wall=1.040000e-06s  cpu=1.000000e-06s  provider=0  solves=0  iterations=0

STEP 4
  STAGE II STEP 4  major=1  upper=-4.951892e+01  LP_primal= 0.000000e+00  LP_dual= 4.163336e-17  active_cuts=6  certified
  certificate  stage=STEP 4  complete  reason=step4_complete  wall=2.118590e-04s  cpu=2.120000e-04s  provider=0  solves=1  iterations=1

STEP 5
  certificate  stage=STEP 5 LOCAL  major=1  attempt=1  accepted  reason=success  P rel.=-9.660995e-08  objective=-4.999169e+01  upper=-4.951892e+01  gap= 4.727706e-01  wall=0.000000e+00s  cpu=0.000000e+00s  provider=0  solves=0  iterations=0
  certificate  stage=STEP 5  complete  reason=step5_complete  wall=2.664762e-02s  cpu=2.660100e-02s  provider=25  solves=1  iterations=22

STEP 6
  certificate  stage=STEP 6  complete  reason=insufficient_candidates  wall=2.330000e-06s  cpu=3.000000e-06s  provider=0  solves=0  iterations=0

STEP 7
  certificate  stage=STEP 7  complete  reason=continue_stage_ii  wall=8.900000e-07s  cpu=1.000000e-06s  provider=0  solves=0  iterations=0

STEP 4
  STAGE II STEP 4  major=2  upper=-4.983459e+01  LP_primal= 0.000000e+00  LP_dual= 0.000000e+00  active_cuts=7  certified
  certificate  stage=STEP 4  complete  reason=step4_complete  wall=2.956890e-04s  cpu=2.960000e-04s  provider=0  solves=1  iterations=1

STEP 5
  certificate  stage=STEP 5 LOCAL  major=2  attempt=2  accepted  reason=success  P rel.= 7.024567e-14  objective=-4.698919e+01  upper=-4.983459e+01  gap=-2.845397e+00  wall=0.000000e+00s  cpu=0.000000e+00s  provider=0  solves=0  iterations=0
  certificate  stage=STEP 5 LOCAL  major=2  attempt=3  accepted  reason=success  P rel.= 7.038932e-14  objective=-4.698919e+01  upper=-4.983459e+01  gap=-2.845397e+00  wall=0.000000e+00s  cpu=0.000000e+00s  provider=0  solves=0  iterations=0
  certificate  stage=STEP 5 LOCAL  major=2  attempt=4  accepted  reason=success  P rel.=-1.181146e-09  objective=-5.016561e+01  upper=-4.983459e+01  gap= 3.310152e-01  wall=0.000000e+00s  cpu=0.000000e+00s  provider=0  solves=0  iterations=0
  certificate  stage=STEP 5  complete  reason=step5_complete  wall=6.843025e-02s  cpu=6.842200e-02s  provider=64  solves=3  iterations=61

STEP 6
  certificate  stage=STEP 6  complete  reason=candidate_set  wall=2.710000e-06s  cpu=2.000000e-06s  provider=0  solves=0  iterations=0

STEP 8
  certificate  stage=STEP 8  complete  reason=problem_67_infeasible  wall=1.199390e-04s  cpu=1.200000e-04s  provider=2  solves=1  iterations=0

STEP 7
  certificate  stage=STEP 7  complete  reason=continue_stage_ii  wall=1.020000e-06s  cpu=1.000000e-06s  provider=0  solves=0  iterations=0

STEP 4
  STAGE II STEP 4  major=3  upper=-4.986961e+01  LP_primal= 7.105427e-15  LP_dual= 6.245005e-17  active_cuts=8  certified
  certificate  stage=STEP 4  complete  reason=step4_complete  wall=2.659990e-04s  cpu=2.660000e-04s  provider=0  solves=1  iterations=1

STEP 5
  certificate  stage=STEP 5 LOCAL  major=3  attempt=5  accepted  reason=success  P rel.= 3.045416e-14  objective=-4.702407e+01  upper=-4.986961e+01  gap=-2.845534e+00  wall=0.000000e+00s  cpu=0.000000e+00s  provider=0  solves=0  iterations=0
  certificate  stage=STEP 5 LOCAL  major=3  attempt=6  accepted  reason=success  P rel.=-1.041597e-09  objective=-4.995749e+01  upper=-4.986961e+01  gap= 8.788553e-02  wall=0.000000e+00s  cpu=0.000000e+00s  provider=0  solves=0  iterations=0
  certificate  stage=STEP 5  complete  reason=step5_complete  wall=4.052516e-02s  cpu=4.052600e-02s  provider=39  solves=2  iterations=35

STEP 6
  certificate  stage=STEP 6  complete  reason=candidate_set  wall=3.960000e-06s  cpu=3.000000e-06s  provider=0  solves=0  iterations=0

STEP 8
  certificate  stage=STEP 8  complete  reason=step8_complete  wall=4.859723e-02s  cpu=4.859900e-02s  provider=96  solves=1  iterations=12

STEP 9
  certificate  stage=STEP 9  failed  objective=-4.987058e+01  upper=-4.986961e+01  gap= 9.772327e-04  wall=0.000000e+00s  cpu=0.000000e+00s  provider=0  solves=0  iterations=0
  certificate  stage=STEP 9  complete  reason=paper_free_energy_convergence_failed  wall=2.443986e-03s  cpu=2.444000e-03s  provider=3  solves=0  iterations=0

STEP 7
  certificate  stage=STEP 7  complete  reason=continue_stage_ii  wall=1.060000e-06s  cpu=1.000000e-06s  provider=0  solves=0  iterations=0

STEP 4
  STAGE II STEP 4  major=4  upper=-4.988952e+01  LP_primal= 0.000000e+00  LP_dual= 4.163336e-17  active_cuts=9  certified
  certificate  stage=STEP 4  complete  reason=step4_complete  wall=2.650390e-04s  cpu=2.650000e-04s  provider=0  solves=1  iterations=1

STEP 5
  certificate  stage=STEP 5 LOCAL  major=4  attempt=7  accepted  reason=success  P rel.=-9.790557e-10  objective=-4.991588e+01  upper=-4.988952e+01  gap= 2.635905e-02  wall=0.000000e+00s  cpu=0.000000e+00s  provider=0  solves=0  iterations=0
  certificate  stage=STEP 5  complete  reason=step5_complete  wall=1.876821e-02s  cpu=1.876900e-02s  provider=18  solves=1  iterations=15

STEP 6
  certificate  stage=STEP 6  complete  reason=candidate_set  wall=3.070000e-06s  cpu=3.000000e-06s  provider=0  solves=0  iterations=0

STEP 8
  certificate  stage=STEP 8  complete  reason=step8_complete  wall=6.303834e-02s  cpu=6.303100e-02s  provider=123  solves=2  iterations=17

STEP 9
  certificate  stage=STEP 9  failed  objective=-4.988993e+01  upper=-4.988952e+01  gap= 4.108268e-04  wall=0.000000e+00s  cpu=0.000000e+00s  provider=0  solves=0  iterations=0
  certificate  stage=STEP 9  complete  reason=paper_free_energy_convergence_failed  wall=1.558271e-03s  cpu=1.558000e-03s  provider=2  solves=0  iterations=0

STEP 7
  certificate  stage=STEP 7  complete  reason=continue_stage_ii  wall=1.060000e-06s  cpu=1.000000e-06s  provider=0  solves=0  iterations=0

STEP 4
  STAGE II STEP 4  major=5  upper=-4.988963e+01  LP_primal= 0.000000e+00  LP_dual= 2.775558e-17  active_cuts=10  certified
  certificate  stage=STEP 4  complete  reason=step4_complete  wall=2.589880e-04s  cpu=2.600000e-04s  provider=0  solves=1  iterations=1

STEP 5
  certificate  stage=STEP 5 LOCAL  major=5  attempt=8  accepted  reason=success  P rel.= 3.433275e-14  objective=-4.704414e+01  upper=-4.988963e+01  gap=-2.845491e+00  wall=0.000000e+00s  cpu=0.000000e+00s  provider=0  solves=0  iterations=0
  certificate  stage=STEP 5 LOCAL  major=5  attempt=9  accepted  reason=success  P rel.= 2.342959e-13  objective=-4.704414e+01  upper=-4.988963e+01  gap=-2.845491e+00  wall=0.000000e+00s  cpu=0.000000e+00s  provider=0  solves=0  iterations=0
  certificate  stage=STEP 5 LOCAL  major=5  attempt=10  accepted  reason=success  P rel.= 4.036612e-14  objective=-4.704414e+01  upper=-4.988963e+01  gap=-2.845491e+00  wall=0.000000e+00s  cpu=0.000000e+00s  provider=0  solves=0  iterations=0
  certificate  stage=STEP 5 LOCAL  major=5  attempt=11  accepted  reason=success  P rel.= 5.463073e-13  objective=-4.704414e+01  upper=-4.988963e+01  gap=-2.845491e+00  wall=0.000000e+00s  cpu=0.000000e+00s  provider=0  solves=0  iterations=0
  certificate  stage=STEP 5 LOCAL  major=5  attempt=12  accepted  reason=success  P rel.= 5.631146e-14  objective=-4.704414e+01  upper=-4.988963e+01  gap=-2.845491e+00  wall=0.000000e+00s  cpu=0.000000e+00s  provider=0  solves=0  iterations=0
  certificate  stage=STEP 5 LOCAL  major=5  attempt=13  accepted  reason=success  P rel.=-1.003761e-09  objective=-4.989599e+01  upper=-4.988963e+01  gap= 6.360520e-03  wall=0.000000e+00s  cpu=0.000000e+00s  provider=0  solves=0  iterations=0
  certificate  stage=STEP 5  complete  reason=step5_complete  wall=1.577775e-01s  cpu=1.577610e-01s  provider=151  solves=6  iterations=134

STEP 6
  certificate  stage=STEP 6  complete  reason=candidate_set  wall=4.270000e-06s  cpu=4.000000e-06s  provider=0  solves=0  iterations=0

STEP 8
  certificate  stage=STEP 8  complete  reason=step8_complete  wall=5.425910e-02s  cpu=5.426100e-02s  provider=111  solves=1  iterations=13

STEP 9
  certificate  stage=STEP 9  failed  objective=-4.988994e+01  upper=-4.988963e+01  gap= 3.089707e-04  wall=0.000000e+00s  cpu=0.000000e+00s  provider=0  solves=0  iterations=0
  certificate  stage=STEP 9  complete  reason=paper_free_energy_convergence_failed  wall=2.280287e-03s  cpu=2.280000e-03s  provider=3  solves=0  iterations=0

STEP 7
  certificate  stage=STEP 7  complete  reason=continue_stage_ii  wall=1.080000e-06s  cpu=1.000000e-06s  provider=0  solves=0  iterations=0

STEP 4
  STAGE II STEP 4  major=6  upper=-4.988968e+01  LP_primal= 0.000000e+00  LP_dual= 2.775558e-17  active_cuts=11  certified
  certificate  stage=STEP 4  complete  reason=step4_complete  wall=2.913880e-04s  cpu=2.920000e-04s  provider=0  solves=1  iterations=1

STEP 5
  certificate  stage=STEP 5 LOCAL  major=6  attempt=14  accepted  reason=success  P rel.= 4.180264e-14  objective=-4.704417e+01  upper=-4.988968e+01  gap=-2.845508e+00  wall=0.000000e+00s  cpu=0.000000e+00s  provider=0  solves=0  iterations=0
  certificate  stage=STEP 5 LOCAL  major=6  attempt=15  accepted  reason=success  P rel.= 4.797966e-14  objective=-4.704417e+01  upper=-4.988968e+01  gap=-2.845508e+00  wall=0.000000e+00s  cpu=0.000000e+00s  provider=0  solves=0  iterations=0
  certificate  stage=STEP 5 LOCAL  major=6  attempt=16  accepted  reason=success  P rel.=-1.015468e-09  objective=-4.989130e+01  upper=-4.988968e+01  gap= 1.621145e-03  wall=0.000000e+00s  cpu=0.000000e+00s  provider=0  solves=0  iterations=0
  certificate  stage=STEP 5  complete  reason=step5_complete  wall=7.005535e-02s  cpu=7.005700e-02s  provider=68  solves=3  iterations=59

STEP 6
  certificate  stage=STEP 6  complete  reason=candidate_set  wall=3.840000e-06s  cpu=4.000000e-06s  provider=0  solves=0  iterations=0

STEP 8
  certificate  stage=STEP 8  complete  reason=step8_complete  wall=7.338707e-02s  cpu=7.338900e-02s  provider=158  solves=2  iterations=15

STEP 9
  certificate  stage=STEP 9  failed  objective=-4.988995e+01  upper=-4.988968e+01  gap= 2.646208e-04  wall=0.000000e+00s  cpu=0.000000e+00s  provider=0  solves=0  iterations=0
  certificate  stage=STEP 9  complete  reason=paper_free_energy_convergence_failed  wall=2.332787e-03s  cpu=2.333000e-03s  provider=3  solves=0  iterations=0

STEP 7
  certificate  stage=STEP 7  complete  reason=continue_stage_ii  wall=1.370000e-06s  cpu=1.000000e-06s  provider=0  solves=0  iterations=0

STEP 4
  STAGE II STEP 4  major=7  upper=-4.988971e+01  LP_primal= 0.000000e+00  LP_dual= 2.775558e-17  active_cuts=12  certified
  certificate  stage=STEP 4  complete  reason=step4_complete  wall=2.800280e-04s  cpu=2.800000e-04s  provider=0  solves=1  iterations=1

STEP 5
  certificate  stage=STEP 5 LOCAL  major=7  attempt=17  accepted  reason=success  P rel.= 3.907326e-14  objective=-4.704419e+01  upper=-4.988971e+01  gap=-2.845516e+00  wall=0.000000e+00s  cpu=0.000000e+00s  provider=0  solves=0  iterations=0
  certificate  stage=STEP 5 LOCAL  major=7  attempt=18  accepted  reason=success  P rel.= 3.806770e-14  objective=-4.704419e+01  upper=-4.988971e+01  gap=-2.845516e+00  wall=0.000000e+00s  cpu=0.000000e+00s  provider=0  solves=0  iterations=0
  certificate  stage=STEP 5 LOCAL  major=7  attempt=19  accepted  reason=success  P rel.=-1.031982e-09  objective=-4.989017e+01  upper=-4.988971e+01  gap= 4.673392e-04  wall=0.000000e+00s  cpu=0.000000e+00s  provider=0  solves=0  iterations=0
  certificate  stage=STEP 5  complete  reason=step5_complete  wall=6.635837e-02s  cpu=6.634900e-02s  provider=64  solves=3  iterations=57

STEP 6
  certificate  stage=STEP 6  complete  reason=candidate_set  wall=4.570000e-06s  cpu=5.000000e-06s  provider=0  solves=0  iterations=0

STEP 8
  certificate  stage=STEP 8  complete  reason=step8_complete  wall=6.924762e-02s  cpu=6.925000e-02s  provider=142  solves=2  iterations=14

STEP 9
  certificate  stage=STEP 9  failed  objective=-4.988996e+01  upper=-4.988971e+01  gap= 2.500223e-04  wall=0.000000e+00s  cpu=0.000000e+00s  provider=0  solves=0  iterations=0
  certificate  stage=STEP 9  complete  reason=paper_free_energy_convergence_failed  wall=2.349856e-03s  cpu=2.350000e-03s  provider=3  solves=0  iterations=0

STEP 7
  certificate  stage=STEP 7  complete  reason=continue_stage_ii  wall=1.080000e-06s  cpu=1.000000e-06s  provider=0  solves=0  iterations=0

STEP 4
  STAGE II STEP 4  major=8  upper=-4.988973e+01  LP_primal= 0.000000e+00  LP_dual= 2.775558e-17  active_cuts=13  certified
  certificate  stage=STEP 4  complete  reason=step4_complete  wall=2.699580e-04s  cpu=2.700000e-04s  provider=0  solves=1  iterations=1

STEP 5
  certificate  stage=STEP 5 LOCAL  major=8  attempt=20  accepted  reason=success  P rel.= 3.232163e-14  objective=-4.704420e+01  upper=-4.988973e+01  gap=-2.845521e+00  wall=0.000000e+00s  cpu=0.000000e+00s  provider=0  solves=0  iterations=0
  certificate  stage=STEP 5 LOCAL  major=8  attempt=23  accepted  reason=success  P rel.= 6.794724e-14  objective=-4.704420e+01  upper=-4.988973e+01  gap=-2.845521e+00  wall=0.000000e+00s  cpu=0.000000e+00s  provider=0  solves=0  iterations=0
  certificate  stage=STEP 5 LOCAL  major=8  attempt=24  accepted  reason=success  P rel.=-3.409833e-08  objective=-4.988999e+01  upper=-4.988973e+01  gap= 2.667916e-04  wall=0.000000e+00s  cpu=0.000000e+00s  provider=0  solves=0  iterations=0
  certificate  stage=STEP 5  complete  reason=step5_complete  wall=7.265371e-02s  cpu=7.265500e-02s  provider=73  solves=5  iterations=58

STEP 6
  certificate  stage=STEP 6  complete  reason=candidate_set  wall=4.700000e-06s  cpu=4.000000e-06s  provider=0  solves=0  iterations=0

STEP 8
  certificate  stage=STEP 8  complete  reason=step8_complete  wall=6.702212e-02s  cpu=6.702300e-02s  provider=138  solves=1  iterations=18

STEP 9
  certificate  stage=STEP 9  failed  objective=-4.988996e+01  upper=-4.988973e+01  gap= 2.314455e-04  wall=0.000000e+00s  cpu=0.000000e+00s  provider=0  solves=0  iterations=0
  certificate  stage=STEP 9  complete  reason=paper_free_energy_convergence_failed  wall=2.363887e-03s  cpu=2.364000e-03s  provider=3  solves=0  iterations=0

STEP 7
  certificate  stage=STEP 7  complete  reason=continue_stage_ii  wall=1.030000e-06s  cpu=1.000000e-06s  provider=0  solves=0  iterations=0

STEP 4
  STAGE II STEP 4  major=9  upper=-4.988993e+01  LP_primal= 7.105427e-15  LP_dual= 2.081668e-17  active_cuts=14  certified
  certificate  stage=STEP 4  complete  reason=step4_complete  wall=3.317180e-04s  cpu=3.320000e-04s  provider=0  solves=1  iterations=1

STEP 5
  certificate  stage=STEP 5 LOCAL  major=9  attempt=25  accepted  reason=success  P rel.= 7.886477e-14  objective=-4.704414e+01  upper=-4.988993e+01  gap=-2.845788e+00  wall=0.000000e+00s  cpu=0.000000e+00s  provider=0  solves=0  iterations=0
  certificate  stage=STEP 5 LOCAL  major=9  attempt=26  accepted  reason=success  P rel.=-1.035276e-09  objective=-4.989015e+01  upper=-4.988993e+01  gap= 2.225151e-04  wall=0.000000e+00s  cpu=0.000000e+00s  provider=0  solves=0  iterations=0
  certificate  stage=STEP 5  complete  reason=step5_complete  wall=5.061858e-02s  cpu=5.062000e-02s  provider=48  solves=2  iterations=43

STEP 6
  certificate  stage=STEP 6  complete  reason=candidate_set  wall=5.780000e-06s  cpu=5.000000e-06s  provider=0  solves=0  iterations=0

STEP 8
  certificate  stage=STEP 8  complete  reason=step8_complete  wall=1.287368e-01s  cpu=1.286970e-01s  provider=280  solves=2  iterations=30

STEP 9
  certificate  stage=STEP 9  failed  objective=-4.988997e+01  upper=-4.988993e+01  gap= 3.943510e-05  wall=0.000000e+00s  cpu=0.000000e+00s  provider=0  solves=0  iterations=0
  certificate  stage=STEP 9  complete  reason=paper_potential_convergence_failed  wall=1.575301e-03s  cpu=1.575000e-03s  provider=2  solves=0  iterations=0

STEP 7
  certificate  stage=STEP 7  complete  reason=continue_stage_ii  wall=1.080000e-06s  cpu=1.000000e-06s  provider=0  solves=0  iterations=0

STEP 4
  STAGE II STEP 4  major=10  upper=-4.988997e+01  LP_primal= 7.105427e-15  LP_dual= 5.551115e-17  active_cuts=15  certified
  certificate  stage=STEP 4  complete  reason=step4_complete  wall=2.912590e-04s  cpu=2.920000e-04s  provider=0  solves=1  iterations=1

STEP 5
  certificate  stage=STEP 5 LOCAL  major=10  attempt=27  accepted  reason=success  P rel.= 5.918449e-14  objective=-4.704419e+01  upper=-4.988997e+01  gap=-2.845772e+00  wall=0.000000e+00s  cpu=0.000000e+00s  provider=0  solves=0  iterations=0
  certificate  stage=STEP 5 LOCAL  major=10  attempt=28  accepted  reason=success  P rel.= 2.499539e-14  objective=-4.574177e+01  upper=-4.988997e+01  gap=-4.148193e+00  wall=0.000000e+00s  cpu=0.000000e+00s  provider=0  solves=0  iterations=0
  certificate  stage=STEP 5 LOCAL  major=10  attempt=29  accepted  reason=success  P rel.= 3.921691e-14  objective=-4.704419e+01  upper=-4.988997e+01  gap=-2.845772e+00  wall=0.000000e+00s  cpu=0.000000e+00s  provider=0  solves=0  iterations=0
  certificate  stage=STEP 5 LOCAL  major=10  attempt=30  accepted  reason=success  P rel.= 3.519466e-14  objective=-4.704419e+01  upper=-4.988997e+01  gap=-2.845772e+00  wall=0.000000e+00s  cpu=0.000000e+00s  provider=0  solves=0  iterations=0
  certificate  stage=STEP 5 LOCAL  major=10  attempt=31  accepted  reason=success  P rel.= 7.053298e-14  objective=-4.704419e+01  upper=-4.988997e+01  gap=-2.845772e+00  wall=0.000000e+00s  cpu=0.000000e+00s  provider=0  solves=0  iterations=0
  certificate  stage=STEP 5 LOCAL  major=10  attempt=32  accepted  reason=success  P rel.= 5.228921e-14  objective=-4.704419e+01  upper=-4.988997e+01  gap=-2.845772e+00  wall=0.000000e+00s  cpu=0.000000e+00s  provider=0  solves=0  iterations=0
  certificate  stage=STEP 5 LOCAL  major=10  attempt=33  accepted  reason=success  P rel.= 3.519466e-14  objective=-4.704419e+01  upper=-4.988997e+01  gap=-2.845772e+00  wall=0.000000e+00s  cpu=0.000000e+00s  provider=0  solves=0  iterations=0
  certificate  stage=STEP 5 LOCAL  major=10  attempt=34  accepted  reason=success  P rel.= 7.297505e-14  objective=-4.704419e+01  upper=-4.988997e+01  gap=-2.845772e+00  wall=0.000000e+00s  cpu=0.000000e+00s  provider=0  solves=0  iterations=0
  certificate  stage=STEP 5 LOCAL  major=10  attempt=35  accepted  reason=success  P rel.= 5.803528e-14  objective=-4.704419e+01  upper=-4.988997e+01  gap=-2.845772e+00  wall=0.000000e+00s  cpu=0.000000e+00s  provider=0  solves=0  iterations=0
  certificate  stage=STEP 5 LOCAL  major=10  attempt=36  accepted  reason=success  P rel.=-1.046137e-09  objective=-4.989002e+01  upper=-4.988997e+01  gap= 5.576534e-05  wall=0.000000e+00s  cpu=0.000000e+00s  provider=0  solves=0  iterations=0
  certificate  stage=STEP 5  complete  reason=step5_complete  wall=2.262771e-01s  cpu=2.262790e-01s  provider=211  solves=10  iterations=200

STEP 6
  certificate  stage=STEP 6  complete  reason=candidate_set  wall=5.530000e-06s  cpu=6.000000e-06s  provider=0  solves=0  iterations=0

STEP 8
  certificate  stage=STEP 8  complete  reason=step8_complete  wall=6.877259e-02s  cpu=6.877400e-02s  provider=144  solves=2  iterations=19

STEP 9
  certificate  stage=STEP 9  failed  objective=-4.988998e+01  upper=-4.988997e+01  gap= 1.154746e-05  wall=0.000000e+00s  cpu=0.000000e+00s  provider=0  solves=0  iterations=0
  certificate  stage=STEP 9  complete  reason=paper_potential_convergence_failed  wall=1.627001e-03s  cpu=1.628000e-03s  provider=2  solves=0  iterations=0

STEP 7
  certificate  stage=STEP 7  complete  reason=continue_stage_ii  wall=1.090000e-06s  cpu=1.000000e-06s  provider=0  solves=0  iterations=0

STEP 4
  STAGE II STEP 4  major=11  upper=-4.988997e+01  LP_primal= 0.000000e+00  LP_dual= 6.938894e-18  active_cuts=16  certified
  certificate  stage=STEP 4  complete  reason=step4_complete  wall=3.071180e-04s  cpu=3.070000e-04s  provider=0  solves=1  iterations=1

STEP 5
  certificate  stage=STEP 5 LOCAL  major=11  attempt=37  accepted  reason=success  P rel.=-3.420854e-08  objective=-4.988997e+01  upper=-4.988997e+01  gap= 6.339987e-08  wall=0.000000e+00s  cpu=0.000000e+00s  provider=0  solves=0  iterations=0
  certificate  stage=STEP 5  complete  reason=step5_complete  wall=2.229342e-02s  cpu=2.229400e-02s  provider=22  solves=1  iterations=18

STEP 6
  certificate  stage=STEP 6  complete  reason=candidate_set  wall=8.020000e-06s  cpu=8.000000e-06s  provider=0  solves=0  iterations=0

STEP 8
  certificate  stage=STEP 8  complete  reason=step8_complete  wall=3.271761e-02s  cpu=3.271900e-02s  provider=66  solves=1  iterations=11

STEP 9
  certificate  stage=STEP 9  failed  objective=-4.988998e+01  upper=-4.988997e+01  gap= 2.808104e-06  wall=0.000000e+00s  cpu=0.000000e+00s  provider=0  solves=0  iterations=0
  certificate  stage=STEP 9  complete  reason=paper_potential_convergence_failed  wall=1.622080e-03s  cpu=1.622000e-03s  provider=2  solves=0  iterations=0

STEP 7
  certificate  stage=STEP 7  complete  reason=continue_stage_ii  wall=1.090000e-06s  cpu=1.000000e-06s  provider=0  solves=0  iterations=0

STEP 4
  STAGE II STEP 4  major=12  upper=-4.988997e+01  LP_primal= 7.105427e-15  LP_dual= 1.110223e-16  active_cuts=17  certified
  certificate  stage=STEP 4  complete  reason=step4_complete  wall=3.400780e-04s  cpu=3.400000e-04s  provider=0  solves=1  iterations=1

STEP 5
  certificate  stage=STEP 5 LOCAL  major=12  attempt=38  accepted  reason=success  P rel.= 4.309550e-14  objective=-4.704419e+01  upper=-4.988997e+01  gap=-2.845780e+00  wall=0.000000e+00s  cpu=0.000000e+00s  provider=0  solves=0  iterations=0
  certificate  stage=STEP 5 LOCAL  major=12  attempt=39  accepted  reason=success  P rel.= 5.559320e-14  objective=-4.704419e+01  upper=-4.988997e+01  gap=-2.845780e+00  wall=0.000000e+00s  cpu=0.000000e+00s  provider=0  solves=0  iterations=0
  certificate  stage=STEP 5 LOCAL  major=12  attempt=40  accepted  reason=success  P rel.= 3.979152e-14  objective=-4.704419e+01  upper=-4.988997e+01  gap=-2.845780e+00  wall=0.000000e+00s  cpu=0.000000e+00s  provider=0  solves=0  iterations=0
  certificate  stage=STEP 5 LOCAL  major=12  attempt=41  accepted  reason=success  P rel.= 7.297505e-14  objective=-4.704419e+01  upper=-4.988997e+01  gap=-2.845780e+00  wall=0.000000e+00s  cpu=0.000000e+00s  provider=0  solves=0  iterations=0
  certificate  stage=STEP 5 LOCAL  major=12  attempt=42  accepted  reason=success  P rel.= 5.559320e-14  objective=-4.704419e+01  upper=-4.988997e+01  gap=-2.845780e+00  wall=0.000000e+00s  cpu=0.000000e+00s  provider=0  solves=0  iterations=0
  certificate  stage=STEP 5 LOCAL  major=12  attempt=43  accepted  reason=success  P rel.=-3.404883e-08  objective=-4.988997e+01  upper=-4.988997e+01  gap= 1.421085e-14  wall=0.000000e+00s  cpu=0.000000e+00s  provider=0  solves=0  iterations=0
  certificate  stage=STEP 5  complete  reason=step5_complete  wall=1.422108e-01s  cpu=1.421950e-01s  provider=136  solves=6  iterations=119

STEP 6
  certificate  stage=STEP 6  complete  reason=candidate_set  wall=8.350000e-06s  cpu=8.000000e-06s  provider=0  solves=0  iterations=0

STEP 8
  certificate  stage=STEP 8  complete  reason=step8_complete  wall=3.209271e-02s  cpu=3.209400e-02s  provider=66  solves=1  iterations=11

STEP 9
  certificate  stage=STEP 9  failed  objective=-4.988998e+01  upper=-4.988997e+01  gap= 2.759249e-06  wall=0.000000e+00s  cpu=0.000000e+00s  provider=0  solves=0  iterations=0
  certificate  stage=STEP 9  complete  reason=paper_potential_convergence_failed  wall=1.609950e-03s  cpu=1.610000e-03s  provider=2  solves=0  iterations=0

STEP 7
  certificate  stage=STEP 7  complete  reason=continue_stage_ii  wall=1.130000e-06s  cpu=1.000000e-06s  provider=0  solves=0  iterations=0

STEP 4
  STAGE II STEP 4  major=13  upper=-4.988997e+01  LP_primal= 1.421085e-14  LP_dual= 1.110223e-16  active_cuts=18  certified
  certificate  stage=STEP 4  complete  reason=step4_complete  wall=3.400180e-04s  cpu=3.410000e-04s  provider=0  solves=1  iterations=1

STEP 5
  certificate  stage=STEP 5 LOCAL  major=13  attempt=44  accepted  reason=success  P rel.= 6.809090e-14  objective=-4.574034e+01  upper=-4.988997e+01  gap=-4.149630e+00  wall=0.000000e+00s  cpu=0.000000e+00s  provider=0  solves=0  iterations=0
  certificate  stage=STEP 5 LOCAL  major=13  attempt=45  accepted  reason=success  P rel.= 3.979152e-14  objective=-4.704419e+01  upper=-4.988997e+01  gap=-2.845780e+00  wall=0.000000e+00s  cpu=0.000000e+00s  provider=0  solves=0  iterations=0
  certificate  stage=STEP 5 LOCAL  major=13  attempt=47  accepted  reason=success  P rel.=-3.423365e-08  objective=-4.988997e+01  upper=-4.988997e+01  gap= 1.421085e-14  wall=0.000000e+00s  cpu=0.000000e+00s  provider=0  solves=0  iterations=0
  certificate  stage=STEP 5  complete  reason=step5_complete  wall=5.652747e-02s  cpu=5.650700e-02s  provider=56  solves=4  iterations=47

STEP 6
  certificate  stage=STEP 6  complete  reason=candidate_set  wall=8.960000e-06s  cpu=9.000000e-06s  provider=0  solves=0  iterations=0

STEP 8
  certificate  stage=STEP 8  complete  reason=step8_complete  wall=3.232581e-02s  cpu=3.232700e-02s  provider=66  solves=1  iterations=11

STEP 9
  certificate  stage=STEP 9  failed  objective=-4.988998e+01  upper=-4.988997e+01  gap= 2.759249e-06  wall=0.000000e+00s  cpu=0.000000e+00s  provider=0  solves=0  iterations=0
  certificate  stage=STEP 9  complete  reason=paper_potential_convergence_failed  wall=1.618090e-03s  cpu=1.618000e-03s  provider=2  solves=0  iterations=0

STEP 7
  certificate  stage=STEP 7  complete  reason=continue_stage_ii  wall=1.060000e-06s  cpu=1.000000e-06s  provider=0  solves=0  iterations=0

STEP 4
  STAGE II STEP 4  major=14  upper=-4.988997e+01  LP_primal= 1.421085e-14  LP_dual= 1.110223e-16  active_cuts=19  certified
  certificate  stage=STEP 4  complete  reason=step4_complete  wall=3.228680e-04s  cpu=3.240000e-04s  provider=0  solves=1  iterations=1

STEP 5
  certificate  stage=STEP 5 LOCAL  major=14  attempt=48  accepted  reason=success  P rel.= 4.084017e-13  objective=-4.704419e+01  upper=-4.988997e+01  gap=-2.845780e+00  wall=0.000000e+00s  cpu=0.000000e+00s  provider=0  solves=0  iterations=0
  certificate  stage=STEP 5 LOCAL  major=14  attempt=49  accepted  reason=success  P rel.= 3.763674e-14  objective=-4.704419e+01  upper=-4.988997e+01  gap=-2.845780e+00  wall=0.000000e+00s  cpu=0.000000e+00s  provider=0  solves=0  iterations=0
  certificate  stage=STEP 5 LOCAL  major=14  attempt=50  accepted  reason=success  P rel.= 5.616781e-14  objective=-4.704419e+01  upper=-4.988997e+01  gap=-2.845780e+00  wall=0.000000e+00s  cpu=0.000000e+00s  provider=0  solves=0  iterations=0
  certificate  stage=STEP 5 LOCAL  major=14  attempt=51  accepted  reason=success  P rel.= 4.137168e-14  objective=-4.704419e+01  upper=-4.988997e+01  gap=-2.845780e+00  wall=0.000000e+00s  cpu=0.000000e+00s  provider=0  solves=0  iterations=0
  certificate  stage=STEP 5 LOCAL  major=14  attempt=52  accepted  reason=success  P rel.= 5.559320e-14  objective=-4.704419e+01  upper=-4.988997e+01  gap=-2.845780e+00  wall=0.000000e+00s  cpu=0.000000e+00s  provider=0  solves=0  iterations=0
  certificate  stage=STEP 5 LOCAL  major=14  attempt=53  accepted  reason=success  P rel.= 7.369331e-14  objective=-4.704419e+01  upper=-4.988997e+01  gap=-2.845780e+00  wall=0.000000e+00s  cpu=0.000000e+00s  provider=0  solves=0  iterations=0
  certificate  stage=STEP 5 LOCAL  major=14  attempt=54  accepted  reason=success  P rel.= 5.056539e-14  objective=-4.704419e+01  upper=-4.988997e+01  gap=-2.845780e+00  wall=0.000000e+00s  cpu=0.000000e+00s  provider=0  solves=0  iterations=0
  certificate  stage=STEP 5 LOCAL  major=14  attempt=55  accepted  reason=success  P rel.= 5.465946e-13  objective=-4.704419e+01  upper=-4.988997e+01  gap=-2.845780e+00  wall=0.000000e+00s  cpu=0.000000e+00s  provider=0  solves=0  iterations=0
  certificate  stage=STEP 5 LOCAL  major=14  attempt=56  accepted  reason=success  P rel.= 3.177575e-13  objective=-4.704419e+01  upper=-4.988997e+01  gap=-2.845780e+00  wall=0.000000e+00s  cpu=0.000000e+00s  provider=0  solves=0  iterations=0
  certificate  stage=STEP 5 LOCAL  major=14  attempt=57  accepted  reason=success  P rel.= 5.415668e-14  objective=-4.704419e+01  upper=-4.988997e+01  gap=-2.845780e+00  wall=0.000000e+00s  cpu=0.000000e+00s  provider=0  solves=0  iterations=0
  certificate  stage=STEP 5 LOCAL  major=14  attempt=59  accepted  reason=success  P rel.= 6.330730e-13  objective=-4.704419e+01  upper=-4.988997e+01  gap=-2.845780e+00  wall=0.000000e+00s  cpu=0.000000e+00s  provider=0  solves=0  iterations=0
  certificate  stage=STEP 5 LOCAL  major=14  attempt=60  accepted  reason=success  P rel.= 5.415668e-14  objective=-4.704419e+01  upper=-4.988997e+01  gap=-2.845780e+00  wall=0.000000e+00s  cpu=0.000000e+00s  provider=0  solves=0  iterations=0
  certificate  stage=STEP 5 LOCAL  major=14  attempt=61  accepted  reason=success  P rel.= 5.559320e-14  objective=-4.704419e+01  upper=-4.988997e+01  gap=-2.845780e+00  wall=0.000000e+00s  cpu=0.000000e+00s  provider=0  solves=0  iterations=0
  certificate  stage=STEP 5 LOCAL  major=14  attempt=62  accepted  reason=success  P rel.=-1.024993e-09  objective=-4.988999e+01  upper=-4.988997e+01  gap= 1.392457e-05  wall=0.000000e+00s  cpu=0.000000e+00s  provider=0  solves=0  iterations=0
  certificate  stage=STEP 5  complete  reason=step5_complete  wall=3.451498e-01s  cpu=3.450890e-01s  provider=327  solves=15  iterations=301

STEP 6
  certificate  stage=STEP 6  complete  reason=candidate_set  wall=9.360000e-06s  cpu=9.000000e-06s  provider=0  solves=0  iterations=0

STEP 8
  certificate  stage=STEP 8  complete  reason=step8_complete  wall=8.423512e-02s  cpu=8.422200e-02s  provider=205  solves=1  iterations=23

STEP 9
  certificate  stage=STEP 9  failed  objective=-4.988998e+01  upper=-4.988997e+01  gap= 2.759249e-06  wall=0.000000e+00s  cpu=0.000000e+00s  provider=0  solves=0  iterations=0
  certificate  stage=STEP 9  complete  reason=paper_potential_convergence_failed  wall=1.683031e-03s  cpu=1.682000e-03s  provider=2  solves=0  iterations=0

STEP 7
  certificate  stage=STEP 7  complete  reason=continue_stage_ii  wall=1.180000e-06s  cpu=1.000000e-06s  provider=0  solves=0  iterations=0

STEP 4
  STAGE II STEP 4  major=15  upper=-4.988998e+01  LP_primal= 0.000000e+00  LP_dual= 8.326673e-17  active_cuts=20  certified
  certificate  stage=STEP 4  complete  reason=step4_complete  wall=3.862280e-04s  cpu=3.870000e-04s  provider=0  solves=1  iterations=1

STEP 5
  certificate  stage=STEP 5 LOCAL  major=15  attempt=63  accepted  reason=success  P rel.=-1.040217e-09  objective=-4.988998e+01  upper=-4.988998e+01  gap= 3.483305e-06  wall=0.000000e+00s  cpu=0.000000e+00s  provider=0  solves=0  iterations=0
  certificate  stage=STEP 5  complete  reason=step5_complete  wall=2.209111e-02s  cpu=2.209200e-02s  provider=22  solves=1  iterations=17

STEP 6
  certificate  stage=STEP 6  complete  reason=candidate_set  wall=9.130000e-06s  cpu=9.000000e-06s  provider=0  solves=0  iterations=0

STEP 8
  certificate  stage=STEP 8  complete  reason=step8_complete  wall=4.100245e-02s  cpu=4.099700e-02s  provider=84  solves=1  iterations=15

STEP 9
  certificate  stage=STEP 9  failed  objective=-4.988998e+01  upper=-4.988998e+01  gap= 7.533877e-07  wall=0.000000e+00s  cpu=0.000000e+00s  provider=0  solves=0  iterations=0
  certificate  stage=STEP 9  complete  reason=paper_potential_convergence_failed  wall=1.573501e-03s  cpu=1.574000e-03s  provider=2  solves=0  iterations=0

STEP 7
  certificate  stage=STEP 7  complete  reason=continue_stage_ii  wall=1.090000e-06s  cpu=1.000000e-06s  provider=0  solves=0  iterations=0

STEP 4
  STAGE II STEP 4  major=16  upper=-4.988998e+01  LP_primal= 0.000000e+00  LP_dual= 2.775558e-17  active_cuts=21  certified
  certificate  stage=STEP 4  complete  reason=step4_complete  wall=3.460680e-04s  cpu=3.460000e-04s  provider=0  solves=1  iterations=1

STEP 5
  certificate  stage=STEP 5 LOCAL  major=16  attempt=64  accepted  reason=success  P rel.=-1.814170e-09  objective=-4.988998e+01  upper=-4.988998e+01  gap= 8.705602e-07  wall=0.000000e+00s  cpu=0.000000e+00s  provider=0  solves=0  iterations=0
  certificate  stage=STEP 5  complete  reason=step5_complete  wall=1.942562e-02s  cpu=1.942600e-02s  provider=19  solves=1  iterations=16

STEP 6
  certificate  stage=STEP 6  complete  reason=candidate_set  wall=6.670000e-06s  cpu=6.000000e-06s  provider=0  solves=0  iterations=0

STEP 8
  certificate  stage=STEP 8  complete  reason=step8_complete  wall=2.986007e-02s  cpu=2.986100e-02s  provider=60  solves=1  iterations=10

STEP 9
  certificate  stage=STEP 9  failed  objective=-4.988998e+01  upper=-4.988998e+01  gap= 1.588515e-07  wall=0.000000e+00s  cpu=0.000000e+00s  provider=0  solves=0  iterations=0
  certificate  stage=STEP 9  complete  reason=paper_potential_convergence_failed  wall=1.589471e-03s  cpu=1.590000e-03s  provider=2  solves=0  iterations=0

STEP 7
  certificate  stage=STEP 7  complete  reason=continue_stage_ii  wall=1.230000e-06s  cpu=1.000000e-06s  provider=0  solves=0  iterations=0

STEP 4
  STAGE II STEP 4  major=17  upper=-4.988998e+01  LP_primal= 0.000000e+00  LP_dual= 1.387779e-17  active_cuts=22  certified
  certificate  stage=STEP 4  complete  reason=step4_complete  wall=3.619680e-04s  cpu=3.620000e-04s  provider=0  solves=1  iterations=1

STEP 5
  certificate  stage=STEP 5 LOCAL  major=17  attempt=65  accepted  reason=success  P rel.= 6.708533e-14  objective=-4.704420e+01  upper=-4.988998e+01  gap=-2.845777e+00  wall=0.000000e+00s  cpu=0.000000e+00s  provider=0  solves=0  iterations=0
  certificate  stage=STEP 5 LOCAL  major=17  attempt=66  accepted  reason=success  P rel.= 5.702972e-14  objective=-4.704420e+01  upper=-4.988998e+01  gap=-2.845777e+00  wall=0.000000e+00s  cpu=0.000000e+00s  provider=0  solves=0  iterations=0
  certificate  stage=STEP 5 LOCAL  major=17  attempt=67  accepted  reason=success  P rel.= 4.208994e-14  objective=-4.704420e+01  upper=-4.988998e+01  gap=-2.845777e+00  wall=0.000000e+00s  cpu=0.000000e+00s  provider=0  solves=0  iterations=0
  certificate  stage=STEP 5 LOCAL  major=17  attempt=68  accepted  reason=success  P rel.= 4.726140e-14  objective=-4.704420e+01  upper=-4.988998e+01  gap=-2.845777e+00  wall=0.000000e+00s  cpu=0.000000e+00s  provider=0  solves=0  iterations=0
  certificate  stage=STEP 5 LOCAL  major=17  attempt=69  accepted  reason=success  P rel.= 5.228921e-14  objective=-4.704420e+01  upper=-4.988998e+01  gap=-2.845777e+00  wall=0.000000e+00s  cpu=0.000000e+00s  provider=0  solves=0  iterations=0
  certificate  stage=STEP 5 LOCAL  major=17  attempt=70  accepted  reason=success  P rel.=-1.034030e-09  objective=-4.988998e+01  upper=-4.988998e+01  gap= 2.176736e-07  wall=0.000000e+00s  cpu=0.000000e+00s  provider=0  solves=0  iterations=0
  certificate  stage=STEP 5  complete  reason=step5_complete  wall=1.371962e-01s  cpu=1.371980e-01s  provider=127  solves=6  iterations=119

STEP 6
  certificate  stage=STEP 6  complete  reason=candidate_set  wall=1.271900e-05s  cpu=1.300000e-05s  provider=0  solves=0  iterations=0

STEP 8
  certificate  stage=STEP 8  complete  reason=step8_complete  wall=3.032968e-02s  cpu=3.033100e-02s  provider=60  solves=1  iterations=10

STEP 9
  certificate  stage=STEP 9  failed  objective=-4.988998e+01  upper=-4.988998e+01  gap= 5.656631e-08  wall=0.000000e+00s  cpu=0.000000e+00s  provider=0  solves=0  iterations=0
  certificate  stage=STEP 9  complete  reason=paper_potential_convergence_failed  wall=1.563541e-03s  cpu=1.564000e-03s  provider=2  solves=0  iterations=0

STEP 7
  certificate  stage=STEP 7  complete  reason=continue_stage_ii  wall=1.150000e-06s  cpu=1.000000e-06s  provider=0  solves=0  iterations=0

STEP 4
  STAGE II STEP 4  major=18  upper=-4.988998e+01  LP_primal= 0.000000e+00  LP_dual= 5.551115e-17  active_cuts=23  certified
  certificate  stage=STEP 4  complete  reason=step4_complete  wall=3.774280e-04s  cpu=3.780000e-04s  provider=0  solves=1  iterations=1

STEP 5
  certificate  stage=STEP 5 LOCAL  major=18  attempt=71  accepted  reason=success  P rel.= 7.398062e-14  objective=-4.704420e+01  upper=-4.988998e+01  gap=-2.845777e+00  wall=0.000000e+00s  cpu=0.000000e+00s  provider=0  solves=0  iterations=0
  certificate  stage=STEP 5 LOCAL  major=18  attempt=72  accepted  reason=success  P rel.= 6.335039e-14  objective=-4.704420e+01  upper=-4.988998e+01  gap=-2.845777e+00  wall=0.000000e+00s  cpu=0.000000e+00s  provider=0  solves=0  iterations=0
  certificate  stage=STEP 5 LOCAL  major=18  attempt=73  accepted  reason=success  P rel.= 2.406166e-13  objective=-4.704420e+01  upper=-4.988998e+01  gap=-2.845777e+00  wall=0.000000e+00s  cpu=0.000000e+00s  provider=0  solves=0  iterations=0
  certificate  stage=STEP 5 LOCAL  major=18  attempt=74  accepted  reason=success  P rel.= 2.256768e-13  objective=-4.704420e+01  upper=-4.988998e+01  gap=-2.845777e+00  wall=0.000000e+00s  cpu=0.000000e+00s  provider=0  solves=0  iterations=0
  certificate  stage=STEP 5 LOCAL  major=18  attempt=75  accepted  reason=success  P rel.= 3.979152e-14  objective=-4.704420e+01  upper=-4.988998e+01  gap=-2.845777e+00  wall=0.000000e+00s  cpu=0.000000e+00s  provider=0  solves=0  iterations=0
  certificate  stage=STEP 5 LOCAL  major=18  attempt=76  accepted  reason=success  P rel.= 6.952741e-13  objective=-4.704420e+01  upper=-4.988998e+01  gap=-2.845777e+00  wall=0.000000e+00s  cpu=0.000000e+00s  provider=0  solves=0  iterations=0
  certificate  stage=STEP 5 LOCAL  major=18  attempt=77  accepted  reason=success  P rel.= 2.276879e-13  objective=-4.704420e+01  upper=-4.988998e+01  gap=-2.845777e+00  wall=0.000000e+00s  cpu=0.000000e+00s  provider=0  solves=0  iterations=0
  certificate  stage=STEP 5 LOCAL  major=18  attempt=78  accepted  reason=success  P rel.= 5.717337e-14  objective=-4.704420e+01  upper=-4.988998e+01  gap=-2.845777e+00  wall=0.000000e+00s  cpu=0.000000e+00s  provider=0  solves=0  iterations=0
  certificate  stage=STEP 5 LOCAL  major=18  attempt=79  accepted  reason=success  P rel.= 5.774798e-14  objective=-4.704420e+01  upper=-4.988998e+01  gap=-2.845777e+00  wall=0.000000e+00s  cpu=0.000000e+00s  provider=0  solves=0  iterations=0
  certificate  stage=STEP 5 LOCAL  major=18  attempt=80  accepted  reason=success  P rel.= 5.042174e-14  objective=-4.704420e+01  upper=-4.988998e+01  gap=-2.845777e+00  wall=0.000000e+00s  cpu=0.000000e+00s  provider=0  solves=0  iterations=0
  certificate  stage=STEP 5 LOCAL  major=18  attempt=81  accepted  reason=success  P rel.= 1.522708e-13  objective=-4.704420e+01  upper=-4.988998e+01  gap=-2.845777e+00  wall=0.000000e+00s  cpu=0.000000e+00s  provider=0  solves=0  iterations=0
  certificate  stage=STEP 5 LOCAL  major=18  attempt=82  accepted  reason=success  P rel.= 4.898522e-14  objective=-4.704420e+01  upper=-4.988998e+01  gap=-2.845777e+00  wall=0.000000e+00s  cpu=0.000000e+00s  provider=0  solves=0  iterations=0
  certificate  stage=STEP 5 LOCAL  major=18  attempt=83  accepted  reason=success  P rel.= 2.082949e-14  objective=-4.704420e+01  upper=-4.988998e+01  gap=-2.845777e+00  wall=0.000000e+00s  cpu=0.000000e+00s  provider=0  solves=0  iterations=0
  certificate  stage=STEP 5 LOCAL  major=18  attempt=84  accepted  reason=success  P rel.= 4.668680e-14  objective=-4.704420e+01  upper=-4.988998e+01  gap=-2.845777e+00  wall=0.000000e+00s  cpu=0.000000e+00s  provider=0  solves=0  iterations=0
  certificate  stage=STEP 5 LOCAL  major=18  attempt=85  accepted  reason=success  P rel.= 4.955983e-14  objective=-4.574078e+01  upper=-4.988998e+01  gap=-4.149200e+00  wall=0.000000e+00s  cpu=0.000000e+00s  provider=0  solves=0  iterations=0
  certificate  stage=STEP 5 LOCAL  major=18  attempt=87  accepted  reason=success  P rel.= 3.878595e-14  objective=-4.704420e+01  upper=-4.988998e+01  gap=-2.845777e+00  wall=0.000000e+00s  cpu=0.000000e+00s  provider=0  solves=0  iterations=0
  certificate  stage=STEP 5 LOCAL  major=18  attempt=88  accepted  reason=success  P rel.= 5.286382e-14  objective=-4.704420e+01  upper=-4.988998e+01  gap=-2.845777e+00  wall=0.000000e+00s  cpu=0.000000e+00s  provider=0  solves=0  iterations=0
  certificate  stage=STEP 5 LOCAL  major=18  attempt=89  accepted  reason=success  P rel.=-1.030825e-09  objective=-4.988998e+01  upper=-4.988998e+01  gap= 5.441422e-08  wall=0.000000e+00s  cpu=0.000000e+00s  provider=0  solves=0  iterations=0
  certificate  stage=STEP 5  complete  reason=step5_complete  wall=3.995016e-01s  cpu=3.994940e-01s  provider=385  solves=19  iterations=360

STEP 6
  certificate  stage=STEP 6  complete  reason=candidate_set  wall=1.026000e-05s  cpu=1.100000e-05s  provider=0  solves=0  iterations=0

STEP 8
  certificate  stage=STEP 8  complete  reason=step8_complete  wall=2.994690e-02s  cpu=2.994900e-02s  provider=60  solves=1  iterations=10

STEP 9
  certificate  stage=STEP 9  failed  objective=-4.988998e+01  upper=-4.988998e+01  gap= 7.843326e-09  wall=0.000000e+00s  cpu=0.000000e+00s  provider=0  solves=0  iterations=0
  certificate  stage=STEP 9  complete  reason=paper_potential_convergence_failed  wall=1.587620e-03s  cpu=1.588000e-03s  provider=2  solves=0  iterations=0

STEP 7
  certificate  stage=STEP 7  complete  reason=continue_stage_ii  wall=1.190000e-06s  cpu=2.000000e-06s  provider=0  solves=0  iterations=0

STEP 4
  STAGE II STEP 4  major=19  upper=-4.988998e+01  LP_primal= 0.000000e+00  LP_dual= 2.775558e-17  active_cuts=24  certified
  certificate  stage=STEP 4  complete  reason=step4_complete  wall=3.593270e-04s  cpu=3.600000e-04s  provider=0  solves=1  iterations=1

STEP 5
  certificate  stage=STEP 5 LOCAL  major=19  attempt=90  accepted  reason=success  P rel.= 6.708533e-14  objective=-4.704420e+01  upper=-4.988998e+01  gap=-2.845777e+00  wall=0.000000e+00s  cpu=0.000000e+00s  provider=0  solves=0  iterations=0
  certificate  stage=STEP 5 LOCAL  major=19  attempt=91  accepted  reason=success  P rel.=-1.038525e-09  objective=-4.988998e+01  upper=-4.988998e+01  gap= 1.360407e-08  wall=0.000000e+00s  cpu=0.000000e+00s  provider=0  solves=0  iterations=0
  certificate  stage=STEP 5  complete  reason=step5_complete  wall=4.610560e-02s  cpu=4.610800e-02s  provider=43  solves=2  iterations=40

STEP 6
  certificate  stage=STEP 6  complete  reason=candidate_set  wall=1.145000e-05s  cpu=1.100000e-05s  provider=0  solves=0  iterations=0

STEP 8
  certificate  stage=STEP 8  complete  reason=step8_complete  wall=3.031289e-02s  cpu=3.031500e-02s  provider=60  solves=1  iterations=10

STEP 9
  certificate  stage=STEP 9  failed  objective=-4.988998e+01  upper=-4.988998e+01  gap= 7.235528e-09  wall=0.000000e+00s  cpu=0.000000e+00s  provider=0  solves=0  iterations=0
  certificate  stage=STEP 9  complete  reason=paper_potential_convergence_failed  wall=1.615020e-03s  cpu=1.615000e-03s  provider=2  solves=0  iterations=0

STEP 7
  certificate  stage=STEP 7  complete  reason=continue_stage_ii  wall=1.220000e-06s  cpu=1.000000e-06s  provider=0  solves=0  iterations=0

STEP 4
  STAGE II STEP 4  major=20  upper=-4.988998e+01  LP_primal= 0.000000e+00  LP_dual= 5.551115e-17  active_cuts=25  certified
  certificate  stage=STEP 4  complete  reason=step4_complete  wall=3.959870e-04s  cpu=3.970000e-04s  provider=0  solves=1  iterations=1

STEP 5
  certificate  stage=STEP 5 LOCAL  major=20  attempt=92  accepted  reason=success  P rel.= 7.469887e-14  objective=-4.704420e+01  upper=-4.988998e+01  gap=-2.845777e+00  wall=0.000000e+00s  cpu=0.000000e+00s  provider=0  solves=0  iterations=0
  certificate  stage=STEP 5 LOCAL  major=20  attempt=93  accepted  reason=success  P rel.= 6.771740e-13  objective=-4.704420e+01  upper=-4.988998e+01  gap=-2.845777e+00  wall=0.000000e+00s  cpu=0.000000e+00s  provider=0  solves=0  iterations=0
  certificate  stage=STEP 5 LOCAL  major=20  attempt=94  accepted  reason=success  P rel.= 3.303989e-14  objective=-4.704420e+01  upper=-4.988998e+01  gap=-2.845777e+00  wall=0.000000e+00s  cpu=0.000000e+00s  provider=0  solves=0  iterations=0
  certificate  stage=STEP 5 LOCAL  major=20  attempt=95  accepted  reason=success  P rel.=-1.043199e-09  objective=-4.988998e+01  upper=-4.988998e+01  gap= 3.401077e-09  wall=0.000000e+00s  cpu=0.000000e+00s  provider=0  solves=0  iterations=0
  certificate  stage=STEP 5  complete  reason=step5_complete  wall=1.017857e-01s  cpu=1.017420e-01s  provider=96  solves=4  iterations=90

STEP 6
  certificate  stage=STEP 6  complete  reason=candidate_set  wall=1.019000e-05s  cpu=1.000000e-05s  provider=0  solves=0  iterations=0

STEP 8
  certificate  stage=STEP 8  complete  reason=step8_complete  wall=3.021317e-02s  cpu=3.021400e-02s  provider=60  solves=1  iterations=10

STEP 9
  certificate  stage=STEP 9  failed  objective=-4.988998e+01  upper=-4.988998e+01  gap= 6.931614e-09  wall=0.000000e+00s  cpu=0.000000e+00s  provider=0  solves=0  iterations=0
  certificate  stage=STEP 9  complete  reason=paper_potential_convergence_failed  wall=1.589761e-03s  cpu=1.590000e-03s  provider=2  solves=0  iterations=0

STEP 7
  certificate  stage=STEP 7  complete  reason=continue_stage_ii  wall=1.110000e-06s  cpu=1.000000e-06s  provider=0  solves=0  iterations=0

STEP 4
  STAGE II STEP 4  major=21  upper=-4.988998e+01  LP_primal= 7.105427e-15  LP_dual= 5.551115e-17  active_cuts=26  certified
  certificate  stage=STEP 4  complete  reason=step4_complete  wall=3.581880e-04s  cpu=3.590000e-04s  provider=0  solves=1  iterations=1

STEP 5
  certificate  stage=STEP 5 LOCAL  major=21  attempt=96  accepted  reason=success  P rel.=-2.851107e-09  objective=-4.988998e+01  upper=-4.988998e+01  gap= 8.502781e-10  wall=0.000000e+00s  cpu=0.000000e+00s  provider=0  solves=0  iterations=0
  certificate  stage=STEP 5  complete  reason=step5_complete  wall=2.496822e-02s  cpu=2.496900e-02s  provider=25  solves=1  iterations=18

STEP 6
  certificate  stage=STEP 6  complete  reason=candidate_set  wall=9.410000e-06s  cpu=1.000000e-05s  provider=0  solves=0  iterations=0

STEP 8
  certificate  stage=STEP 8  complete  reason=step8_complete  wall=2.981560e-02s  cpu=2.981600e-02s  provider=60  solves=1  iterations=10

STEP 9
  certificate  stage=STEP 9  failed  objective=-4.988998e+01  upper=-4.988998e+01  gap= 6.779658e-09  wall=0.000000e+00s  cpu=0.000000e+00s  provider=0  solves=0  iterations=0
  certificate  stage=STEP 9  complete  reason=paper_potential_convergence_failed  wall=1.518931e-03s  cpu=1.519000e-03s  provider=2  solves=0  iterations=0

STEP 7
  certificate  stage=STEP 7  complete  reason=continue_stage_ii  wall=1.100000e-06s  cpu=1.000000e-06s  provider=0  solves=0  iterations=0

STEP 4
  STAGE II STEP 4  major=22  upper=-4.988998e+01  LP_primal= 0.000000e+00  LP_dual= 2.775558e-17  active_cuts=27  certified
  certificate  stage=STEP 4  complete  reason=step4_complete  wall=3.461380e-04s  cpu=3.460000e-04s  provider=0  solves=1  iterations=1

STEP 5
  certificate  stage=STEP 5 LOCAL  major=22  attempt=97  accepted  reason=success  P rel.=-1.035721e-09  objective=-4.988998e+01  upper=-4.988998e+01  gap= 2.125731e-10  wall=0.000000e+00s  cpu=0.000000e+00s  provider=0  solves=0  iterations=0
  certificate  stage=STEP 5  complete  reason=step5_complete  wall=1.718477e-02s  cpu=1.718500e-02s  provider=16  solves=1  iterations=15

STEP 6
  certificate  stage=STEP 6  complete  reason=candidate_set  wall=9.460000e-06s  cpu=9.000000e-06s  provider=0  solves=0  iterations=0

STEP 8
  certificate  stage=STEP 8  complete  reason=step8_complete  wall=2.981944e-02s  cpu=2.982000e-02s  provider=60  solves=1  iterations=10

STEP 9
  certificate  stage=STEP 9  failed  objective=-4.988998e+01  upper=-4.988998e+01  gap= 6.703686e-09  wall=0.000000e+00s  cpu=0.000000e+00s  provider=0  solves=0  iterations=0
  certificate  stage=STEP 9  complete  reason=paper_potential_convergence_failed  wall=1.552441e-03s  cpu=1.552000e-03s  provider=2  solves=0  iterations=0

STEP 7
  certificate  stage=STEP 7  complete  reason=continue_stage_ii  wall=1.140000e-06s  cpu=1.000000e-06s  provider=0  solves=0  iterations=0

STEP 4
  STAGE II STEP 4  major=23  upper=-4.988998e+01  LP_primal= 7.105427e-15  LP_dual= 2.775558e-17  active_cuts=28  certified
  certificate  stage=STEP 4  complete  reason=step4_complete  wall=3.531480e-04s  cpu=3.530000e-04s  provider=0  solves=1  iterations=1

STEP 5
  certificate  stage=STEP 5 LOCAL  major=23  attempt=98  accepted  reason=success  P rel.= 5.588050e-14  objective=-4.704420e+01  upper=-4.988998e+01  gap=-2.845777e+00  wall=0.000000e+00s  cpu=0.000000e+00s  provider=0  solves=0  iterations=0
  certificate  stage=STEP 5 LOCAL  major=23  attempt=99  accepted  reason=success  P rel.= 5.588050e-14  objective=-4.704420e+01  upper=-4.988998e+01  gap=-2.845777e+00  wall=0.000000e+00s  cpu=0.000000e+00s  provider=0  solves=0  iterations=0
  certificate  stage=STEP 5 LOCAL  major=23  attempt=100  accepted  reason=success  P rel.= 3.131607e-14  objective=-4.704420e+01  upper=-4.988998e+01  gap=-2.845777e+00  wall=0.000000e+00s  cpu=0.000000e+00s  provider=0  solves=0  iterations=0
  certificate  stage=STEP 5 LOCAL  major=23  attempt=102  accepted  reason=success  P rel.= 3.720579e-14  objective=-4.704420e+01  upper=-4.988998e+01  gap=-2.845777e+00  wall=0.000000e+00s  cpu=0.000000e+00s  provider=0  solves=0  iterations=0
  certificate  stage=STEP 5 LOCAL  major=23  attempt=103  accepted  reason=success  P rel.= 5.875354e-14  objective=-4.704420e+01  upper=-4.988998e+01  gap=-2.845777e+00  wall=0.000000e+00s  cpu=0.000000e+00s  provider=0  solves=0  iterations=0
  certificate  stage=STEP 5 LOCAL  major=23  attempt=104  accepted  reason=success  P rel.=-1.025171e-09  objective=-4.988998e+01  upper=-4.988998e+01  gap= 5.314149e-11  wall=0.000000e+00s  cpu=0.000000e+00s  provider=0  solves=0  iterations=0
  certificate  stage=STEP 5  complete  reason=step5_complete  wall=1.323809e-01s  cpu=1.323830e-01s  provider=127  solves=7  iterations=118

STEP 6
  certificate  stage=STEP 6  complete  reason=candidate_set  wall=1.039000e-05s  cpu=1.100000e-05s  provider=0  solves=0  iterations=0

STEP 8
  certificate  stage=STEP 8  complete  reason=step8_complete  wall=2.963836e-02s  cpu=2.964000e-02s  provider=60  solves=1  iterations=10

STEP 9
  certificate  stage=STEP 9  failed  objective=-4.988998e+01  upper=-4.988998e+01  gap= 6.665687e-09  wall=0.000000e+00s  cpu=0.000000e+00s  provider=0  solves=0  iterations=0
  certificate  stage=STEP 9  complete  reason=paper_potential_convergence_failed  wall=1.543871e-03s  cpu=1.544000e-03s  provider=2  solves=0  iterations=0

STEP 7
  certificate  stage=STEP 7  complete  reason=continue_stage_ii  wall=1.150000e-06s  cpu=1.000000e-06s  provider=0  solves=0  iterations=0

STEP 4
  STAGE II STEP 4  major=24  upper=-4.988998e+01  LP_primal= 5.314149e-11  LP_dual= 2.775558e-17  active_cuts=29  certified
  certificate  stage=STEP 4  complete  reason=step4_complete  wall=3.770780e-04s  cpu=3.770000e-04s  provider=0  solves=1  iterations=1

STEP 5
  certificate  stage=STEP 5 LOCAL  major=24  attempt=105  accepted  reason=success  P rel.= 4.036612e-14  objective=-4.704420e+01  upper=-4.988998e+01  gap=-2.845777e+00  wall=0.000000e+00s  cpu=0.000000e+00s  provider=0  solves=0  iterations=0
  certificate  stage=STEP 5 LOCAL  major=24  attempt=106  accepted  reason=success  P rel.= 4.036612e-14  objective=-4.704420e+01  upper=-4.988998e+01  gap=-2.845777e+00  wall=0.000000e+00s  cpu=0.000000e+00s  provider=0  solves=0  iterations=0
  certificate  stage=STEP 5 LOCAL  major=24  attempt=107  accepted  reason=success  P rel.= 4.614092e-13  objective=-4.704420e+01  upper=-4.988998e+01  gap=-2.845777e+00  wall=0.000000e+00s  cpu=0.000000e+00s  provider=0  solves=0  iterations=0
  certificate  stage=STEP 5 LOCAL  major=24  attempt=108  accepted  reason=success  P rel.= 4.023684e-13  objective=-4.704420e+01  upper=-4.988998e+01  gap=-2.845777e+00  wall=0.000000e+00s  cpu=0.000000e+00s  provider=0  solves=0  iterations=0
  certificate  stage=STEP 5 LOCAL  major=24  attempt=109  accepted  reason=success  P rel.=-1.027709e-09  objective=-4.988998e+01  upper=-4.988998e+01  gap= 5.314860e-11  wall=0.000000e+00s  cpu=0.000000e+00s  provider=0  solves=0  iterations=0
  certificate  stage=STEP 5  complete  reason=step5_complete  wall=1.138513e-01s  cpu=1.138480e-01s  provider=108  solves=5  iterations=101

STEP 6
  certificate  stage=STEP 6  complete  reason=candidate_set  wall=1.260000e-05s  cpu=1.300000e-05s  provider=0  solves=0  iterations=0

STEP 8
  certificate  stage=STEP 8  complete  reason=step8_complete  wall=2.996702e-02s  cpu=2.996900e-02s  provider=60  solves=1  iterations=10

STEP 9
  certificate  stage=STEP 9  failed  objective=-4.988998e+01  upper=-4.988998e+01  gap= 6.665687e-09  wall=0.000000e+00s  cpu=0.000000e+00s  provider=0  solves=0  iterations=0
  certificate  stage=STEP 9  complete  reason=paper_potential_convergence_failed  wall=1.573270e-03s  cpu=1.573000e-03s  provider=2  solves=0  iterations=0

STEP 7
  certificate  stage=STEP 7  complete  reason=continue_stage_ii  wall=1.270000e-06s  cpu=2.000000e-06s  provider=0  solves=0  iterations=0

STEP 4
  STAGE II STEP 4  major=25  upper=-4.988998e+01  LP_primal= 5.314860e-11  LP_dual= 2.775558e-17  active_cuts=30  certified
  certificate  stage=STEP 4  complete  reason=step4_complete  wall=4.387870e-04s  cpu=4.390000e-04s  provider=0  solves=1  iterations=1

STEP 5
  certificate  stage=STEP 5 LOCAL  major=25  attempt=110  accepted  reason=success  P rel.= 3.131607e-14  objective=-4.704420e+01  upper=-4.988998e+01  gap=-2.845777e+00  wall=0.000000e+00s  cpu=0.000000e+00s  provider=0  solves=0  iterations=0
  certificate  stage=STEP 5 LOCAL  major=25  attempt=111  accepted  reason=success  P rel.= 7.125123e-14  objective=-4.704420e+01  upper=-4.988998e+01  gap=-2.845777e+00  wall=0.000000e+00s  cpu=0.000000e+00s  provider=0  solves=0  iterations=0
  certificate  stage=STEP 5 LOCAL  major=25  attempt=112  accepted  reason=success  P rel.= 5.860989e-14  objective=-4.704420e+01  upper=-4.988998e+01  gap=-2.845777e+00  wall=0.000000e+00s  cpu=0.000000e+00s  provider=0  solves=0  iterations=0
  certificate  stage=STEP 5 LOCAL  major=25  attempt=113  accepted  reason=success  P rel.= 4.754871e-14  objective=-4.704420e+01  upper=-4.988998e+01  gap=-2.845777e+00  wall=0.000000e+00s  cpu=0.000000e+00s  provider=0  solves=0  iterations=0
  certificate  stage=STEP 5 LOCAL  major=25  attempt=114  accepted  reason=success  P rel.= 5.114000e-14  objective=-4.574086e+01  upper=-4.988998e+01  gap=-4.149114e+00  wall=0.000000e+00s  cpu=0.000000e+00s  provider=0  solves=0  iterations=0
  certificate  stage=STEP 5 LOCAL  major=25  attempt=115  accepted  reason=success  P rel.= 5.257652e-14  objective=-4.704420e+01  upper=-4.988998e+01  gap=-2.845777e+00  wall=0.000000e+00s  cpu=0.000000e+00s  provider=0  solves=0  iterations=0
  certificate  stage=STEP 5 LOCAL  major=25  attempt=116  accepted  reason=success  P rel.=-3.406717e-08  objective=-4.988998e+01  upper=-4.988998e+01  gap= 8.826888e-09  wall=0.000000e+00s  cpu=0.000000e+00s  provider=0  solves=0  iterations=0
  certificate  stage=STEP 5  complete  reason=step5_complete  wall=1.495213e-01s  cpu=1.495240e-01s  provider=144  solves=7  iterations=128

STEP 6
  certificate  stage=STEP 6  complete  reason=candidate_set  wall=1.120000e-05s  cpu=1.100000e-05s  provider=0  solves=0  iterations=0

STEP 8
  certificate  stage=STEP 8  complete  reason=step8_complete  wall=2.995727e-02s  cpu=2.994900e-02s  provider=60  solves=1  iterations=10

STEP 9
  certificate  stage=STEP 9  failed  objective=-4.988998e+01  upper=-4.988998e+01  gap= 6.665680e-09  wall=0.000000e+00s  cpu=0.000000e+00s  provider=0  solves=0  iterations=0
  certificate  stage=STEP 9  complete  reason=paper_potential_convergence_failed  wall=1.572190e-03s  cpu=1.572000e-03s  provider=2  solves=0  iterations=0

STEP 7
  certificate  stage=STEP 7  complete  reason=continue_stage_ii  wall=1.170000e-06s  cpu=1.000000e-06s  provider=0  solves=0  iterations=0

STEP 4
  STAGE II STEP 4  major=26  upper=-4.988998e+01  LP_primal= 0.000000e+00  LP_dual= 2.775558e-17  active_cuts=31  certified
  certificate  stage=STEP 4  complete  reason=step4_complete  wall=3.901880e-04s  cpu=3.910000e-04s  provider=0  solves=1  iterations=1

STEP 5
  certificate  stage=STEP 5 LOCAL  major=26  attempt=117  accepted  reason=success  P rel.= 5.358208e-14  objective=-4.704420e+01  upper=-4.988998e+01  gap=-2.845777e+00  wall=0.000000e+00s  cpu=0.000000e+00s  provider=0  solves=0  iterations=0
  certificate  stage=STEP 5 LOCAL  major=26  attempt=118  accepted  reason=success  P rel.= 4.117057e-13  objective=-4.704420e+01  upper=-4.988998e+01  gap=-2.845777e+00  wall=0.000000e+00s  cpu=0.000000e+00s  provider=0  solves=0  iterations=0
  certificate  stage=STEP 5 LOCAL  major=26  attempt=119  accepted  reason=success  P rel.= 5.358208e-14  objective=-4.704420e+01  upper=-4.988998e+01  gap=-2.845777e+00  wall=0.000000e+00s  cpu=0.000000e+00s  provider=0  solves=0  iterations=0
  certificate  stage=STEP 5 LOCAL  major=26  attempt=120  accepted  reason=success  P rel.= 6.744446e-13  objective=-4.704420e+01  upper=-4.988998e+01  gap=-2.845777e+00  wall=0.000000e+00s  cpu=0.000000e+00s  provider=0  solves=0  iterations=0
  certificate  stage=STEP 5 LOCAL  major=26  attempt=121  accepted  reason=success  P rel.= 6.191387e-14  objective=-4.704420e+01  upper=-4.988998e+01  gap=-2.845777e+00  wall=0.000000e+00s  cpu=0.000000e+00s  provider=0  solves=0  iterations=0
  certificate  stage=STEP 5 LOCAL  major=26  attempt=122  accepted  reason=success  P rel.=-1.037591e-09  objective=-4.988998e+01  upper=-4.988998e+01  gap= 2.125660e-10  wall=0.000000e+00s  cpu=0.000000e+00s  provider=0  solves=0  iterations=0
  certificate  stage=STEP 5  complete  reason=step5_complete  wall=1.458467e-01s  cpu=1.458200e-01s  provider=141  solves=6  iterations=133

STEP 6
  certificate  stage=STEP 6  complete  reason=candidate_set  wall=1.092000e-05s  cpu=1.100000e-05s  provider=0  solves=0  iterations=0

STEP 8
  certificate  stage=STEP 8  complete  reason=step8_complete  wall=2.985966e-02s  cpu=2.986000e-02s  provider=60  solves=1  iterations=10

STEP 9
  certificate  stage=STEP 9  failed  objective=-4.988998e+01  upper=-4.988998e+01  gap= 1.813305e-11  wall=0.000000e+00s  cpu=0.000000e+00s  provider=0  solves=0  iterations=0
  certificate  stage=STEP 9  complete  reason=paper_potential_convergence_failed  wall=1.628341e-03s  cpu=1.628000e-03s  provider=2  solves=0  iterations=0

STEP 7
  certificate  stage=STEP 7  complete  reason=continue_stage_ii  wall=1.030000e-06s  cpu=1.000000e-06s  provider=0  solves=0  iterations=0

STEP 4
  STAGE II STEP 4  major=27  upper=-4.988998e+01  LP_primal= 0.000000e+00  LP_dual= 4.163336e-17  active_cuts=32  certified
  certificate  stage=STEP 4  complete  reason=step4_complete  wall=3.541680e-04s  cpu=3.550000e-04s  provider=0  solves=1  iterations=1

STEP 5
  certificate  stage=STEP 5 LOCAL  major=27  attempt=123  accepted  reason=success  P rel.= 3.605657e-14  objective=-4.704420e+01  upper=-4.988998e+01  gap=-2.845777e+00  wall=0.000000e+00s  cpu=0.000000e+00s  provider=0  solves=0  iterations=0
  certificate  stage=STEP 5 LOCAL  major=27  attempt=124  accepted  reason=success  P rel.= 8.360528e-14  objective=-4.704420e+01  upper=-4.988998e+01  gap=-2.845777e+00  wall=0.000000e+00s  cpu=0.000000e+00s  provider=0  solves=0  iterations=0
  certificate  stage=STEP 5 LOCAL  major=27  attempt=125  accepted  reason=success  P rel.=-1.045469e-09  objective=-4.988998e+01  upper=-4.988998e+01  gap= 5.313439e-11  wall=0.000000e+00s  cpu=0.000000e+00s  provider=0  solves=0  iterations=0
  certificate  stage=STEP 5  complete  reason=step5_complete  wall=6.472329e-02s  cpu=6.467400e-02s  provider=59  solves=3  iterations=54

STEP 6
  certificate  stage=STEP 6  complete  reason=candidate_set  wall=1.049000e-05s  cpu=1.100000e-05s  provider=0  solves=0  iterations=0

STEP 8
  certificate  stage=STEP 8  complete  reason=step8_complete  wall=2.976193e-02s  cpu=2.975500e-02s  provider=60  solves=1  iterations=10

STEP 9
  certificate  stage=STEP 9  failed  objective=-4.988998e+01  upper=-4.988998e+01  gap= 6.792789e-12  wall=0.000000e+00s  cpu=0.000000e+00s  provider=0  solves=0  iterations=0
  certificate  stage=STEP 9  complete  reason=paper_potential_convergence_failed  wall=1.712780e-03s  cpu=1.713000e-03s  provider=2  solves=0  iterations=0

STEP 7
  certificate  stage=STEP 7  complete  reason=continue_stage_ii  wall=1.090000e-06s  cpu=1.000000e-06s  provider=0  solves=0  iterations=0

STEP 4
  STAGE II STEP 4  major=28  upper=-4.988998e+01  LP_primal= 5.313439e-11  LP_dual= 4.163336e-17  active_cuts=33  certified
  certificate  stage=STEP 4  complete  reason=step4_complete  wall=3.738070e-04s  cpu=3.750000e-04s  provider=0  solves=1  iterations=1

STEP 5
  certificate  stage=STEP 5 LOCAL  major=28  attempt=126  accepted  reason=success  P rel.= 4.625584e-14  objective=-4.704420e+01  upper=-4.988998e+01  gap=-2.845777e+00  wall=0.000000e+00s  cpu=0.000000e+00s  provider=0  solves=0  iterations=0
  certificate  stage=STEP 5 LOCAL  major=28  attempt=127  accepted  reason=success  P rel.= 4.927253e-14  objective=-4.704420e+01  upper=-4.988998e+01  gap=-2.845777e+00  wall=0.000000e+00s  cpu=0.000000e+00s  provider=0  solves=0  iterations=0
  certificate  stage=STEP 5 LOCAL  major=28  attempt=128  accepted  reason=success  P rel.= 5.386938e-14  objective=-4.704420e+01  upper=-4.988998e+01  gap=-2.845777e+00  wall=0.000000e+00s  cpu=0.000000e+00s  provider=0  solves=0  iterations=0
  certificate  stage=STEP 5 LOCAL  major=28  attempt=129  accepted  reason=success  P rel.=-1.021388e-09  objective=-4.988998e+01  upper=-4.988998e+01  gap= 5.314149e-11  wall=0.000000e+00s  cpu=0.000000e+00s  provider=0  solves=0  iterations=0
  certificate  stage=STEP 5  complete  reason=step5_complete  wall=9.258510e-02s  cpu=9.257600e-02s  provider=89  solves=4  iterations=79

STEP 6
  certificate  stage=STEP 6  complete  reason=candidate_set  wall=1.215000e-05s  cpu=1.300000e-05s  provider=0  solves=0  iterations=0

STEP 8
  certificate  stage=STEP 8  complete  reason=step8_complete  wall=2.961342e-02s  cpu=2.950700e-02s  provider=60  solves=1  iterations=10

STEP 9
  certificate  stage=STEP 9  failed  objective=-4.988998e+01  upper=-4.988998e+01  gap= 6.785683e-12  wall=0.000000e+00s  cpu=0.000000e+00s  provider=0  solves=0  iterations=0
  certificate  stage=STEP 9  complete  reason=paper_potential_convergence_failed  wall=1.536901e-03s  cpu=1.537000e-03s  provider=2  solves=0  iterations=0

STEP 7
  certificate  stage=STEP 7  complete  reason=continue_stage_ii  wall=1.080000e-06s  cpu=1.000000e-06s  provider=0  solves=0  iterations=0

STEP 4
  STAGE II STEP 4  major=29  upper=-4.988998e+01  LP_primal= 5.314149e-11  LP_dual= 4.163336e-17  active_cuts=34  certified
  certificate  stage=STEP 4  complete  reason=step4_complete  wall=3.756470e-04s  cpu=3.760000e-04s  provider=0  solves=1  iterations=1

STEP 5
  certificate  stage=STEP 5 LOCAL  major=29  attempt=130  accepted  reason=success  P rel.= 6.047736e-14  objective=-4.704420e+01  upper=-4.988998e+01  gap=-2.845777e+00  wall=0.000000e+00s  cpu=0.000000e+00s  provider=0  solves=0  iterations=0
  certificate  stage=STEP 5 LOCAL  major=29  attempt=131  accepted  reason=success  P rel.=-1.037457e-09  objective=-4.988998e+01  upper=-4.988998e+01  gap= 5.314149e-11  wall=0.000000e+00s  cpu=0.000000e+00s  provider=0  solves=0  iterations=0
  certificate  stage=STEP 5  complete  reason=step5_complete  wall=5.246412e-02s  cpu=5.245800e-02s  provider=50  solves=2  iterations=47

STEP 6
  certificate  stage=STEP 6  complete  reason=candidate_set  wall=1.240000e-05s  cpu=1.200000e-05s  provider=0  solves=0  iterations=0

STEP 8
  certificate  stage=STEP 8  complete  reason=step8_complete  wall=2.960002e-02s  cpu=2.960100e-02s  provider=60  solves=1  iterations=10

STEP 9
  certificate  stage=STEP 9  failed  objective=-4.988998e+01  upper=-4.988998e+01  gap= 6.792789e-12  wall=0.000000e+00s  cpu=0.000000e+00s  provider=0  solves=0  iterations=0
  certificate  stage=STEP 9  complete  reason=paper_potential_convergence_failed  wall=1.541251e-03s  cpu=1.542000e-03s  provider=2  solves=0  iterations=0

STEP 7
  certificate  stage=STEP 7  complete  reason=continue_stage_ii  wall=1.120000e-06s  cpu=1.000000e-06s  provider=0  solves=0  iterations=0

STEP 4
  STAGE II STEP 4  major=30  upper=-4.988998e+01  LP_primal= 5.314149e-11  LP_dual= 4.163336e-17  active_cuts=35  certified
  certificate  stage=STEP 4  complete  reason=step4_complete  wall=3.825980e-04s  cpu=3.830000e-04s  provider=0  solves=1  iterations=1

STEP 5
  certificate  stage=STEP 5 LOCAL  major=30  attempt=132  accepted  reason=success  P rel.= 4.223359e-14  objective=-4.704420e+01  upper=-4.988998e+01  gap=-2.845777e+00  wall=0.000000e+00s  cpu=0.000000e+00s  provider=0  solves=0  iterations=0
  certificate  stage=STEP 5 LOCAL  major=30  attempt=133  accepted  reason=success  P rel.=-1.045915e-09  objective=-4.988998e+01  upper=-4.988998e+01  gap= 5.314149e-11  wall=0.000000e+00s  cpu=0.000000e+00s  provider=0  solves=0  iterations=0
  certificate  stage=STEP 5  complete  reason=step5_complete  wall=4.074239e-02s  cpu=4.073600e-02s  provider=40  solves=2  iterations=35

STEP 6
  certificate  stage=STEP 6  complete  reason=candidate_set  wall=1.251000e-05s  cpu=1.200000e-05s  provider=0  solves=0  iterations=0

STEP 8
  certificate  stage=STEP 8  complete  reason=step8_complete  wall=3.034323e-02s  cpu=3.034400e-02s  provider=60  solves=1  iterations=10

STEP 9
  certificate  stage=STEP 9  failed  objective=-4.988998e+01  upper=-4.988998e+01  gap= 6.792789e-12  wall=0.000000e+00s  cpu=0.000000e+00s  provider=0  solves=0  iterations=0
  certificate  stage=STEP 9  complete  reason=paper_potential_convergence_failed  wall=1.560301e-03s  cpu=1.561000e-03s  provider=2  solves=0  iterations=0

STEP 7
  certificate  stage=STEP 7  complete  reason=continue_stage_ii  wall=1.110000e-06s  cpu=1.000000e-06s  provider=0  solves=0  iterations=0

STEP 4
  STAGE II STEP 4  major=31  upper=-4.988998e+01  LP_primal= 5.314149e-11  LP_dual= 4.163336e-17  active_cuts=36  certified
  certificate  stage=STEP 4  complete  reason=step4_complete  wall=3.802880e-04s  cpu=3.800000e-04s  provider=0  solves=1  iterations=1

STEP 5
  certificate  stage=STEP 5 LOCAL  major=31  attempt=134  accepted  reason=success  P rel.= 6.809090e-14  objective=-4.704420e+01  upper=-4.988998e+01  gap=-2.845777e+00  wall=0.000000e+00s  cpu=0.000000e+00s  provider=0  solves=0  iterations=0
  certificate  stage=STEP 5 LOCAL  major=31  attempt=135  accepted  reason=success  P rel.=-1.024682e-09  objective=-4.988998e+01  upper=-4.988998e+01  gap= 5.314149e-11  wall=0.000000e+00s  cpu=0.000000e+00s  provider=0  solves=0  iterations=0
  certificate  stage=STEP 5  complete  reason=step5_complete  wall=4.679576e-02s  cpu=4.678000e-02s  provider=44  solves=2  iterations=38

STEP 6
  certificate  stage=STEP 6  complete  reason=candidate_set  wall=1.386000e-05s  cpu=1.400000e-05s  provider=0  solves=0  iterations=0

STEP 8
  certificate  stage=STEP 8  complete  reason=step8_complete  wall=3.048060e-02s  cpu=3.048100e-02s  provider=60  solves=1  iterations=10

STEP 9
  certificate  stage=STEP 9  failed  objective=-4.988998e+01  upper=-4.988998e+01  gap= 6.792789e-12  wall=0.000000e+00s  cpu=0.000000e+00s  provider=0  solves=0  iterations=0
  certificate  stage=STEP 9  complete  reason=paper_potential_convergence_failed  wall=1.553031e-03s  cpu=1.553000e-03s  provider=2  solves=0  iterations=0

STEP 7
  certificate  stage=STEP 7  complete  reason=continue_stage_ii  wall=1.070000e-06s  cpu=1.000000e-06s  provider=0  solves=0  iterations=0

STEP 4
  STAGE II STEP 4  major=32  upper=-4.988998e+01  LP_primal= 5.314149e-11  LP_dual= 4.163336e-17  active_cuts=37  certified
  certificate  stage=STEP 4  complete  reason=step4_complete  wall=4.076480e-04s  cpu=4.080000e-04s  provider=0  solves=1  iterations=1

STEP 5
  certificate  stage=STEP 5 LOCAL  major=32  attempt=137  accepted  reason=success  P rel.= 5.386938e-14  objective=-4.704420e+01  upper=-4.988998e+01  gap=-2.845777e+00  wall=0.000000e+00s  cpu=0.000000e+00s  provider=0  solves=0  iterations=0
  certificate  stage=STEP 5 LOCAL  major=32  attempt=138  accepted  reason=success  P rel.= 6.287634e-13  objective=-4.704420e+01  upper=-4.988998e+01  gap=-2.845777e+00  wall=0.000000e+00s  cpu=0.000000e+00s  provider=0  solves=0  iterations=0
  certificate  stage=STEP 5 LOCAL  major=32  attempt=139  accepted  reason=success  P rel.= 6.809090e-14  objective=-4.704420e+01  upper=-4.988998e+01  gap=-2.845777e+00  wall=0.000000e+00s  cpu=0.000000e+00s  provider=0  solves=0  iterations=0
  certificate  stage=STEP 5 LOCAL  major=32  attempt=141  accepted  reason=success  P rel.= 5.358208e-14  objective=-4.704420e+01  upper=-4.988998e+01  gap=-2.845777e+00  wall=0.000000e+00s  cpu=0.000000e+00s  provider=0  solves=0  iterations=0
  certificate  stage=STEP 5 LOCAL  major=32  attempt=142  accepted  reason=success  P rel.= 5.774798e-14  objective=-4.704420e+01  upper=-4.988998e+01  gap=-2.845777e+00  wall=0.000000e+00s  cpu=0.000000e+00s  provider=0  solves=0  iterations=0
  certificate  stage=STEP 5 LOCAL  major=32  attempt=143  accepted  reason=success  P rel.= 4.812331e-14  objective=-4.704420e+01  upper=-4.988998e+01  gap=-2.845777e+00  wall=0.000000e+00s  cpu=0.000000e+00s  provider=0  solves=0  iterations=0
  certificate  stage=STEP 5 LOCAL  major=32  attempt=144  accepted  reason=success  P rel.=-1.053437e-09  objective=-4.988998e+01  upper=-4.988998e+01  gap= 5.313439e-11  wall=0.000000e+00s  cpu=0.000000e+00s  provider=0  solves=0  iterations=0
  certificate  stage=STEP 5  complete  reason=step5_complete  wall=1.621741e-01s  cpu=1.621670e-01s  provider=157  solves=9  iterations=142

STEP 6
  certificate  stage=STEP 6  complete  reason=candidate_set  wall=1.226000e-05s  cpu=1.200000e-05s  provider=0  solves=0  iterations=0

STEP 8
  certificate  stage=STEP 8  complete  reason=step8_complete  wall=2.977953e-02s  cpu=2.977100e-02s  provider=60  solves=1  iterations=10

STEP 9
  certificate  stage=STEP 9  failed  objective=-4.988998e+01  upper=-4.988998e+01  gap= 6.792789e-12  wall=0.000000e+00s  cpu=0.000000e+00s  provider=0  solves=0  iterations=0
  certificate  stage=STEP 9  complete  reason=paper_potential_convergence_failed  wall=1.733519e-03s  cpu=1.734000e-03s  provider=2  solves=0  iterations=0

STEP 7
  certificate  stage=STEP 7  complete  reason=continue_stage_ii  wall=1.610000e-06s  cpu=1.000000e-06s  provider=0  solves=0  iterations=0

STEP 4
  STAGE II STEP 4  major=33  upper=-4.988998e+01  LP_primal= 5.314149e-11  LP_dual= 4.163336e-17  active_cuts=38  certified
  certificate  stage=STEP 4  complete  reason=step4_complete  wall=4.769170e-04s  cpu=4.770000e-04s  provider=0  solves=1  iterations=1

STEP 5
  certificate  stage=STEP 5 LOCAL  major=33  attempt=145  accepted  reason=success  P rel.=-1.044579e-09  objective=-4.988998e+01  upper=-4.988998e+01  gap= 5.314149e-11  wall=0.000000e+00s  cpu=0.000000e+00s  provider=0  solves=0  iterations=0
  certificate  stage=STEP 5  complete  reason=step5_complete  wall=1.896958e-02s  cpu=1.897000e-02s  provider=19  solves=1  iterations=16

STEP 6
  certificate  stage=STEP 6  complete  reason=candidate_set  wall=1.450000e-05s  cpu=1.500000e-05s  provider=0  solves=0  iterations=0

STEP 8
  certificate  stage=STEP 8  complete  reason=step8_complete  wall=2.981997e-02s  cpu=2.982100e-02s  provider=60  solves=1  iterations=10

STEP 9
  certificate  stage=STEP 9  failed  objective=-4.988998e+01  upper=-4.988998e+01  gap= 6.792789e-12  wall=0.000000e+00s  cpu=0.000000e+00s  provider=0  solves=0  iterations=0
  certificate  stage=STEP 9  complete  reason=paper_potential_convergence_failed  wall=1.532851e-03s  cpu=1.533000e-03s  provider=2  solves=0  iterations=0

STEP 7
  certificate  stage=STEP 7  complete  reason=continue_stage_ii  wall=1.110000e-06s  cpu=1.000000e-06s  provider=0  solves=0  iterations=0

STEP 4
  STAGE II STEP 4  major=34  upper=-4.988998e+01  LP_primal= 5.314149e-11  LP_dual= 4.163336e-17  active_cuts=39  certified
  certificate  stage=STEP 4  complete  reason=step4_complete  wall=3.795980e-04s  cpu=3.800000e-04s  provider=0  solves=1  iterations=1

STEP 5
  certificate  stage=STEP 5 LOCAL  major=34  attempt=146  accepted  reason=success  P rel.=-1.053571e-09  objective=-4.988998e+01  upper=-4.988998e+01  gap= 5.314149e-11  wall=0.000000e+00s  cpu=0.000000e+00s  provider=0  solves=0  iterations=0
  certificate  stage=STEP 5  complete  reason=step5_complete  wall=1.363429e-02s  cpu=1.362600e-02s  provider=13  solves=1  iterations=12

STEP 6
  certificate  stage=STEP 6  complete  reason=candidate_set  wall=1.263000e-05s  cpu=1.300000e-05s  provider=0  solves=0  iterations=0

STEP 8
  certificate  stage=STEP 8  complete  reason=step8_complete  wall=2.971710e-02s  cpu=2.971800e-02s  provider=60  solves=1  iterations=10

STEP 9
  certificate  stage=STEP 9  failed  objective=-4.988998e+01  upper=-4.988998e+01  gap= 6.785683e-12  wall=0.000000e+00s  cpu=0.000000e+00s  provider=0  solves=0  iterations=0
  certificate  stage=STEP 9  complete  reason=paper_potential_convergence_failed  wall=1.548121e-03s  cpu=1.548000e-03s  provider=2  solves=0  iterations=0

STEP 7
  certificate  stage=STEP 7  complete  reason=continue_stage_ii  wall=1.050000e-06s  cpu=1.000000e-06s  provider=0  solves=0  iterations=0

STEP 4
  STAGE II STEP 4  major=35  upper=-4.988998e+01  LP_primal= 5.314149e-11  LP_dual= 4.163336e-17  active_cuts=40  certified
  certificate  stage=STEP 4  complete  reason=step4_complete  wall=3.668580e-04s  cpu=3.680000e-04s  provider=0  solves=1  iterations=1

STEP 5
  certificate  stage=STEP 5 LOCAL  major=35  attempt=147  accepted  reason=success  P rel.= 7.326236e-14  objective=-4.704420e+01  upper=-4.988998e+01  gap=-2.845777e+00  wall=0.000000e+00s  cpu=0.000000e+00s  provider=0  solves=0  iterations=0
  certificate  stage=STEP 5 LOCAL  major=35  attempt=148  accepted  reason=success  P rel.= 5.317985e-13  objective=-4.704420e+01  upper=-4.988998e+01  gap=-2.845777e+00  wall=0.000000e+00s  cpu=0.000000e+00s  provider=0  solves=0  iterations=0
  certificate  stage=STEP 5 LOCAL  major=35  attempt=149  accepted  reason=success  P rel.=-1.042443e-09  objective=-4.988998e+01  upper=-4.988998e+01  gap= 5.314860e-11  wall=0.000000e+00s  cpu=0.000000e+00s  provider=0  solves=0  iterations=0
  certificate  stage=STEP 5  complete  reason=step5_complete  wall=6.974312e-02s  cpu=6.974400e-02s  provider=64  solves=3  iterations=61

STEP 6
  certificate  stage=STEP 6  complete  reason=candidate_set  wall=2.114900e-05s  cpu=2.100000e-05s  provider=0  solves=0  iterations=0

STEP 8
  certificate  stage=STEP 8  complete  reason=step8_complete  wall=3.910155e-02s  cpu=3.907500e-02s  provider=60  solves=1  iterations=10

STEP 9
  certificate  stage=STEP 9  failed  objective=-4.988998e+01  upper=-4.988998e+01  gap= 6.792789e-12  wall=0.000000e+00s  cpu=0.000000e+00s  provider=0  solves=0  iterations=0
  certificate  stage=STEP 9  complete  reason=paper_potential_convergence_failed  wall=1.865469e-03s  cpu=1.866000e-03s  provider=2  solves=0  iterations=0

STEP 7
  certificate  stage=STEP 7  complete  reason=continue_stage_ii  wall=1.100000e-06s  cpu=1.000000e-06s  provider=0  solves=0  iterations=0

STEP 4
  STAGE II STEP 4  major=36  upper=-4.988998e+01  LP_primal= 5.314860e-11  LP_dual= 4.163336e-17  active_cuts=41  certified
  certificate  stage=STEP 4  complete  reason=step4_complete  wall=4.341080e-04s  cpu=4.340000e-04s  provider=0  solves=1  iterations=1

STEP 5
  certificate  stage=STEP 5 LOCAL  major=36  attempt=151  accepted  reason=success  P rel.= 4.223359e-14  objective=-4.704420e+01  upper=-4.988998e+01  gap=-2.845777e+00  wall=0.000000e+00s  cpu=0.000000e+00s  provider=0  solves=0  iterations=0
  certificate  stage=STEP 5 LOCAL  major=36  attempt=152  accepted  reason=success  P rel.=-1.036077e-09  objective=-4.988998e+01  upper=-4.988998e+01  gap= 5.313439e-11  wall=0.000000e+00s  cpu=0.000000e+00s  provider=0  solves=0  iterations=0
  certificate  stage=STEP 5  complete  reason=step5_complete  wall=4.191044e-02s  cpu=4.191200e-02s  provider=40  solves=3  iterations=36

STEP 6
  certificate  stage=STEP 6  complete  reason=candidate_set  wall=1.590000e-05s  cpu=1.600000e-05s  provider=0  solves=0  iterations=0

STEP 8
  certificate  stage=STEP 8  complete  reason=step8_complete  wall=3.132225e-02s  cpu=3.131500e-02s  provider=60  solves=1  iterations=10

STEP 9
  certificate  stage=STEP 9  failed  objective=-4.988998e+01  upper=-4.988998e+01  gap= 6.792789e-12  wall=0.000000e+00s  cpu=0.000000e+00s  provider=0  solves=0  iterations=0
  certificate  stage=STEP 9  complete  reason=paper_potential_convergence_failed  wall=1.642240e-03s  cpu=1.643000e-03s  provider=2  solves=0  iterations=0

STEP 7
  certificate  stage=STEP 7  complete  reason=continue_stage_ii  wall=1.110000e-06s  cpu=1.000000e-06s  provider=0  solves=0  iterations=0

STEP 4
  STAGE II STEP 4  major=37  upper=-4.988998e+01  LP_primal= 5.314860e-11  LP_dual= 4.163336e-17  active_cuts=42  certified
  certificate  stage=STEP 4  complete  reason=step4_complete  wall=4.435080e-04s  cpu=4.440000e-04s  provider=0  solves=1  iterations=1

STEP 5
  certificate  stage=STEP 5 LOCAL  major=37  attempt=153  accepted  reason=success  P rel.= 6.809090e-14  objective=-4.704420e+01  upper=-4.988998e+01  gap=-2.845777e+00  wall=0.000000e+00s  cpu=0.000000e+00s  provider=0  solves=0  iterations=0
  certificate  stage=STEP 5 LOCAL  major=37  attempt=154  accepted  reason=success  P rel.=-1.045647e-09  objective=-4.988998e+01  upper=-4.988998e+01  gap= 5.313439e-11  wall=0.000000e+00s  cpu=0.000000e+00s  provider=0  solves=0  iterations=0
  certificate  stage=STEP 5  complete  reason=step5_complete  wall=4.400281e-02s  cpu=4.400400e-02s  provider=41  solves=2  iterations=37

STEP 6
  certificate  stage=STEP 6  complete  reason=candidate_set  wall=1.451000e-05s  cpu=1.500000e-05s  provider=0  solves=0  iterations=0

STEP 8
  certificate  stage=STEP 8  complete  reason=step8_complete  wall=3.068228e-02s  cpu=3.068400e-02s  provider=60  solves=1  iterations=10

STEP 9
  certificate  stage=STEP 9  failed  objective=-4.988998e+01  upper=-4.988998e+01  gap= 6.792789e-12  wall=0.000000e+00s  cpu=0.000000e+00s  provider=0  solves=0  iterations=0
  certificate  stage=STEP 9  complete  reason=paper_potential_convergence_failed  wall=1.715750e-03s  cpu=1.716000e-03s  provider=2  solves=0  iterations=0

STEP 7
  certificate  stage=STEP 7  complete  reason=continue_stage_ii  wall=1.430000e-06s  cpu=2.000000e-06s  provider=0  solves=0  iterations=0

STEP 4
  STAGE II STEP 4  major=38  upper=-4.988998e+01  LP_primal= 5.314860e-11  LP_dual= 4.163336e-17  active_cuts=43  certified
  certificate  stage=STEP 4  complete  reason=step4_complete  wall=3.974770e-04s  cpu=3.980000e-04s  provider=0  solves=1  iterations=1

STEP 5
  certificate  stage=STEP 5 LOCAL  major=38  attempt=155  accepted  reason=success  P rel.= 6.852185e-14  objective=-4.704420e+01  upper=-4.988998e+01  gap=-2.845777e+00  wall=0.000000e+00s  cpu=0.000000e+00s  provider=0  solves=0  iterations=0
  certificate  stage=STEP 5 LOCAL  major=38  attempt=156  accepted  reason=success  P rel.= 6.047736e-14  objective=-4.704420e+01  upper=-4.988998e+01  gap=-2.845777e+00  wall=0.000000e+00s  cpu=0.000000e+00s  provider=0  solves=0  iterations=0
  certificate  stage=STEP 5 LOCAL  major=38  attempt=157  accepted  reason=success  P rel.= 7.326236e-14  objective=-4.704420e+01  upper=-4.988998e+01  gap=-2.845777e+00  wall=0.000000e+00s  cpu=0.000000e+00s  provider=0  solves=0  iterations=0
  certificate  stage=STEP 5 LOCAL  major=38  attempt=158  accepted  reason=success  P rel.= 5.386938e-14  objective=-4.574085e+01  upper=-4.988998e+01  gap=-4.149125e+00  wall=0.000000e+00s  cpu=0.000000e+00s  provider=0  solves=0  iterations=0
  certificate  stage=STEP 5 LOCAL  major=38  attempt=159  accepted  reason=success  P rel.=-8.131838e-08  objective=-4.988998e+01  upper=-4.988998e+01  gap=-8.732570e-12  wall=0.000000e+00s  cpu=0.000000e+00s  provider=0  solves=0  iterations=0
  certificate  stage=STEP 5  complete  reason=step5_complete  wall=1.287738e-01s  cpu=1.287370e-01s  provider=113  solves=5  iterations=104

STEP 6
  certificate  stage=STEP 6  complete  reason=candidate_set  wall=1.812000e-05s  cpu=1.700000e-05s  provider=0  solves=0  iterations=0

STEP 8
  certificate  stage=STEP 8  complete  reason=step8_complete  wall=3.398204e-02s  cpu=3.396500e-02s  provider=60  solves=1  iterations=10

STEP 9
  certificate  stage=STEP 9  failed  objective=-4.988998e+01  upper=-4.988998e+01  gap= 6.792789e-12  wall=0.000000e+00s  cpu=0.000000e+00s  provider=0  solves=0  iterations=0
  certificate  stage=STEP 9  complete  reason=paper_potential_convergence_failed  wall=1.621630e-03s  cpu=1.621000e-03s  provider=2  solves=0  iterations=0

STEP 7
  certificate  stage=STEP 7  complete  reason=continue_stage_ii  wall=1.190000e-06s  cpu=1.000000e-06s  provider=0  solves=0  iterations=0

STEP 4
  STAGE II STEP 4  major=39  upper=-4.988998e+01  LP_primal= 5.314860e-11  LP_dual= 4.163336e-17  active_cuts=44  certified
  certificate  stage=STEP 4  complete  reason=step4_complete  wall=4.591670e-04s  cpu=4.590000e-04s  provider=0  solves=1  iterations=1

STEP 5
  certificate  stage=STEP 5 LOCAL  major=39  attempt=160  accepted  reason=success  P rel.= 4.050977e-14  objective=-4.704420e+01  upper=-4.988998e+01  gap=-2.845777e+00  wall=0.000000e+00s  cpu=0.000000e+00s  provider=0  solves=0  iterations=0
  certificate  stage=STEP 5 LOCAL  major=39  attempt=161  accepted  reason=success  P rel.=-1.042621e-09  objective=-4.988998e+01  upper=-4.988998e+01  gap= 5.314860e-11  wall=0.000000e+00s  cpu=0.000000e+00s  provider=0  solves=0  iterations=0
  certificate  stage=STEP 5  complete  reason=step5_complete  wall=4.688211e-02s  cpu=4.681100e-02s  provider=44  solves=2  iterations=40

STEP 6
  certificate  stage=STEP 6  complete  reason=candidate_set  wall=1.567000e-05s  cpu=1.500000e-05s  provider=0  solves=0  iterations=0

STEP 8
  certificate  stage=STEP 8  complete  reason=step8_complete  wall=3.069386e-02s  cpu=3.069500e-02s  provider=60  solves=1  iterations=10

STEP 9
  certificate  stage=STEP 9  failed  objective=-4.988998e+01  upper=-4.988998e+01  gap= 6.792789e-12  wall=0.000000e+00s  cpu=0.000000e+00s  provider=0  solves=0  iterations=0
  certificate  stage=STEP 9  complete  reason=paper_potential_convergence_failed  wall=1.634470e-03s  cpu=1.634000e-03s  provider=2  solves=0  iterations=0

STEP 7
  certificate  stage=STEP 7  complete  reason=continue_stage_ii  wall=1.100000e-06s  cpu=1.000000e-06s  provider=0  solves=0  iterations=0

STEP 4
  STAGE II STEP 4  major=40  upper=-4.988998e+01  LP_primal= 5.314860e-11  LP_dual= 4.163336e-17  active_cuts=45  certified
  certificate  stage=STEP 4  complete  reason=step4_complete  wall=4.397070e-04s  cpu=4.400000e-04s  provider=0  solves=1  iterations=1

STEP 5
  certificate  stage=STEP 5 LOCAL  major=40  attempt=162  accepted  reason=success  P rel.= 7.196949e-14  objective=-4.704420e+01  upper=-4.988998e+01  gap=-2.845777e+00  wall=0.000000e+00s  cpu=0.000000e+00s  provider=0  solves=0  iterations=0
  certificate  stage=STEP 5 LOCAL  major=40  attempt=163  accepted  reason=success  P rel.= 1.285683e-13  objective=-4.704420e+01  upper=-4.988998e+01  gap=-2.845777e+00  wall=0.000000e+00s  cpu=0.000000e+00s  provider=0  solves=0  iterations=0
  certificate  stage=STEP 5 LOCAL  major=40  attempt=164  accepted  reason=success  P rel.= 1.939298e-14  objective=-4.704420e+01  upper=-4.988998e+01  gap=-2.845777e+00  wall=0.000000e+00s  cpu=0.000000e+00s  provider=0  solves=0  iterations=0
  certificate  stage=STEP 5 LOCAL  major=40  attempt=165  accepted  reason=success  P rel.= 6.220118e-14  objective=-4.704420e+01  upper=-4.988998e+01  gap=-2.845777e+00  wall=0.000000e+00s  cpu=0.000000e+00s  provider=0  solves=0  iterations=0
  certificate  stage=STEP 5 LOCAL  major=40  attempt=166  accepted  reason=success  P rel.= 4.256399e-13  objective=-4.704420e+01  upper=-4.988998e+01  gap=-2.845777e+00  wall=0.000000e+00s  cpu=0.000000e+00s  provider=0  solves=0  iterations=0
  certificate  stage=STEP 5 LOCAL  major=40  attempt=167  accepted  reason=success  P rel.=-1.024504e-09  objective=-4.988998e+01  upper=-4.988998e+01  gap= 5.314149e-11  wall=0.000000e+00s  cpu=0.000000e+00s  provider=0  solves=0  iterations=0
  certificate  stage=STEP 5  complete  reason=step5_complete  wall=1.471517e-01s  cpu=1.471530e-01s  provider=140  solves=6  iterations=131

STEP 6
  certificate  stage=STEP 6  complete  reason=candidate_set  wall=1.618900e-05s  cpu=1.600000e-05s  provider=0  solves=0  iterations=0

STEP 8
  certificate  stage=STEP 8  complete  reason=step8_complete  wall=3.083635e-02s  cpu=3.083800e-02s  provider=60  solves=1  iterations=10

STEP 9
  certificate  stage=STEP 9  failed  objective=-4.988998e+01  upper=-4.988998e+01  gap= 6.785683e-12  wall=0.000000e+00s  cpu=0.000000e+00s  provider=0  solves=0  iterations=0
  certificate  stage=STEP 9  complete  reason=paper_potential_convergence_failed  wall=1.599471e-03s  cpu=1.599000e-03s  provider=2  solves=0  iterations=0

STEP 7
  certificate  stage=STEP 7  complete  reason=continue_stage_ii  wall=1.130000e-06s  cpu=1.000000e-06s  provider=0  solves=0  iterations=0

STEP 4
  STAGE II STEP 4  major=41  upper=-4.988998e+01  LP_primal= 5.314860e-11  LP_dual= 4.163336e-17  active_cuts=46  certified
  certificate  stage=STEP 4  complete  reason=step4_complete  wall=4.327670e-04s  cpu=4.330000e-04s  provider=0  solves=1  iterations=1

STEP 5
  certificate  stage=STEP 5 LOCAL  major=41  attempt=169  accepted  reason=success  P rel.= 9.351724e-14  objective=-4.704420e+01  upper=-4.988998e+01  gap=-2.845777e+00  wall=0.000000e+00s  cpu=0.000000e+00s  provider=0  solves=0  iterations=0
  certificate  stage=STEP 5 LOCAL  major=41  attempt=170  accepted  reason=success  P rel.=-1.040350e-09  objective=-4.988998e+01  upper=-4.988998e+01  gap= 5.313439e-11  wall=0.000000e+00s  cpu=0.000000e+00s  provider=0  solves=0  iterations=0
  certificate  stage=STEP 5  complete  reason=step5_complete  wall=4.835627e-02s  cpu=4.835400e-02s  provider=47  solves=3  iterations=43

STEP 6
  certificate  stage=STEP 6  complete  reason=candidate_set  wall=1.556000e-05s  cpu=1.600000e-05s  provider=0  solves=0  iterations=0

STEP 8
  certificate  stage=STEP 8  complete  reason=step8_complete  wall=3.010109e-02s  cpu=3.010200e-02s  provider=60  solves=1  iterations=10

STEP 9
  certificate  stage=STEP 9  failed  objective=-4.988998e+01  upper=-4.988998e+01  gap= 6.792789e-12  wall=0.000000e+00s  cpu=0.000000e+00s  provider=0  solves=0  iterations=0
  certificate  stage=STEP 9  complete  reason=paper_potential_convergence_failed  wall=1.588401e-03s  cpu=1.589000e-03s  provider=2  solves=0  iterations=0

STEP 7
  certificate  stage=STEP 7  complete  reason=continue_stage_ii  wall=1.100000e-06s  cpu=1.000000e-06s  provider=0  solves=0  iterations=0

STEP 4
  STAGE II STEP 4  major=42  upper=-4.988998e+01  LP_primal= 5.314860e-11  LP_dual= 4.163336e-17  active_cuts=47  certified
  certificate  stage=STEP 4  complete  reason=step4_complete  wall=4.044280e-04s  cpu=4.050000e-04s  provider=0  solves=1  iterations=1

STEP 5
  certificate  stage=STEP 5 LOCAL  major=42  attempt=171  accepted  reason=success  P rel.= 5.415668e-14  objective=-4.704420e+01  upper=-4.988998e+01  gap=-2.845777e+00  wall=0.000000e+00s  cpu=0.000000e+00s  provider=0  solves=0  iterations=0
  certificate  stage=STEP 5 LOCAL  major=42  attempt=172  accepted  reason=success  P rel.= 6.636708e-14  objective=-4.704420e+01  upper=-4.988998e+01  gap=-2.845777e+00  wall=0.000000e+00s  cpu=0.000000e+00s  provider=0  solves=0  iterations=0
  certificate  stage=STEP 5 LOCAL  major=42  attempt=173  accepted  reason=success  P rel.= 6.636708e-14  objective=-4.704420e+01  upper=-4.988998e+01  gap=-2.845777e+00  wall=0.000000e+00s  cpu=0.000000e+00s  provider=0  solves=0  iterations=0
  certificate  stage=STEP 5 LOCAL  major=42  attempt=174  accepted  reason=success  P rel.=-1.044535e-09  objective=-4.988998e+01  upper=-4.988998e+01  gap= 5.314149e-11  wall=0.000000e+00s  cpu=0.000000e+00s  provider=0  solves=0  iterations=0
  certificate  stage=STEP 5  complete  reason=step5_complete  wall=8.978984e-02s  cpu=8.978100e-02s  provider=86  solves=4  iterations=77

STEP 6
  certificate  stage=STEP 6  complete  reason=candidate_set  wall=1.696000e-05s  cpu=1.700000e-05s  provider=0  solves=0  iterations=0

STEP 8
  certificate  stage=STEP 8  complete  reason=step8_complete  wall=3.096344e-02s  cpu=3.096500e-02s  provider=60  solves=1  iterations=10

STEP 9
  certificate  stage=STEP 9  failed  objective=-4.988998e+01  upper=-4.988998e+01  gap= 6.792789e-12  wall=0.000000e+00s  cpu=0.000000e+00s  provider=0  solves=0  iterations=0
  certificate  stage=STEP 9  complete  reason=paper_potential_convergence_failed  wall=1.626990e-03s  cpu=1.627000e-03s  provider=2  solves=0  iterations=0

STEP 7
  certificate  stage=STEP 7  complete  reason=continue_stage_ii  wall=1.140000e-06s  cpu=1.000000e-06s  provider=0  solves=0  iterations=0

STEP 4
  STAGE II STEP 4  major=43  upper=-4.988998e+01  LP_primal= 5.314860e-11  LP_dual= 4.163336e-17  active_cuts=48  certified
  certificate  stage=STEP 4  complete  reason=step4_complete  wall=4.513670e-04s  cpu=4.520000e-04s  provider=0  solves=1  iterations=1

STEP 5
  certificate  stage=STEP 5 LOCAL  major=43  attempt=175  accepted  reason=success  P rel.=-1.038036e-09  objective=-4.988998e+01  upper=-4.988998e+01  gap= 5.314860e-11  wall=0.000000e+00s  cpu=0.000000e+00s  provider=0  solves=0  iterations=0
  certificate  stage=STEP 5  complete  reason=step5_complete  wall=1.603575e-02s  cpu=1.603700e-02s  provider=15  solves=1  iterations=14

STEP 6
  certificate  stage=STEP 6  complete  reason=candidate_set  wall=1.634000e-05s  cpu=1.600000e-05s  provider=0  solves=0  iterations=0

STEP 8
  certificate  stage=STEP 8  complete  reason=step8_complete  wall=3.004632e-02s  cpu=3.004700e-02s  provider=60  solves=1  iterations=10

STEP 9
  certificate  stage=STEP 9  failed  objective=-4.988998e+01  upper=-4.988998e+01  gap= 6.792789e-12  wall=0.000000e+00s  cpu=0.000000e+00s  provider=0  solves=0  iterations=0
  certificate  stage=STEP 9  complete  reason=paper_potential_convergence_failed  wall=1.613611e-03s  cpu=1.614000e-03s  provider=2  solves=0  iterations=0

STEP 7
  certificate  stage=STEP 7  complete  reason=continue_stage_ii  wall=1.120000e-06s  cpu=2.000000e-06s  provider=0  solves=0  iterations=0

STEP 4
  STAGE II STEP 4  major=44  upper=-4.988998e+01  LP_primal= 5.314860e-11  LP_dual= 4.163336e-17  active_cuts=49  certified
  certificate  stage=STEP 4  complete  reason=step4_complete  wall=3.907480e-04s  cpu=3.910000e-04s  provider=0  solves=1  iterations=1

STEP 5
  certificate  stage=STEP 5 LOCAL  major=44  attempt=176  accepted  reason=success  P rel.= 6.435595e-14  objective=-4.704420e+01  upper=-4.988998e+01  gap=-2.845777e+00  wall=0.000000e+00s  cpu=0.000000e+00s  provider=0  solves=0  iterations=0
  certificate  stage=STEP 5 LOCAL  major=44  attempt=177  accepted  reason=success  P rel.=-1.033941e-09  objective=-4.988998e+01  upper=-4.988998e+01  gap= 5.313439e-11  wall=0.000000e+00s  cpu=0.000000e+00s  provider=0  solves=0  iterations=0
  certificate  stage=STEP 5  complete  reason=step5_complete  wall=4.773137e-02s  cpu=4.772500e-02s  provider=47  solves=2  iterations=40

STEP 6
  certificate  stage=STEP 6  complete  reason=candidate_set  wall=1.693000e-05s  cpu=1.700000e-05s  provider=0  solves=0  iterations=0

STEP 8
  certificate  stage=STEP 8  complete  reason=step8_complete  wall=3.357481e-02s  cpu=3.357600e-02s  provider=60  solves=1  iterations=10

STEP 9
  certificate  stage=STEP 9  failed  objective=-4.988998e+01  upper=-4.988998e+01  gap= 6.792789e-12  wall=0.000000e+00s  cpu=0.000000e+00s  provider=0  solves=0  iterations=0
  certificate  stage=STEP 9  complete  reason=paper_potential_convergence_failed  wall=1.664200e-03s  cpu=1.664000e-03s  provider=2  solves=0  iterations=0

STEP 7
  certificate  stage=STEP 7  complete  reason=continue_stage_ii  wall=1.140000e-06s  cpu=1.000000e-06s  provider=0  solves=0  iterations=0

STEP 4
  STAGE II STEP 4  major=45  upper=-4.988998e+01  LP_primal= 5.314860e-11  LP_dual= 4.163336e-17  active_cuts=50  certified
  certificate  stage=STEP 4  complete  reason=step4_complete  wall=6.490260e-04s  cpu=6.490000e-04s  provider=0  solves=1  iterations=1

STEP 5
  certificate  stage=STEP 5 LOCAL  major=45  attempt=178  accepted  reason=success  P rel.=-1.045603e-09  objective=-4.988998e+01  upper=-4.988998e+01  gap= 5.314149e-11  wall=0.000000e+00s  cpu=0.000000e+00s  provider=0  solves=0  iterations=0
  certificate  stage=STEP 5  complete  reason=step5_complete  wall=2.452552e-02s  cpu=2.451900e-02s  provider=24  solves=1  iterations=19

STEP 6
  certificate  stage=STEP 6  complete  reason=candidate_set  wall=1.749000e-05s  cpu=1.800000e-05s  provider=0  solves=0  iterations=0

STEP 8
  certificate  stage=STEP 8  complete  reason=step8_complete  wall=3.035994e-02s  cpu=3.036700e-02s  provider=60  solves=1  iterations=10

STEP 9
  certificate  stage=STEP 9  failed  objective=-4.988998e+01  upper=-4.988998e+01  gap= 6.792789e-12  wall=0.000000e+00s  cpu=0.000000e+00s  provider=0  solves=0  iterations=0
  certificate  stage=STEP 9  complete  reason=paper_potential_convergence_failed  wall=1.615271e-03s  cpu=1.615000e-03s  provider=2  solves=0  iterations=0

STEP 7
  certificate  stage=STEP 7  complete  reason=continue_stage_ii  wall=1.150000e-06s  cpu=1.000000e-06s  provider=0  solves=0  iterations=0

STEP 4
  STAGE II STEP 4  major=46  upper=-4.988998e+01  LP_primal= 5.314860e-11  LP_dual= 4.163336e-17  active_cuts=51  certified
  certificate  stage=STEP 4  complete  reason=step4_complete  wall=4.568480e-04s  cpu=4.570000e-04s  provider=0  solves=1  iterations=1

STEP 5
  certificate  stage=STEP 5 LOCAL  major=46  attempt=179  accepted  reason=success  P rel.= 4.050977e-14  objective=-4.704420e+01  upper=-4.988998e+01  gap=-2.845777e+00  wall=0.000000e+00s  cpu=0.000000e+00s  provider=0  solves=0  iterations=0
  certificate  stage=STEP 5 LOCAL  major=46  attempt=180  accepted  reason=success  P rel.= 6.033371e-14  objective=-4.704420e+01  upper=-4.988998e+01  gap=-2.845777e+00  wall=0.000000e+00s  cpu=0.000000e+00s  provider=0  solves=0  iterations=0
  certificate  stage=STEP 5 LOCAL  major=46  attempt=182  accepted  reason=success  P rel.= 5.774798e-14  objective=-4.704420e+01  upper=-4.988998e+01  gap=-2.845777e+00  wall=0.000000e+00s  cpu=0.000000e+00s  provider=0  solves=0  iterations=0
  certificate  stage=STEP 5 LOCAL  major=46  attempt=183  accepted  reason=success  P rel.= 3.964786e-14  objective=-4.704420e+01  upper=-4.988998e+01  gap=-2.845777e+00  wall=0.000000e+00s  cpu=0.000000e+00s  provider=0  solves=0  iterations=0
  certificate  stage=STEP 5 LOCAL  major=46  attempt=184  accepted  reason=success  P rel.= 8.360528e-14  objective=-4.704420e+01  upper=-4.988998e+01  gap=-2.845777e+00  wall=0.000000e+00s  cpu=0.000000e+00s  provider=0  solves=0  iterations=0
  certificate  stage=STEP 5 LOCAL  major=46  attempt=185  accepted  reason=success  P rel.=-1.024593e-09  objective=-4.988998e+01  upper=-4.988998e+01  gap= 5.314149e-11  wall=0.000000e+00s  cpu=0.000000e+00s  provider=0  solves=0  iterations=0
  certificate  stage=STEP 5  complete  reason=step5_complete  wall=1.372996e-01s  cpu=1.372760e-01s  provider=131  solves=7  iterations=120

STEP 6
  certificate  stage=STEP 6  complete  reason=candidate_set  wall=1.686900e-05s  cpu=1.700000e-05s  provider=0  solves=0  iterations=0

STEP 8
  certificate  stage=STEP 8  complete  reason=step8_complete  wall=3.033006e-02s  cpu=3.032400e-02s  provider=60  solves=1  iterations=10

STEP 9
  certificate  stage=STEP 9  failed  objective=-4.988998e+01  upper=-4.988998e+01  gap= 6.785683e-12  wall=0.000000e+00s  cpu=0.000000e+00s  provider=0  solves=0  iterations=0
  certificate  stage=STEP 9  complete  reason=paper_potential_convergence_failed  wall=1.624111e-03s  cpu=1.625000e-03s  provider=2  solves=0  iterations=0

STEP 7
  certificate  stage=STEP 7  complete  reason=continue_stage_ii  wall=1.080000e-06s  cpu=1.000000e-06s  provider=0  solves=0  iterations=0

STEP 4
  STAGE II STEP 4  major=47  upper=-4.988998e+01  LP_primal= 5.314860e-11  LP_dual= 4.163336e-17  active_cuts=52  certified
  certificate  stage=STEP 4  complete  reason=step4_complete  wall=3.956780e-04s  cpu=3.960000e-04s  provider=0  solves=1  iterations=1

STEP 5
  certificate  stage=STEP 5 LOCAL  major=47  attempt=186  accepted  reason=success  P rel.= 9.969427e-14  objective=-4.704420e+01  upper=-4.988998e+01  gap=-2.845777e+00  wall=0.000000e+00s  cpu=0.000000e+00s  provider=0  solves=0  iterations=0
  certificate  stage=STEP 5 LOCAL  major=47  attempt=187  accepted  reason=success  P rel.= 4.309550e-14  objective=-4.704420e+01  upper=-4.988998e+01  gap=-2.845777e+00  wall=0.000000e+00s  cpu=0.000000e+00s  provider=0  solves=0  iterations=0
  certificate  stage=STEP 5 LOCAL  major=47  attempt=188  accepted  reason=success  P rel.= 6.809090e-14  objective=-4.704420e+01  upper=-4.988998e+01  gap=-2.845777e+00  wall=0.000000e+00s  cpu=0.000000e+00s  provider=0  solves=0  iterations=0
  certificate  stage=STEP 5 LOCAL  major=47  attempt=189  accepted  reason=success  P rel.= 4.237725e-14  objective=-4.574085e+01  upper=-4.988998e+01  gap=-4.149125e+00  wall=0.000000e+00s  cpu=0.000000e+00s  provider=0  solves=0  iterations=0
  certificate  stage=STEP 5 LOCAL  major=47  attempt=190  accepted  reason=success  P rel.= 3.303989e-14  objective=-4.574085e+01  upper=-4.988998e+01  gap=-4.149125e+00  wall=0.000000e+00s  cpu=0.000000e+00s  provider=0  solves=0  iterations=0
  certificate  stage=STEP 5 LOCAL  major=47  attempt=191  accepted  reason=success  P rel.= 2.602968e-13  objective=-4.704420e+01  upper=-4.988998e+01  gap=-2.845777e+00  wall=0.000000e+00s  cpu=0.000000e+00s  provider=0  solves=0  iterations=0
  certificate  stage=STEP 5 LOCAL  major=47  attempt=192  accepted  reason=success  P rel.= 6.852185e-14  objective=-4.704420e+01  upper=-4.988998e+01  gap=-2.845777e+00  wall=0.000000e+00s  cpu=0.000000e+00s  provider=0  solves=0  iterations=0
  certificate  stage=STEP 5 LOCAL  major=47  attempt=193  accepted  reason=success  P rel.= 5.616781e-14  objective=-4.704420e+01  upper=-4.988998e+01  gap=-2.845777e+00  wall=0.000000e+00s  cpu=0.000000e+00s  provider=0  solves=0  iterations=0
  certificate  stage=STEP 5 LOCAL  major=47  attempt=194  accepted  reason=success  P rel.=-1.039683e-09  objective=-4.988998e+01  upper=-4.988998e+01  gap= 5.314149e-11  wall=0.000000e+00s  cpu=0.000000e+00s  provider=0  solves=0  iterations=0
  certificate  stage=STEP 5  complete  reason=step5_complete  wall=1.971047e-01s  cpu=1.970220e-01s  provider=188  solves=9  iterations=176

STEP 6
  certificate  stage=STEP 6  complete  reason=candidate_set  wall=1.760000e-05s  cpu=1.800000e-05s  provider=0  solves=0  iterations=0

STEP 8
  certificate  stage=STEP 8  complete  reason=step8_complete  wall=3.018218e-02s  cpu=3.018300e-02s  provider=60  solves=1  iterations=10

STEP 9
  certificate  stage=STEP 9  failed  objective=-4.988998e+01  upper=-4.988998e+01  gap= 6.792789e-12  wall=0.000000e+00s  cpu=0.000000e+00s  provider=0  solves=0  iterations=0
  certificate  stage=STEP 9  complete  reason=paper_potential_convergence_failed  wall=1.572061e-03s  cpu=1.572000e-03s  provider=2  solves=0  iterations=0

STEP 7
  certificate  stage=STEP 7  complete  reason=continue_stage_ii  wall=1.080000e-06s  cpu=2.000000e-06s  provider=0  solves=0  iterations=0

STEP 4
  STAGE II STEP 4  major=48  upper=-4.988998e+01  LP_primal= 5.314860e-11  LP_dual= 4.163336e-17  active_cuts=53  certified
  certificate  stage=STEP 4  complete  reason=step4_complete  wall=3.882770e-04s  cpu=3.880000e-04s  provider=0  solves=1  iterations=1

STEP 5
  certificate  stage=STEP 5 LOCAL  major=48  attempt=195  accepted  reason=success  P rel.= 6.809090e-14  objective=-4.704420e+01  upper=-4.988998e+01  gap=-2.845777e+00  wall=0.000000e+00s  cpu=0.000000e+00s  provider=0  solves=0  iterations=0
  certificate  stage=STEP 5 LOCAL  major=48  attempt=196  accepted  reason=success  P rel.= 6.449960e-14  objective=-4.704420e+01  upper=-4.988998e+01  gap=-2.845777e+00  wall=0.000000e+00s  cpu=0.000000e+00s  provider=0  solves=0  iterations=0
  certificate  stage=STEP 5 LOCAL  major=48  attempt=197  accepted  reason=success  P rel.=-6.687307e-09  objective=-4.988998e+01  upper=-4.988998e+01  gap= 5.313439e-11  wall=0.000000e+00s  cpu=0.000000e+00s  provider=0  solves=0  iterations=0
  certificate  stage=STEP 5  complete  reason=step5_complete  wall=7.331809e-02s  cpu=7.331300e-02s  provider=70  solves=3  iterations=66

STEP 6
  certificate  stage=STEP 6  complete  reason=candidate_set  wall=1.619000e-05s  cpu=1.600000e-05s  provider=0  solves=0  iterations=0

STEP 8
  certificate  stage=STEP 8  complete  reason=step8_complete  wall=2.995198e-02s  cpu=2.995300e-02s  provider=60  solves=1  iterations=10

STEP 9
  certificate  stage=STEP 9  failed  objective=-4.988998e+01  upper=-4.988998e+01  gap= 6.792789e-12  wall=0.000000e+00s  cpu=0.000000e+00s  provider=0  solves=0  iterations=0
  certificate  stage=STEP 9  complete  reason=paper_potential_convergence_failed  wall=1.567371e-03s  cpu=1.568000e-03s  provider=2  solves=0  iterations=0

STEP 7
  certificate  stage=STEP 7  complete  reason=continue_stage_ii  wall=1.020000e-06s  cpu=1.000000e-06s  provider=0  solves=0  iterations=0

STEP 4
  STAGE II STEP 4  major=49  upper=-4.988998e+01  LP_primal= 6.743051e-12  LP_dual= 5.537237e-14  active_cuts=54  certified
  certificate  stage=STEP 4  complete  reason=step4_complete  wall=4.338180e-04s  cpu=4.350000e-04s  provider=0  solves=1  iterations=1

STEP 5
  certificate  stage=STEP 5 LOCAL  major=49  attempt=198  accepted  reason=success  P rel.=-3.427513e-08  objective=-4.988998e+01  upper=-4.988998e+01  gap= 2.835066e-12  wall=0.000000e+00s  cpu=0.000000e+00s  provider=0  solves=0  iterations=0
  certificate  stage=STEP 5  complete  reason=step5_complete  wall=2.895951e-02s  cpu=2.896000e-02s  provider=30  solves=1  iterations=22

STEP 6
  certificate  stage=STEP 6  complete  reason=candidate_set  wall=1.531000e-05s  cpu=1.600000e-05s  provider=0  solves=0  iterations=0

STEP 8
  certificate  stage=STEP 8  complete  reason=step8_complete  wall=3.065050e-02s  cpu=3.064300e-02s  provider=60  solves=1  iterations=10

STEP 9
  certificate  stage=STEP 9  failed  objective=-4.988998e+01  upper=-4.988998e+01  gap= 1.961098e-12  wall=0.000000e+00s  cpu=0.000000e+00s  provider=0  solves=0  iterations=0
  certificate  stage=STEP 9  complete  reason=paper_potential_convergence_failed  wall=2.503465e-03s  cpu=2.504000e-03s  provider=2  solves=0  iterations=0

STEP 7
  certificate  stage=STEP 7  complete  reason=continue_stage_ii  wall=1.690000e-06s  cpu=2.000000e-06s  provider=0  solves=0  iterations=0

STEP 4
  STAGE II STEP 4  major=50  upper=-4.988998e+01  LP_primal= 6.743051e-12  LP_dual= 5.537237e-14  active_cuts=55  certified
  certificate  stage=STEP 4  complete  reason=step4_complete  wall=6.953160e-04s  cpu=6.960000e-04s  provider=0  solves=1  iterations=1

STEP 5
  certificate  stage=STEP 5 LOCAL  major=50  attempt=199  accepted  reason=success  P rel.=-3.415085e-08  objective=-4.988998e+01  upper=-4.988998e+01  gap= 2.849276e-12  wall=0.000000e+00s  cpu=0.000000e+00s  provider=0  solves=0  iterations=0
  certificate  stage=STEP 5  complete  reason=step5_complete  wall=2.395628e-02s  cpu=2.395600e-02s  provider=23  solves=1  iterations=19

STEP 6
  certificate  stage=STEP 6  complete  reason=candidate_set  wall=1.813000e-05s  cpu=1.900000e-05s  provider=0  solves=0  iterations=0

STEP 8
  certificate  stage=STEP 8  complete  reason=step8_complete  wall=3.019013e-02s  cpu=3.018100e-02s  provider=60  solves=1  iterations=10

STEP 9
  certificate  stage=STEP 9  failed  objective=-4.988998e+01  upper=-4.988998e+01  gap= 1.961098e-12  wall=0.000000e+00s  cpu=0.000000e+00s  provider=0  solves=0  iterations=0
  certificate  stage=STEP 9  complete  reason=paper_potential_convergence_failed  wall=1.561711e-03s  cpu=1.562000e-03s  provider=2  solves=0  iterations=0

STEP 7
  certificate  stage=STEP 7  complete  reason=continue_stage_ii  wall=1.140000e-06s  cpu=1.000000e-06s  provider=0  solves=0  iterations=0

STEP 4
  STAGE II STEP 4  major=51  upper=-4.988998e+01  LP_primal= 6.743051e-12  LP_dual= 5.537237e-14  active_cuts=56  certified
  certificate  stage=STEP 4  complete  reason=step4_complete  wall=5.192470e-04s  cpu=5.200000e-04s  provider=0  solves=1  iterations=1

STEP 5
  certificate  stage=STEP 5 LOCAL  major=51  attempt=200  accepted  reason=success  P rel.= 2.671921e-14  objective=-4.704420e+01  upper=-4.988998e+01  gap=-2.845777e+00  wall=0.000000e+00s  cpu=0.000000e+00s  provider=0  solves=0  iterations=0
  certificate  stage=STEP 5 LOCAL  major=51  attempt=201  accepted  reason=success  P rel.=-1.026685e-09  objective=-4.988998e+01  upper=-4.988998e+01  gap= 1.687539e-11  wall=0.000000e+00s  cpu=0.000000e+00s  provider=0  solves=0  iterations=0
  certificate  stage=STEP 5  complete  reason=step5_complete  wall=4.303249e-02s  cpu=4.303400e-02s  provider=41  solves=2  iterations=37

STEP 6
  certificate  stage=STEP 6  complete  reason=candidate_set  wall=1.823000e-05s  cpu=1.800000e-05s  provider=0  solves=0  iterations=0

STEP 8
  certificate  stage=STEP 8  complete  reason=step8_complete  wall=3.019262e-02s  cpu=3.019400e-02s  provider=60  solves=1  iterations=10

STEP 9
  certificate  stage=STEP 9  failed  objective=-4.988998e+01  upper=-4.988998e+01  gap= 1.961098e-12  wall=0.000000e+00s  cpu=0.000000e+00s  provider=0  solves=0  iterations=0
  certificate  stage=STEP 9  complete  reason=paper_potential_convergence_failed  wall=1.578061e-03s  cpu=1.578000e-03s  provider=2  solves=0  iterations=0

STEP 7
  certificate  stage=STEP 7  complete  reason=continue_stage_ii  wall=1.330000e-06s  cpu=2.000000e-06s  provider=0  solves=0  iterations=0

STEP 4
  STAGE II STEP 4  major=52  upper=-4.988998e+01  LP_primal= 1.687539e-11  LP_dual= 5.537237e-14  active_cuts=57  certified
  certificate  stage=STEP 4  complete  reason=step4_complete  wall=4.891470e-04s  cpu=4.900000e-04s  provider=0  solves=1  iterations=1

STEP 5
  certificate  stage=STEP 5 LOCAL  major=52  attempt=202  accepted  reason=success  P rel.= 5.114000e-14  objective=-4.704420e+01  upper=-4.988998e+01  gap=-2.845777e+00  wall=0.000000e+00s  cpu=0.000000e+00s  provider=0  solves=0  iterations=0
  certificate  stage=STEP 5 LOCAL  major=52  attempt=203  accepted  reason=success  P rel.= 6.672621e-13  objective=-4.704420e+01  upper=-4.988998e+01  gap=-2.845777e+00  wall=0.000000e+00s  cpu=0.000000e+00s  provider=0  solves=0  iterations=0
  certificate  stage=STEP 5 LOCAL  major=52  attempt=204  accepted  reason=success  P rel.= 6.564882e-14  objective=-4.704420e+01  upper=-4.988998e+01  gap=-2.845777e+00  wall=0.000000e+00s  cpu=0.000000e+00s  provider=0  solves=0  iterations=0
  certificate  stage=STEP 5 LOCAL  major=52  attempt=206  accepted  reason=success  P rel.= 5.588050e-14  objective=-4.704420e+01  upper=-4.988998e+01  gap=-2.845777e+00  wall=0.000000e+00s  cpu=0.000000e+00s  provider=0  solves=0  iterations=0
  certificate  stage=STEP 5 LOCAL  major=52  attempt=207  accepted  reason=success  P rel.= 5.947180e-14  objective=-4.704420e+01  upper=-4.988998e+01  gap=-2.845777e+00  wall=0.000000e+00s  cpu=0.000000e+00s  provider=0  solves=0  iterations=0
  certificate  stage=STEP 5 LOCAL  major=52  attempt=208  accepted  reason=success  P rel.=-7.352357e-08  objective=-4.988998e+01  upper=-4.988998e+01  gap=-7.617018e-12  wall=0.000000e+00s  cpu=0.000000e+00s  provider=0  solves=0  iterations=0
  certificate  stage=STEP 5  complete  reason=step5_complete  wall=1.445764e-01s  cpu=1.445590e-01s  provider=139  solves=7  iterations=131

STEP 6
  certificate  stage=STEP 6  complete  reason=candidate_set  wall=1.992000e-05s  cpu=2.000000e-05s  provider=0  solves=0  iterations=0

STEP 8
  certificate  stage=STEP 8  complete  reason=step8_complete  wall=3.033304e-02s  cpu=3.032500e-02s  provider=60  solves=1  iterations=10

STEP 9
  certificate  stage=STEP 9  failed  objective=-4.988998e+01  upper=-4.988998e+01  gap= 1.953993e-12  wall=0.000000e+00s  cpu=0.000000e+00s  provider=0  solves=0  iterations=0
  certificate  stage=STEP 9  complete  reason=paper_potential_convergence_failed  wall=1.591791e-03s  cpu=1.592000e-03s  provider=2  solves=0  iterations=0

STEP 7
  certificate  stage=STEP 7  complete  reason=continue_stage_ii  wall=1.160000e-06s  cpu=1.000000e-06s  provider=0  solves=0  iterations=0

STEP 4
  STAGE II STEP 4  major=53  upper=-4.988998e+01  LP_primal= 1.687539e-11  LP_dual= 5.537237e-14  active_cuts=58  certified
  certificate  stage=STEP 4  complete  reason=step4_complete  wall=5.146670e-04s  cpu=5.150000e-04s  provider=0  solves=1  iterations=1

STEP 5
  certificate  stage=STEP 5 LOCAL  major=53  attempt=209  accepted  reason=success  P rel.= 1.571549e-13  objective=-4.704420e+01  upper=-4.988998e+01  gap=-2.845777e+00  wall=0.000000e+00s  cpu=0.000000e+00s  provider=0  solves=0  iterations=0
  certificate  stage=STEP 5 LOCAL  major=53  attempt=210  accepted  reason=success  P rel.=-1.038926e-09  objective=-4.988998e+01  upper=-4.988998e+01  gap= 1.687539e-11  wall=0.000000e+00s  cpu=0.000000e+00s  provider=0  solves=0  iterations=0
  certificate  stage=STEP 5  complete  reason=step5_complete  wall=4.604986e-02s  cpu=4.604700e-02s  provider=45  solves=2  iterations=38

STEP 6
  certificate  stage=STEP 6  complete  reason=candidate_set  wall=1.863000e-05s  cpu=1.900000e-05s  provider=0  solves=0  iterations=0

STEP 8
  certificate  stage=STEP 8  complete  reason=step8_complete  wall=3.041308e-02s  cpu=3.041400e-02s  provider=60  solves=1  iterations=10

STEP 9
  certificate  stage=STEP 9  failed  objective=-4.988998e+01  upper=-4.988998e+01  gap= 1.961098e-12  wall=0.000000e+00s  cpu=0.000000e+00s  provider=0  solves=0  iterations=0
  certificate  stage=STEP 9  complete  reason=paper_potential_convergence_failed  wall=1.669420e-03s  cpu=1.669000e-03s  provider=2  solves=0  iterations=0

STEP 7
  certificate  stage=STEP 7  complete  reason=continue_stage_ii  wall=1.070000e-06s  cpu=1.000000e-06s  provider=0  solves=0  iterations=0

STEP 4
  STAGE II STEP 4  major=54  upper=-4.988998e+01  LP_primal= 2.980727e-11  LP_dual= 2.439715e-13  active_cuts=59  certified
  certificate  stage=STEP 4  complete  reason=step4_complete  wall=5.399860e-04s  cpu=5.410000e-04s  provider=0  solves=1  iterations=1

STEP 5
  certificate  stage=STEP 5 LOCAL  major=54  attempt=211  accepted  reason=success  P rel.= 5.717337e-14  objective=-4.704420e+01  upper=-4.988998e+01  gap=-2.845777e+00  wall=0.000000e+00s  cpu=0.000000e+00s  provider=0  solves=0  iterations=0
  certificate  stage=STEP 5 LOCAL  major=54  attempt=212  accepted  reason=success  P rel.= 5.832258e-14  objective=-4.704420e+01  upper=-4.988998e+01  gap=-2.845777e+00  wall=0.000000e+00s  cpu=0.000000e+00s  provider=0  solves=0  iterations=0
  certificate  stage=STEP 5 LOCAL  major=54  attempt=213  accepted  reason=success  P rel.= 5.832258e-14  objective=-4.704420e+01  upper=-4.988998e+01  gap=-2.845777e+00  wall=0.000000e+00s  cpu=0.000000e+00s  provider=0  solves=0  iterations=0
  certificate  stage=STEP 5 LOCAL  major=54  attempt=214  accepted  reason=success  P rel.= 4.955983e-14  objective=-4.704420e+01  upper=-4.988998e+01  gap=-2.845777e+00  wall=0.000000e+00s  cpu=0.000000e+00s  provider=0  solves=0  iterations=0
  certificate  stage=STEP 5 LOCAL  major=54  attempt=215  accepted  reason=success  P rel.= 5.056539e-14  objective=-4.704420e+01  upper=-4.988998e+01  gap=-2.845777e+00  wall=0.000000e+00s  cpu=0.000000e+00s  provider=0  solves=0  iterations=0
  certificate  stage=STEP 5 LOCAL  major=54  attempt=216  accepted  reason=success  P rel.= 5.114000e-14  objective=-4.704420e+01  upper=-4.988998e+01  gap=-2.845777e+00  wall=0.000000e+00s  cpu=0.000000e+00s  provider=0  solves=0  iterations=0
  certificate  stage=STEP 5 LOCAL  major=54  attempt=217  accepted  reason=success  P rel.= 2.511031e-13  objective=-4.704420e+01  upper=-4.988998e+01  gap=-2.845777e+00  wall=0.000000e+00s  cpu=0.000000e+00s  provider=0  solves=0  iterations=0
  certificate  stage=STEP 5 LOCAL  major=54  attempt=218  accepted  reason=success  P rel.= 4.797966e-14  objective=-4.704420e+01  upper=-4.988998e+01  gap=-2.845777e+00  wall=0.000000e+00s  cpu=0.000000e+00s  provider=0  solves=0  iterations=0
  certificate  stage=STEP 5 LOCAL  major=54  attempt=219  accepted  reason=success  P rel.= 5.286382e-14  objective=-4.704420e+01  upper=-4.988998e+01  gap=-2.845777e+00  wall=0.000000e+00s  cpu=0.000000e+00s  provider=0  solves=0  iterations=0
  certificate  stage=STEP 5 LOCAL  major=54  attempt=220  accepted  reason=success  P rel.= 6.622342e-14  objective=-4.704420e+01  upper=-4.988998e+01  gap=-2.845777e+00  wall=0.000000e+00s  cpu=0.000000e+00s  provider=0  solves=0  iterations=0
  certificate  stage=STEP 5 LOCAL  major=54  attempt=221  accepted  reason=success  P rel.= 9.294264e-14  objective=-4.704420e+01  upper=-4.988998e+01  gap=-2.845777e+00  wall=0.000000e+00s  cpu=0.000000e+00s  provider=0  solves=0  iterations=0
  certificate  stage=STEP 5 LOCAL  major=54  attempt=222  accepted  reason=success  P rel.= 4.558068e-13  objective=-4.704420e+01  upper=-4.988998e+01  gap=-2.845777e+00  wall=0.000000e+00s  cpu=0.000000e+00s  provider=0  solves=0  iterations=0
  certificate  stage=STEP 5 LOCAL  major=54  attempt=223  accepted  reason=success  P rel.= 7.153854e-14  objective=-4.704420e+01  upper=-4.988998e+01  gap=-2.845777e+00  wall=0.000000e+00s  cpu=0.000000e+00s  provider=0  solves=0  iterations=0
  certificate  stage=STEP 5 LOCAL  major=54  attempt=224  accepted  reason=success  P rel.= 1.814321e-13  objective=-4.704420e+01  upper=-4.988998e+01  gap=-2.845777e+00  wall=0.000000e+00s  cpu=0.000000e+00s  provider=0  solves=0  iterations=0
  certificate  stage=STEP 5 LOCAL  major=54  attempt=225  accepted  reason=success  P rel.= 4.481932e-14  objective=-4.704420e+01  upper=-4.988998e+01  gap=-2.845777e+00  wall=0.000000e+00s  cpu=0.000000e+00s  provider=0  solves=0  iterations=0
  certificate  stage=STEP 5 LOCAL  major=54  attempt=226  accepted  reason=success  P rel.= 4.481932e-14  objective=-4.704420e+01  upper=-4.988998e+01  gap=-2.845777e+00  wall=0.000000e+00s  cpu=0.000000e+00s  provider=0  solves=0  iterations=0
  certificate  stage=STEP 5 LOCAL  major=54  attempt=228  accepted  reason=success  P rel.= 3.433275e-14  objective=-4.704420e+01  upper=-4.988998e+01  gap=-2.845777e+00  wall=0.000000e+00s  cpu=0.000000e+00s  provider=0  solves=0  iterations=0
  certificate  stage=STEP 5 LOCAL  major=54  attempt=229  accepted  reason=success  P rel.= 3.433275e-14  objective=-4.704420e+01  upper=-4.988998e+01  gap=-2.845777e+00  wall=0.000000e+00s  cpu=0.000000e+00s  provider=0  solves=0  iterations=0
  certificate  stage=STEP 5 LOCAL  major=54  attempt=230  accepted  reason=success  P rel.= 5.803528e-14  objective=-4.704420e+01  upper=-4.988998e+01  gap=-2.845777e+00  wall=0.000000e+00s  cpu=0.000000e+00s  provider=0  solves=0  iterations=0
  certificate  stage=STEP 5 LOCAL  major=54  attempt=231  accepted  reason=success  P rel.= 5.659876e-14  objective=-4.704420e+01  upper=-4.988998e+01  gap=-2.845777e+00  wall=0.000000e+00s  cpu=0.000000e+00s  provider=0  solves=0  iterations=0
  certificate  stage=STEP 5 LOCAL  major=54  attempt=232  accepted  reason=success  P rel.= 4.094073e-14  objective=-4.704420e+01  upper=-4.988998e+01  gap=-2.845777e+00  wall=0.000000e+00s  cpu=0.000000e+00s  provider=0  solves=0  iterations=0
  certificate  stage=STEP 5 LOCAL  major=54  attempt=233  accepted  reason=success  P rel.= 5.631146e-14  objective=-4.704420e+01  upper=-4.988998e+01  gap=-2.845777e+00  wall=0.000000e+00s  cpu=0.000000e+00s  provider=0  solves=0  iterations=0
  certificate  stage=STEP 5 LOCAL  major=54  attempt=235  accepted  reason=success  P rel.= 8.518545e-14  objective=-4.704420e+01  upper=-4.988998e+01  gap=-2.845777e+00  wall=0.000000e+00s  cpu=0.000000e+00s  provider=0  solves=0  iterations=0
  certificate  stage=STEP 5 LOCAL  major=54  attempt=236  accepted  reason=success  P rel.= 4.596854e-14  objective=-4.704420e+01  upper=-4.988998e+01  gap=-2.845777e+00  wall=0.000000e+00s  cpu=0.000000e+00s  provider=0  solves=0  iterations=0
  certificate  stage=STEP 5 LOCAL  major=54  attempt=237  accepted  reason=success  P rel.= 6.234483e-14  objective=-4.704420e+01  upper=-4.988998e+01  gap=-2.845777e+00  wall=0.000000e+00s  cpu=0.000000e+00s  provider=0  solves=0  iterations=0
  certificate  stage=STEP 5 LOCAL  major=54  attempt=238  accepted  reason=success  P rel.= 4.976094e-13  objective=-4.704420e+01  upper=-4.988998e+01  gap=-2.845777e+00  wall=0.000000e+00s  cpu=0.000000e+00s  provider=0  solves=0  iterations=0
  certificate  stage=STEP 5 LOCAL  major=54  attempt=239  accepted  reason=success  P rel.= 5.717337e-14  objective=-4.704420e+01  upper=-4.988998e+01  gap=-2.845777e+00  wall=0.000000e+00s  cpu=0.000000e+00s  provider=0  solves=0  iterations=0
  certificate  stage=STEP 5 LOCAL  major=54  attempt=240  accepted  reason=success  P rel.=-3.423115e-08  objective=-4.988998e+01  upper=-4.988998e+01  gap= 2.508216e-12  wall=0.000000e+00s  cpu=0.000000e+00s  provider=0  solves=0  iterations=0
  certificate  stage=STEP 5  complete  reason=step5_complete  wall=7.141512e-01s  cpu=7.140300e-01s  provider=646  solves=30  iterations=597

STEP 6
  certificate  stage=STEP 6  complete  reason=candidate_set  wall=3.818000e-05s  cpu=3.800000e-05s  provider=0  solves=0  iterations=0

STEP 8
  certificate  stage=STEP 8  complete  reason=step8_complete  wall=4.466272e-02s  cpu=4.465300e-02s  provider=60  solves=1  iterations=10

STEP 9
  certificate  stage=STEP 9  failed  objective=-4.988998e+01  upper=-4.988998e+01  gap= 4.774847e-12  wall=0.000000e+00s  cpu=0.000000e+00s  provider=0  solves=0  iterations=0
  certificate  stage=STEP 9  complete  reason=paper_potential_convergence_failed  wall=1.802369e-03s  cpu=1.803000e-03s  provider=2  solves=0  iterations=0

STEP 7
  certificate  stage=STEP 7  complete  reason=continue_stage_ii  wall=1.880000e-06s  cpu=2.000000e-06s  provider=0  solves=0  iterations=0

STEP 4
  STAGE II STEP 4  major=55  upper=-4.988998e+01  LP_primal= 1.687539e-11  LP_dual= 5.537237e-14  active_cuts=60  certified
  certificate  stage=STEP 4  complete  reason=step4_complete  wall=9.248440e-04s  cpu=9.250000e-04s  provider=0  solves=1  iterations=1

STEP 5
  certificate  stage=STEP 5 LOCAL  major=55  attempt=241  accepted  reason=success  P rel.= 5.114000e-14  objective=-4.704420e+01  upper=-4.988998e+01  gap=-2.845777e+00  wall=0.000000e+00s  cpu=0.000000e+00s  provider=0  solves=0  iterations=0
  certificate  stage=STEP 5 LOCAL  major=55  attempt=242  accepted  reason=success  P rel.= 2.110243e-13  objective=-4.704420e+01  upper=-4.988998e+01  gap=-2.845777e+00  wall=0.000000e+00s  cpu=0.000000e+00s  provider=0  solves=0  iterations=0
  certificate  stage=STEP 5 LOCAL  major=55  attempt=243  accepted  reason=success  P rel.=-1.041330e-09  objective=-4.988998e+01  upper=-4.988998e+01  gap= 1.688960e-11  wall=0.000000e+00s  cpu=0.000000e+00s  provider=0  solves=0  iterations=0
  certificate  stage=STEP 5  complete  reason=step5_complete  wall=7.792028e-02s  cpu=7.790600e-02s  provider=68  solves=3  iterations=63

STEP 6
  certificate  stage=STEP 6  complete  reason=candidate_set  wall=2.082000e-05s  cpu=2.100000e-05s  provider=0  solves=0  iterations=0

STEP 8
  certificate  stage=STEP 8  complete  reason=step8_complete  wall=3.091023e-02s  cpu=3.090200e-02s  provider=60  solves=1  iterations=10

STEP 9
  certificate  stage=STEP 9  failed  objective=-4.988998e+01  upper=-4.988998e+01  gap= 1.961098e-12  wall=0.000000e+00s  cpu=0.000000e+00s  provider=0  solves=0  iterations=0
  certificate  stage=STEP 9  complete  reason=paper_potential_convergence_failed  wall=1.636830e-03s  cpu=1.637000e-03s  provider=2  solves=0  iterations=0

STEP 7
  certificate  stage=STEP 7  complete  reason=continue_stage_ii  wall=1.110000e-06s  cpu=1.000000e-06s  provider=0  solves=0  iterations=0

STEP 4
  STAGE II STEP 4  major=56  upper=-4.988998e+01  LP_primal= 1.688960e-11  LP_dual= 5.537237e-14  active_cuts=61  certified
  certificate  stage=STEP 4  complete  reason=step4_complete  wall=5.457670e-04s  cpu=5.460000e-04s  provider=0  solves=1  iterations=1

STEP 5
  certificate  stage=STEP 5 LOCAL  major=56  attempt=244  accepted  reason=success  P rel.= 2.887399e-13  objective=-4.704420e+01  upper=-4.988998e+01  gap=-2.845777e+00  wall=0.000000e+00s  cpu=0.000000e+00s  provider=0  solves=0  iterations=0
  certificate  stage=STEP 5 LOCAL  major=56  attempt=245  accepted  reason=success  P rel.= 5.243286e-14  objective=-4.574085e+01  upper=-4.988998e+01  gap=-4.149124e+00  wall=0.000000e+00s  cpu=0.000000e+00s  provider=0  solves=0  iterations=0
  certificate  stage=STEP 5 LOCAL  major=56  attempt=246  accepted  reason=success  P rel.= 3.763674e-14  objective=-4.704420e+01  upper=-4.988998e+01  gap=-2.845777e+00  wall=0.000000e+00s  cpu=0.000000e+00s  provider=0  solves=0  iterations=0
  certificate  stage=STEP 5 LOCAL  major=56  attempt=247  accepted  reason=success  P rel.= 6.291944e-14  objective=-4.574085e+01  upper=-4.988998e+01  gap=-4.149124e+00  wall=0.000000e+00s  cpu=0.000000e+00s  provider=0  solves=0  iterations=0
  certificate  stage=STEP 5 LOCAL  major=56  attempt=248  accepted  reason=success  P rel.=-3.427513e-08  objective=-4.988998e+01  upper=-4.988998e+01  gap= 2.835066e-12  wall=0.000000e+00s  cpu=0.000000e+00s  provider=0  solves=0  iterations=0
  certificate  stage=STEP 5  complete  reason=step5_complete  wall=1.011375e-01s  cpu=1.011320e-01s  provider=96  solves=5  iterations=87

STEP 6
  certificate  stage=STEP 6  complete  reason=candidate_set  wall=1.910000e-05s  cpu=2.000000e-05s  provider=0  solves=0  iterations=0

STEP 8
  certificate  stage=STEP 8  complete  reason=step8_complete  wall=3.033207e-02s  cpu=3.033400e-02s  provider=60  solves=1  iterations=10

STEP 9
  certificate  stage=STEP 9  failed  objective=-4.988998e+01  upper=-4.988998e+01  gap= 1.961098e-12  wall=0.000000e+00s  cpu=0.000000e+00s  provider=0  solves=0  iterations=0
  certificate  stage=STEP 9  complete  reason=paper_potential_convergence_failed  wall=1.600640e-03s  cpu=1.601000e-03s  provider=2  solves=0  iterations=0

STEP 7
  certificate  stage=STEP 7  complete  reason=continue_stage_ii  wall=1.160000e-06s  cpu=1.000000e-06s  provider=0  solves=0  iterations=0

STEP 4
  STAGE II STEP 4  major=57  upper=-4.988998e+01  LP_primal= 1.688960e-11  LP_dual= 5.537237e-14  active_cuts=62  certified
  certificate  stage=STEP 4  complete  reason=step4_complete  wall=5.098270e-04s  cpu=5.110000e-04s  provider=0  solves=1  iterations=1

STEP 5
  certificate  stage=STEP 5 LOCAL  major=57  attempt=249  accepted  reason=success  P rel.= 5.286382e-14  objective=-4.574085e+01  upper=-4.988998e+01  gap=-4.149124e+00  wall=0.000000e+00s  cpu=0.000000e+00s  provider=0  solves=0  iterations=0
  certificate  stage=STEP 5 LOCAL  major=57  attempt=250  accepted  reason=success  P rel.= 2.671921e-14  objective=-4.704420e+01  upper=-4.988998e+01  gap=-2.845777e+00  wall=0.000000e+00s  cpu=0.000000e+00s  provider=0  solves=0  iterations=0
  certificate  stage=STEP 5 LOCAL  major=57  attempt=251  accepted  reason=success  P rel.= 5.114000e-14  objective=-4.704420e+01  upper=-4.988998e+01  gap=-2.845777e+00  wall=0.000000e+00s  cpu=0.000000e+00s  provider=0  solves=0  iterations=0
  certificate  stage=STEP 5 LOCAL  major=57  attempt=253  accepted  reason=success  P rel.= 6.478691e-13  objective=-4.704420e+01  upper=-4.988998e+01  gap=-2.845777e+00  wall=0.000000e+00s  cpu=0.000000e+00s  provider=0  solves=0  iterations=0
  certificate  stage=STEP 5 LOCAL  major=57  attempt=254  accepted  reason=success  P rel.=-1.041908e-09  objective=-4.988998e+01  upper=-4.988998e+01  gap= 1.688960e-11  wall=0.000000e+00s  cpu=0.000000e+00s  provider=0  solves=0  iterations=0
  certificate  stage=STEP 5  complete  reason=step5_complete  wall=1.181224e-01s  cpu=1.180950e-01s  provider=113  solves=6  iterations=99

STEP 6
  certificate  stage=STEP 6  complete  reason=candidate_set  wall=2.430000e-05s  cpu=2.500000e-05s  provider=0  solves=0  iterations=0

STEP 8
  certificate  stage=STEP 8  complete  reason=step8_complete  wall=3.085896e-02s  cpu=3.086100e-02s  provider=60  solves=1  iterations=10

STEP 9
  certificate  stage=STEP 9  failed  objective=-4.988998e+01  upper=-4.988998e+01  gap= 1.961098e-12  wall=0.000000e+00s  cpu=0.000000e+00s  provider=0  solves=0  iterations=0
  certificate  stage=STEP 9  complete  reason=paper_potential_convergence_failed  wall=1.664030e-03s  cpu=1.664000e-03s  provider=2  solves=0  iterations=0

STEP 7
  certificate  stage=STEP 7  complete  reason=continue_stage_ii  wall=1.210000e-06s  cpu=1.000000e-06s  provider=0  solves=0  iterations=0

STEP 4
  STAGE II STEP 4  major=58  upper=-4.988998e+01  LP_primal= 1.688960e-11  LP_dual= 5.537237e-14  active_cuts=63  certified
  certificate  stage=STEP 4  complete  reason=step4_complete  wall=5.472070e-04s  cpu=5.470000e-04s  provider=0  solves=1  iterations=1

STEP 5
  certificate  stage=STEP 5 LOCAL  major=58  attempt=255  accepted  reason=success  P rel.=-1.056108e-09  objective=-4.988998e+01  upper=-4.988998e+01  gap= 1.688250e-11  wall=0.000000e+00s  cpu=0.000000e+00s  provider=0  solves=0  iterations=0
  certificate  stage=STEP 5  complete  reason=step5_complete  wall=1.503151e-02s  cpu=1.503200e-02s  provider=14  solves=1  iterations=12

STEP 6
  certificate  stage=STEP 6  complete  reason=candidate_set  wall=1.912000e-05s  cpu=1.900000e-05s  provider=0  solves=0  iterations=0

STEP 8
  certificate  stage=STEP 8  complete  reason=step8_complete  wall=3.058514e-02s  cpu=3.057500e-02s  provider=60  solves=1  iterations=10

STEP 9
  certificate  stage=STEP 9  failed  objective=-4.988998e+01  upper=-4.988998e+01  gap= 1.953993e-12  wall=0.000000e+00s  cpu=0.000000e+00s  provider=0  solves=0  iterations=0
  certificate  stage=STEP 9  complete  reason=paper_potential_convergence_failed  wall=1.588131e-03s  cpu=1.588000e-03s  provider=2  solves=0  iterations=0

STEP 7
  certificate  stage=STEP 7  complete  reason=continue_stage_ii  wall=1.120000e-06s  cpu=1.000000e-06s  provider=0  solves=0  iterations=0

STEP 4
  STAGE II STEP 4  major=59  upper=-4.988998e+01  LP_primal= 2.981437e-11  LP_dual= 2.439715e-13  active_cuts=64  certified
  certificate  stage=STEP 4  complete  reason=step4_complete  wall=5.312370e-04s  cpu=5.310000e-04s  provider=0  solves=1  iterations=1

STEP 5
  certificate  stage=STEP 5 LOCAL  major=59  attempt=258  accepted  reason=success  P rel.= 6.076466e-14  objective=-4.704420e+01  upper=-4.988998e+01  gap=-2.845777e+00  wall=0.000000e+00s  cpu=0.000000e+00s  provider=0  solves=0  iterations=0
  certificate  stage=STEP 5 LOCAL  major=59  attempt=259  accepted  reason=success  P rel.= 5.832258e-14  objective=-4.704420e+01  upper=-4.988998e+01  gap=-2.845777e+00  wall=0.000000e+00s  cpu=0.000000e+00s  provider=0  solves=0  iterations=0
  certificate  stage=STEP 5 LOCAL  major=59  attempt=260  accepted  reason=success  P rel.=-4.460097e-08  objective=-4.988998e+01  upper=-4.988998e+01  gap=-3.055334e-13  wall=0.000000e+00s  cpu=0.000000e+00s  provider=0  solves=0  iterations=0
  certificate  stage=STEP 5  complete  reason=step5_complete  wall=7.814450e-02s  cpu=7.813700e-02s  provider=75  solves=5  iterations=66

STEP 6
  certificate  stage=STEP 6  complete  reason=candidate_set  wall=2.113000e-05s  cpu=2.100000e-05s  provider=0  solves=0  iterations=0

STEP 8
  certificate  stage=STEP 8  complete  reason=step8_complete  wall=3.079803e-02s  cpu=3.079000e-02s  provider=60  solves=1  iterations=10

STEP 9
  certificate  stage=STEP 9  failed  objective=-4.988998e+01  upper=-4.988998e+01  gap= 4.774847e-12  wall=0.000000e+00s  cpu=0.000000e+00s  provider=0  solves=0  iterations=0
  certificate  stage=STEP 9  complete  reason=paper_potential_convergence_failed  wall=1.616141e-03s  cpu=1.616000e-03s  provider=2  solves=0  iterations=0

STEP 7
  certificate  stage=STEP 7  complete  reason=continue_stage_ii  wall=1.220000e-06s  cpu=2.000000e-06s  provider=0  solves=0  iterations=0

STEP 4
  STAGE II STEP 4  major=60  upper=-4.988998e+01  LP_primal= 2.981437e-11  LP_dual= 2.439715e-13  active_cuts=65  certified
  certificate  stage=STEP 4  complete  reason=step4_complete  wall=5.222870e-04s  cpu=5.230000e-04s  provider=0  solves=1  iterations=1

STEP 5
  certificate  stage=STEP 5 LOCAL  major=60  attempt=261  accepted  reason=success  P rel.=-4.290088e-09  objective=-4.988998e+01  upper=-4.988998e+01  gap= 3.227996e-11  wall=0.000000e+00s  cpu=0.000000e+00s  provider=0  solves=0  iterations=0
  certificate  stage=STEP 5  complete  reason=step5_complete  wall=2.227655e-02s  cpu=2.227700e-02s  provider=21  solves=1  iterations=18

STEP 6
  certificate  stage=STEP 6  complete  reason=candidate_set  wall=2.120000e-05s  cpu=2.100000e-05s  provider=0  solves=0  iterations=0

STEP 8
  certificate  stage=STEP 8  complete  reason=step8_complete  wall=3.179864e-02s  cpu=3.180000e-02s  provider=60  solves=1  iterations=10

STEP 9
  certificate  stage=STEP 9  failed  objective=-4.988998e+01  upper=-4.988998e+01  gap= 4.774847e-12  wall=0.000000e+00s  cpu=0.000000e+00s  provider=0  solves=0  iterations=0
  certificate  stage=STEP 9  complete  reason=paper_potential_convergence_failed  wall=1.605021e-03s  cpu=1.605000e-03s  provider=2  solves=0  iterations=0

STEP 7
  certificate  stage=STEP 7  complete  reason=continue_stage_ii  wall=1.030000e-06s  cpu=1.000000e-06s  provider=0  solves=0  iterations=0

STEP 4
  STAGE II STEP 4  major=61  upper=-4.988998e+01  LP_primal= 3.227996e-11  LP_dual= 2.439715e-13  active_cuts=66  certified
  certificate  stage=STEP 4  complete  reason=step4_complete  wall=6.110770e-04s  cpu=5.460000e-04s  provider=0  solves=1  iterations=1

STEP 5
  certificate  stage=STEP 5 LOCAL  major=61  attempt=262  accepted  reason=success  P rel.= 3.507974e-13  objective=-4.704420e+01  upper=-4.988998e+01  gap=-2.845777e+00  wall=0.000000e+00s  cpu=0.000000e+00s  provider=0  solves=0  iterations=0
  certificate  stage=STEP 5 LOCAL  major=61  attempt=263  accepted  reason=success  P rel.= 4.094073e-14  objective=-4.704420e+01  upper=-4.988998e+01  gap=-2.845777e+00  wall=0.000000e+00s  cpu=0.000000e+00s  provider=0  solves=0  iterations=0
  certificate  stage=STEP 5 LOCAL  major=61  attempt=264  accepted  reason=success  P rel.= 5.688607e-14  objective=-4.704420e+01  upper=-4.988998e+01  gap=-2.845777e+00  wall=0.000000e+00s  cpu=0.000000e+00s  provider=0  solves=0  iterations=0
  certificate  stage=STEP 5 LOCAL  major=61  attempt=265  accepted  reason=success  P rel.= 4.568123e-14  objective=-4.704420e+01  upper=-4.988998e+01  gap=-2.845777e+00  wall=0.000000e+00s  cpu=0.000000e+00s  provider=0  solves=0  iterations=0
  certificate  stage=STEP 5 LOCAL  major=61  attempt=266  accepted  reason=success  P rel.= 3.964786e-14  objective=-4.704420e+01  upper=-4.988998e+01  gap=-2.845777e+00  wall=0.000000e+00s  cpu=0.000000e+00s  provider=0  solves=0  iterations=0
  certificate  stage=STEP 5 LOCAL  major=61  attempt=267  accepted  reason=success  P rel.= 6.622342e-14  objective=-4.704420e+01  upper=-4.988998e+01  gap=-2.845777e+00  wall=0.000000e+00s  cpu=0.000000e+00s  provider=0  solves=0  iterations=0
  certificate  stage=STEP 5 LOCAL  major=61  attempt=268  accepted  reason=success  P rel.= 3.433275e-14  objective=-4.704420e+01  upper=-4.988998e+01  gap=-2.845777e+00  wall=0.000000e+00s  cpu=0.000000e+00s  provider=0  solves=0  iterations=0
  certificate  stage=STEP 5 LOCAL  major=61  attempt=269  accepted  reason=success  P rel.= 5.056539e-14  objective=-4.704420e+01  upper=-4.988998e+01  gap=-2.845777e+00  wall=0.000000e+00s  cpu=0.000000e+00s  provider=0  solves=0  iterations=0
  certificate  stage=STEP 5 LOCAL  major=61  attempt=270  accepted  reason=success  P rel.=-1.039727e-09  objective=-4.988998e+01  upper=-4.988998e+01  gap= 3.228706e-11  wall=0.000000e+00s  cpu=0.000000e+00s  provider=0  solves=0  iterations=0
  certificate  stage=STEP 5  complete  reason=step5_complete  wall=2.275526e-01s  cpu=2.275280e-01s  provider=208  solves=9  iterations=191

STEP 6
  certificate  stage=STEP 6  complete  reason=candidate_set  wall=2.200000e-05s  cpu=2.200000e-05s  provider=0  solves=0  iterations=0

STEP 8
  certificate  stage=STEP 8  complete  reason=step8_complete  wall=3.142322e-02s  cpu=3.141600e-02s  provider=60  solves=1  iterations=10

STEP 9
  certificate  stage=STEP 9  failed  objective=-4.988998e+01  upper=-4.988998e+01  gap= 4.774847e-12  wall=0.000000e+00s  cpu=0.000000e+00s  provider=0  solves=0  iterations=0
  certificate  stage=STEP 9  complete  reason=paper_potential_convergence_failed  wall=1.624291e-03s  cpu=1.624000e-03s  provider=2  solves=0  iterations=0

STEP 7
  certificate  stage=STEP 7  complete  reason=continue_stage_ii  wall=1.120000e-06s  cpu=1.000000e-06s  provider=0  solves=0  iterations=0

STEP 4
  STAGE II STEP 4  major=62  upper=-4.988998e+01  LP_primal= 3.228706e-11  LP_dual= 2.439715e-13  active_cuts=67  certified
  certificate  stage=STEP 4  complete  reason=step4_complete  wall=5.344370e-04s  cpu=5.350000e-04s  provider=0  solves=1  iterations=1

STEP 5
  certificate  stage=STEP 5 LOCAL  major=62  attempt=271  accepted  reason=success  P rel.= 3.505101e-14  objective=-4.704420e+01  upper=-4.988998e+01  gap=-2.845777e+00  wall=0.000000e+00s  cpu=0.000000e+00s  provider=0  solves=0  iterations=0
  certificate  stage=STEP 5 LOCAL  major=62  attempt=272  accepted  reason=success  P rel.= 4.955983e-14  objective=-4.704420e+01  upper=-4.988998e+01  gap=-2.845777e+00  wall=0.000000e+00s  cpu=0.000000e+00s  provider=0  solves=0  iterations=0
  certificate  stage=STEP 5 LOCAL  major=62  attempt=273  accepted  reason=success  P rel.=-5.980858e-08  objective=-4.988998e+01  upper=-4.988998e+01  gap= 3.228706e-11  wall=0.000000e+00s  cpu=0.000000e+00s  provider=0  solves=0  iterations=0
  certificate  stage=STEP 5  complete  reason=step5_complete  wall=7.127880e-02s  cpu=7.128000e-02s  provider=63  solves=3  iterations=58

STEP 6
  certificate  stage=STEP 6  complete  reason=candidate_set  wall=2.041000e-05s  cpu=2.000000e-05s  provider=0  solves=0  iterations=0

STEP 8
  certificate  stage=STEP 8  complete  reason=step8_complete  wall=3.149668e-02s  cpu=3.149800e-02s  provider=60  solves=1  iterations=10

STEP 9
  certificate  stage=STEP 9  failed  objective=-4.988998e+01  upper=-4.988998e+01  gap= 4.774847e-12  wall=0.000000e+00s  cpu=0.000000e+00s  provider=0  solves=0  iterations=0
  certificate  stage=STEP 9  complete  reason=paper_potential_convergence_failed  wall=1.615750e-03s  cpu=1.616000e-03s  provider=2  solves=0  iterations=0

STEP 7
  certificate  stage=STEP 7  complete  reason=continue_stage_ii  wall=1.080000e-06s  cpu=1.000000e-06s  provider=0  solves=0  iterations=0

STEP 4
  STAGE II STEP 4  major=63  upper=-4.988998e+01  LP_primal= 3.228706e-11  LP_dual= 2.439715e-13  active_cuts=68  certified
  certificate  stage=STEP 4  complete  reason=step4_complete  wall=5.328670e-04s  cpu=5.330000e-04s  provider=0  solves=1  iterations=1

STEP 5
  certificate  stage=STEP 5 LOCAL  major=63  attempt=274  accepted  reason=success  P rel.= 4.295185e-14  objective=-4.704420e+01  upper=-4.988998e+01  gap=-2.845777e+00  wall=0.000000e+00s  cpu=0.000000e+00s  provider=0  solves=0  iterations=0
  certificate  stage=STEP 5 LOCAL  major=63  attempt=275  accepted  reason=success  P rel.= 2.829938e-14  objective=-4.704420e+01  upper=-4.988998e+01  gap=-2.845777e+00  wall=0.000000e+00s  cpu=0.000000e+00s  provider=0  solves=0  iterations=0
  certificate  stage=STEP 5 LOCAL  major=63  attempt=276  accepted  reason=success  P rel.=-1.042086e-09  objective=-4.988998e+01  upper=-4.988998e+01  gap= 3.228706e-11  wall=0.000000e+00s  cpu=0.000000e+00s  provider=0  solves=0  iterations=0
  certificate  stage=STEP 5  complete  reason=step5_complete  wall=7.524971e-02s  cpu=7.524500e-02s  provider=68  solves=3  iterations=63

STEP 6
  certificate  stage=STEP 6  complete  reason=candidate_set  wall=2.381000e-05s  cpu=2.400000e-05s  provider=0  solves=0  iterations=0

STEP 8
  certificate  stage=STEP 8  complete  reason=step8_complete  wall=3.148339e-02s  cpu=3.147300e-02s  provider=60  solves=1  iterations=10

STEP 9
  certificate  stage=STEP 9  failed  objective=-4.988998e+01  upper=-4.988998e+01  gap= 4.774847e-12  wall=0.000000e+00s  cpu=0.000000e+00s  provider=0  solves=0  iterations=0
  certificate  stage=STEP 9  complete  reason=paper_potential_convergence_failed  wall=1.607191e-03s  cpu=1.607000e-03s  provider=2  solves=0  iterations=0

STEP 7
  certificate  stage=STEP 7  complete  reason=continue_stage_ii  wall=1.240000e-06s  cpu=1.000000e-06s  provider=0  solves=0  iterations=0

STEP 4
  STAGE II STEP 4  major=64  upper=-4.988998e+01  LP_primal= 3.228706e-11  LP_dual= 2.439715e-13  active_cuts=69  certified
  certificate  stage=STEP 4  complete  reason=step4_complete  wall=5.561070e-04s  cpu=5.560000e-04s  provider=0  solves=1  iterations=1

STEP 5
  certificate  stage=STEP 5 LOCAL  major=64  attempt=277  accepted  reason=success  P rel.= 1.297175e-13  objective=-4.704420e+01  upper=-4.988998e+01  gap=-2.845777e+00  wall=0.000000e+00s  cpu=0.000000e+00s  provider=0  solves=0  iterations=0
  certificate  stage=STEP 5 LOCAL  major=64  attempt=278  accepted  reason=success  P rel.= 4.079708e-14  objective=-4.704420e+01  upper=-4.988998e+01  gap=-2.845777e+00  wall=0.000000e+00s  cpu=0.000000e+00s  provider=0  solves=0  iterations=0
  certificate  stage=STEP 5 LOCAL  major=64  attempt=279  accepted  reason=success  P rel.= 1.249770e-13  objective=-4.704420e+01  upper=-4.988998e+01  gap=-2.845777e+00  wall=0.000000e+00s  cpu=0.000000e+00s  provider=0  solves=0  iterations=0
  certificate  stage=STEP 5 LOCAL  major=64  attempt=280  accepted  reason=success  P rel.= 3.964786e-14  objective=-4.704420e+01  upper=-4.988998e+01  gap=-2.845777e+00  wall=0.000000e+00s  cpu=0.000000e+00s  provider=0  solves=0  iterations=0
  certificate  stage=STEP 5 LOCAL  major=64  attempt=281  accepted  reason=success  P rel.=-1.023435e-09  objective=-4.988998e+01  upper=-4.988998e+01  gap= 3.228706e-11  wall=0.000000e+00s  cpu=0.000000e+00s  provider=0  solves=0  iterations=0
  certificate  stage=STEP 5  complete  reason=step5_complete  wall=1.201088e-01s  cpu=1.201010e-01s  provider=113  solves=5  iterations=105

STEP 6
  certificate  stage=STEP 6  complete  reason=candidate_set  wall=2.035000e-05s  cpu=2.000000e-05s  provider=0  solves=0  iterations=0

STEP 8
  certificate  stage=STEP 8  complete  reason=step8_complete  wall=3.079714e-02s  cpu=3.079900e-02s  provider=60  solves=1  iterations=10

STEP 9
  certificate  stage=STEP 9  failed  objective=-4.988998e+01  upper=-4.988998e+01  gap= 4.767742e-12  wall=0.000000e+00s  cpu=0.000000e+00s  provider=0  solves=0  iterations=0
  certificate  stage=STEP 9  complete  reason=paper_potential_convergence_failed  wall=1.605840e-03s  cpu=1.606000e-03s  provider=2  solves=0  iterations=0

STEP 7
  certificate  stage=STEP 7  complete  reason=continue_stage_ii  wall=1.140000e-06s  cpu=1.000000e-06s  provider=0  solves=0  iterations=0

STEP 4
  STAGE II STEP 4  major=65  upper=-4.988998e+01  LP_primal= 3.228706e-11  LP_dual= 2.439715e-13  active_cuts=70  certified
  certificate  stage=STEP 4  complete  reason=step4_complete  wall=6.036160e-04s  cpu=6.040000e-04s  provider=0  solves=1  iterations=1

STEP 5
  certificate  stage=STEP 5 LOCAL  major=65  attempt=282  accepted  reason=success  P rel.=-1.033139e-09  objective=-4.988998e+01  upper=-4.988998e+01  gap= 3.228706e-11  wall=0.000000e+00s  cpu=0.000000e+00s  provider=0  solves=0  iterations=0
  certificate  stage=STEP 5  complete  reason=step5_complete  wall=1.966569e-02s  cpu=1.965600e-02s  provider=18  solves=1  iterations=17

STEP 6
  certificate  stage=STEP 6  complete  reason=candidate_set  wall=2.096000e-05s  cpu=2.100000e-05s  provider=0  solves=0  iterations=0

STEP 8
  certificate  stage=STEP 8  complete  reason=step8_complete  wall=3.046238e-02s  cpu=3.046300e-02s  provider=60  solves=1  iterations=10

STEP 9
  certificate  stage=STEP 9  failed  objective=-4.988998e+01  upper=-4.988998e+01  gap= 4.774847e-12  wall=0.000000e+00s  cpu=0.000000e+00s  provider=0  solves=0  iterations=0
  certificate  stage=STEP 9  complete  reason=paper_potential_convergence_failed  wall=1.523281e-03s  cpu=1.523000e-03s  provider=2  solves=0  iterations=0

STEP 7
  certificate  stage=STEP 7  complete  reason=continue_stage_ii  wall=1.200000e-06s  cpu=2.000000e-06s  provider=0  solves=0  iterations=0

STEP 4
  STAGE II STEP 4  major=66  upper=-4.988998e+01  LP_primal= 3.228706e-11  LP_dual= 2.439715e-13  active_cuts=71  certified
  certificate  stage=STEP 4  complete  reason=step4_complete  wall=5.281370e-04s  cpu=5.280000e-04s  provider=0  solves=1  iterations=1

STEP 5
  certificate  stage=STEP 5 LOCAL  major=66  attempt=283  accepted  reason=success  P rel.= 5.832258e-14  objective=-4.704420e+01  upper=-4.988998e+01  gap=-2.845777e+00  wall=0.000000e+00s  cpu=0.000000e+00s  provider=0  solves=0  iterations=0
  certificate  stage=STEP 5 LOCAL  major=66  attempt=284  accepted  reason=success  P rel.=-1.040707e-09  objective=-4.988998e+01  upper=-4.988998e+01  gap= 3.228706e-11  wall=0.000000e+00s  cpu=0.000000e+00s  provider=0  solves=0  iterations=0
  certificate  stage=STEP 5  complete  reason=step5_complete  wall=5.054712e-02s  cpu=5.054800e-02s  provider=48  solves=2  iterations=42

STEP 6
  certificate  stage=STEP 6  complete  reason=candidate_set  wall=2.182000e-05s  cpu=2.200000e-05s  provider=0  solves=0  iterations=0

STEP 8
  certificate  stage=STEP 8  complete  reason=step8_complete  wall=3.046055e-02s  cpu=3.046200e-02s  provider=60  solves=1  iterations=10

STEP 9
  certificate  stage=STEP 9  failed  objective=-4.988998e+01  upper=-4.988998e+01  gap= 4.774847e-12  wall=0.000000e+00s  cpu=0.000000e+00s  provider=0  solves=0  iterations=0
  certificate  stage=STEP 9  complete  reason=paper_potential_convergence_failed  wall=1.568091e-03s  cpu=1.568000e-03s  provider=2  solves=0  iterations=0

STEP 7
  certificate  stage=STEP 7  complete  reason=continue_stage_ii  wall=1.210000e-06s  cpu=2.000000e-06s  provider=0  solves=0  iterations=0

STEP 4
  STAGE II STEP 4  major=67  upper=-4.988998e+01  LP_primal= 3.228706e-11  LP_dual= 2.439715e-13  active_cuts=72  certified
  certificate  stage=STEP 4  complete  reason=step4_complete  wall=5.645770e-04s  cpu=5.650000e-04s  provider=0  solves=1  iterations=1

STEP 5
  certificate  stage=STEP 5 LOCAL  major=67  attempt=285  accepted  reason=success  P rel.=-1.040395e-09  objective=-4.988998e+01  upper=-4.988998e+01  gap= 3.229417e-11  wall=0.000000e+00s  cpu=0.000000e+00s  provider=0  solves=0  iterations=0
  certificate  stage=STEP 5  complete  reason=step5_complete  wall=2.013640e-02s  cpu=2.013700e-02s  provider=19  solves=1  iterations=16

STEP 6
  certificate  stage=STEP 6  complete  reason=candidate_set  wall=2.286000e-05s  cpu=2.300000e-05s  provider=0  solves=0  iterations=0

STEP 8
  certificate  stage=STEP 8  complete  reason=step8_complete  wall=3.030906e-02s  cpu=3.031100e-02s  provider=60  solves=1  iterations=10

STEP 9
  certificate  stage=STEP 9  failed  objective=-4.988998e+01  upper=-4.988998e+01  gap= 4.774847e-12  wall=0.000000e+00s  cpu=0.000000e+00s  provider=0  solves=0  iterations=0
  certificate  stage=STEP 9  complete  reason=paper_potential_convergence_failed  wall=1.568271e-03s  cpu=1.569000e-03s  provider=2  solves=0  iterations=0

STEP 7
  certificate  stage=STEP 7  complete  reason=continue_stage_ii  wall=1.190000e-06s  cpu=1.000000e-06s  provider=0  solves=0  iterations=0

STEP 4
  STAGE II STEP 4  major=68  upper=-4.988998e+01  LP_primal= 3.229417e-11  LP_dual= 2.439715e-13  active_cuts=73  certified
  certificate  stage=STEP 4  complete  reason=step4_complete  wall=5.656470e-04s  cpu=5.660000e-04s  provider=0  solves=1  iterations=1

STEP 5
  certificate  stage=STEP 5 LOCAL  major=68  attempt=287  accepted  reason=success  P rel.= 2.693469e-13  objective=-4.704420e+01  upper=-4.988998e+01  gap=-2.845777e+00  wall=0.000000e+00s  cpu=0.000000e+00s  provider=0  solves=0  iterations=0
  certificate  stage=STEP 5 LOCAL  major=68  attempt=288  accepted  reason=success  P rel.=-1.041908e-09  objective=-4.988998e+01  upper=-4.988998e+01  gap= 3.228706e-11  wall=0.000000e+00s  cpu=0.000000e+00s  provider=0  solves=0  iterations=0
  certificate  stage=STEP 5  complete  reason=step5_complete  wall=4.335821e-02s  cpu=4.335100e-02s  provider=43  solves=3  iterations=36

STEP 6
  certificate  stage=STEP 6  complete  reason=candidate_set  wall=2.307000e-05s  cpu=2.300000e-05s  provider=0  solves=0  iterations=0

STEP 8
  certificate  stage=STEP 8  complete  reason=step8_complete  wall=3.011676e-02s  cpu=3.011800e-02s  provider=60  solves=1  iterations=10

STEP 9
  certificate  stage=STEP 9  failed  objective=-4.988998e+01  upper=-4.988998e+01  gap= 4.774847e-12  wall=0.000000e+00s  cpu=0.000000e+00s  provider=0  solves=0  iterations=0
  certificate  stage=STEP 9  complete  reason=paper_potential_convergence_failed  wall=1.577191e-03s  cpu=1.577000e-03s  provider=2  solves=0  iterations=0

STEP 7
  certificate  stage=STEP 7  complete  reason=continue_stage_ii  wall=1.300000e-06s  cpu=1.000000e-06s  provider=0  solves=0  iterations=0

STEP 4
  STAGE II STEP 4  major=69  upper=-4.988998e+01  LP_primal= 3.229417e-11  LP_dual= 2.439715e-13  active_cuts=74  certified
  certificate  stage=STEP 4  complete  reason=step4_complete  wall=5.723370e-04s  cpu=5.720000e-04s  provider=0  solves=1  iterations=1

STEP 5
  certificate  stage=STEP 5 LOCAL  major=69  attempt=289  accepted  reason=success  P rel.= 5.875354e-14  objective=-4.704420e+01  upper=-4.988998e+01  gap=-2.845777e+00  wall=0.000000e+00s  cpu=0.000000e+00s  provider=0  solves=0  iterations=0
  certificate  stage=STEP 5 LOCAL  major=69  attempt=290  accepted  reason=success  P rel.= 5.659876e-14  objective=-4.704420e+01  upper=-4.988998e+01  gap=-2.845777e+00  wall=0.000000e+00s  cpu=0.000000e+00s  provider=0  solves=0  iterations=0
  certificate  stage=STEP 5 LOCAL  major=69  attempt=291  accepted  reason=success  P rel.=-1.039638e-09  objective=-4.988998e+01  upper=-4.988998e+01  gap= 3.229417e-11  wall=0.000000e+00s  cpu=0.000000e+00s  provider=0  solves=0  iterations=0
  certificate  stage=STEP 5  complete  reason=step5_complete  wall=6.934851e-02s  cpu=6.935000e-02s  provider=65  solves=3  iterations=61

STEP 6
  certificate  stage=STEP 6  complete  reason=candidate_set  wall=2.299000e-05s  cpu=2.300000e-05s  provider=0  solves=0  iterations=0

STEP 8
  certificate  stage=STEP 8  complete  reason=step8_complete  wall=3.040006e-02s  cpu=3.040200e-02s  provider=60  solves=1  iterations=10

STEP 9
  certificate  stage=STEP 9  failed  objective=-4.988998e+01  upper=-4.988998e+01  gap= 4.774847e-12  wall=0.000000e+00s  cpu=0.000000e+00s  provider=0  solves=0  iterations=0
  certificate  stage=STEP 9  complete  reason=paper_potential_convergence_failed  wall=1.599491e-03s  cpu=1.600000e-03s  provider=2  solves=0  iterations=0

STEP 7
  certificate  stage=STEP 7  complete  reason=continue_stage_ii  wall=1.470000e-06s  cpu=2.000000e-06s  provider=0  solves=0  iterations=0

STEP 4
  STAGE II STEP 4  major=70  upper=-4.988998e+01  LP_primal= 3.229417e-11  LP_dual= 2.439715e-13  active_cuts=75  certified
  certificate  stage=STEP 4  complete  reason=step4_complete  wall=5.575570e-04s  cpu=5.580000e-04s  provider=0  solves=1  iterations=1

STEP 5
  certificate  stage=STEP 5 LOCAL  major=70  attempt=292  accepted  reason=success  P rel.= 3.921691e-14  objective=-4.704420e+01  upper=-4.988998e+01  gap=-2.845777e+00  wall=0.000000e+00s  cpu=0.000000e+00s  provider=0  solves=0  iterations=0
  certificate  stage=STEP 5 LOCAL  major=70  attempt=293  accepted  reason=success  P rel.=-1.038614e-09  objective=-4.988998e+01  upper=-4.988998e+01  gap= 3.228706e-11  wall=0.000000e+00s  cpu=0.000000e+00s  provider=0  solves=0  iterations=0
  certificate  stage=STEP 5  complete  reason=step5_complete  wall=4.385990e-02s  cpu=4.382000e-02s  provider=41  solves=2  iterations=39

STEP 6
  certificate  stage=STEP 6  complete  reason=candidate_set  wall=2.238900e-05s  cpu=2.200000e-05s  provider=0  solves=0  iterations=0

STEP 8
  certificate  stage=STEP 8  complete  reason=step8_complete  wall=2.997448e-02s  cpu=2.997500e-02s  provider=60  solves=1  iterations=10

STEP 9
  certificate  stage=STEP 9  failed  objective=-4.988998e+01  upper=-4.988998e+01  gap= 4.767742e-12  wall=0.000000e+00s  cpu=0.000000e+00s  provider=0  solves=0  iterations=0
  certificate  stage=STEP 9  complete  reason=paper_potential_convergence_failed  wall=1.635730e-03s  cpu=1.636000e-03s  provider=2  solves=0  iterations=0

STEP 7
  certificate  stage=STEP 7  complete  reason=continue_stage_ii  wall=1.450000e-06s  cpu=1.000000e-06s  provider=0  solves=0  iterations=0

STEP 4
  STAGE II STEP 4  major=71  upper=-4.988998e+01  LP_primal= 3.229417e-11  LP_dual= 2.439715e-13  active_cuts=76  certified
  certificate  stage=STEP 4  complete  reason=step4_complete  wall=4.995280e-04s  cpu=5.000000e-04s  provider=0  solves=1  iterations=1

STEP 5
  certificate  stage=STEP 5 LOCAL  major=71  attempt=294  accepted  reason=success  P rel.= 1.288556e-13  objective=-4.704420e+01  upper=-4.988998e+01  gap=-2.845777e+00  wall=0.000000e+00s  cpu=0.000000e+00s  provider=0  solves=0  iterations=0
  certificate  stage=STEP 5 LOCAL  major=71  attempt=295  accepted  reason=success  P rel.=-3.423115e-08  objective=-4.988998e+01  upper=-4.988998e+01  gap= 2.508216e-12  wall=0.000000e+00s  cpu=0.000000e+00s  provider=0  solves=0  iterations=0
  certificate  stage=STEP 5  complete  reason=step5_complete  wall=4.659055e-02s  cpu=4.658100e-02s  provider=45  solves=2  iterations=41

STEP 6
  certificate  stage=STEP 6  complete  reason=candidate_set  wall=2.124000e-05s  cpu=2.100000e-05s  provider=0  solves=0  iterations=0

STEP 8
  certificate  stage=STEP 8  complete  reason=step8_complete  wall=2.997380e-02s  cpu=2.997500e-02s  provider=60  solves=1  iterations=10

STEP 9
  certificate  stage=STEP 9  failed  objective=-4.988998e+01  upper=-4.988998e+01  gap= 4.774847e-12  wall=0.000000e+00s  cpu=0.000000e+00s  provider=0  solves=0  iterations=0
  certificate  stage=STEP 9  complete  reason=paper_potential_convergence_failed  wall=1.569121e-03s  cpu=1.569000e-03s  provider=2  solves=0  iterations=0

STEP 7
  certificate  stage=STEP 7  complete  reason=continue_stage_ii  wall=1.460000e-06s  cpu=1.000000e-06s  provider=0  solves=0  iterations=0

STEP 4
  STAGE II STEP 4  major=72  upper=-4.988998e+01  LP_primal= 3.229417e-11  LP_dual= 2.439715e-13  active_cuts=77  certified
  certificate  stage=STEP 4  complete  reason=step4_complete  wall=5.020870e-04s  cpu=5.030000e-04s  provider=0  solves=1  iterations=1

STEP 5
  certificate  stage=STEP 5 LOCAL  major=72  attempt=297  accepted  reason=success  P rel.= 4.690227e-13  objective=-4.704420e+01  upper=-4.988998e+01  gap=-2.845777e+00  wall=0.000000e+00s  cpu=0.000000e+00s  provider=0  solves=0  iterations=0
  certificate  stage=STEP 5 LOCAL  major=72  attempt=298  accepted  reason=success  P rel.= 6.076466e-14  objective=-4.704420e+01  upper=-4.988998e+01  gap=-2.845777e+00  wall=0.000000e+00s  cpu=0.000000e+00s  provider=0  solves=0  iterations=0
  certificate  stage=STEP 5 LOCAL  major=72  attempt=299  accepted  reason=success  P rel.=-1.049209e-09  objective=-4.988998e+01  upper=-4.988998e+01  gap= 3.229417e-11  wall=0.000000e+00s  cpu=0.000000e+00s  provider=0  solves=0  iterations=0
  certificate  stage=STEP 5  complete  reason=step5_complete  wall=6.892856e-02s  cpu=6.893000e-02s  provider=65  solves=4  iterations=59

STEP 6
  certificate  stage=STEP 6  complete  reason=candidate_set  wall=2.302900e-05s  cpu=2.300000e-05s  provider=0  solves=0  iterations=0

STEP 8
  certificate  stage=STEP 8  complete  reason=step8_complete  wall=3.423669e-02s  cpu=3.423900e-02s  provider=60  solves=1  iterations=10

STEP 9
  certificate  stage=STEP 9  failed  objective=-4.988998e+01  upper=-4.988998e+01  gap= 4.774847e-12  wall=0.000000e+00s  cpu=0.000000e+00s  provider=0  solves=0  iterations=0
  certificate  stage=STEP 9  complete  reason=paper_potential_convergence_failed  wall=1.849800e-03s  cpu=1.850000e-03s  provider=2  solves=0  iterations=0

STEP 7
  certificate  stage=STEP 7  complete  reason=continue_stage_ii  wall=1.390000e-06s  cpu=1.000000e-06s  provider=0  solves=0  iterations=0

STEP 4
  STAGE II STEP 4  major=73  upper=-4.988998e+01  LP_primal= 3.229417e-11  LP_dual= 2.439715e-13  active_cuts=78  certified
  certificate  stage=STEP 4  complete  reason=step4_complete  wall=8.519650e-04s  cpu=8.530000e-04s  provider=0  solves=1  iterations=1

STEP 5
  certificate  stage=STEP 5 LOCAL  major=73  attempt=300  accepted  reason=success  P rel.= 6.191387e-14  objective=-4.704420e+01  upper=-4.988998e+01  gap=-2.845777e+00  wall=0.000000e+00s  cpu=0.000000e+00s  provider=0  solves=0  iterations=0
  certificate  stage=STEP 5 LOCAL  major=73  attempt=301  accepted  reason=success  P rel.= 3.993517e-14  objective=-4.574085e+01  upper=-4.988998e+01  gap=-4.149123e+00  wall=0.000000e+00s  cpu=0.000000e+00s  provider=0  solves=0  iterations=0
  certificate  stage=STEP 5 LOCAL  major=73  attempt=302  accepted  reason=success  P rel.= 6.493056e-14  objective=-4.704420e+01  upper=-4.988998e+01  gap=-2.845777e+00  wall=0.000000e+00s  cpu=0.000000e+00s  provider=0  solves=0  iterations=0
  certificate  stage=STEP 5 LOCAL  major=73  attempt=304  accepted  reason=success  P rel.= 4.295185e-14  objective=-4.704420e+01  upper=-4.988998e+01  gap=-2.845777e+00  wall=0.000000e+00s  cpu=0.000000e+00s  provider=0  solves=0  iterations=0
  certificate  stage=STEP 5 LOCAL  major=73  attempt=305  accepted  reason=success  P rel.= 6.234483e-14  objective=-4.704420e+01  upper=-4.988998e+01  gap=-2.845777e+00  wall=0.000000e+00s  cpu=0.000000e+00s  provider=0  solves=0  iterations=0
  certificate  stage=STEP 5 LOCAL  major=73  attempt=307  accepted  reason=success  P rel.=-1.022590e-09  objective=-4.988998e+01  upper=-4.988998e+01  gap= 3.228706e-11  wall=0.000000e+00s  cpu=0.000000e+00s  provider=0  solves=0  iterations=0
  certificate  stage=STEP 5  complete  reason=step5_complete  wall=1.337621e-01s  cpu=1.337630e-01s  provider=127  solves=8  iterations=112

STEP 6
  certificate  stage=STEP 6  complete  reason=candidate_set  wall=2.966000e-05s  cpu=2.900000e-05s  provider=0  solves=0  iterations=0

STEP 8
  certificate  stage=STEP 8  complete  reason=step8_complete  wall=3.066849e-02s  cpu=3.065800e-02s  provider=60  solves=1  iterations=10

STEP 9
  certificate  stage=STEP 9  failed  objective=-4.988998e+01  upper=-4.988998e+01  gap= 4.774847e-12  wall=0.000000e+00s  cpu=0.000000e+00s  provider=0  solves=0  iterations=0
  certificate  stage=STEP 9  complete  reason=paper_potential_convergence_failed  wall=1.727030e-03s  cpu=1.727000e-03s  provider=2  solves=0  iterations=0

STEP 7
  certificate  stage=STEP 7  complete  reason=continue_stage_ii  wall=1.310000e-06s  cpu=1.000000e-06s  provider=0  solves=0  iterations=0

STEP 4
  STAGE II STEP 4  major=74  upper=-4.988998e+01  LP_primal= 3.229417e-11  LP_dual= 2.439715e-13  active_cuts=79  certified
  certificate  stage=STEP 4  complete  reason=step4_complete  wall=6.549160e-04s  cpu=6.560000e-04s  provider=0  solves=1  iterations=1

STEP 5
  certificate  stage=STEP 5 LOCAL  major=74  attempt=308  accepted  reason=success  P rel.= 7.153854e-14  objective=-4.704420e+01  upper=-4.988998e+01  gap=-2.845777e+00  wall=0.000000e+00s  cpu=0.000000e+00s  provider=0  solves=0  iterations=0
  certificate  stage=STEP 5 LOCAL  major=74  attempt=309  accepted  reason=success  P rel.= 4.079708e-14  objective=-4.704420e+01  upper=-4.988998e+01  gap=-2.845777e+00  wall=0.000000e+00s  cpu=0.000000e+00s  provider=0  solves=0  iterations=0
  certificate  stage=STEP 5 LOCAL  major=74  attempt=310  accepted  reason=success  P rel.= 3.605657e-14  objective=-4.704420e+01  upper=-4.988998e+01  gap=-2.845777e+00  wall=0.000000e+00s  cpu=0.000000e+00s  provider=0  solves=0  iterations=0
  certificate  stage=STEP 5 LOCAL  major=74  attempt=311  accepted  reason=success  P rel.= 7.110758e-14  objective=-4.704420e+01  upper=-4.988998e+01  gap=-2.845777e+00  wall=0.000000e+00s  cpu=0.000000e+00s  provider=0  solves=0  iterations=0
  certificate  stage=STEP 5 LOCAL  major=74  attempt=312  accepted  reason=success  P rel.= 3.907326e-14  objective=-4.704420e+01  upper=-4.988998e+01  gap=-2.845777e+00  wall=0.000000e+00s  cpu=0.000000e+00s  provider=0  solves=0  iterations=0
  certificate  stage=STEP 5 LOCAL  major=74  attempt=313  accepted  reason=success  P rel.=-1.045559e-09  objective=-4.988998e+01  upper=-4.988998e+01  gap= 3.228706e-11  wall=0.000000e+00s  cpu=0.000000e+00s  provider=0  solves=0  iterations=0
  certificate  stage=STEP 5  complete  reason=step5_complete  wall=1.549183e-01s  cpu=1.549130e-01s  provider=139  solves=6  iterations=125

STEP 6
  certificate  stage=STEP 6  complete  reason=candidate_set  wall=4.418000e-05s  cpu=4.400000e-05s  provider=0  solves=0  iterations=0

STEP 8
  certificate  stage=STEP 8  complete  reason=step8_complete  wall=3.303101e-02s  cpu=3.301200e-02s  provider=60  solves=1  iterations=10

STEP 9
  certificate  stage=STEP 9  failed  objective=-4.988998e+01  upper=-4.988998e+01  gap= 4.774847e-12  wall=0.000000e+00s  cpu=0.000000e+00s  provider=0  solves=0  iterations=0
  certificate  stage=STEP 9  complete  reason=paper_potential_convergence_failed  wall=1.563820e-03s  cpu=1.564000e-03s  provider=2  solves=0  iterations=0

STEP 7
  certificate  stage=STEP 7  complete  reason=continue_stage_ii  wall=1.170000e-06s  cpu=1.000000e-06s  provider=0  solves=0  iterations=0

STEP 4
  STAGE II STEP 4  major=75  upper=-4.988998e+01  LP_primal= 3.229417e-11  LP_dual= 2.439715e-13  active_cuts=80  certified
  certificate  stage=STEP 4  complete  reason=step4_complete  wall=6.044360e-04s  cpu=6.050000e-04s  provider=0  solves=1  iterations=1

STEP 5
  certificate  stage=STEP 5 LOCAL  major=75  attempt=314  accepted  reason=success  P rel.= 4.539393e-14  objective=-4.704420e+01  upper=-4.988998e+01  gap=-2.845777e+00  wall=0.000000e+00s  cpu=0.000000e+00s  provider=0  solves=0  iterations=0
  certificate  stage=STEP 5 LOCAL  major=75  attempt=315  accepted  reason=success  P rel.= 6.162657e-14  objective=-4.704420e+01  upper=-4.988998e+01  gap=-2.845777e+00  wall=0.000000e+00s  cpu=0.000000e+00s  provider=0  solves=0  iterations=0
  certificate  stage=STEP 5 LOCAL  major=75  attempt=316  accepted  reason=success  P rel.= 4.812331e-14  objective=-4.704420e+01  upper=-4.988998e+01  gap=-2.845777e+00  wall=0.000000e+00s  cpu=0.000000e+00s  provider=0  solves=0  iterations=0
  certificate  stage=STEP 5 LOCAL  major=75  attempt=317  accepted  reason=success  P rel.= 5.056539e-14  objective=-4.704420e+01  upper=-4.988998e+01  gap=-2.845777e+00  wall=0.000000e+00s  cpu=0.000000e+00s  provider=0  solves=0  iterations=0
  certificate  stage=STEP 5 LOCAL  major=75  attempt=318  accepted  reason=success  P rel.= 4.122803e-14  objective=-4.704420e+01  upper=-4.988998e+01  gap=-2.845777e+00  wall=0.000000e+00s  cpu=0.000000e+00s  provider=0  solves=0  iterations=0
  certificate  stage=STEP 5 LOCAL  major=75  attempt=319  accepted  reason=success  P rel.= 3.964786e-14  objective=-4.704420e+01  upper=-4.988998e+01  gap=-2.845777e+00  wall=0.000000e+00s  cpu=0.000000e+00s  provider=0  solves=0  iterations=0
  certificate  stage=STEP 5 LOCAL  major=75  attempt=320  accepted  reason=success  P rel.= 4.079708e-14  objective=-4.704420e+01  upper=-4.988998e+01  gap=-2.845777e+00  wall=0.000000e+00s  cpu=0.000000e+00s  provider=0  solves=0  iterations=0
  certificate  stage=STEP 5 LOCAL  major=75  attempt=321  accepted  reason=success  P rel.= 5.340969e-13  objective=-4.704420e+01  upper=-4.988998e+01  gap=-2.845777e+00  wall=0.000000e+00s  cpu=0.000000e+00s  provider=0  solves=0  iterations=0
  certificate  stage=STEP 5 LOCAL  major=75  attempt=322  accepted  reason=success  P rel.= 6.564882e-14  objective=-4.704420e+01  upper=-4.988998e+01  gap=-2.845777e+00  wall=0.000000e+00s  cpu=0.000000e+00s  provider=0  solves=0  iterations=0
  certificate  stage=STEP 5 LOCAL  major=75  attempt=323  accepted  reason=success  P rel.= 5.128365e-14  objective=-4.704420e+01  upper=-4.988998e+01  gap=-2.845777e+00  wall=0.000000e+00s  cpu=0.000000e+00s  provider=0  solves=0  iterations=0
  certificate  stage=STEP 5 LOCAL  major=75  attempt=324  accepted  reason=success  P rel.=-3.423115e-08  objective=-4.988998e+01  upper=-4.988998e+01  gap= 2.508216e-12  wall=0.000000e+00s  cpu=0.000000e+00s  provider=0  solves=0  iterations=0
  certificate  stage=STEP 5  complete  reason=step5_complete  wall=2.768074e-01s  cpu=2.767480e-01s  provider=248  solves=11  iterations=226

STEP 6
  certificate  stage=STEP 6  complete  reason=candidate_set  wall=2.896000e-05s  cpu=2.900000e-05s  provider=0  solves=0  iterations=0

STEP 8
  certificate  stage=STEP 8  complete  reason=step8_complete  wall=3.225028e-02s  cpu=3.223600e-02s  provider=60  solves=1  iterations=10

STEP 9
  certificate  stage=STEP 9  failed  objective=-4.988998e+01  upper=-4.988998e+01  gap= 4.774847e-12  wall=0.000000e+00s  cpu=0.000000e+00s  provider=0  solves=0  iterations=0
  certificate  stage=STEP 9  complete  reason=paper_potential_convergence_failed  wall=1.638791e-03s  cpu=1.639000e-03s  provider=2  solves=0  iterations=0

STEP 7
  certificate  stage=STEP 7  complete  reason=continue_stage_ii  wall=1.260000e-06s  cpu=2.000000e-06s  provider=0  solves=0  iterations=0

STEP 4
  STAGE II STEP 4  major=76  upper=-4.988998e+01  LP_primal= 3.229417e-11  LP_dual= 2.439715e-13  active_cuts=81  certified
  certificate  stage=STEP 4  complete  reason=step4_complete  wall=6.523160e-04s  cpu=6.530000e-04s  provider=0  solves=1  iterations=1

STEP 5
  certificate  stage=STEP 5 LOCAL  major=76  attempt=325  accepted  reason=success  P rel.= 7.283140e-14  objective=-4.704420e+01  upper=-4.988998e+01  gap=-2.845777e+00  wall=0.000000e+00s  cpu=0.000000e+00s  provider=0  solves=0  iterations=0
  certificate  stage=STEP 5 LOCAL  major=76  attempt=326  accepted  reason=success  P rel.= 3.964786e-14  objective=-4.704420e+01  upper=-4.988998e+01  gap=-2.845777e+00  wall=0.000000e+00s  cpu=0.000000e+00s  provider=0  solves=0  iterations=0
  certificate  stage=STEP 5 LOCAL  major=76  attempt=327  accepted  reason=success  P rel.=-1.024504e-09  objective=-4.988998e+01  upper=-4.988998e+01  gap= 3.228706e-11  wall=0.000000e+00s  cpu=0.000000e+00s  provider=0  solves=0  iterations=0
  certificate  stage=STEP 5  complete  reason=step5_complete  wall=7.839889e-02s  cpu=7.839400e-02s  provider=68  solves=3  iterations=60

STEP 6
  certificate  stage=STEP 6  complete  reason=candidate_set  wall=4.229000e-05s  cpu=4.300000e-05s  provider=0  solves=0  iterations=0

STEP 8
  certificate  stage=STEP 8  complete  reason=step8_complete  wall=3.003765e-02s  cpu=3.003900e-02s  provider=60  solves=1  iterations=10

STEP 9
  certificate  stage=STEP 9  failed  objective=-4.988998e+01  upper=-4.988998e+01  gap= 4.767742e-12  wall=0.000000e+00s  cpu=0.000000e+00s  provider=0  solves=0  iterations=0
  certificate  stage=STEP 9  complete  reason=paper_potential_convergence_failed  wall=1.621110e-03s  cpu=1.622000e-03s  provider=2  solves=0  iterations=0

STEP 7
  certificate  stage=STEP 7  complete  reason=continue_stage_ii  wall=1.330000e-06s  cpu=1.000000e-06s  provider=0  solves=0  iterations=0

STEP 4
  STAGE II STEP 4  major=77  upper=-4.988998e+01  LP_primal= 3.229417e-11  LP_dual= 2.439715e-13  active_cuts=82  certified
  certificate  stage=STEP 4  complete  reason=step4_complete  wall=6.336060e-04s  cpu=6.340000e-04s  provider=0  solves=1  iterations=1

STEP 5
  certificate  stage=STEP 5 LOCAL  major=77  attempt=328  accepted  reason=success  P rel.=-8.097532e-09  objective=-4.988998e+01  upper=-4.988998e+01  gap= 3.227996e-11  wall=0.000000e+00s  cpu=0.000000e+00s  provider=0  solves=0  iterations=0
  certificate  stage=STEP 5  complete  reason=step5_complete  wall=2.118201e-02s  cpu=2.118400e-02s  provider=20  solves=1  iterations=19

STEP 6
  certificate  stage=STEP 6  complete  reason=candidate_set  wall=2.769000e-05s  cpu=2.800000e-05s  provider=0  solves=0  iterations=0

STEP 8
  certificate  stage=STEP 8  complete  reason=step8_complete  wall=3.019789e-02s  cpu=3.019900e-02s  provider=60  solves=1  iterations=10

STEP 9
  certificate  stage=STEP 9  failed  objective=-4.988998e+01  upper=-4.988998e+01  gap= 4.774847e-12  wall=0.000000e+00s  cpu=0.000000e+00s  provider=0  solves=0  iterations=0
  certificate  stage=STEP 9  complete  reason=paper_potential_convergence_failed  wall=1.623610e-03s  cpu=1.624000e-03s  provider=2  solves=0  iterations=0

STEP 7
  certificate  stage=STEP 7  complete  reason=continue_stage_ii  wall=1.550000e-06s  cpu=2.000000e-06s  provider=0  solves=0  iterations=0

STEP 4
  STAGE II STEP 4  major=78  upper=-4.988998e+01  LP_primal= 3.229417e-11  LP_dual= 2.439715e-13  active_cuts=83  certified
  certificate  stage=STEP 4  complete  reason=step4_complete  wall=6.355370e-04s  cpu=6.360000e-04s  provider=0  solves=1  iterations=1

STEP 5
  certificate  stage=STEP 5 LOCAL  major=78  attempt=329  accepted  reason=success  P rel.= 6.162657e-14  objective=-4.704420e+01  upper=-4.988998e+01  gap=-2.845777e+00  wall=0.000000e+00s  cpu=0.000000e+00s  provider=0  solves=0  iterations=0
  certificate  stage=STEP 5 LOCAL  major=78  attempt=330  accepted  reason=success  P rel.= 4.639949e-14  objective=-4.704420e+01  upper=-4.988998e+01  gap=-2.845777e+00  wall=0.000000e+00s  cpu=0.000000e+00s  provider=0  solves=0  iterations=0
  certificate  stage=STEP 5 LOCAL  major=78  attempt=331  accepted  reason=success  P rel.= 7.527348e-14  objective=-4.704420e+01  upper=-4.988998e+01  gap=-2.845777e+00  wall=0.000000e+00s  cpu=0.000000e+00s  provider=0  solves=0  iterations=0
  certificate  stage=STEP 5 LOCAL  major=78  attempt=332  accepted  reason=success  P rel.= 1.620391e-13  objective=-4.704420e+01  upper=-4.988998e+01  gap=-2.845777e+00  wall=0.000000e+00s  cpu=0.000000e+00s  provider=0  solves=0  iterations=0
  certificate  stage=STEP 5 LOCAL  major=78  attempt=333  accepted  reason=success  P rel.= 4.481932e-14  objective=-4.704420e+01  upper=-4.988998e+01  gap=-2.845777e+00  wall=0.000000e+00s  cpu=0.000000e+00s  provider=0  solves=0  iterations=0
  certificate  stage=STEP 5 LOCAL  major=78  attempt=334  accepted  reason=success  P rel.= 1.901948e-13  objective=-4.704420e+01  upper=-4.988998e+01  gap=-2.845777e+00  wall=0.000000e+00s  cpu=0.000000e+00s  provider=0  solves=0  iterations=0
  certificate  stage=STEP 5 LOCAL  major=78  attempt=335  accepted  reason=success  P rel.= 6.665438e-14  objective=-4.704420e+01  upper=-4.988998e+01  gap=-2.845777e+00  wall=0.000000e+00s  cpu=0.000000e+00s  provider=0  solves=0  iterations=0
  certificate  stage=STEP 5 LOCAL  major=78  attempt=336  accepted  reason=success  P rel.= 4.122803e-14  objective=-4.704420e+01  upper=-4.988998e+01  gap=-2.845777e+00  wall=0.000000e+00s  cpu=0.000000e+00s  provider=0  solves=0  iterations=0
  certificate  stage=STEP 5 LOCAL  major=78  attempt=337  accepted  reason=success  P rel.= 3.562562e-14  objective=-4.704420e+01  upper=-4.988998e+01  gap=-2.845777e+00  wall=0.000000e+00s  cpu=0.000000e+00s  provider=0  solves=0  iterations=0
  certificate  stage=STEP 5 LOCAL  major=78  attempt=338  accepted  reason=success  P rel.= 4.662934e-13  objective=-4.704420e+01  upper=-4.988998e+01  gap=-2.845777e+00  wall=0.000000e+00s  cpu=0.000000e+00s  provider=0  solves=0  iterations=0
  certificate  stage=STEP 5 LOCAL  major=78  attempt=339  accepted  reason=success  P rel.= 5.114000e-14  objective=-4.704420e+01  upper=-4.988998e+01  gap=-2.845777e+00  wall=0.000000e+00s  cpu=0.000000e+00s  provider=0  solves=0  iterations=0
  certificate  stage=STEP 5 LOCAL  major=78  attempt=340  accepted  reason=success  P rel.= 6.076466e-14  objective=-4.704420e+01  upper=-4.988998e+01  gap=-2.845777e+00  wall=0.000000e+00s  cpu=0.000000e+00s  provider=0  solves=0  iterations=0
  certificate  stage=STEP 5 LOCAL  major=78  attempt=341  accepted  reason=success  P rel.= 3.720579e-14  objective=-4.574085e+01  upper=-4.988998e+01  gap=-4.149123e+00  wall=0.000000e+00s  cpu=0.000000e+00s  provider=0  solves=0  iterations=0
  certificate  stage=STEP 5 LOCAL  major=78  attempt=342  accepted  reason=success  P rel.= 3.562562e-14  objective=-4.704420e+01  upper=-4.988998e+01  gap=-2.845777e+00  wall=0.000000e+00s  cpu=0.000000e+00s  provider=0  solves=0  iterations=0
  certificate  stage=STEP 5 LOCAL  major=78  attempt=343  accepted  reason=success  P rel.= 1.037165e-13  objective=-4.704420e+01  upper=-4.988998e+01  gap=-2.845777e+00  wall=0.000000e+00s  cpu=0.000000e+00s  provider=0  solves=0  iterations=0
  certificate  stage=STEP 5 LOCAL  major=78  attempt=344  accepted  reason=success  P rel.= 7.527348e-14  objective=-4.704420e+01  upper=-4.988998e+01  gap=-2.845777e+00  wall=0.000000e+00s  cpu=0.000000e+00s  provider=0  solves=0  iterations=0
  certificate  stage=STEP 5 LOCAL  major=78  attempt=345  accepted  reason=success  P rel.=-1.035677e-09  objective=-4.988998e+01  upper=-4.988998e+01  gap= 3.228706e-11  wall=0.000000e+00s  cpu=0.000000e+00s  provider=0  solves=0  iterations=0
  certificate  stage=STEP 5  complete  reason=step5_complete  wall=4.210296e-01s  cpu=4.210330e-01s  provider=384  solves=17  iterations=361

STEP 6
  certificate  stage=STEP 6  complete  reason=candidate_set  wall=2.631000e-05s  cpu=2.600000e-05s  provider=0  solves=0  iterations=0

STEP 8
  certificate  stage=STEP 8  complete  reason=step8_complete  wall=3.064956e-02s  cpu=3.065100e-02s  provider=60  solves=1  iterations=10

STEP 9
  certificate  stage=STEP 9  failed  objective=-4.988998e+01  upper=-4.988998e+01  gap= 4.774847e-12  wall=0.000000e+00s  cpu=0.000000e+00s  provider=0  solves=0  iterations=0
  certificate  stage=STEP 9  complete  reason=paper_potential_convergence_failed  wall=1.578301e-03s  cpu=1.578000e-03s  provider=2  solves=0  iterations=0

STEP 7
  certificate  stage=STEP 7  complete  reason=continue_stage_ii  wall=1.200000e-06s  cpu=2.000000e-06s  provider=0  solves=0  iterations=0

STEP 4
  STAGE II STEP 4  major=79  upper=-4.988998e+01  LP_primal= 3.229417e-11  LP_dual= 2.439715e-13  active_cuts=84  certified
  certificate  stage=STEP 4  complete  reason=step4_complete  wall=6.316960e-04s  cpu=6.320000e-04s  provider=0  solves=1  iterations=1

STEP 5
  certificate  stage=STEP 5 LOCAL  major=79  attempt=346  accepted  reason=success  P rel.= 3.375814e-14  objective=-4.704420e+01  upper=-4.988998e+01  gap=-2.845777e+00  wall=0.000000e+00s  cpu=0.000000e+00s  provider=0  solves=0  iterations=0
  certificate  stage=STEP 5 LOCAL  major=79  attempt=347  accepted  reason=success  P rel.= 5.444399e-14  objective=-4.704420e+01  upper=-4.988998e+01  gap=-2.845777e+00  wall=0.000000e+00s  cpu=0.000000e+00s  provider=0  solves=0  iterations=0
  certificate  stage=STEP 5 LOCAL  major=79  attempt=348  accepted  reason=success  P rel.= 6.191387e-14  objective=-4.704420e+01  upper=-4.988998e+01  gap=-2.845777e+00  wall=0.000000e+00s  cpu=0.000000e+00s  provider=0  solves=0  iterations=0
  certificate  stage=STEP 5 LOCAL  major=79  attempt=349  accepted  reason=success  P rel.= 5.875354e-14  objective=-4.704420e+01  upper=-4.988998e+01  gap=-2.845777e+00  wall=0.000000e+00s  cpu=0.000000e+00s  provider=0  solves=0  iterations=0
  certificate  stage=STEP 5 LOCAL  major=79  attempt=350  accepted  reason=success  P rel.=-1.039416e-09  objective=-4.988998e+01  upper=-4.988998e+01  gap= 3.228706e-11  wall=0.000000e+00s  cpu=0.000000e+00s  provider=0  solves=0  iterations=0
  certificate  stage=STEP 5  complete  reason=step5_complete  wall=1.183306e-01s  cpu=1.183320e-01s  provider=106  solves=5  iterations=97

STEP 6
  certificate  stage=STEP 6  complete  reason=candidate_set  wall=2.745000e-05s  cpu=2.700000e-05s  provider=0  solves=0  iterations=0

STEP 8
  certificate  stage=STEP 8  complete  reason=step8_complete  wall=3.039064e-02s  cpu=3.039200e-02s  provider=60  solves=1  iterations=10

STEP 9
  certificate  stage=STEP 9  failed  objective=-4.988998e+01  upper=-4.988998e+01  gap= 4.774847e-12  wall=0.000000e+00s  cpu=0.000000e+00s  provider=0  solves=0  iterations=0
  certificate  stage=STEP 9  complete  reason=paper_potential_convergence_failed  wall=1.576621e-03s  cpu=1.577000e-03s  provider=2  solves=0  iterations=0

STEP 7
  certificate  stage=STEP 7  indeterminate  reason=stage_ii_major_iteration_limit  wall=1.240000e-06s  cpu=1.000000e-06s  provider=0  solves=0  iterations=0
