HELD2.0  case=installed-held2-paper-rewrite  T=2.981500e+02 K  P=1.013000e+05 Pa

STEP 1
  certificate  stage=STEP 1  complete  reason=step1_complete  wall=2.234000e-05s  cpu=2.200000e-05s  provider=1  solves=0  iterations=0

STEP 2

REFERENCE PRESSURE ROOTS
  root   0  V= 3.078212e-05  P rel.= 2.505133e-09  G/RT=-4.830892e+01  strict_stable
  root   1  V= 7.194642e-04  P rel.= 4.481384e-09  G/RT=-4.394194e+01  unstable
  root   2  V= 2.028731e-02  P rel.=-2.229823e-10  G/RT=-4.492514e+01  strict_stable
  selected root 0  status=selected
  eval     1  TPD=-1.896679e-01  P rel.= 2.232178e-09  V= 4.684854e-05  certified
  certificate  stage=STEP 2  complete  reason=negative_tpd_witness  wall=4.116380e-01s  cpu=4.115650e-01s  provider=548  solves=1  iterations=1

STEP 3
  certificate  stage=STEP 3  complete  reason=step3_complete  wall=8.339870e-01s  cpu=8.338200e-01s  provider=4  solves=0  iterations=0

STEP 4
  STAGE II STEP 4  major=0  upper=-4.832866e+01  LP_primal= 0.000000e+00  LP_dual= 6.938894e-18  active_cuts=5  certified
  certificate  stage=STEP 4  complete  reason=step4_complete  wall=4.034580e-04s  cpu=4.040000e-04s  provider=0  solves=1  iterations=1

STEP 5
  certificate  stage=STEP 5 LOCAL  major=0  attempt=0  accepted  reason=success  P rel.=-9.283218e-04  objective=-4.925292e+01  upper=-4.832866e+01  gap= 9.242647e-01  wall=0.000000e+00s  cpu=0.000000e+00s  provider=0  solves=0  iterations=0
  certificate  stage=STEP 5  complete  reason=step5_complete  wall=3.258412e-02s  cpu=3.258600e-02s  provider=155  solves=1  iterations=23

STEP 6
  certificate  stage=STEP 6  complete  reason=candidate_set  wall=3.510000e-06s  cpu=4.000000e-06s  provider=0  solves=0  iterations=0

STEP 8
  certificate  stage=STEP 8  complete  reason=problem_67_infeasible  wall=2.802180e-04s  cpu=2.800000e-04s  provider=2  solves=1  iterations=0

STEP 7
  certificate  stage=STEP 7  complete  reason=continue_stage_ii  wall=9.400000e-07s  cpu=1.000000e-06s  provider=0  solves=0  iterations=0

STEP 4
  STAGE II STEP 4  major=1  upper=-4.839633e+01  LP_primal= 7.105427e-15  LP_dual= 3.469447e-18  active_cuts=6  certified
  certificate  stage=STEP 4  complete  reason=step4_complete  wall=1.846790e-04s  cpu=1.850000e-04s  provider=0  solves=1  iterations=1

STEP 5
  certificate  stage=STEP 5 LOCAL  major=1  attempt=1  accepted  reason=success  P rel.=-9.649296e-08  objective=-4.888046e+01  upper=-4.839633e+01  gap= 4.841358e-01  wall=0.000000e+00s  cpu=0.000000e+00s  provider=0  solves=0  iterations=0
  certificate  stage=STEP 5  complete  reason=step5_complete  wall=2.757744e-02s  cpu=2.757900e-02s  provider=25  solves=1  iterations=22

STEP 6
  certificate  stage=STEP 6  complete  reason=insufficient_candidates  wall=2.190000e-06s  cpu=2.000000e-06s  provider=0  solves=0  iterations=0

STEP 7
  certificate  stage=STEP 7  complete  reason=continue_stage_ii  wall=9.200000e-07s  cpu=1.000000e-06s  provider=0  solves=0  iterations=0

STEP 4
  STAGE II STEP 4  major=2  upper=-4.875754e+01  LP_primal= 7.105427e-15  LP_dual= 0.000000e+00  active_cuts=7  certified
  certificate  stage=STEP 4  complete  reason=step4_complete  wall=3.303580e-04s  cpu=3.310000e-04s  provider=0  solves=1  iterations=1

STEP 5
  certificate  stage=STEP 5 LOCAL  major=2  attempt=2  accepted  reason=success  P rel.= 5.243286e-14  objective=-4.591229e+01  upper=-4.875754e+01  gap=-2.845254e+00  wall=0.000000e+00s  cpu=0.000000e+00s  provider=0  solves=0  iterations=0
  certificate  stage=STEP 5 LOCAL  major=2  attempt=3  accepted  reason=success  P rel.= 6.449960e-14  objective=-4.591229e+01  upper=-4.875754e+01  gap=-2.845254e+00  wall=0.000000e+00s  cpu=0.000000e+00s  provider=0  solves=0  iterations=0
  certificate  stage=STEP 5 LOCAL  major=2  attempt=4  accepted  reason=success  P rel.=-1.184084e-09  objective=-4.910589e+01  upper=-4.875754e+01  gap= 3.483420e-01  wall=0.000000e+00s  cpu=0.000000e+00s  provider=0  solves=0  iterations=0
  certificate  stage=STEP 5  complete  reason=step5_complete  wall=7.393744e-02s  cpu=7.393900e-02s  provider=69  solves=3  iterations=64

STEP 6
  certificate  stage=STEP 6  complete  reason=insufficient_candidates  wall=3.690000e-06s  cpu=3.000000e-06s  provider=0  solves=0  iterations=0

STEP 7
  certificate  stage=STEP 7  complete  reason=continue_stage_ii  wall=9.700000e-07s  cpu=1.000000e-06s  provider=0  solves=0  iterations=0

STEP 4
  STAGE II STEP 4  major=3  upper=-4.876979e+01  LP_primal= 7.105427e-15  LP_dual= 1.387779e-17  active_cuts=8  certified
  certificate  stage=STEP 4  complete  reason=step4_complete  wall=3.348080e-04s  cpu=3.350000e-04s  provider=0  solves=1  iterations=1

STEP 5
  certificate  stage=STEP 5 LOCAL  major=3  attempt=5  accepted  reason=success  P rel.= 4.137168e-14  objective=-4.592432e+01  upper=-4.876979e+01  gap=-2.845467e+00  wall=0.000000e+00s  cpu=0.000000e+00s  provider=0  solves=0  iterations=0
  certificate  stage=STEP 5 LOCAL  major=3  attempt=6  accepted  reason=success  P rel.=-1.038881e-09  objective=-4.886189e+01  upper=-4.876979e+01  gap= 9.210192e-02  wall=0.000000e+00s  cpu=0.000000e+00s  provider=0  solves=0  iterations=0
  certificate  stage=STEP 5  complete  reason=step5_complete  wall=4.357706e-02s  cpu=4.357100e-02s  provider=39  solves=2  iterations=35

STEP 6
  certificate  stage=STEP 6  complete  reason=candidate_set  wall=3.730000e-06s  cpu=4.000000e-06s  provider=0  solves=0  iterations=0

STEP 8
  certificate  stage=STEP 8  complete  reason=problem_67_infeasible  wall=1.333090e-04s  cpu=1.340000e-04s  provider=2  solves=1  iterations=0

STEP 7
  certificate  stage=STEP 7  complete  reason=continue_stage_ii  wall=9.900000e-07s  cpu=1.000000e-06s  provider=0  solves=0  iterations=0

STEP 4
  STAGE II STEP 4  major=4  upper=-4.877670e+01  LP_primal= 7.105427e-15  LP_dual= 6.938894e-17  active_cuts=9  certified
  certificate  stage=STEP 4  complete  reason=step4_complete  wall=2.800380e-04s  cpu=2.800000e-04s  provider=0  solves=1  iterations=1

STEP 5
  certificate  stage=STEP 5 LOCAL  major=4  attempt=7  accepted  reason=success  P rel.=-9.810143e-10  objective=-4.880377e+01  upper=-4.877670e+01  gap= 2.706882e-02  wall=0.000000e+00s  cpu=0.000000e+00s  provider=0  solves=0  iterations=0
  certificate  stage=STEP 5  complete  reason=step5_complete  wall=2.027696e-02s  cpu=2.027900e-02s  provider=20  solves=1  iterations=15

STEP 6
  certificate  stage=STEP 6  complete  reason=candidate_set  wall=3.330000e-06s  cpu=3.000000e-06s  provider=0  solves=0  iterations=0

STEP 8
  certificate  stage=STEP 8  complete  reason=step8_complete  wall=5.697467e-02s  cpu=5.697600e-02s  provider=108  solves=1  iterations=14

STEP 9
  certificate  stage=STEP 9  failed  objective=-4.877713e+01  upper=-4.877670e+01  gap= 4.323910e-04  wall=0.000000e+00s  cpu=0.000000e+00s  provider=0  solves=0  iterations=0
  certificate  stage=STEP 9  complete  reason=paper_free_energy_convergence_failed  wall=2.214867e-03s  cpu=2.215000e-03s  provider=3  solves=0  iterations=0

STEP 7
  certificate  stage=STEP 7  complete  reason=continue_stage_ii  wall=1.030000e-06s  cpu=1.000000e-06s  provider=0  solves=0  iterations=0

STEP 4
  STAGE II STEP 4  major=5  upper=-4.878142e+01  LP_primal= 0.000000e+00  LP_dual= 2.775558e-17  active_cuts=10  certified
  certificate  stage=STEP 4  complete  reason=step4_complete  wall=3.119190e-04s  cpu=3.120000e-04s  provider=0  solves=1  iterations=1

STEP 5
  certificate  stage=STEP 5 LOCAL  major=5  attempt=8  accepted  reason=success  P rel.= 6.277578e-14  objective=-4.593608e+01  upper=-4.878142e+01  gap=-2.845339e+00  wall=0.000000e+00s  cpu=0.000000e+00s  provider=0  solves=0  iterations=0
  certificate  stage=STEP 5 LOCAL  major=5  attempt=9  accepted  reason=success  P rel.= 2.567056e-13  objective=-4.593608e+01  upper=-4.878142e+01  gap=-2.845339e+00  wall=0.000000e+00s  cpu=0.000000e+00s  provider=0  solves=0  iterations=0
  certificate  stage=STEP 5 LOCAL  major=5  attempt=10  accepted  reason=success  P rel.= 6.277578e-14  objective=-4.593608e+01  upper=-4.878142e+01  gap=-2.845339e+00  wall=0.000000e+00s  cpu=0.000000e+00s  provider=0  solves=0  iterations=0
  certificate  stage=STEP 5 LOCAL  major=5  attempt=11  accepted  reason=success  P rel.= 5.756123e-13  objective=-4.593608e+01  upper=-4.878142e+01  gap=-2.845339e+00  wall=0.000000e+00s  cpu=0.000000e+00s  provider=0  solves=0  iterations=0
  certificate  stage=STEP 5 LOCAL  major=5  attempt=12  accepted  reason=success  P rel.= 2.729382e-14  objective=-4.593608e+01  upper=-4.878142e+01  gap=-2.845339e+00  wall=0.000000e+00s  cpu=0.000000e+00s  provider=0  solves=0  iterations=0
  certificate  stage=STEP 5 LOCAL  major=5  attempt=13  accepted  reason=success  P rel.=-9.722896e-10  objective=-4.879220e+01  upper=-4.878142e+01  gap= 1.077652e-02  wall=0.000000e+00s  cpu=0.000000e+00s  provider=0  solves=0  iterations=0
  certificate  stage=STEP 5  complete  reason=step5_complete  wall=1.517936e-01s  cpu=1.517960e-01s  provider=146  solves=6  iterations=135

STEP 6
  certificate  stage=STEP 6  complete  reason=candidate_set  wall=3.620000e-06s  cpu=4.000000e-06s  provider=0  solves=0  iterations=0

STEP 8
  certificate  stage=STEP 8  complete  reason=step8_complete  wall=5.408051e-02s  cpu=5.408200e-02s  provider=108  solves=1  iterations=13

STEP 9
  certificate  stage=STEP 9  failed  objective=-4.878169e+01  upper=-4.878142e+01  gap= 2.639570e-04  wall=0.000000e+00s  cpu=0.000000e+00s  provider=0  solves=0  iterations=0
  certificate  stage=STEP 9  complete  reason=paper_free_energy_convergence_failed  wall=2.292137e-03s  cpu=2.292000e-03s  provider=3  solves=0  iterations=0

STEP 7
  certificate  stage=STEP 7  complete  reason=continue_stage_ii  wall=1.090000e-06s  cpu=1.000000e-06s  provider=0  solves=0  iterations=0

STEP 4
  STAGE II STEP 4  major=6  upper=-4.878203e+01  LP_primal= 0.000000e+00  LP_dual= 5.551115e-17  active_cuts=11  certified
  certificate  stage=STEP 4  complete  reason=step4_complete  wall=2.724790e-04s  cpu=2.730000e-04s  provider=0  solves=1  iterations=1

STEP 5
  certificate  stage=STEP 5 LOCAL  major=6  attempt=14  accepted  reason=success  P rel.= 5.889719e-14  objective=-4.593665e+01  upper=-4.878203e+01  gap=-2.845375e+00  wall=0.000000e+00s  cpu=0.000000e+00s  provider=0  solves=0  iterations=0
  certificate  stage=STEP 5 LOCAL  major=6  attempt=15  accepted  reason=success  P rel.= 6.019005e-14  objective=-4.593665e+01  upper=-4.878203e+01  gap=-2.845375e+00  wall=0.000000e+00s  cpu=0.000000e+00s  provider=0  solves=0  iterations=0
  certificate  stage=STEP 5 LOCAL  major=6  attempt=16  accepted  reason=success  P rel.=-9.955701e-10  objective=-4.878466e+01  upper=-4.878203e+01  gap= 2.635421e-03  wall=0.000000e+00s  cpu=0.000000e+00s  provider=0  solves=0  iterations=0
  certificate  stage=STEP 5  complete  reason=step5_complete  wall=6.494930e-02s  cpu=6.494300e-02s  provider=64  solves=3  iterations=57

STEP 6
  certificate  stage=STEP 6  complete  reason=candidate_set  wall=5.350000e-06s  cpu=5.000000e-06s  provider=0  solves=0  iterations=0

STEP 8
  certificate  stage=STEP 8  complete  reason=step8_complete  wall=5.190480e-02s  cpu=5.190700e-02s  provider=105  solves=1  iterations=12

STEP 9
  certificate  stage=STEP 9  failed  objective=-4.878242e+01  upper=-4.878203e+01  gap= 3.925750e-04  wall=0.000000e+00s  cpu=0.000000e+00s  provider=0  solves=0  iterations=0
  certificate  stage=STEP 9  complete  reason=paper_free_energy_convergence_failed  wall=2.360326e-03s  cpu=2.361000e-03s  provider=3  solves=0  iterations=0

STEP 7
  certificate  stage=STEP 7  complete  reason=continue_stage_ii  wall=1.220000e-06s  cpu=2.000000e-06s  provider=0  solves=0  iterations=0

STEP 4
  STAGE II STEP 4  major=7  upper=-4.878232e+01  LP_primal= 0.000000e+00  LP_dual= 1.387779e-17  active_cuts=12  certified
  certificate  stage=STEP 4  complete  reason=step4_complete  wall=3.245190e-04s  cpu=3.250000e-04s  provider=0  solves=1  iterations=1

STEP 5
  certificate  stage=STEP 5 LOCAL  major=7  attempt=17  accepted  reason=success  P rel.= 5.559320e-14  objective=-4.593693e+01  upper=-4.878232e+01  gap=-2.845391e+00  wall=0.000000e+00s  cpu=0.000000e+00s  provider=0  solves=0  iterations=0
  certificate  stage=STEP 5 LOCAL  major=7  attempt=18  accepted  reason=success  P rel.= 4.783601e-14  objective=-4.593693e+01  upper=-4.878232e+01  gap=-2.845391e+00  wall=0.000000e+00s  cpu=0.000000e+00s  provider=0  solves=0  iterations=0
  certificate  stage=STEP 5 LOCAL  major=7  attempt=19  accepted  reason=success  P rel.=-9.755391e-10  objective=-4.878298e+01  upper=-4.878232e+01  gap= 6.578769e-04  wall=0.000000e+00s  cpu=0.000000e+00s  provider=0  solves=0  iterations=0
  certificate  stage=STEP 5  complete  reason=step5_complete  wall=8.041674e-02s  cpu=8.041900e-02s  provider=65  solves=3  iterations=59

STEP 6
  certificate  stage=STEP 6  complete  reason=candidate_set  wall=5.350000e-06s  cpu=5.000000e-06s  provider=0  solves=0  iterations=0

STEP 8
  certificate  stage=STEP 8  complete  reason=step8_complete  wall=2.007359e-01s  cpu=2.007030e-01s  provider=544  solves=2  iterations=47

STEP 9
  certificate  stage=STEP 9  failed  objective=-4.878251e+01  upper=-4.878232e+01  gap= 1.858447e-04  wall=0.000000e+00s  cpu=0.000000e+00s  provider=0  solves=0  iterations=0
  certificate  stage=STEP 9  complete  reason=paper_free_energy_convergence_failed  wall=1.585131e-03s  cpu=1.585000e-03s  provider=2  solves=0  iterations=0

STEP 7
  certificate  stage=STEP 7  complete  reason=continue_stage_ii  wall=9.700000e-07s  cpu=1.000000e-06s  provider=0  solves=0  iterations=0

STEP 4
  STAGE II STEP 4  major=8  upper=-4.878246e+01  LP_primal= 0.000000e+00  LP_dual= 5.551115e-17  active_cuts=13  certified
  certificate  stage=STEP 4  complete  reason=step4_complete  wall=2.582290e-04s  cpu=2.590000e-04s  provider=0  solves=1  iterations=1

STEP 5
  certificate  stage=STEP 5 LOCAL  major=8  attempt=20  accepted  reason=success  P rel.= 5.243286e-14  objective=-4.593708e+01  upper=-4.878246e+01  gap=-2.845383e+00  wall=0.000000e+00s  cpu=0.000000e+00s  provider=0  solves=0  iterations=0
  certificate  stage=STEP 5 LOCAL  major=8  attempt=23  accepted  reason=success  P rel.= 6.952741e-14  objective=-4.593708e+01  upper=-4.878246e+01  gap=-2.845383e+00  wall=0.000000e+00s  cpu=0.000000e+00s  provider=0  solves=0  iterations=0
  certificate  stage=STEP 5 LOCAL  major=8  attempt=24  accepted  reason=success  P rel.=-3.449040e-08  objective=-4.878251e+01  upper=-4.878246e+01  gap= 4.468458e-05  wall=0.000000e+00s  cpu=0.000000e+00s  provider=0  solves=0  iterations=0
  certificate  stage=STEP 5  complete  reason=step5_complete  wall=7.950430e-02s  cpu=7.950600e-02s  provider=73  solves=5  iterations=60

STEP 6
  certificate  stage=STEP 6  complete  reason=candidate_set  wall=5.680000e-06s  cpu=5.000000e-06s  provider=0  solves=0  iterations=0

STEP 8
  certificate  stage=STEP 8  complete  reason=step8_complete  wall=3.352778e-02s  cpu=3.352200e-02s  provider=60  solves=1  iterations=11

STEP 9
  certificate  stage=STEP 9  failed  objective=-4.878251e+01  upper=-4.878246e+01  gap= 4.509994e-05  wall=0.000000e+00s  cpu=0.000000e+00s  provider=0  solves=0  iterations=0
  certificate  stage=STEP 9  complete  reason=paper_potential_convergence_failed  wall=1.537961e-03s  cpu=1.539000e-03s  provider=2  solves=0  iterations=0

STEP 7
  certificate  stage=STEP 7  complete  reason=continue_stage_ii  wall=1.110000e-06s  cpu=1.000000e-06s  provider=0  solves=0  iterations=0

STEP 4
  STAGE II STEP 4  major=9  upper=-4.878250e+01  LP_primal= 0.000000e+00  LP_dual= 1.110223e-16  active_cuts=14  certified
  certificate  stage=STEP 4  complete  reason=step4_complete  wall=3.236980e-04s  cpu=3.240000e-04s  provider=0  solves=1  iterations=1

STEP 5
  certificate  stage=STEP 5 LOCAL  major=9  attempt=25  accepted  reason=success  P rel.= 4.381376e-14  objective=-4.593707e+01  upper=-4.878250e+01  gap=-2.845428e+00  wall=0.000000e+00s  cpu=0.000000e+00s  provider=0  solves=0  iterations=0
  certificate  stage=STEP 5 LOCAL  major=9  attempt=26  accepted  reason=success  P rel.=-9.805246e-10  objective=-4.878266e+01  upper=-4.878250e+01  gap= 1.654917e-04  wall=0.000000e+00s  cpu=0.000000e+00s  provider=0  solves=0  iterations=0
  certificate  stage=STEP 5  complete  reason=step5_complete  wall=4.506040e-02s  cpu=4.506100e-02s  provider=43  solves=2  iterations=40

STEP 6
  certificate  stage=STEP 6  complete  reason=candidate_set  wall=4.680000e-06s  cpu=5.000000e-06s  provider=0  solves=0  iterations=0

STEP 8
  certificate  stage=STEP 8  complete  reason=step8_complete  wall=5.117927e-02s  cpu=5.117400e-02s  provider=108  solves=2  iterations=13

STEP 9
  certificate  stage=STEP 9  failed  objective=-4.878251e+01  upper=-4.878250e+01  gap= 1.021313e-05  wall=0.000000e+00s  cpu=0.000000e+00s  provider=0  solves=0  iterations=0
  certificate  stage=STEP 9  complete  reason=paper_potential_convergence_failed  wall=1.577511e-03s  cpu=1.578000e-03s  provider=2  solves=0  iterations=0

STEP 7
  certificate  stage=STEP 7  complete  reason=continue_stage_ii  wall=8.900000e-07s  cpu=1.000000e-06s  provider=0  solves=0  iterations=0

STEP 4
  STAGE II STEP 4  major=10  upper=-4.878250e+01  LP_primal= 0.000000e+00  LP_dual= 3.295975e-17  active_cuts=15  certified
  certificate  stage=STEP 4  complete  reason=step4_complete  wall=2.632680e-04s  cpu=2.640000e-04s  provider=0  solves=1  iterations=1

STEP 5
  certificate  stage=STEP 5 LOCAL  major=10  attempt=27  accepted  reason=success  P rel.= 6.019005e-14  objective=-4.593706e+01  upper=-4.878250e+01  gap=-2.845436e+00  wall=0.000000e+00s  cpu=0.000000e+00s  provider=0  solves=0  iterations=0
  certificate  stage=STEP 5 LOCAL  major=10  attempt=28  accepted  reason=success  P rel.= 6.521786e-14  objective=-4.593706e+01  upper=-4.878250e+01  gap=-2.845436e+00  wall=0.000000e+00s  cpu=0.000000e+00s  provider=0  solves=0  iterations=0
  certificate  stage=STEP 5 LOCAL  major=10  attempt=29  accepted  reason=success  P rel.= 2.226601e-14  objective=-4.593706e+01  upper=-4.878250e+01  gap=-2.845436e+00  wall=0.000000e+00s  cpu=0.000000e+00s  provider=0  solves=0  iterations=0
  certificate  stage=STEP 5 LOCAL  major=10  attempt=30  accepted  reason=success  P rel.= 4.668680e-14  objective=-4.593706e+01  upper=-4.878250e+01  gap=-2.845436e+00  wall=0.000000e+00s  cpu=0.000000e+00s  provider=0  solves=0  iterations=0
  certificate  stage=STEP 5 LOCAL  major=10  attempt=31  accepted  reason=success  P rel.= 4.553758e-14  objective=-4.593706e+01  upper=-4.878250e+01  gap=-2.845436e+00  wall=0.000000e+00s  cpu=0.000000e+00s  provider=0  solves=0  iterations=0
  certificate  stage=STEP 5 LOCAL  major=10  attempt=32  accepted  reason=success  P rel.= 4.223359e-14  objective=-4.593706e+01  upper=-4.878250e+01  gap=-2.845436e+00  wall=0.000000e+00s  cpu=0.000000e+00s  provider=0  solves=0  iterations=0
  certificate  stage=STEP 5 LOCAL  major=10  attempt=33  accepted  reason=success  P rel.= 4.381376e-14  objective=-4.593706e+01  upper=-4.878250e+01  gap=-2.845436e+00  wall=0.000000e+00s  cpu=0.000000e+00s  provider=0  solves=0  iterations=0
  certificate  stage=STEP 5 LOCAL  major=10  attempt=34  accepted  reason=success  P rel.= 1.493977e-14  objective=-4.593706e+01  upper=-4.878250e+01  gap=-2.845436e+00  wall=0.000000e+00s  cpu=0.000000e+00s  provider=0  solves=0  iterations=0
  certificate  stage=STEP 5 LOCAL  major=10  attempt=35  accepted  reason=success  P rel.= 3.806770e-14  objective=-4.593706e+01  upper=-4.878250e+01  gap=-2.845436e+00  wall=0.000000e+00s  cpu=0.000000e+00s  provider=0  solves=0  iterations=0
  certificate  stage=STEP 5 LOCAL  major=10  attempt=36  accepted  reason=success  P rel.=-9.786106e-10  objective=-4.878254e+01  upper=-4.878250e+01  gap= 4.125014e-05  wall=0.000000e+00s  cpu=0.000000e+00s  provider=0  solves=0  iterations=0
  certificate  stage=STEP 5  complete  reason=step5_complete  wall=2.499440e-01s  cpu=2.499230e-01s  provider=236  solves=10  iterations=223

STEP 6
  certificate  stage=STEP 6  complete  reason=candidate_set  wall=5.520000e-06s  cpu=6.000000e-06s  provider=0  solves=0  iterations=0

STEP 8
  certificate  stage=STEP 8  complete  reason=step8_complete  wall=7.182731e-02s  cpu=7.182300e-02s  provider=148  solves=1  iterations=18

STEP 9
  certificate  stage=STEP 9  failed  objective=-4.878251e+01  upper=-4.878250e+01  gap= 4.862589e-06  wall=0.000000e+00s  cpu=0.000000e+00s  provider=0  solves=0  iterations=0
  certificate  stage=STEP 9  complete  reason=paper_potential_convergence_failed  wall=1.605331e-03s  cpu=1.606000e-03s  provider=2  solves=0  iterations=0

STEP 7
  certificate  stage=STEP 7  complete  reason=continue_stage_ii  wall=1.170000e-06s  cpu=1.000000e-06s  provider=0  solves=0  iterations=0

STEP 4
  STAGE II STEP 4  major=11  upper=-4.878250e+01  LP_primal= 0.000000e+00  LP_dual= 1.734723e-17  active_cuts=16  certified
  certificate  stage=STEP 4  complete  reason=step4_complete  wall=3.716580e-04s  cpu=3.720000e-04s  provider=0  solves=1  iterations=1

STEP 5
  certificate  stage=STEP 5 LOCAL  major=11  attempt=37  accepted  reason=success  P rel.=-3.445212e-08  objective=-4.878250e+01  upper=-4.878250e+01  gap= 3.514179e-07  wall=0.000000e+00s  cpu=0.000000e+00s  provider=0  solves=0  iterations=0
  certificate  stage=STEP 5  complete  reason=step5_complete  wall=3.028661e-02s  cpu=3.027800e-02s  provider=28  solves=1  iterations=24

STEP 6
  certificate  stage=STEP 6  complete  reason=candidate_set  wall=5.750000e-06s  cpu=6.000000e-06s  provider=0  solves=0  iterations=0

STEP 8
  certificate  stage=STEP 8  complete  reason=step8_complete  wall=6.976621e-02s  cpu=6.976800e-02s  provider=133  solves=1  iterations=18

STEP 9
  certificate  stage=STEP 9  failed  objective=-4.878251e+01  upper=-4.878250e+01  gap= 2.217775e-06  wall=0.000000e+00s  cpu=0.000000e+00s  provider=0  solves=0  iterations=0
  certificate  stage=STEP 9  complete  reason=paper_potential_convergence_failed  wall=1.592261e-03s  cpu=1.593000e-03s  provider=2  solves=0  iterations=0

STEP 7
  certificate  stage=STEP 7  complete  reason=continue_stage_ii  wall=1.219000e-06s  cpu=1.000000e-06s  provider=0  solves=0  iterations=0

STEP 4
  STAGE II STEP 4  major=12  upper=-4.878250e+01  LP_primal= 0.000000e+00  LP_dual= 4.163336e-17  active_cuts=17  certified
  certificate  stage=STEP 4  complete  reason=step4_complete  wall=3.386080e-04s  cpu=3.390000e-04s  provider=0  solves=1  iterations=1

STEP 5
  certificate  stage=STEP 5 LOCAL  major=12  attempt=38  accepted  reason=success  P rel.= 5.501859e-14  objective=-4.593706e+01  upper=-4.878250e+01  gap=-2.845441e+00  wall=0.000000e+00s  cpu=0.000000e+00s  provider=0  solves=0  iterations=0
  certificate  stage=STEP 5 LOCAL  major=12  attempt=39  accepted  reason=success  P rel.= 4.625584e-14  objective=-4.593706e+01  upper=-4.878250e+01  gap=-2.845441e+00  wall=0.000000e+00s  cpu=0.000000e+00s  provider=0  solves=0  iterations=0
  certificate  stage=STEP 5 LOCAL  major=12  attempt=40  accepted  reason=success  P rel.= 4.596854e-14  objective=-4.593706e+01  upper=-4.878250e+01  gap=-2.845441e+00  wall=0.000000e+00s  cpu=0.000000e+00s  provider=0  solves=0  iterations=0
  certificate  stage=STEP 5 LOCAL  major=12  attempt=41  accepted  reason=success  P rel.= 5.688607e-14  objective=-4.593706e+01  upper=-4.878250e+01  gap=-2.845441e+00  wall=0.000000e+00s  cpu=0.000000e+00s  provider=0  solves=0  iterations=0
  certificate  stage=STEP 5 LOCAL  major=12  attempt=42  accepted  reason=success  P rel.= 6.306309e-14  objective=-4.593706e+01  upper=-4.878250e+01  gap=-2.845441e+00  wall=0.000000e+00s  cpu=0.000000e+00s  provider=0  solves=0  iterations=0
  certificate  stage=STEP 5 LOCAL  major=12  attempt=43  accepted  reason=success  P rel.=-3.444179e-08  objective=-4.878250e+01  upper=-4.878250e+01  gap=-7.105427e-15  wall=0.000000e+00s  cpu=0.000000e+00s  provider=0  solves=0  iterations=0
  certificate  stage=STEP 5  complete  reason=step5_complete  wall=1.442882e-01s  cpu=1.442800e-01s  provider=136  solves=6  iterations=130

STEP 6
  certificate  stage=STEP 6  complete  reason=candidate_set  wall=8.140000e-06s  cpu=8.000000e-06s  provider=0  solves=0  iterations=0

STEP 8
  certificate  stage=STEP 8  complete  reason=step8_complete  wall=6.841610e-02s  cpu=6.841700e-02s  provider=139  solves=1  iterations=19

STEP 9
  certificate  stage=STEP 9  failed  objective=-4.878251e+01  upper=-4.878250e+01  gap= 1.942550e-06  wall=0.000000e+00s  cpu=0.000000e+00s  provider=0  solves=0  iterations=0
  certificate  stage=STEP 9  complete  reason=paper_potential_convergence_failed  wall=1.569511e-03s  cpu=1.570000e-03s  provider=2  solves=0  iterations=0

STEP 7
  certificate  stage=STEP 7  complete  reason=continue_stage_ii  wall=1.050000e-06s  cpu=1.000000e-06s  provider=0  solves=0  iterations=0

STEP 4
  STAGE II STEP 4  major=13  upper=-4.878250e+01  LP_primal= 0.000000e+00  LP_dual= 4.163336e-17  active_cuts=18  certified
  certificate  stage=STEP 4  complete  reason=step4_complete  wall=3.361990e-04s  cpu=3.370000e-04s  provider=0  solves=1  iterations=1

STEP 5
  certificate  stage=STEP 5 LOCAL  major=13  attempt=44  accepted  reason=success  P rel.= 6.694168e-14  objective=-4.593706e+01  upper=-4.878250e+01  gap=-2.845441e+00  wall=0.000000e+00s  cpu=0.000000e+00s  provider=0  solves=0  iterations=0
  certificate  stage=STEP 5 LOCAL  major=13  attempt=45  accepted  reason=success  P rel.= 5.228921e-14  objective=-4.593706e+01  upper=-4.878250e+01  gap=-2.845441e+00  wall=0.000000e+00s  cpu=0.000000e+00s  provider=0  solves=0  iterations=0
  certificate  stage=STEP 5 LOCAL  major=13  attempt=47  accepted  reason=success  P rel.=-3.444179e-08  objective=-4.878250e+01  upper=-4.878250e+01  gap=-7.105427e-15  wall=0.000000e+00s  cpu=0.000000e+00s  provider=0  solves=0  iterations=0
  certificate  stage=STEP 5  complete  reason=step5_complete  wall=7.506905e-02s  cpu=7.507000e-02s  provider=74  solves=4  iterations=65

STEP 6
  certificate  stage=STEP 6  complete  reason=candidate_set  wall=8.350000e-06s  cpu=8.000000e-06s  provider=0  solves=0  iterations=0

STEP 8
  certificate  stage=STEP 8  complete  reason=step8_complete  wall=6.544941e-02s  cpu=6.545100e-02s  provider=133  solves=1  iterations=18

STEP 9
  certificate  stage=STEP 9  failed  objective=-4.878251e+01  upper=-4.878250e+01  gap= 1.943127e-06  wall=0.000000e+00s  cpu=0.000000e+00s  provider=0  solves=0  iterations=0
  certificate  stage=STEP 9  complete  reason=paper_potential_convergence_failed  wall=1.566261e-03s  cpu=1.567000e-03s  provider=2  solves=0  iterations=0

STEP 7
  certificate  stage=STEP 7  complete  reason=continue_stage_ii  wall=1.080000e-06s  cpu=1.000000e-06s  provider=0  solves=0  iterations=0

STEP 4
  STAGE II STEP 4  major=14  upper=-4.878250e+01  LP_primal= 0.000000e+00  LP_dual= 4.163336e-17  active_cuts=19  certified
  certificate  stage=STEP 4  complete  reason=step4_complete  wall=3.349680e-04s  cpu=3.350000e-04s  provider=0  solves=1  iterations=1

STEP 5
  certificate  stage=STEP 5 LOCAL  major=14  attempt=48  accepted  reason=success  P rel.= 4.351209e-13  objective=-4.593706e+01  upper=-4.878250e+01  gap=-2.845441e+00  wall=0.000000e+00s  cpu=0.000000e+00s  provider=0  solves=0  iterations=0
  certificate  stage=STEP 5 LOCAL  major=14  attempt=49  accepted  reason=success  P rel.= 5.228921e-14  objective=-4.593706e+01  upper=-4.878250e+01  gap=-2.845441e+00  wall=0.000000e+00s  cpu=0.000000e+00s  provider=0  solves=0  iterations=0
  certificate  stage=STEP 5 LOCAL  major=14  attempt=50  accepted  reason=success  P rel.= 4.065343e-14  objective=-4.593706e+01  upper=-4.878250e+01  gap=-2.845441e+00  wall=0.000000e+00s  cpu=0.000000e+00s  provider=0  solves=0  iterations=0
  certificate  stage=STEP 5 LOCAL  major=14  attempt=51  accepted  reason=success  P rel.= 4.596854e-14  objective=-4.593706e+01  upper=-4.878250e+01  gap=-2.845441e+00  wall=0.000000e+00s  cpu=0.000000e+00s  provider=0  solves=0  iterations=0
  certificate  stage=STEP 5 LOCAL  major=14  attempt=52  accepted  reason=success  P rel.= 3.462005e-14  objective=-4.593706e+01  upper=-4.878250e+01  gap=-2.845441e+00  wall=0.000000e+00s  cpu=0.000000e+00s  provider=0  solves=0  iterations=0
  certificate  stage=STEP 5 LOCAL  major=14  attempt=53  accepted  reason=success  P rel.= 4.596854e-14  objective=-4.593706e+01  upper=-4.878250e+01  gap=-2.845441e+00  wall=0.000000e+00s  cpu=0.000000e+00s  provider=0  solves=0  iterations=0
  certificate  stage=STEP 5 LOCAL  major=14  attempt=54  accepted  reason=success  P rel.= 5.214556e-14  objective=-4.593706e+01  upper=-4.878250e+01  gap=-2.845441e+00  wall=0.000000e+00s  cpu=0.000000e+00s  provider=0  solves=0  iterations=0
  certificate  stage=STEP 5 LOCAL  major=14  attempt=55  accepted  reason=success  P rel.= 5.332350e-13  objective=-4.593706e+01  upper=-4.878250e+01  gap=-2.845441e+00  wall=0.000000e+00s  cpu=0.000000e+00s  provider=0  solves=0  iterations=0
  certificate  stage=STEP 5 LOCAL  major=14  attempt=56  accepted  reason=success  P rel.= 3.466315e-13  objective=-4.593706e+01  upper=-4.878250e+01  gap=-2.845441e+00  wall=0.000000e+00s  cpu=0.000000e+00s  provider=0  solves=0  iterations=0
  certificate  stage=STEP 5 LOCAL  major=14  attempt=57  accepted  reason=success  P rel.= 4.309550e-14  objective=-4.593706e+01  upper=-4.878250e+01  gap=-2.845441e+00  wall=0.000000e+00s  cpu=0.000000e+00s  provider=0  solves=0  iterations=0
  certificate  stage=STEP 5 LOCAL  major=14  attempt=59  accepted  reason=success  P rel.= 6.083649e-13  objective=-4.593706e+01  upper=-4.878250e+01  gap=-2.845441e+00  wall=0.000000e+00s  cpu=0.000000e+00s  provider=0  solves=0  iterations=0
  certificate  stage=STEP 5 LOCAL  major=14  attempt=60  accepted  reason=success  P rel.= 2.011124e-14  objective=-4.593706e+01  upper=-4.878250e+01  gap=-2.845441e+00  wall=0.000000e+00s  cpu=0.000000e+00s  provider=0  solves=0  iterations=0
  certificate  stage=STEP 5 LOCAL  major=14  attempt=61  accepted  reason=success  P rel.= 5.501859e-14  objective=-4.593706e+01  upper=-4.878250e+01  gap=-2.845441e+00  wall=0.000000e+00s  cpu=0.000000e+00s  provider=0  solves=0  iterations=0
  certificate  stage=STEP 5 LOCAL  major=14  attempt=62  accepted  reason=success  P rel.=-9.874687e-10  objective=-4.878251e+01  upper=-4.878250e+01  gap= 1.030062e-05  wall=0.000000e+00s  cpu=0.000000e+00s  provider=0  solves=0  iterations=0
  certificate  stage=STEP 5  complete  reason=step5_complete  wall=3.466883e-01s  cpu=3.466760e-01s  provider=336  solves=15  iterations=311

STEP 6
  certificate  stage=STEP 6  complete  reason=candidate_set  wall=8.840000e-06s  cpu=9.000000e-06s  provider=0  solves=0  iterations=0

STEP 8
  certificate  stage=STEP 8  complete  reason=step8_complete  wall=6.805853e-02s  cpu=6.806000e-02s  provider=139  solves=1  iterations=19

STEP 9
  certificate  stage=STEP 9  failed  objective=-4.878251e+01  upper=-4.878250e+01  gap= 1.942550e-06  wall=0.000000e+00s  cpu=0.000000e+00s  provider=0  solves=0  iterations=0
  certificate  stage=STEP 9  complete  reason=paper_potential_convergence_failed  wall=1.603851e-03s  cpu=1.604000e-03s  provider=2  solves=0  iterations=0

STEP 7
  certificate  stage=STEP 7  complete  reason=continue_stage_ii  wall=1.020000e-06s  cpu=1.000000e-06s  provider=0  solves=0  iterations=0

STEP 4
  STAGE II STEP 4  major=15  upper=-4.878251e+01  LP_primal= 1.378453e-12  LP_dual= 4.163336e-17  active_cuts=20  certified
  certificate  stage=STEP 4  complete  reason=step4_complete  wall=3.244380e-04s  cpu=3.250000e-04s  provider=0  solves=1  iterations=1

STEP 5
  certificate  stage=STEP 5 LOCAL  major=15  attempt=63  accepted  reason=success  P rel.=-9.887150e-10  objective=-4.878251e+01  upper=-4.878251e+01  gap= 2.577124e-06  wall=0.000000e+00s  cpu=0.000000e+00s  provider=0  solves=0  iterations=0
  certificate  stage=STEP 5  complete  reason=step5_complete  wall=1.953971e-02s  cpu=1.954100e-02s  provider=20  solves=1  iterations=16

STEP 6
  certificate  stage=STEP 6  complete  reason=candidate_set  wall=7.310000e-06s  cpu=7.000000e-06s  provider=0  solves=0  iterations=0

STEP 8
  certificate  stage=STEP 8  complete  reason=step8_complete  wall=6.554613e-02s  cpu=6.554800e-02s  provider=133  solves=1  iterations=18

STEP 9
  certificate  stage=STEP 9  failed  objective=-4.878251e+01  upper=-4.878251e+01  gap= 5.308231e-07  wall=0.000000e+00s  cpu=0.000000e+00s  provider=0  solves=0  iterations=0
  certificate  stage=STEP 9  complete  reason=paper_potential_convergence_failed  wall=1.564021e-03s  cpu=1.564000e-03s  provider=2  solves=0  iterations=0

STEP 7
  certificate  stage=STEP 7  complete  reason=continue_stage_ii  wall=1.080000e-06s  cpu=1.000000e-06s  provider=0  solves=0  iterations=0

STEP 4
  STAGE II STEP 4  major=16  upper=-4.878251e+01  LP_primal= 6.892265e-13  LP_dual= 2.775558e-17  active_cuts=21  certified
  certificate  stage=STEP 4  complete  reason=step4_complete  wall=3.499080e-04s  cpu=3.510000e-04s  provider=0  solves=1  iterations=1

STEP 5
  certificate  stage=STEP 5 LOCAL  major=16  attempt=64  accepted  reason=success  P rel.=-1.693182e-09  objective=-4.878251e+01  upper=-4.878251e+01  gap= 6.445287e-07  wall=0.000000e+00s  cpu=0.000000e+00s  provider=0  solves=0  iterations=0
  certificate  stage=STEP 5  complete  reason=step5_complete  wall=1.915061e-02s  cpu=1.915200e-02s  provider=18  solves=1  iterations=16

STEP 6
  certificate  stage=STEP 6  complete  reason=candidate_set  wall=6.860000e-06s  cpu=7.000000e-06s  provider=0  solves=0  iterations=0

STEP 8
  certificate  stage=STEP 8  complete  reason=step8_complete  wall=6.817409e-02s  cpu=6.817600e-02s  provider=139  solves=1  iterations=19

STEP 9
  certificate  stage=STEP 9  failed  objective=-4.878251e+01  upper=-4.878251e+01  gap= 1.115239e-07  wall=0.000000e+00s  cpu=0.000000e+00s  provider=0  solves=0  iterations=0
  certificate  stage=STEP 9  complete  reason=paper_potential_convergence_failed  wall=1.657830e-03s  cpu=1.658000e-03s  provider=2  solves=0  iterations=0

STEP 7
  certificate  stage=STEP 7  complete  reason=continue_stage_ii  wall=1.020000e-06s  cpu=1.000000e-06s  provider=0  solves=0  iterations=0

STEP 4
  STAGE II STEP 4  major=17  upper=-4.878251e+01  LP_primal= 1.037392e-12  LP_dual= 1.387779e-17  active_cuts=22  certified
  certificate  stage=STEP 4  complete  reason=step4_complete  wall=3.617180e-04s  cpu=3.620000e-04s  provider=0  solves=1  iterations=1

STEP 5
  certificate  stage=STEP 5 LOCAL  major=17  attempt=65  accepted  reason=success  P rel.= 4.955983e-14  objective=-4.593706e+01  upper=-4.878251e+01  gap=-2.845443e+00  wall=0.000000e+00s  cpu=0.000000e+00s  provider=0  solves=0  iterations=0
  certificate  stage=STEP 5 LOCAL  major=17  attempt=66  accepted  reason=success  P rel.= 5.329477e-14  objective=-4.593706e+01  upper=-4.878251e+01  gap=-2.845443e+00  wall=0.000000e+00s  cpu=0.000000e+00s  provider=0  solves=0  iterations=0
  certificate  stage=STEP 5 LOCAL  major=17  attempt=67  accepted  reason=success  P rel.= 6.938376e-14  objective=-4.593706e+01  upper=-4.878251e+01  gap=-2.845443e+00  wall=0.000000e+00s  cpu=0.000000e+00s  provider=0  solves=0  iterations=0
  certificate  stage=STEP 5 LOCAL  major=17  attempt=68  accepted  reason=success  P rel.= 5.171460e-14  objective=-4.593706e+01  upper=-4.878251e+01  gap=-2.845443e+00  wall=0.000000e+00s  cpu=0.000000e+00s  provider=0  solves=0  iterations=0
  certificate  stage=STEP 5 LOCAL  major=17  attempt=69  accepted  reason=success  P rel.= 2.384618e-14  objective=-4.593706e+01  upper=-4.878251e+01  gap=-2.845443e+00  wall=0.000000e+00s  cpu=0.000000e+00s  provider=0  solves=0  iterations=0
  certificate  stage=STEP 5 LOCAL  major=17  attempt=70  accepted  reason=success  P rel.=-9.752276e-10  objective=-4.878251e+01  upper=-4.878251e+01  gap= 1.611013e-07  wall=0.000000e+00s  cpu=0.000000e+00s  provider=0  solves=0  iterations=0
  certificate  stage=STEP 5  complete  reason=step5_complete  wall=1.481150e-01s  cpu=1.481110e-01s  provider=134  solves=6  iterations=128

STEP 6
  certificate  stage=STEP 6  complete  reason=candidate_set  wall=9.790000e-06s  cpu=9.000000e-06s  provider=0  solves=0  iterations=0

STEP 8
  certificate  stage=STEP 8  complete  reason=step8_complete  wall=6.791391e-02s  cpu=6.788900e-02s  provider=133  solves=1  iterations=18

STEP 9
  certificate  stage=STEP 9  failed  objective=-4.878251e+01  upper=-4.878251e+01  gap= 3.996942e-08  wall=0.000000e+00s  cpu=0.000000e+00s  provider=0  solves=0  iterations=0
  certificate  stage=STEP 9  complete  reason=paper_potential_convergence_failed  wall=1.563811e-03s  cpu=1.564000e-03s  provider=2  solves=0  iterations=0

STEP 7
  certificate  stage=STEP 7  complete  reason=continue_stage_ii  wall=1.090000e-06s  cpu=1.000000e-06s  provider=0  solves=0  iterations=0

STEP 4
  STAGE II STEP 4  major=18  upper=-4.878251e+01  LP_primal= 8.597567e-13  LP_dual= 5.551115e-17  active_cuts=23  certified
  certificate  stage=STEP 4  complete  reason=step4_complete  wall=3.521980e-04s  cpu=3.530000e-04s  provider=0  solves=1  iterations=1

STEP 5
  certificate  stage=STEP 5 LOCAL  major=18  attempt=71  accepted  reason=success  P rel.= 5.027809e-14  objective=-4.593706e+01  upper=-4.878251e+01  gap=-2.845443e+00  wall=0.000000e+00s  cpu=0.000000e+00s  provider=0  solves=0  iterations=0
  certificate  stage=STEP 5 LOCAL  major=18  attempt=72  accepted  reason=success  P rel.= 3.390180e-14  objective=-4.593706e+01  upper=-4.878251e+01  gap=-2.845443e+00  wall=0.000000e+00s  cpu=0.000000e+00s  provider=0  solves=0  iterations=0
  certificate  stage=STEP 5 LOCAL  major=18  attempt=73  accepted  reason=success  P rel.= 2.166267e-13  objective=-4.593706e+01  upper=-4.878251e+01  gap=-2.845443e+00  wall=0.000000e+00s  cpu=0.000000e+00s  provider=0  solves=0  iterations=0
  certificate  stage=STEP 5 LOCAL  major=18  attempt=74  accepted  reason=success  P rel.= 2.252458e-13  objective=-4.593706e+01  upper=-4.878251e+01  gap=-2.845443e+00  wall=0.000000e+00s  cpu=0.000000e+00s  provider=0  solves=0  iterations=0
  certificate  stage=STEP 5 LOCAL  major=18  attempt=75  accepted  reason=success  P rel.= 3.591292e-14  objective=-4.593706e+01  upper=-4.878251e+01  gap=-2.845443e+00  wall=0.000000e+00s  cpu=0.000000e+00s  provider=0  solves=0  iterations=0
  certificate  stage=STEP 5 LOCAL  major=18  attempt=76  accepted  reason=success  P rel.= 6.893844e-13  objective=-4.593706e+01  upper=-4.878251e+01  gap=-2.845443e+00  wall=0.000000e+00s  cpu=0.000000e+00s  provider=0  solves=0  iterations=0
  certificate  stage=STEP 5 LOCAL  major=18  attempt=77  accepted  reason=success  P rel.= 2.423404e-13  objective=-4.593706e+01  upper=-4.878251e+01  gap=-2.845443e+00  wall=0.000000e+00s  cpu=0.000000e+00s  provider=0  solves=0  iterations=0
  certificate  stage=STEP 5 LOCAL  major=18  attempt=78  accepted  reason=success  P rel.= 4.237725e-14  objective=-4.593706e+01  upper=-4.878251e+01  gap=-2.845443e+00  wall=0.000000e+00s  cpu=0.000000e+00s  provider=0  solves=0  iterations=0
  certificate  stage=STEP 5 LOCAL  major=18  attempt=79  accepted  reason=success  P rel.= 3.634388e-14  objective=-4.593706e+01  upper=-4.878251e+01  gap=-2.845443e+00  wall=0.000000e+00s  cpu=0.000000e+00s  provider=0  solves=0  iterations=0
  certificate  stage=STEP 5 LOCAL  major=18  attempt=80  accepted  reason=success  P rel.= 3.318354e-14  objective=-4.593706e+01  upper=-4.878251e+01  gap=-2.845443e+00  wall=0.000000e+00s  cpu=0.000000e+00s  provider=0  solves=0  iterations=0
  certificate  stage=STEP 5 LOCAL  major=18  attempt=81  accepted  reason=success  P rel.= 1.649121e-13  objective=-4.593706e+01  upper=-4.878251e+01  gap=-2.845443e+00  wall=0.000000e+00s  cpu=0.000000e+00s  provider=0  solves=0  iterations=0
  certificate  stage=STEP 5 LOCAL  major=18  attempt=82  accepted  reason=success  P rel.= 3.059781e-14  objective=-4.593706e+01  upper=-4.878251e+01  gap=-2.845443e+00  wall=0.000000e+00s  cpu=0.000000e+00s  provider=0  solves=0  iterations=0
  certificate  stage=STEP 5 LOCAL  major=18  attempt=83  accepted  reason=success  P rel.= 4.999078e-14  objective=-4.593706e+01  upper=-4.878251e+01  gap=-2.845443e+00  wall=0.000000e+00s  cpu=0.000000e+00s  provider=0  solves=0  iterations=0
  certificate  stage=STEP 5 LOCAL  major=18  attempt=84  accepted  reason=success  P rel.= 4.668680e-14  objective=-4.593706e+01  upper=-4.878251e+01  gap=-2.845443e+00  wall=0.000000e+00s  cpu=0.000000e+00s  provider=0  solves=0  iterations=0
  certificate  stage=STEP 5 LOCAL  major=18  attempt=85  accepted  reason=success  P rel.= 4.999078e-14  objective=-4.593706e+01  upper=-4.878251e+01  gap=-2.845443e+00  wall=0.000000e+00s  cpu=0.000000e+00s  provider=0  solves=0  iterations=0
  certificate  stage=STEP 5 LOCAL  major=18  attempt=87  accepted  reason=success  P rel.= 4.237725e-14  objective=-4.593706e+01  upper=-4.878251e+01  gap=-2.845443e+00  wall=0.000000e+00s  cpu=0.000000e+00s  provider=0  solves=0  iterations=0
  certificate  stage=STEP 5 LOCAL  major=18  attempt=88  accepted  reason=success  P rel.= 3.462005e-14  objective=-4.593706e+01  upper=-4.878251e+01  gap=-2.845443e+00  wall=0.000000e+00s  cpu=0.000000e+00s  provider=0  solves=0  iterations=0
  certificate  stage=STEP 5 LOCAL  major=18  attempt=89  accepted  reason=success  P rel.=-9.798123e-10  objective=-4.878251e+01  upper=-4.878251e+01  gap= 4.027919e-08  wall=0.000000e+00s  cpu=0.000000e+00s  provider=0  solves=0  iterations=0
  certificate  stage=STEP 5  complete  reason=step5_complete  wall=4.548352e-01s  cpu=4.547590e-01s  provider=424  solves=19  iterations=391

STEP 6
  certificate  stage=STEP 6  complete  reason=candidate_set  wall=1.001000e-05s  cpu=1.000000e-05s  provider=0  solves=0  iterations=0

STEP 8
  certificate  stage=STEP 8  complete  reason=step8_complete  wall=7.337311e-02s  cpu=7.336400e-02s  provider=139  solves=1  iterations=19

STEP 9
  certificate  stage=STEP 9  failed  objective=-4.878251e+01  upper=-4.878251e+01  gap= 5.068436e-09  wall=0.000000e+00s  cpu=0.000000e+00s  provider=0  solves=0  iterations=0
  certificate  stage=STEP 9  complete  reason=paper_potential_convergence_failed  wall=1.561090e-03s  cpu=1.561000e-03s  provider=2  solves=0  iterations=0

STEP 7
  certificate  stage=STEP 7  complete  reason=continue_stage_ii  wall=1.100000e-06s  cpu=1.000000e-06s  provider=0  solves=0  iterations=0

STEP 4
  STAGE II STEP 4  major=19  upper=-4.878251e+01  LP_primal= 9.450218e-13  LP_dual= 2.775558e-17  active_cuts=24  certified
  certificate  stage=STEP 4  complete  reason=step4_complete  wall=4.017780e-04s  cpu=4.020000e-04s  provider=0  solves=1  iterations=1

STEP 5
  certificate  stage=STEP 5 LOCAL  major=19  attempt=90  accepted  reason=success  P rel.= 6.708533e-14  objective=-4.593706e+01  upper=-4.878251e+01  gap=-2.845443e+00  wall=0.000000e+00s  cpu=0.000000e+00s  provider=0  solves=0  iterations=0
  certificate  stage=STEP 5 LOCAL  major=19  attempt=91  accepted  reason=success  P rel.= 2.600095e-14  objective=-4.593706e+01  upper=-4.878251e+01  gap=-2.845443e+00  wall=0.000000e+00s  cpu=0.000000e+00s  provider=0  solves=0  iterations=0
  certificate  stage=STEP 5 LOCAL  major=19  attempt=92  accepted  reason=success  P rel.= 5.803528e-14  objective=-4.593706e+01  upper=-4.878251e+01  gap=-2.845443e+00  wall=0.000000e+00s  cpu=0.000000e+00s  provider=0  solves=0  iterations=0
  certificate  stage=STEP 5 LOCAL  major=19  attempt=93  accepted  reason=success  P rel.= 6.606541e-13  objective=-4.593706e+01  upper=-4.878251e+01  gap=-2.845443e+00  wall=0.000000e+00s  cpu=0.000000e+00s  provider=0  solves=0  iterations=0
  certificate  stage=STEP 5 LOCAL  major=19  attempt=94  accepted  reason=success  P rel.= 4.381376e-14  objective=-4.593706e+01  upper=-4.878251e+01  gap=-2.845443e+00  wall=0.000000e+00s  cpu=0.000000e+00s  provider=0  solves=0  iterations=0
  certificate  stage=STEP 5 LOCAL  major=19  attempt=95  accepted  reason=success  P rel.=-1.002603e-09  objective=-4.878251e+01  upper=-4.878251e+01  gap= 1.006933e-08  wall=0.000000e+00s  cpu=0.000000e+00s  provider=0  solves=0  iterations=0
  certificate  stage=STEP 5  complete  reason=step5_complete  wall=1.790621e-01s  cpu=1.790470e-01s  provider=153  solves=6  iterations=140

STEP 6
  certificate  stage=STEP 6  complete  reason=candidate_set  wall=1.423000e-05s  cpu=1.400000e-05s  provider=0  solves=0  iterations=0

STEP 8
  certificate  stage=STEP 8  complete  reason=step8_complete  wall=6.909269e-02s  cpu=6.908100e-02s  provider=133  solves=1  iterations=18

STEP 9
  certificate  stage=STEP 9  failed  objective=-4.878251e+01  upper=-4.878251e+01  gap= 5.206786e-09  wall=0.000000e+00s  cpu=0.000000e+00s  provider=0  solves=0  iterations=0
  certificate  stage=STEP 9  complete  reason=paper_potential_convergence_failed  wall=1.654920e-03s  cpu=1.655000e-03s  provider=2  solves=0  iterations=0

STEP 7
  certificate  stage=STEP 7  complete  reason=continue_stage_ii  wall=1.220000e-06s  cpu=1.000000e-06s  provider=0  solves=0  iterations=0

STEP 4
  STAGE II STEP 4  major=20  upper=-4.878251e+01  LP_primal= 9.947598e-13  LP_dual= 2.775558e-17  active_cuts=25  certified
  certificate  stage=STEP 4  complete  reason=step4_complete  wall=4.638480e-04s  cpu=4.640000e-04s  provider=0  solves=1  iterations=1

STEP 5
  certificate  stage=STEP 5 LOCAL  major=20  attempt=96  accepted  reason=success  P rel.=-2.688989e-09  objective=-4.878251e+01  upper=-4.878251e+01  gap= 2.517268e-09  wall=0.000000e+00s  cpu=0.000000e+00s  provider=0  solves=0  iterations=0
  certificate  stage=STEP 5  complete  reason=step5_complete  wall=2.175767e-02s  cpu=2.175800e-02s  provider=20  solves=1  iterations=19

STEP 6
  certificate  stage=STEP 6  complete  reason=candidate_set  wall=1.034000e-05s  cpu=1.000000e-05s  provider=0  solves=0  iterations=0

STEP 8
  certificate  stage=STEP 8  complete  reason=step8_complete  wall=7.037326e-02s  cpu=7.036500e-02s  provider=139  solves=1  iterations=19

STEP 9
  certificate  stage=STEP 9  failed  objective=-4.878251e+01  upper=-4.878251e+01  gap= 4.422184e-09  wall=0.000000e+00s  cpu=0.000000e+00s  provider=0  solves=0  iterations=0
  certificate  stage=STEP 9  complete  reason=paper_potential_convergence_failed  wall=1.608590e-03s  cpu=1.608000e-03s  provider=2  solves=0  iterations=0

STEP 7
  certificate  stage=STEP 7  complete  reason=continue_stage_ii  wall=1.240000e-06s  cpu=1.000000e-06s  provider=0  solves=0  iterations=0

STEP 4
  STAGE II STEP 4  major=21  upper=-4.878251e+01  LP_primal= 1.008971e-12  LP_dual= 2.775558e-17  active_cuts=26  certified
  certificate  stage=STEP 4  complete  reason=step4_complete  wall=3.982870e-04s  cpu=3.990000e-04s  provider=0  solves=1  iterations=1

STEP 5
  certificate  stage=STEP 5 LOCAL  major=21  attempt=97  accepted  reason=success  P rel.=-9.955255e-10  objective=-4.878251e+01  upper=-4.878251e+01  gap= 6.292993e-10  wall=0.000000e+00s  cpu=0.000000e+00s  provider=0  solves=0  iterations=0
  certificate  stage=STEP 5  complete  reason=step5_complete  wall=1.536690e-02s  cpu=1.536800e-02s  provider=14  solves=1  iterations=12

STEP 6
  certificate  stage=STEP 6  complete  reason=candidate_set  wall=1.032000e-05s  cpu=1.000000e-05s  provider=0  solves=0  iterations=0

STEP 8
  certificate  stage=STEP 8  complete  reason=step8_complete  wall=6.801805e-02s  cpu=6.801300e-02s  provider=133  solves=1  iterations=18

STEP 9
  certificate  stage=STEP 9  failed  objective=-4.878251e+01  upper=-4.878251e+01  gap= 4.890808e-09  wall=0.000000e+00s  cpu=0.000000e+00s  provider=0  solves=0  iterations=0
  certificate  stage=STEP 9  complete  reason=paper_potential_convergence_failed  wall=1.604241e-03s  cpu=1.604000e-03s  provider=2  solves=0  iterations=0

STEP 7
  certificate  stage=STEP 7  complete  reason=continue_stage_ii  wall=1.070000e-06s  cpu=1.000000e-06s  provider=0  solves=0  iterations=0

STEP 4
  STAGE II STEP 4  major=22  upper=-4.878251e+01  LP_primal= 1.023182e-12  LP_dual= 8.326673e-17  active_cuts=27  certified
  certificate  stage=STEP 4  complete  reason=step4_complete  wall=3.925380e-04s  cpu=3.930000e-04s  provider=0  solves=1  iterations=1

STEP 5
  certificate  stage=STEP 5 LOCAL  major=22  attempt=98  accepted  reason=success  P rel.= 1.824376e-14  objective=-4.593706e+01  upper=-4.878251e+01  gap=-2.845443e+00  wall=0.000000e+00s  cpu=0.000000e+00s  provider=0  solves=0  iterations=0
  certificate  stage=STEP 5 LOCAL  major=22  attempt=99  accepted  reason=success  P rel.= 6.277578e-14  objective=-4.593706e+01  upper=-4.878251e+01  gap=-2.845443e+00  wall=0.000000e+00s  cpu=0.000000e+00s  provider=0  solves=0  iterations=0
  certificate  stage=STEP 5 LOCAL  major=22  attempt=100  accepted  reason=success  P rel.= 6.909646e-14  objective=-4.593706e+01  upper=-4.878251e+01  gap=-2.845443e+00  wall=0.000000e+00s  cpu=0.000000e+00s  provider=0  solves=0  iterations=0
  certificate  stage=STEP 5 LOCAL  major=22  attempt=102  accepted  reason=success  P rel.= 5.415668e-14  objective=-4.593706e+01  upper=-4.878251e+01  gap=-2.845443e+00  wall=0.000000e+00s  cpu=0.000000e+00s  provider=0  solves=0  iterations=0
  certificate  stage=STEP 5 LOCAL  major=22  attempt=103  accepted  reason=success  P rel.= 2.068584e-14  objective=-4.593706e+01  upper=-4.878251e+01  gap=-2.845443e+00  wall=0.000000e+00s  cpu=0.000000e+00s  provider=0  solves=0  iterations=0
  certificate  stage=STEP 5 LOCAL  major=22  attempt=104  accepted  reason=success  P rel.=-9.766075e-10  objective=-4.878251e+01  upper=-4.878251e+01  gap= 1.573355e-10  wall=0.000000e+00s  cpu=0.000000e+00s  provider=0  solves=0  iterations=0
  certificate  stage=STEP 5  complete  reason=step5_complete  wall=1.406022e-01s  cpu=1.406040e-01s  provider=134  solves=7  iterations=124

STEP 6
  certificate  stage=STEP 6  complete  reason=candidate_set  wall=1.039000e-05s  cpu=1.000000e-05s  provider=0  solves=0  iterations=0

STEP 8
  certificate  stage=STEP 8  complete  reason=step8_complete  wall=6.829482e-02s  cpu=6.828900e-02s  provider=139  solves=1  iterations=19

STEP 9
  certificate  stage=STEP 9  failed  objective=-4.878251e+01  upper=-4.878251e+01  gap= 4.260684e-09  wall=0.000000e+00s  cpu=0.000000e+00s  provider=0  solves=0  iterations=0
  certificate  stage=STEP 9  complete  reason=paper_potential_convergence_failed  wall=1.602921e-03s  cpu=1.603000e-03s  provider=2  solves=0  iterations=0

STEP 7
  certificate  stage=STEP 7  complete  reason=continue_stage_ii  wall=1.080000e-06s  cpu=1.000000e-06s  provider=0  solves=0  iterations=0

STEP 4
  STAGE II STEP 4  major=23  upper=-4.878251e+01  LP_primal= 1.030287e-12  LP_dual= 5.551115e-17  active_cuts=28  certified
  certificate  stage=STEP 4  complete  reason=step4_complete  wall=4.274770e-04s  cpu=4.280000e-04s  provider=0  solves=1  iterations=1

STEP 5
  certificate  stage=STEP 5 LOCAL  major=23  attempt=105  accepted  reason=success  P rel.= 6.449960e-14  objective=-4.593706e+01  upper=-4.878251e+01  gap=-2.845443e+00  wall=0.000000e+00s  cpu=0.000000e+00s  provider=0  solves=0  iterations=0
  certificate  stage=STEP 5 LOCAL  major=23  attempt=106  accepted  reason=success  P rel.= 4.740505e-14  objective=-4.593706e+01  upper=-4.878251e+01  gap=-2.845443e+00  wall=0.000000e+00s  cpu=0.000000e+00s  provider=0  solves=0  iterations=0
  certificate  stage=STEP 5 LOCAL  major=23  attempt=107  accepted  reason=success  P rel.= 4.628457e-13  objective=-4.593706e+01  upper=-4.878251e+01  gap=-2.845443e+00  wall=0.000000e+00s  cpu=0.000000e+00s  provider=0  solves=0  iterations=0
  certificate  stage=STEP 5 LOCAL  major=23  attempt=108  accepted  reason=success  P rel.= 4.257836e-13  objective=-4.593706e+01  upper=-4.878251e+01  gap=-2.845443e+00  wall=0.000000e+00s  cpu=0.000000e+00s  provider=0  solves=0  iterations=0
  certificate  stage=STEP 5 LOCAL  major=23  attempt=109  accepted  reason=success  P rel.=-9.863558e-10  objective=-4.878251e+01  upper=-4.878251e+01  gap= 3.933565e-11  wall=0.000000e+00s  cpu=0.000000e+00s  provider=0  solves=0  iterations=0
  certificate  stage=STEP 5  complete  reason=step5_complete  wall=1.221206e-01s  cpu=1.221230e-01s  provider=116  solves=5  iterations=108

STEP 6
  certificate  stage=STEP 6  complete  reason=candidate_set  wall=1.140900e-05s  cpu=1.200000e-05s  provider=0  solves=0  iterations=0

STEP 8
  certificate  stage=STEP 8  complete  reason=step8_complete  wall=6.623797e-02s  cpu=6.624000e-02s  provider=133  solves=1  iterations=18

STEP 9
  certificate  stage=STEP 9  failed  objective=-4.878251e+01  upper=-4.878251e+01  gap= 4.810900e-09  wall=0.000000e+00s  cpu=0.000000e+00s  provider=0  solves=0  iterations=0
  certificate  stage=STEP 9  complete  reason=paper_potential_convergence_failed  wall=1.620310e-03s  cpu=1.620000e-03s  provider=2  solves=0  iterations=0

STEP 7
  certificate  stage=STEP 7  complete  reason=continue_stage_ii  wall=1.060000e-06s  cpu=1.000000e-06s  provider=0  solves=0  iterations=0

STEP 4
  STAGE II STEP 4  major=24  upper=-4.878251e+01  LP_primal= 3.933565e-11  LP_dual= 5.551115e-17  active_cuts=29  certified
  certificate  stage=STEP 4  complete  reason=step4_complete  wall=4.664670e-04s  cpu=4.670000e-04s  provider=0  solves=1  iterations=1

STEP 5
  certificate  stage=STEP 5 LOCAL  major=24  attempt=110  accepted  reason=success  P rel.= 4.266455e-14  objective=-4.593706e+01  upper=-4.878251e+01  gap=-2.845443e+00  wall=0.000000e+00s  cpu=0.000000e+00s  provider=0  solves=0  iterations=0
  certificate  stage=STEP 5 LOCAL  major=24  attempt=111  accepted  reason=success  P rel.= 6.449960e-14  objective=-4.593706e+01  upper=-4.878251e+01  gap=-2.845443e+00  wall=0.000000e+00s  cpu=0.000000e+00s  provider=0  solves=0  iterations=0
  certificate  stage=STEP 5 LOCAL  major=24  attempt=112  accepted  reason=success  P rel.= 6.205753e-14  objective=-4.593706e+01  upper=-4.878251e+01  gap=-2.845443e+00  wall=0.000000e+00s  cpu=0.000000e+00s  provider=0  solves=0  iterations=0
  certificate  stage=STEP 5 LOCAL  major=24  attempt=113  accepted  reason=success  P rel.= 6.205753e-14  objective=-4.593706e+01  upper=-4.878251e+01  gap=-2.845443e+00  wall=0.000000e+00s  cpu=0.000000e+00s  provider=0  solves=0  iterations=0
  certificate  stage=STEP 5 LOCAL  major=24  attempt=114  accepted  reason=success  P rel.= 5.214556e-14  objective=-4.593706e+01  upper=-4.878251e+01  gap=-2.845443e+00  wall=0.000000e+00s  cpu=0.000000e+00s  provider=0  solves=0  iterations=0
  certificate  stage=STEP 5 LOCAL  major=24  attempt=115  accepted  reason=success  P rel.= 6.205753e-14  objective=-4.593706e+01  upper=-4.878251e+01  gap=-2.845443e+00  wall=0.000000e+00s  cpu=0.000000e+00s  provider=0  solves=0  iterations=0
  certificate  stage=STEP 5 LOCAL  major=24  attempt=116  accepted  reason=success  P rel.=-3.451319e-08  objective=-4.878251e+01  upper=-4.878251e+01  gap= 5.522033e-09  wall=0.000000e+00s  cpu=0.000000e+00s  provider=0  solves=0  iterations=0
  certificate  stage=STEP 5  complete  reason=step5_complete  wall=1.681689e-01s  cpu=1.681650e-01s  provider=160  solves=7  iterations=148

STEP 6
  certificate  stage=STEP 6  complete  reason=candidate_set  wall=1.222000e-05s  cpu=1.200000e-05s  provider=0  solves=0  iterations=0

STEP 8
  certificate  stage=STEP 8  complete  reason=step8_complete  wall=6.898714e-02s  cpu=6.899000e-02s  provider=139  solves=1  iterations=19

STEP 9
  certificate  stage=STEP 9  failed  objective=-4.878251e+01  upper=-4.878251e+01  gap= 4.233932e-09  wall=0.000000e+00s  cpu=0.000000e+00s  provider=0  solves=0  iterations=0
  certificate  stage=STEP 9  complete  reason=paper_potential_convergence_failed  wall=1.646151e-03s  cpu=1.646000e-03s  provider=2  solves=0  iterations=0

STEP 7
  certificate  stage=STEP 7  complete  reason=continue_stage_ii  wall=1.150000e-06s  cpu=1.000000e-06s  provider=0  solves=0  iterations=0

STEP 4
  STAGE II STEP 4  major=25  upper=-4.878251e+01  LP_primal= 0.000000e+00  LP_dual= 9.714451e-17  active_cuts=30  certified
  certificate  stage=STEP 4  complete  reason=step4_complete  wall=4.238580e-04s  cpu=4.240000e-04s  provider=0  solves=1  iterations=1

STEP 5
  certificate  stage=STEP 5 LOCAL  major=25  attempt=117  accepted  reason=success  P rel.= 5.631146e-14  objective=-4.593706e+01  upper=-4.878251e+01  gap=-2.845443e+00  wall=0.000000e+00s  cpu=0.000000e+00s  provider=0  solves=0  iterations=0
  certificate  stage=STEP 5 LOCAL  major=25  attempt=118  accepted  reason=success  P rel.= 4.276511e-13  objective=-4.593706e+01  upper=-4.878251e+01  gap=-2.845443e+00  wall=0.000000e+00s  cpu=0.000000e+00s  provider=0  solves=0  iterations=0
  certificate  stage=STEP 5 LOCAL  major=25  attempt=119  accepted  reason=success  P rel.= 2.844303e-14  objective=-4.593706e+01  upper=-4.878251e+01  gap=-2.845443e+00  wall=0.000000e+00s  cpu=0.000000e+00s  provider=0  solves=0  iterations=0
  certificate  stage=STEP 5 LOCAL  major=25  attempt=120  accepted  reason=success  P rel.= 6.505985e-13  objective=-4.593706e+01  upper=-4.878251e+01  gap=-2.845443e+00  wall=0.000000e+00s  cpu=0.000000e+00s  provider=0  solves=0  iterations=0
  certificate  stage=STEP 5 LOCAL  major=25  attempt=121  accepted  reason=success  P rel.= 3.375814e-14  objective=-4.593706e+01  upper=-4.878251e+01  gap=-2.845443e+00  wall=0.000000e+00s  cpu=0.000000e+00s  provider=0  solves=0  iterations=0
  certificate  stage=STEP 5 LOCAL  major=25  attempt=122  accepted  reason=success  P rel.=-1.002425e-09  objective=-4.878251e+01  upper=-4.878251e+01  gap= 1.573355e-10  wall=0.000000e+00s  cpu=0.000000e+00s  provider=0  solves=0  iterations=0
  certificate  stage=STEP 5  complete  reason=step5_complete  wall=1.582746e-01s  cpu=1.582770e-01s  provider=149  solves=6  iterations=135

STEP 6
  certificate  stage=STEP 6  complete  reason=candidate_set  wall=1.127000e-05s  cpu=1.200000e-05s  provider=0  solves=0  iterations=0

STEP 8
  certificate  stage=STEP 8  complete  reason=step8_complete  wall=6.667154e-02s  cpu=6.667400e-02s  provider=133  solves=1  iterations=18

STEP 9
  certificate  stage=STEP 9  failed  objective=-4.878251e+01  upper=-4.878251e+01  gap= 5.837890e-10  wall=0.000000e+00s  cpu=0.000000e+00s  provider=0  solves=0  iterations=0
  certificate  stage=STEP 9  complete  reason=paper_potential_convergence_failed  wall=1.651690e-03s  cpu=1.652000e-03s  provider=2  solves=0  iterations=0

STEP 7
  certificate  stage=STEP 7  complete  reason=continue_stage_ii  wall=1.200000e-06s  cpu=1.000000e-06s  provider=0  solves=0  iterations=0

STEP 4
  STAGE II STEP 4  major=26  upper=-4.878251e+01  LP_primal= 0.000000e+00  LP_dual= 7.806256e-17  active_cuts=31  certified
  certificate  stage=STEP 4  complete  reason=step4_complete  wall=5.576870e-04s  cpu=5.580000e-04s  provider=0  solves=1  iterations=1

STEP 5
  certificate  stage=STEP 5 LOCAL  major=26  attempt=123  accepted  reason=success  P rel.= 2.226601e-14  objective=-4.593706e+01  upper=-4.878251e+01  gap=-2.845443e+00  wall=0.000000e+00s  cpu=0.000000e+00s  provider=0  solves=0  iterations=0
  certificate  stage=STEP 5 LOCAL  major=26  attempt=124  accepted  reason=success  P rel.= 4.999078e-14  objective=-4.593706e+01  upper=-4.878251e+01  gap=-2.845443e+00  wall=0.000000e+00s  cpu=0.000000e+00s  provider=0  solves=0  iterations=0
  certificate  stage=STEP 5 LOCAL  major=26  attempt=125  accepted  reason=success  P rel.=-9.839076e-10  objective=-4.878251e+01  upper=-4.878251e+01  gap= 3.932854e-11  wall=0.000000e+00s  cpu=0.000000e+00s  provider=0  solves=0  iterations=0
  certificate  stage=STEP 5  complete  reason=step5_complete  wall=6.414156e-02s  cpu=6.414400e-02s  provider=59  solves=3  iterations=55

STEP 6
  certificate  stage=STEP 6  complete  reason=candidate_set  wall=1.356000e-05s  cpu=1.400000e-05s  provider=0  solves=0  iterations=0

STEP 8
  certificate  stage=STEP 8  complete  reason=step8_complete  wall=6.981970e-02s  cpu=6.980600e-02s  provider=139  solves=1  iterations=19

STEP 9
  certificate  stage=STEP 9  failed  objective=-4.878251e+01  upper=-4.878251e+01  gap= 7.318590e-13  wall=0.000000e+00s  cpu=0.000000e+00s  provider=0  solves=0  iterations=0
  certificate  stage=STEP 9  complete  reason=paper_potential_convergence_failed  wall=1.581170e-03s  cpu=1.581000e-03s  provider=2  solves=0  iterations=0

STEP 7
  certificate  stage=STEP 7  complete  reason=continue_stage_ii  wall=1.100000e-06s  cpu=1.000000e-06s  provider=0  solves=0  iterations=0

STEP 4
  STAGE II STEP 4  major=27  upper=-4.878251e+01  LP_primal= 3.932854e-11  LP_dual= 7.806256e-17  active_cuts=32  certified
  certificate  stage=STEP 4  complete  reason=step4_complete  wall=4.652170e-04s  cpu=4.660000e-04s  provider=0  solves=1  iterations=1

STEP 5
  certificate  stage=STEP 5 LOCAL  major=27  attempt=126  accepted  reason=success  P rel.= 3.246528e-14  objective=-4.593706e+01  upper=-4.878251e+01  gap=-2.845443e+00  wall=0.000000e+00s  cpu=0.000000e+00s  provider=0  solves=0  iterations=0
  certificate  stage=STEP 5 LOCAL  major=27  attempt=127  accepted  reason=success  P rel.= 4.395741e-14  objective=-4.593706e+01  upper=-4.878251e+01  gap=-2.845443e+00  wall=0.000000e+00s  cpu=0.000000e+00s  provider=0  solves=0  iterations=0
  certificate  stage=STEP 5 LOCAL  major=27  attempt=128  accepted  reason=success  P rel.= 2.715017e-14  objective=-4.593706e+01  upper=-4.878251e+01  gap=-2.845443e+00  wall=0.000000e+00s  cpu=0.000000e+00s  provider=0  solves=0  iterations=0
  certificate  stage=STEP 5 LOCAL  major=27  attempt=129  accepted  reason=success  P rel.=-9.800795e-10  objective=-4.878251e+01  upper=-4.878251e+01  gap= 3.933565e-11  wall=0.000000e+00s  cpu=0.000000e+00s  provider=0  solves=0  iterations=0
  certificate  stage=STEP 5  complete  reason=step5_complete  wall=9.073702e-02s  cpu=9.073200e-02s  provider=86  solves=4  iterations=79

STEP 6
  certificate  stage=STEP 6  complete  reason=candidate_set  wall=1.245000e-05s  cpu=1.300000e-05s  provider=0  solves=0  iterations=0

STEP 8
  certificate  stage=STEP 8  complete  reason=step8_complete  wall=6.784916e-02s  cpu=6.784300e-02s  provider=133  solves=1  iterations=18

STEP 9
  certificate  stage=STEP 9  failed  objective=-4.878251e+01  upper=-4.878251e+01  gap= 5.752199e-10  wall=0.000000e+00s  cpu=0.000000e+00s  provider=0  solves=0  iterations=0
  certificate  stage=STEP 9  complete  reason=paper_potential_convergence_failed  wall=1.615140e-03s  cpu=1.615000e-03s  provider=2  solves=0  iterations=0

STEP 7
  certificate  stage=STEP 7  complete  reason=continue_stage_ii  wall=1.060000e-06s  cpu=1.000000e-06s  provider=0  solves=0  iterations=0

STEP 4
  STAGE II STEP 4  major=28  upper=-4.878251e+01  LP_primal= 3.933565e-11  LP_dual= 7.806256e-17  active_cuts=33  certified
  certificate  stage=STEP 4  complete  reason=step4_complete  wall=4.658470e-04s  cpu=4.660000e-04s  provider=0  solves=1  iterations=1

STEP 5
  certificate  stage=STEP 5 LOCAL  major=28  attempt=130  accepted  reason=success  P rel.= 4.381376e-14  objective=-4.593706e+01  upper=-4.878251e+01  gap=-2.845443e+00  wall=0.000000e+00s  cpu=0.000000e+00s  provider=0  solves=0  iterations=0
  certificate  stage=STEP 5 LOCAL  major=28  attempt=131  accepted  reason=success  P rel.=-9.741147e-10  objective=-4.878251e+01  upper=-4.878251e+01  gap= 3.932143e-11  wall=0.000000e+00s  cpu=0.000000e+00s  provider=0  solves=0  iterations=0
  certificate  stage=STEP 5  complete  reason=step5_complete  wall=5.043770e-02s  cpu=5.042200e-02s  provider=46  solves=2  iterations=44

STEP 6
  certificate  stage=STEP 6  complete  reason=candidate_set  wall=1.327000e-05s  cpu=1.300000e-05s  provider=0  solves=0  iterations=0

STEP 8
  certificate  stage=STEP 8  complete  reason=step8_complete  wall=7.003874e-02s  cpu=7.003100e-02s  provider=139  solves=1  iterations=19

STEP 9
  certificate  stage=STEP 9  failed  objective=-4.878251e+01  upper=-4.878251e+01  gap= 6.252776e-13  wall=0.000000e+00s  cpu=0.000000e+00s  provider=0  solves=0  iterations=0
  certificate  stage=STEP 9  complete  reason=paper_potential_convergence_failed  wall=1.608181e-03s  cpu=1.608000e-03s  provider=2  solves=0  iterations=0

STEP 7
  certificate  stage=STEP 7  complete  reason=continue_stage_ii  wall=1.260000e-06s  cpu=1.000000e-06s  provider=0  solves=0  iterations=0

STEP 4
  STAGE II STEP 4  major=29  upper=-4.878251e+01  LP_primal= 3.933565e-11  LP_dual= 7.806256e-17  active_cuts=34  certified
  certificate  stage=STEP 4  complete  reason=step4_complete  wall=4.559170e-04s  cpu=4.560000e-04s  provider=0  solves=1  iterations=1

STEP 5
  certificate  stage=STEP 5 LOCAL  major=29  attempt=132  accepted  reason=success  P rel.= 5.832258e-14  objective=-4.593706e+01  upper=-4.878251e+01  gap=-2.845443e+00  wall=0.000000e+00s  cpu=0.000000e+00s  provider=0  solves=0  iterations=0
  certificate  stage=STEP 5 LOCAL  major=29  attempt=133  accepted  reason=success  P rel.=-9.819045e-10  objective=-4.878251e+01  upper=-4.878251e+01  gap= 3.932854e-11  wall=0.000000e+00s  cpu=0.000000e+00s  provider=0  solves=0  iterations=0
  certificate  stage=STEP 5  complete  reason=step5_complete  wall=3.889935e-02s  cpu=3.889200e-02s  provider=36  solves=2  iterations=34

STEP 6
  certificate  stage=STEP 6  complete  reason=candidate_set  wall=1.258900e-05s  cpu=1.300000e-05s  provider=0  solves=0  iterations=0

STEP 8
  certificate  stage=STEP 8  complete  reason=step8_complete  wall=6.731142e-02s  cpu=6.730700e-02s  provider=133  solves=1  iterations=18

STEP 9
  certificate  stage=STEP 9  failed  objective=-4.878251e+01  upper=-4.878251e+01  gap= 5.748149e-10  wall=0.000000e+00s  cpu=0.000000e+00s  provider=0  solves=0  iterations=0
  certificate  stage=STEP 9  complete  reason=paper_potential_convergence_failed  wall=1.601310e-03s  cpu=1.602000e-03s  provider=2  solves=0  iterations=0

STEP 7
  certificate  stage=STEP 7  complete  reason=continue_stage_ii  wall=1.100000e-06s  cpu=1.000000e-06s  provider=0  solves=0  iterations=0

STEP 4
  STAGE II STEP 4  major=30  upper=-4.878251e+01  LP_primal= 3.933565e-11  LP_dual= 7.806256e-17  active_cuts=35  certified
  certificate  stage=STEP 4  complete  reason=step4_complete  wall=4.590670e-04s  cpu=4.590000e-04s  provider=0  solves=1  iterations=1

STEP 5
  certificate  stage=STEP 5 LOCAL  major=30  attempt=134  accepted  reason=success  P rel.= 4.884157e-14  objective=-4.593706e+01  upper=-4.878251e+01  gap=-2.845443e+00  wall=0.000000e+00s  cpu=0.000000e+00s  provider=0  solves=0  iterations=0
  certificate  stage=STEP 5 LOCAL  major=30  attempt=135  accepted  reason=success  P rel.=-9.782544e-10  objective=-4.878251e+01  upper=-4.878251e+01  gap= 3.932143e-11  wall=0.000000e+00s  cpu=0.000000e+00s  provider=0  solves=0  iterations=0
  certificate  stage=STEP 5  complete  reason=step5_complete  wall=4.735439e-02s  cpu=4.734900e-02s  provider=45  solves=2  iterations=40

STEP 6
  certificate  stage=STEP 6  complete  reason=candidate_set  wall=1.225000e-05s  cpu=1.200000e-05s  provider=0  solves=0  iterations=0

STEP 8
  certificate  stage=STEP 8  complete  reason=step8_complete  wall=6.972601e-02s  cpu=6.971600e-02s  provider=139  solves=1  iterations=19

STEP 9
  certificate  stage=STEP 9  failed  objective=-4.878251e+01  upper=-4.878251e+01  gap= 7.460699e-13  wall=0.000000e+00s  cpu=0.000000e+00s  provider=0  solves=0  iterations=0
  certificate  stage=STEP 9  complete  reason=paper_potential_convergence_failed  wall=1.610240e-03s  cpu=1.611000e-03s  provider=2  solves=0  iterations=0

STEP 7
  certificate  stage=STEP 7  complete  reason=continue_stage_ii  wall=1.100000e-06s  cpu=1.000000e-06s  provider=0  solves=0  iterations=0

STEP 4
  STAGE II STEP 4  major=31  upper=-4.878251e+01  LP_primal= 3.933565e-11  LP_dual= 7.806256e-17  active_cuts=36  certified
  certificate  stage=STEP 4  complete  reason=step4_complete  wall=4.716780e-04s  cpu=4.720000e-04s  provider=0  solves=1  iterations=1

STEP 5
  certificate  stage=STEP 5 LOCAL  major=31  attempt=137  accepted  reason=success  P rel.= 1.924933e-14  objective=-4.593706e+01  upper=-4.878251e+01  gap=-2.845443e+00  wall=0.000000e+00s  cpu=0.000000e+00s  provider=0  solves=0  iterations=0
  certificate  stage=STEP 5 LOCAL  major=31  attempt=138  accepted  reason=success  P rel.= 6.323547e-13  objective=-4.593706e+01  upper=-4.878251e+01  gap=-2.845443e+00  wall=0.000000e+00s  cpu=0.000000e+00s  provider=0  solves=0  iterations=0
  certificate  stage=STEP 5 LOCAL  major=31  attempt=139  accepted  reason=success  P rel.= 6.550517e-14  objective=-4.593706e+01  upper=-4.878251e+01  gap=-2.845443e+00  wall=0.000000e+00s  cpu=0.000000e+00s  provider=0  solves=0  iterations=0
  certificate  stage=STEP 5 LOCAL  major=31  attempt=141  accepted  reason=success  P rel.= 6.220118e-14  objective=-4.593706e+01  upper=-4.878251e+01  gap=-2.845443e+00  wall=0.000000e+00s  cpu=0.000000e+00s  provider=0  solves=0  iterations=0
  certificate  stage=STEP 5 LOCAL  major=31  attempt=142  accepted  reason=success  P rel.= 6.493056e-14  objective=-4.593706e+01  upper=-4.878251e+01  gap=-2.845443e+00  wall=0.000000e+00s  cpu=0.000000e+00s  provider=0  solves=0  iterations=0
  certificate  stage=STEP 5 LOCAL  major=31  attempt=143  accepted  reason=success  P rel.= 6.493056e-14  objective=-4.593706e+01  upper=-4.878251e+01  gap=-2.845443e+00  wall=0.000000e+00s  cpu=0.000000e+00s  provider=0  solves=0  iterations=0
  certificate  stage=STEP 5 LOCAL  major=31  attempt=144  accepted  reason=success  P rel.=-9.833735e-10  objective=-4.878251e+01  upper=-4.878251e+01  gap= 3.932143e-11  wall=0.000000e+00s  cpu=0.000000e+00s  provider=0  solves=0  iterations=0
  certificate  stage=STEP 5  complete  reason=step5_complete  wall=1.691981e-01s  cpu=1.691840e-01s  provider=164  solves=9  iterations=147

STEP 6
  certificate  stage=STEP 6  complete  reason=candidate_set  wall=1.220000e-05s  cpu=1.200000e-05s  provider=0  solves=0  iterations=0

STEP 8
  certificate  stage=STEP 8  complete  reason=step8_complete  wall=6.662140e-02s  cpu=6.661500e-02s  provider=133  solves=1  iterations=18

STEP 9
  certificate  stage=STEP 9  failed  objective=-4.878251e+01  upper=-4.878251e+01  gap= 5.761933e-10  wall=0.000000e+00s  cpu=0.000000e+00s  provider=0  solves=0  iterations=0
  certificate  stage=STEP 9  complete  reason=paper_potential_convergence_failed  wall=1.606470e-03s  cpu=1.607000e-03s  provider=2  solves=0  iterations=0

STEP 7
  certificate  stage=STEP 7  complete  reason=continue_stage_ii  wall=1.030000e-06s  cpu=1.000000e-06s  provider=0  solves=0  iterations=0

STEP 4
  STAGE II STEP 4  major=32  upper=-4.878251e+01  LP_primal= 3.933565e-11  LP_dual= 7.806256e-17  active_cuts=37  certified
  certificate  stage=STEP 4  complete  reason=step4_complete  wall=4.659770e-04s  cpu=4.670000e-04s  provider=0  solves=1  iterations=1

STEP 5
  certificate  stage=STEP 5 LOCAL  major=32  attempt=145  accepted  reason=success  P rel.=-9.754055e-10  objective=-4.878251e+01  upper=-4.878251e+01  gap= 3.934275e-11  wall=0.000000e+00s  cpu=0.000000e+00s  provider=0  solves=0  iterations=0
  certificate  stage=STEP 5  complete  reason=step5_complete  wall=1.937839e-02s  cpu=1.937900e-02s  provider=18  solves=1  iterations=16

STEP 6
  certificate  stage=STEP 6  complete  reason=candidate_set  wall=1.102000e-05s  cpu=1.100000e-05s  provider=0  solves=0  iterations=0

STEP 8
  certificate  stage=STEP 8  complete  reason=step8_complete  wall=6.926279e-02s  cpu=6.926500e-02s  provider=139  solves=1  iterations=19

STEP 9
  certificate  stage=STEP 9  failed  objective=-4.878251e+01  upper=-4.878251e+01  gap= 6.679102e-13  wall=0.000000e+00s  cpu=0.000000e+00s  provider=0  solves=0  iterations=0
  certificate  stage=STEP 9  complete  reason=paper_potential_convergence_failed  wall=1.614310e-03s  cpu=1.615000e-03s  provider=2  solves=0  iterations=0

STEP 7
  certificate  stage=STEP 7  complete  reason=continue_stage_ii  wall=1.050000e-06s  cpu=2.000000e-06s  provider=0  solves=0  iterations=0

STEP 4
  STAGE II STEP 4  major=33  upper=-4.878251e+01  LP_primal= 3.934275e-11  LP_dual= 7.806256e-17  active_cuts=38  certified
  certificate  stage=STEP 4  complete  reason=step4_complete  wall=4.642470e-04s  cpu=4.640000e-04s  provider=0  solves=1  iterations=1

STEP 5
  certificate  stage=STEP 5 LOCAL  major=33  attempt=146  accepted  reason=success  P rel.=-9.847979e-10  objective=-4.878251e+01  upper=-4.878251e+01  gap= 3.933565e-11  wall=0.000000e+00s  cpu=0.000000e+00s  provider=0  solves=0  iterations=0
  certificate  stage=STEP 5  complete  reason=step5_complete  wall=1.507492e-02s  cpu=1.507600e-02s  provider=14  solves=1  iterations=13

STEP 6
  certificate  stage=STEP 6  complete  reason=candidate_set  wall=1.383000e-05s  cpu=1.300000e-05s  provider=0  solves=0  iterations=0

STEP 8
  certificate  stage=STEP 8  complete  reason=step8_complete  wall=6.637584e-02s  cpu=6.636700e-02s  provider=133  solves=1  iterations=18

STEP 9
  certificate  stage=STEP 9  failed  objective=-4.878251e+01  upper=-4.878251e+01  gap= 5.725980e-10  wall=0.000000e+00s  cpu=0.000000e+00s  provider=0  solves=0  iterations=0
  certificate  stage=STEP 9  complete  reason=paper_potential_convergence_failed  wall=1.622670e-03s  cpu=1.623000e-03s  provider=2  solves=0  iterations=0

STEP 7
  certificate  stage=STEP 7  complete  reason=continue_stage_ii  wall=1.110000e-06s  cpu=1.000000e-06s  provider=0  solves=0  iterations=0

STEP 4
  STAGE II STEP 4  major=34  upper=-4.878251e+01  LP_primal= 3.934275e-11  LP_dual= 7.806256e-17  active_cuts=39  certified
  certificate  stage=STEP 4  complete  reason=step4_complete  wall=4.745770e-04s  cpu=4.750000e-04s  provider=0  solves=1  iterations=1

STEP 5
  certificate  stage=STEP 5 LOCAL  major=34  attempt=147  accepted  reason=success  P rel.= 5.042174e-14  objective=-4.593706e+01  upper=-4.878251e+01  gap=-2.845443e+00  wall=0.000000e+00s  cpu=0.000000e+00s  provider=0  solves=0  iterations=0
  certificate  stage=STEP 5 LOCAL  major=34  attempt=148  accepted  reason=success  P rel.= 5.257652e-13  objective=-4.593706e+01  upper=-4.878251e+01  gap=-2.845443e+00  wall=0.000000e+00s  cpu=0.000000e+00s  provider=0  solves=0  iterations=0
  certificate  stage=STEP 5 LOCAL  major=34  attempt=149  accepted  reason=success  P rel.=-9.947244e-10  objective=-4.878251e+01  upper=-4.878251e+01  gap= 3.933565e-11  wall=0.000000e+00s  cpu=0.000000e+00s  provider=0  solves=0  iterations=0
  certificate  stage=STEP 5  complete  reason=step5_complete  wall=6.970202e-02s  cpu=6.970300e-02s  provider=65  solves=3  iterations=62

STEP 6
  certificate  stage=STEP 6  complete  reason=candidate_set  wall=1.380000e-05s  cpu=1.300000e-05s  provider=0  solves=0  iterations=0

STEP 8
  certificate  stage=STEP 8  complete  reason=step8_complete  wall=6.960004e-02s  cpu=6.960200e-02s  provider=139  solves=1  iterations=19

STEP 9
  certificate  stage=STEP 9  failed  objective=-4.878251e+01  upper=-4.878251e+01  gap= 7.602807e-13  wall=0.000000e+00s  cpu=0.000000e+00s  provider=0  solves=0  iterations=0
  certificate  stage=STEP 9  complete  reason=paper_potential_convergence_failed  wall=1.571030e-03s  cpu=1.571000e-03s  provider=2  solves=0  iterations=0

STEP 7
  certificate  stage=STEP 7  complete  reason=continue_stage_ii  wall=1.230000e-06s  cpu=1.000000e-06s  provider=0  solves=0  iterations=0

STEP 4
  STAGE II STEP 4  major=35  upper=-4.878251e+01  LP_primal= 3.934275e-11  LP_dual= 7.806256e-17  active_cuts=40  certified
  certificate  stage=STEP 4  complete  reason=step4_complete  wall=4.842870e-04s  cpu=4.850000e-04s  provider=0  solves=1  iterations=1

STEP 5
  certificate  stage=STEP 5 LOCAL  major=35  attempt=151  accepted  reason=success  P rel.= 4.898522e-14  objective=-4.593706e+01  upper=-4.878251e+01  gap=-2.845443e+00  wall=0.000000e+00s  cpu=0.000000e+00s  provider=0  solves=0  iterations=0
  certificate  stage=STEP 5 LOCAL  major=35  attempt=152  accepted  reason=success  P rel.=-9.840412e-10  objective=-4.878251e+01  upper=-4.878251e+01  gap= 3.932143e-11  wall=0.000000e+00s  cpu=0.000000e+00s  provider=0  solves=0  iterations=0
  certificate  stage=STEP 5  complete  reason=step5_complete  wall=4.576485e-02s  cpu=4.575400e-02s  provider=44  solves=3  iterations=40

STEP 6
  certificate  stage=STEP 6  complete  reason=candidate_set  wall=1.203900e-05s  cpu=1.200000e-05s  provider=0  solves=0  iterations=0

STEP 8
  certificate  stage=STEP 8  complete  reason=step8_complete  wall=6.635696e-02s  cpu=6.635900e-02s  provider=133  solves=1  iterations=18

STEP 9
  certificate  stage=STEP 9  failed  objective=-4.878251e+01  upper=-4.878251e+01  gap= 5.757528e-10  wall=0.000000e+00s  cpu=0.000000e+00s  provider=0  solves=0  iterations=0
  certificate  stage=STEP 9  complete  reason=paper_potential_convergence_failed  wall=1.712930e-03s  cpu=1.713000e-03s  provider=2  solves=0  iterations=0

STEP 7
  certificate  stage=STEP 7  complete  reason=continue_stage_ii  wall=1.220000e-06s  cpu=1.000000e-06s  provider=0  solves=0  iterations=0

STEP 4
  STAGE II STEP 4  major=36  upper=-4.878251e+01  LP_primal= 3.934275e-11  LP_dual= 7.806256e-17  active_cuts=41  certified
  certificate  stage=STEP 4  complete  reason=step4_complete  wall=4.827280e-04s  cpu=4.830000e-04s  provider=0  solves=1  iterations=1

STEP 5
  certificate  stage=STEP 5 LOCAL  major=36  attempt=153  accepted  reason=success  P rel.= 7.627904e-14  objective=-4.593706e+01  upper=-4.878251e+01  gap=-2.845443e+00  wall=0.000000e+00s  cpu=0.000000e+00s  provider=0  solves=0  iterations=0
  certificate  stage=STEP 5 LOCAL  major=36  attempt=154  accepted  reason=success  P rel.=-9.900059e-10  objective=-4.878251e+01  upper=-4.878251e+01  gap= 3.933565e-11  wall=0.000000e+00s  cpu=0.000000e+00s  provider=0  solves=0  iterations=0
  certificate  stage=STEP 5  complete  reason=step5_complete  wall=4.397631e-02s  cpu=4.397700e-02s  provider=41  solves=2  iterations=38

STEP 6
  certificate  stage=STEP 6  complete  reason=candidate_set  wall=1.323000e-05s  cpu=1.300000e-05s  provider=0  solves=0  iterations=0

STEP 8
  certificate  stage=STEP 8  complete  reason=step8_complete  wall=6.902962e-02s  cpu=6.903100e-02s  provider=139  solves=1  iterations=19

STEP 9
  certificate  stage=STEP 9  failed  objective=-4.878251e+01  upper=-4.878251e+01  gap= 8.952838e-13  wall=0.000000e+00s  cpu=0.000000e+00s  provider=0  solves=0  iterations=0
  certificate  stage=STEP 9  complete  reason=paper_potential_convergence_failed  wall=1.587971e-03s  cpu=1.588000e-03s  provider=2  solves=0  iterations=0

STEP 7
  certificate  stage=STEP 7  complete  reason=continue_stage_ii  wall=1.230000e-06s  cpu=1.000000e-06s  provider=0  solves=0  iterations=0

STEP 4
  STAGE II STEP 4  major=37  upper=-4.878251e+01  LP_primal= 3.934275e-11  LP_dual= 7.806256e-17  active_cuts=42  certified
  certificate  stage=STEP 4  complete  reason=step4_complete  wall=4.675470e-04s  cpu=4.680000e-04s  provider=0  solves=1  iterations=1

STEP 5
  certificate  stage=STEP 5 LOCAL  major=37  attempt=155  accepted  reason=success  P rel.= 6.335039e-14  objective=-4.593706e+01  upper=-4.878251e+01  gap=-2.845443e+00  wall=0.000000e+00s  cpu=0.000000e+00s  provider=0  solves=0  iterations=0
  certificate  stage=STEP 5 LOCAL  major=37  attempt=156  accepted  reason=success  P rel.= 6.780359e-14  objective=-4.593706e+01  upper=-4.878251e+01  gap=-2.845443e+00  wall=0.000000e+00s  cpu=0.000000e+00s  provider=0  solves=0  iterations=0
  certificate  stage=STEP 5 LOCAL  major=37  attempt=157  accepted  reason=success  P rel.= 3.734944e-14  objective=-4.593706e+01  upper=-4.878251e+01  gap=-2.845443e+00  wall=0.000000e+00s  cpu=0.000000e+00s  provider=0  solves=0  iterations=0
  certificate  stage=STEP 5 LOCAL  major=37  attempt=158  accepted  reason=success  P rel.= 6.794724e-14  objective=-4.593706e+01  upper=-4.878251e+01  gap=-2.845443e+00  wall=0.000000e+00s  cpu=0.000000e+00s  provider=0  solves=0  iterations=0
  certificate  stage=STEP 5 LOCAL  major=37  attempt=159  accepted  reason=success  P rel.=-8.149092e-08  objective=-4.878251e+01  upper=-4.878251e+01  gap=-9.990231e-12  wall=0.000000e+00s  cpu=0.000000e+00s  provider=0  solves=0  iterations=0
  certificate  stage=STEP 5  complete  reason=step5_complete  wall=1.285364e-01s  cpu=1.285380e-01s  provider=121  solves=5  iterations=114

STEP 6
  certificate  stage=STEP 6  complete  reason=candidate_set  wall=1.509000e-05s  cpu=1.500000e-05s  provider=0  solves=0  iterations=0

STEP 8
  certificate  stage=STEP 8  complete  reason=step8_complete  wall=6.646945e-02s  cpu=6.647200e-02s  provider=133  solves=1  iterations=18

STEP 9
  certificate  stage=STEP 9  failed  objective=-4.878251e+01  upper=-4.878251e+01  gap= 5.743104e-10  wall=0.000000e+00s  cpu=0.000000e+00s  provider=0  solves=0  iterations=0
  certificate  stage=STEP 9  complete  reason=paper_potential_convergence_failed  wall=1.596891e-03s  cpu=1.597000e-03s  provider=2  solves=0  iterations=0

STEP 7
  certificate  stage=STEP 7  complete  reason=continue_stage_ii  wall=1.130000e-06s  cpu=1.000000e-06s  provider=0  solves=0  iterations=0

STEP 4
  STAGE II STEP 4  major=38  upper=-4.878251e+01  LP_primal= 3.934275e-11  LP_dual= 7.806256e-17  active_cuts=43  certified
  certificate  stage=STEP 4  complete  reason=step4_complete  wall=4.670780e-04s  cpu=4.670000e-04s  provider=0  solves=1  iterations=1

STEP 5
  certificate  stage=STEP 5 LOCAL  major=38  attempt=160  accepted  reason=success  P rel.= 7.326236e-14  objective=-4.593706e+01  upper=-4.878251e+01  gap=-2.845443e+00  wall=0.000000e+00s  cpu=0.000000e+00s  provider=0  solves=0  iterations=0
  certificate  stage=STEP 5 LOCAL  major=38  attempt=161  accepted  reason=success  P rel.=-9.744708e-10  objective=-4.878251e+01  upper=-4.878251e+01  gap= 3.932854e-11  wall=0.000000e+00s  cpu=0.000000e+00s  provider=0  solves=0  iterations=0
  certificate  stage=STEP 5  complete  reason=step5_complete  wall=4.323045e-02s  cpu=4.322600e-02s  provider=41  solves=2  iterations=36

STEP 6
  certificate  stage=STEP 6  complete  reason=candidate_set  wall=1.508000e-05s  cpu=1.500000e-05s  provider=0  solves=0  iterations=0

STEP 8
  certificate  stage=STEP 8  complete  reason=step8_complete  wall=6.958381e-02s  cpu=6.958500e-02s  provider=139  solves=1  iterations=19

STEP 9
  certificate  stage=STEP 9  failed  objective=-4.878251e+01  upper=-4.878251e+01  gap= 6.110668e-13  wall=0.000000e+00s  cpu=0.000000e+00s  provider=0  solves=0  iterations=0
  certificate  stage=STEP 9  complete  reason=paper_potential_convergence_failed  wall=1.582840e-03s  cpu=1.583000e-03s  provider=2  solves=0  iterations=0

STEP 7
  certificate  stage=STEP 7  complete  reason=continue_stage_ii  wall=1.100000e-06s  cpu=1.000000e-06s  provider=0  solves=0  iterations=0

STEP 4
  STAGE II STEP 4  major=39  upper=-4.878251e+01  LP_primal= 3.934275e-11  LP_dual= 7.806256e-17  active_cuts=44  certified
  certificate  stage=STEP 4  complete  reason=step4_complete  wall=4.665570e-04s  cpu=4.670000e-04s  provider=0  solves=1  iterations=1

STEP 5
  certificate  stage=STEP 5 LOCAL  major=39  attempt=162  accepted  reason=success  P rel.= 5.746067e-14  objective=-4.593706e+01  upper=-4.878251e+01  gap=-2.845443e+00  wall=0.000000e+00s  cpu=0.000000e+00s  provider=0  solves=0  iterations=0
  certificate  stage=STEP 5 LOCAL  major=39  attempt=163  accepted  reason=success  P rel.= 1.495414e-13  objective=-4.593706e+01  upper=-4.878251e+01  gap=-2.845443e+00  wall=0.000000e+00s  cpu=0.000000e+00s  provider=0  solves=0  iterations=0
  certificate  stage=STEP 5 LOCAL  major=39  attempt=164  accepted  reason=success  P rel.= 4.884157e-14  objective=-4.593706e+01  upper=-4.878251e+01  gap=-2.845443e+00  wall=0.000000e+00s  cpu=0.000000e+00s  provider=0  solves=0  iterations=0
  certificate  stage=STEP 5 LOCAL  major=39  attempt=165  accepted  reason=success  P rel.= 3.979152e-14  objective=-4.593706e+01  upper=-4.878251e+01  gap=-2.845443e+00  wall=0.000000e+00s  cpu=0.000000e+00s  provider=0  solves=0  iterations=0
  certificate  stage=STEP 5 LOCAL  major=39  attempt=166  accepted  reason=success  P rel.= 4.606909e-13  objective=-4.593706e+01  upper=-4.878251e+01  gap=-2.845443e+00  wall=0.000000e+00s  cpu=0.000000e+00s  provider=0  solves=0  iterations=0
  certificate  stage=STEP 5 LOCAL  major=39  attempt=167  accepted  reason=success  P rel.=-9.700640e-10  objective=-4.878251e+01  upper=-4.878251e+01  gap= 3.932854e-11  wall=0.000000e+00s  cpu=0.000000e+00s  provider=0  solves=0  iterations=0
  certificate  stage=STEP 5  complete  reason=step5_complete  wall=1.457142e-01s  cpu=1.457080e-01s  provider=136  solves=6  iterations=130

STEP 6
  certificate  stage=STEP 6  complete  reason=candidate_set  wall=1.428900e-05s  cpu=1.400000e-05s  provider=0  solves=0  iterations=0

STEP 8
  certificate  stage=STEP 8  complete  reason=step8_complete  wall=6.716963e-02s  cpu=6.717200e-02s  provider=133  solves=1  iterations=18

STEP 9
  certificate  stage=STEP 9  failed  objective=-4.878251e+01  upper=-4.878251e+01  gap= 5.733227e-10  wall=0.000000e+00s  cpu=0.000000e+00s  provider=0  solves=0  iterations=0
  certificate  stage=STEP 9  complete  reason=paper_potential_convergence_failed  wall=1.606171e-03s  cpu=1.607000e-03s  provider=2  solves=0  iterations=0

STEP 7
  certificate  stage=STEP 7  complete  reason=continue_stage_ii  wall=1.100000e-06s  cpu=1.000000e-06s  provider=0  solves=0  iterations=0

STEP 4
  STAGE II STEP 4  major=40  upper=-4.878251e+01  LP_primal= 3.934275e-11  LP_dual= 7.806256e-17  active_cuts=45  certified
  certificate  stage=STEP 4  complete  reason=step4_complete  wall=4.924270e-04s  cpu=4.930000e-04s  provider=0  solves=1  iterations=1

STEP 5
  certificate  stage=STEP 5 LOCAL  major=40  attempt=169  accepted  reason=success  P rel.= 9.078786e-14  objective=-4.593706e+01  upper=-4.878251e+01  gap=-2.845443e+00  wall=0.000000e+00s  cpu=0.000000e+00s  provider=0  solves=0  iterations=0
  certificate  stage=STEP 5 LOCAL  major=40  attempt=170  accepted  reason=success  P rel.=-9.837741e-10  objective=-4.878251e+01  upper=-4.878251e+01  gap= 3.932143e-11  wall=0.000000e+00s  cpu=0.000000e+00s  provider=0  solves=0  iterations=0
  certificate  stage=STEP 5  complete  reason=step5_complete  wall=4.580124e-02s  cpu=4.580200e-02s  provider=43  solves=3  iterations=38

STEP 6
  certificate  stage=STEP 6  complete  reason=candidate_set  wall=1.765000e-05s  cpu=1.700000e-05s  provider=0  solves=0  iterations=0

STEP 8
  certificate  stage=STEP 8  complete  reason=step8_complete  wall=6.978348e-02s  cpu=6.977900e-02s  provider=139  solves=1  iterations=19

STEP 9
  certificate  stage=STEP 9  failed  objective=-4.878251e+01  upper=-4.878251e+01  gap= 9.166001e-13  wall=0.000000e+00s  cpu=0.000000e+00s  provider=0  solves=0  iterations=0
  certificate  stage=STEP 9  complete  reason=paper_potential_convergence_failed  wall=1.588211e-03s  cpu=1.588000e-03s  provider=2  solves=0  iterations=0

STEP 7
  certificate  stage=STEP 7  complete  reason=continue_stage_ii  wall=1.100000e-06s  cpu=1.000000e-06s  provider=0  solves=0  iterations=0

STEP 4
  STAGE II STEP 4  major=41  upper=-4.878251e+01  LP_primal= 3.934275e-11  LP_dual= 7.806256e-17  active_cuts=46  certified
  certificate  stage=STEP 4  complete  reason=step4_complete  wall=4.851770e-04s  cpu=4.860000e-04s  provider=0  solves=1  iterations=1

STEP 5
  certificate  stage=STEP 5 LOCAL  major=41  attempt=171  accepted  reason=success  P rel.= 3.418910e-14  objective=-4.593706e+01  upper=-4.878251e+01  gap=-2.845443e+00  wall=0.000000e+00s  cpu=0.000000e+00s  provider=0  solves=0  iterations=0
  certificate  stage=STEP 5 LOCAL  major=41  attempt=172  accepted  reason=success  P rel.= 6.335039e-14  objective=-4.593706e+01  upper=-4.878251e+01  gap=-2.845443e+00  wall=0.000000e+00s  cpu=0.000000e+00s  provider=0  solves=0  iterations=0
  certificate  stage=STEP 5 LOCAL  major=41  attempt=173  accepted  reason=success  P rel.= 8.101955e-14  objective=-4.593706e+01  upper=-4.878251e+01  gap=-2.845443e+00  wall=0.000000e+00s  cpu=0.000000e+00s  provider=0  solves=0  iterations=0
  certificate  stage=STEP 5 LOCAL  major=41  attempt=174  accepted  reason=success  P rel.=-9.720225e-10  objective=-4.878251e+01  upper=-4.878251e+01  gap= 3.932143e-11  wall=0.000000e+00s  cpu=0.000000e+00s  provider=0  solves=0  iterations=0
  certificate  stage=STEP 5  complete  reason=step5_complete  wall=9.164453e-02s  cpu=9.163800e-02s  provider=87  solves=4  iterations=79

STEP 6
  certificate  stage=STEP 6  complete  reason=candidate_set  wall=1.585000e-05s  cpu=1.600000e-05s  provider=0  solves=0  iterations=0

STEP 8
  certificate  stage=STEP 8  complete  reason=step8_complete  wall=6.720295e-02s  cpu=6.719700e-02s  provider=133  solves=1  iterations=18

STEP 9
  certificate  stage=STEP 9  failed  objective=-4.878251e+01  upper=-4.878251e+01  gap= 5.783889e-10  wall=0.000000e+00s  cpu=0.000000e+00s  provider=0  solves=0  iterations=0
  certificate  stage=STEP 9  complete  reason=paper_potential_convergence_failed  wall=1.630431e-03s  cpu=1.631000e-03s  provider=2  solves=0  iterations=0

STEP 7
  certificate  stage=STEP 7  complete  reason=continue_stage_ii  wall=1.090000e-06s  cpu=1.000000e-06s  provider=0  solves=0  iterations=0

STEP 4
  STAGE II STEP 4  major=42  upper=-4.878251e+01  LP_primal= 3.934275e-11  LP_dual= 7.806256e-17  active_cuts=47  certified
  certificate  stage=STEP 4  complete  reason=step4_complete  wall=5.105770e-04s  cpu=5.110000e-04s  provider=0  solves=1  iterations=1

STEP 5
  certificate  stage=STEP 5 LOCAL  major=42  attempt=175  accepted  reason=success  P rel.=-9.696634e-10  objective=-4.878251e+01  upper=-4.878251e+01  gap= 3.932854e-11  wall=0.000000e+00s  cpu=0.000000e+00s  provider=0  solves=0  iterations=0
  certificate  stage=STEP 5  complete  reason=step5_complete  wall=1.843102e-02s  cpu=1.843200e-02s  provider=17  solves=1  iterations=16

STEP 6
  certificate  stage=STEP 6  complete  reason=candidate_set  wall=1.560000e-05s  cpu=1.600000e-05s  provider=0  solves=0  iterations=0

STEP 8
  certificate  stage=STEP 8  complete  reason=step8_complete  wall=7.070970e-02s  cpu=7.069600e-02s  provider=139  solves=1  iterations=19

STEP 9
  certificate  stage=STEP 9  failed  objective=-4.878251e+01  upper=-4.878251e+01  gap= 6.821210e-13  wall=0.000000e+00s  cpu=0.000000e+00s  provider=0  solves=0  iterations=0
  certificate  stage=STEP 9  complete  reason=paper_potential_convergence_failed  wall=1.610270e-03s  cpu=1.611000e-03s  provider=2  solves=0  iterations=0

STEP 7
  certificate  stage=STEP 7  complete  reason=continue_stage_ii  wall=1.200000e-06s  cpu=1.000000e-06s  provider=0  solves=0  iterations=0

STEP 4
  STAGE II STEP 4  major=43  upper=-4.878251e+01  LP_primal= 3.934275e-11  LP_dual= 7.806256e-17  active_cuts=48  certified
  certificate  stage=STEP 4  complete  reason=step4_complete  wall=4.884170e-04s  cpu=4.890000e-04s  provider=0  solves=1  iterations=1

STEP 5
  certificate  stage=STEP 5 LOCAL  major=43  attempt=176  accepted  reason=success  P rel.= 6.765994e-14  objective=-4.593706e+01  upper=-4.878251e+01  gap=-2.845443e+00  wall=0.000000e+00s  cpu=0.000000e+00s  provider=0  solves=0  iterations=0
  certificate  stage=STEP 5 LOCAL  major=43  attempt=177  accepted  reason=success  P rel.=-9.847979e-10  objective=-4.878251e+01  upper=-4.878251e+01  gap= 3.932854e-11  wall=0.000000e+00s  cpu=0.000000e+00s  provider=0  solves=0  iterations=0
  certificate  stage=STEP 5  complete  reason=step5_complete  wall=5.128708e-02s  cpu=5.127700e-02s  provider=50  solves=2  iterations=43

STEP 6
  certificate  stage=STEP 6  complete  reason=candidate_set  wall=1.322000e-05s  cpu=1.400000e-05s  provider=0  solves=0  iterations=0

STEP 8
  certificate  stage=STEP 8  complete  reason=step8_complete  wall=6.579585e-02s  cpu=6.579000e-02s  provider=133  solves=1  iterations=18

STEP 9
  certificate  stage=STEP 9  failed  objective=-4.878251e+01  upper=-4.878251e+01  gap= 5.770673e-10  wall=0.000000e+00s  cpu=0.000000e+00s  provider=0  solves=0  iterations=0
  certificate  stage=STEP 9  complete  reason=paper_potential_convergence_failed  wall=1.735690e-03s  cpu=1.736000e-03s  provider=2  solves=0  iterations=0

STEP 7
  certificate  stage=STEP 7  complete  reason=continue_stage_ii  wall=1.210000e-06s  cpu=2.000000e-06s  provider=0  solves=0  iterations=0

STEP 4
  STAGE II STEP 4  major=44  upper=-4.878251e+01  LP_primal= 3.934275e-11  LP_dual= 7.806256e-17  active_cuts=49  certified
  certificate  stage=STEP 4  complete  reason=step4_complete  wall=5.274570e-04s  cpu=5.280000e-04s  provider=0  solves=1  iterations=1

STEP 5
  certificate  stage=STEP 5 LOCAL  major=44  attempt=178  accepted  reason=success  P rel.=-9.826167e-10  objective=-4.878251e+01  upper=-4.878251e+01  gap= 3.932854e-11  wall=0.000000e+00s  cpu=0.000000e+00s  provider=0  solves=0  iterations=0
  certificate  stage=STEP 5  complete  reason=step5_complete  wall=2.439350e-02s  cpu=2.439600e-02s  provider=24  solves=1  iterations=17

STEP 6
  certificate  stage=STEP 6  complete  reason=candidate_set  wall=1.838000e-05s  cpu=1.900000e-05s  provider=0  solves=0  iterations=0

STEP 8
  certificate  stage=STEP 8  complete  reason=step8_complete  wall=6.952517e-02s  cpu=6.951700e-02s  provider=139  solves=1  iterations=19

STEP 9
  certificate  stage=STEP 9  failed  objective=-4.878251e+01  upper=-4.878251e+01  gap= 5.329071e-13  wall=0.000000e+00s  cpu=0.000000e+00s  provider=0  solves=0  iterations=0
  certificate  stage=STEP 9  complete  reason=paper_potential_convergence_failed  wall=1.635991e-03s  cpu=1.636000e-03s  provider=2  solves=0  iterations=0

STEP 7
  certificate  stage=STEP 7  complete  reason=continue_stage_ii  wall=1.210000e-06s  cpu=1.000000e-06s  provider=0  solves=0  iterations=0

STEP 4
  STAGE II STEP 4  major=45  upper=-4.878251e+01  LP_primal= 3.934275e-11  LP_dual= 7.806256e-17  active_cuts=50  certified
  certificate  stage=STEP 4  complete  reason=step4_complete  wall=4.994670e-04s  cpu=5.000000e-04s  provider=0  solves=1  iterations=1

STEP 5
  certificate  stage=STEP 5 LOCAL  major=45  attempt=179  accepted  reason=success  P rel.= 7.024567e-14  objective=-4.593706e+01  upper=-4.878251e+01  gap=-2.845443e+00  wall=0.000000e+00s  cpu=0.000000e+00s  provider=0  solves=0  iterations=0
  certificate  stage=STEP 5 LOCAL  major=45  attempt=180  accepted  reason=success  P rel.= 6.220118e-14  objective=-4.593706e+01  upper=-4.878251e+01  gap=-2.845443e+00  wall=0.000000e+00s  cpu=0.000000e+00s  provider=0  solves=0  iterations=0
  certificate  stage=STEP 5 LOCAL  major=45  attempt=182  accepted  reason=success  P rel.= 4.812331e-14  objective=-4.593706e+01  upper=-4.878251e+01  gap=-2.845443e+00  wall=0.000000e+00s  cpu=0.000000e+00s  provider=0  solves=0  iterations=0
  certificate  stage=STEP 5 LOCAL  major=45  attempt=183  accepted  reason=success  P rel.= 5.228921e-14  objective=-4.593706e+01  upper=-4.878251e+01  gap=-2.845443e+00  wall=0.000000e+00s  cpu=0.000000e+00s  provider=0  solves=0  iterations=0
  certificate  stage=STEP 5 LOCAL  major=45  attempt=184  accepted  reason=success  P rel.= 4.424472e-14  objective=-4.593706e+01  upper=-4.878251e+01  gap=-2.845443e+00  wall=0.000000e+00s  cpu=0.000000e+00s  provider=0  solves=0  iterations=0
  certificate  stage=STEP 5 LOCAL  major=45  attempt=185  accepted  reason=success  P rel.=-9.752721e-10  objective=-4.878251e+01  upper=-4.878251e+01  gap= 3.934275e-11  wall=0.000000e+00s  cpu=0.000000e+00s  provider=0  solves=0  iterations=0
  certificate  stage=STEP 5  complete  reason=step5_complete  wall=1.554152e-01s  cpu=1.553950e-01s  provider=150  solves=7  iterations=131

STEP 6
  certificate  stage=STEP 6  complete  reason=candidate_set  wall=2.617000e-05s  cpu=2.600000e-05s  provider=0  solves=0  iterations=0

STEP 8
  certificate  stage=STEP 8  complete  reason=step8_complete  wall=6.793012e-02s  cpu=6.793200e-02s  provider=133  solves=1  iterations=18

STEP 9
  certificate  stage=STEP 9  failed  objective=-4.878251e+01  upper=-4.878251e+01  gap= 5.746514e-10  wall=0.000000e+00s  cpu=0.000000e+00s  provider=0  solves=0  iterations=0
  certificate  stage=STEP 9  complete  reason=paper_potential_convergence_failed  wall=1.624151e-03s  cpu=1.624000e-03s  provider=2  solves=0  iterations=0

STEP 7
  certificate  stage=STEP 7  complete  reason=continue_stage_ii  wall=1.210000e-06s  cpu=1.000000e-06s  provider=0  solves=0  iterations=0

STEP 4
  STAGE II STEP 4  major=46  upper=-4.878251e+01  LP_primal= 3.934275e-11  LP_dual= 7.806256e-17  active_cuts=51  certified
  certificate  stage=STEP 4  complete  reason=step4_complete  wall=5.024570e-04s  cpu=5.030000e-04s  provider=0  solves=1  iterations=1

STEP 5
  certificate  stage=STEP 5 LOCAL  major=46  attempt=186  accepted  reason=success  P rel.= 7.225680e-14  objective=-4.593706e+01  upper=-4.878251e+01  gap=-2.845443e+00  wall=0.000000e+00s  cpu=0.000000e+00s  provider=0  solves=0  iterations=0
  certificate  stage=STEP 5 LOCAL  major=46  attempt=187  accepted  reason=success  P rel.= 3.821135e-14  objective=-4.593706e+01  upper=-4.878251e+01  gap=-2.845443e+00  wall=0.000000e+00s  cpu=0.000000e+00s  provider=0  solves=0  iterations=0
  certificate  stage=STEP 5 LOCAL  major=46  attempt=188  accepted  reason=success  P rel.= 6.493056e-14  objective=-4.593706e+01  upper=-4.878251e+01  gap=-2.845443e+00  wall=0.000000e+00s  cpu=0.000000e+00s  provider=0  solves=0  iterations=0
  certificate  stage=STEP 5 LOCAL  major=46  attempt=189  accepted  reason=success  P rel.= 4.884157e-14  objective=-4.593706e+01  upper=-4.878251e+01  gap=-2.845443e+00  wall=0.000000e+00s  cpu=0.000000e+00s  provider=0  solves=0  iterations=0
  certificate  stage=STEP 5 LOCAL  major=46  attempt=190  accepted  reason=success  P rel.= 3.634388e-14  objective=-4.593706e+01  upper=-4.878251e+01  gap=-2.845443e+00  wall=0.000000e+00s  cpu=0.000000e+00s  provider=0  solves=0  iterations=0
  certificate  stage=STEP 5 LOCAL  major=46  attempt=191  accepted  reason=success  P rel.= 2.243839e-13  objective=-4.593706e+01  upper=-4.878251e+01  gap=-2.845443e+00  wall=0.000000e+00s  cpu=0.000000e+00s  provider=0  solves=0  iterations=0
  certificate  stage=STEP 5 LOCAL  major=46  attempt=192  accepted  reason=success  P rel.= 4.999078e-14  objective=-4.593706e+01  upper=-4.878251e+01  gap=-2.845443e+00  wall=0.000000e+00s  cpu=0.000000e+00s  provider=0  solves=0  iterations=0
  certificate  stage=STEP 5 LOCAL  major=46  attempt=193  accepted  reason=success  P rel.= 7.627904e-14  objective=-4.593706e+01  upper=-4.878251e+01  gap=-2.845443e+00  wall=0.000000e+00s  cpu=0.000000e+00s  provider=0  solves=0  iterations=0
  certificate  stage=STEP 5 LOCAL  major=46  attempt=194  accepted  reason=success  P rel.=-9.851095e-10  objective=-4.878251e+01  upper=-4.878251e+01  gap= 3.932854e-11  wall=0.000000e+00s  cpu=0.000000e+00s  provider=0  solves=0  iterations=0
  certificate  stage=STEP 5  complete  reason=step5_complete  wall=2.377939e-01s  cpu=2.377720e-01s  provider=224  solves=9  iterations=206

STEP 6
  certificate  stage=STEP 6  complete  reason=candidate_set  wall=1.672000e-05s  cpu=1.600000e-05s  provider=0  solves=0  iterations=0

STEP 8
  certificate  stage=STEP 8  complete  reason=step8_complete  wall=7.039231e-02s  cpu=7.039400e-02s  provider=139  solves=1  iterations=19

STEP 9
  certificate  stage=STEP 9  failed  objective=-4.878251e+01  upper=-4.878251e+01  gap= 5.400125e-13  wall=0.000000e+00s  cpu=0.000000e+00s  provider=0  solves=0  iterations=0
  certificate  stage=STEP 9  complete  reason=paper_potential_convergence_failed  wall=1.594141e-03s  cpu=1.594000e-03s  provider=2  solves=0  iterations=0

STEP 7
  certificate  stage=STEP 7  complete  reason=continue_stage_ii  wall=1.280000e-06s  cpu=2.000000e-06s  provider=0  solves=0  iterations=0

STEP 4
  STAGE II STEP 4  major=47  upper=-4.878251e+01  LP_primal= 3.934275e-11  LP_dual= 7.806256e-17  active_cuts=52  certified
  certificate  stage=STEP 4  complete  reason=step4_complete  wall=6.222870e-04s  cpu=6.230000e-04s  provider=0  solves=1  iterations=1

STEP 5
  certificate  stage=STEP 5 LOCAL  major=47  attempt=195  accepted  reason=success  P rel.= 4.424472e-14  objective=-4.593706e+01  upper=-4.878251e+01  gap=-2.845443e+00  wall=0.000000e+00s  cpu=0.000000e+00s  provider=0  solves=0  iterations=0
  certificate  stage=STEP 5 LOCAL  major=47  attempt=196  accepted  reason=success  P rel.= 7.110758e-14  objective=-4.593706e+01  upper=-4.878251e+01  gap=-2.845443e+00  wall=0.000000e+00s  cpu=0.000000e+00s  provider=0  solves=0  iterations=0
  certificate  stage=STEP 5 LOCAL  major=47  attempt=197  accepted  reason=success  P rel.=-6.334984e-09  objective=-4.878251e+01  upper=-4.878251e+01  gap= 3.932854e-11  wall=0.000000e+00s  cpu=0.000000e+00s  provider=0  solves=0  iterations=0
  certificate  stage=STEP 5  complete  reason=step5_complete  wall=7.681667e-02s  cpu=7.681800e-02s  provider=70  solves=3  iterations=65

STEP 6
  certificate  stage=STEP 6  complete  reason=candidate_set  wall=1.567000e-05s  cpu=1.500000e-05s  provider=0  solves=0  iterations=0

STEP 8
  certificate  stage=STEP 8  complete  reason=step8_complete  wall=6.639052e-02s  cpu=6.639100e-02s  provider=133  solves=1  iterations=18

STEP 9
  certificate  stage=STEP 9  failed  objective=-4.878251e+01  upper=-4.878251e+01  gap= 5.751204e-10  wall=0.000000e+00s  cpu=0.000000e+00s  provider=0  solves=0  iterations=0
  certificate  stage=STEP 9  complete  reason=paper_potential_convergence_failed  wall=1.608171e-03s  cpu=1.608000e-03s  provider=2  solves=0  iterations=0

STEP 7
  certificate  stage=STEP 7  complete  reason=continue_stage_ii  wall=1.120000e-06s  cpu=1.000000e-06s  provider=0  solves=0  iterations=0

STEP 4
  STAGE II STEP 4  major=48  upper=-4.878251e+01  LP_primal= 7.649703e-11  LP_dual= 4.912737e-14  active_cuts=53  certified
  certificate  stage=STEP 4  complete  reason=step4_complete  wall=4.546670e-04s  cpu=4.550000e-04s  provider=0  solves=1  iterations=1

STEP 5
  certificate  stage=STEP 5 LOCAL  major=48  attempt=198  accepted  reason=success  P rel.=-3.437609e-08  objective=-4.878251e+01  upper=-4.878251e+01  gap= 9.734435e-13  wall=0.000000e+00s  cpu=0.000000e+00s  provider=0  solves=0  iterations=0
  certificate  stage=STEP 5  complete  reason=step5_complete  wall=2.313866e-02s  cpu=2.313900e-02s  provider=23  solves=1  iterations=20

STEP 6
  certificate  stage=STEP 6  complete  reason=candidate_set  wall=1.640000e-05s  cpu=1.600000e-05s  provider=0  solves=0  iterations=0

STEP 8
  certificate  stage=STEP 8  complete  reason=step8_complete  wall=6.934426e-02s  cpu=6.933500e-02s  provider=139  solves=1  iterations=19

STEP 9
  certificate  stage=STEP 9  failed  objective=-4.878251e+01  upper=-4.878251e+01  gap= 1.216449e-11  wall=0.000000e+00s  cpu=0.000000e+00s  provider=0  solves=0  iterations=0
  certificate  stage=STEP 9  complete  reason=paper_potential_convergence_failed  wall=1.596410e-03s  cpu=1.596000e-03s  provider=2  solves=0  iterations=0

STEP 7
  certificate  stage=STEP 7  complete  reason=continue_stage_ii  wall=9.600000e-07s  cpu=1.000000e-06s  provider=0  solves=0  iterations=0

STEP 4
  STAGE II STEP 4  major=49  upper=-4.878251e+01  LP_primal= 7.649703e-11  LP_dual= 4.912737e-14  active_cuts=54  certified
  certificate  stage=STEP 4  complete  reason=step4_complete  wall=4.200270e-04s  cpu=4.200000e-04s  provider=0  solves=1  iterations=1

STEP 5
  certificate  stage=STEP 5 LOCAL  major=49  attempt=199  accepted  reason=success  P rel.=-3.437609e-08  objective=-4.878251e+01  upper=-4.878251e+01  gap= 9.734435e-13  wall=0.000000e+00s  cpu=0.000000e+00s  provider=0  solves=0  iterations=0
  certificate  stage=STEP 5  complete  reason=step5_complete  wall=2.408447e-02s  cpu=2.408500e-02s  provider=24  solves=1  iterations=21

STEP 6
  certificate  stage=STEP 6  complete  reason=candidate_set  wall=2.023000e-05s  cpu=2.000000e-05s  provider=0  solves=0  iterations=0

STEP 8
  certificate  stage=STEP 8  complete  reason=step8_complete  wall=6.677532e-02s  cpu=6.677600e-02s  provider=133  solves=1  iterations=18

STEP 9
  certificate  stage=STEP 9  failed  objective=-4.878251e+01  upper=-4.878251e+01  gap= 5.817569e-10  wall=0.000000e+00s  cpu=0.000000e+00s  provider=0  solves=0  iterations=0
  certificate  stage=STEP 9  complete  reason=paper_potential_convergence_failed  wall=1.620161e-03s  cpu=1.620000e-03s  provider=2  solves=0  iterations=0

STEP 7
  certificate  stage=STEP 7  complete  reason=continue_stage_ii  wall=9.800000e-07s  cpu=1.000000e-06s  provider=0  solves=0  iterations=0

STEP 4
  STAGE II STEP 4  major=50  upper=-4.878251e+01  LP_primal= 7.649703e-11  LP_dual= 4.912737e-14  active_cuts=55  certified
  certificate  stage=STEP 4  complete  reason=step4_complete  wall=4.293170e-04s  cpu=4.290000e-04s  provider=0  solves=1  iterations=1

STEP 5
  certificate  stage=STEP 5 LOCAL  major=50  attempt=200  accepted  reason=success  P rel.= 4.381376e-14  objective=-4.593706e+01  upper=-4.878251e+01  gap=-2.845443e+00  wall=0.000000e+00s  cpu=0.000000e+00s  provider=0  solves=0  iterations=0
  certificate  stage=STEP 5 LOCAL  major=50  attempt=201  accepted  reason=success  P rel.=-9.892047e-10  objective=-4.878251e+01  upper=-4.878251e+01  gap= 8.530776e-11  wall=0.000000e+00s  cpu=0.000000e+00s  provider=0  solves=0  iterations=0
  certificate  stage=STEP 5  complete  reason=step5_complete  wall=4.340951e-02s  cpu=4.341000e-02s  provider=41  solves=2  iterations=37

STEP 6
  certificate  stage=STEP 6  complete  reason=candidate_set  wall=1.586900e-05s  cpu=1.600000e-05s  provider=0  solves=0  iterations=0

STEP 8
  certificate  stage=STEP 8  complete  reason=step8_complete  wall=6.984428e-02s  cpu=6.984600e-02s  provider=139  solves=1  iterations=19

STEP 9
  certificate  stage=STEP 9  failed  objective=-4.878251e+01  upper=-4.878251e+01  gap= 1.227107e-11  wall=0.000000e+00s  cpu=0.000000e+00s  provider=0  solves=0  iterations=0
  certificate  stage=STEP 9  complete  reason=paper_potential_convergence_failed  wall=1.598291e-03s  cpu=1.599000e-03s  provider=2  solves=0  iterations=0

STEP 7
  certificate  stage=STEP 7  complete  reason=continue_stage_ii  wall=1.130000e-06s  cpu=1.000000e-06s  provider=0  solves=0  iterations=0

STEP 4
  STAGE II STEP 4  major=51  upper=-4.878251e+01  LP_primal= 8.530776e-11  LP_dual= 4.912737e-14  active_cuts=56  certified
  certificate  stage=STEP 4  complete  reason=step4_complete  wall=4.931780e-04s  cpu=4.940000e-04s  provider=0  solves=1  iterations=1

STEP 5
  certificate  stage=STEP 5 LOCAL  major=51  attempt=202  accepted  reason=success  P rel.= 6.651073e-14  objective=-4.593706e+01  upper=-4.878251e+01  gap=-2.845443e+00  wall=0.000000e+00s  cpu=0.000000e+00s  provider=0  solves=0  iterations=0
  certificate  stage=STEP 5 LOCAL  major=51  attempt=203  accepted  reason=success  P rel.= 6.412611e-13  objective=-4.593706e+01  upper=-4.878251e+01  gap=-2.845443e+00  wall=0.000000e+00s  cpu=0.000000e+00s  provider=0  solves=0  iterations=0
  certificate  stage=STEP 5 LOCAL  major=51  attempt=204  accepted  reason=success  P rel.= 8.791483e-14  objective=-4.593706e+01  upper=-4.878251e+01  gap=-2.845443e+00  wall=0.000000e+00s  cpu=0.000000e+00s  provider=0  solves=0  iterations=0
  certificate  stage=STEP 5 LOCAL  major=51  attempt=206  accepted  reason=success  P rel.= 5.358208e-14  objective=-4.593706e+01  upper=-4.878251e+01  gap=-2.845443e+00  wall=0.000000e+00s  cpu=0.000000e+00s  provider=0  solves=0  iterations=0
  certificate  stage=STEP 5 LOCAL  major=51  attempt=207  accepted  reason=success  P rel.= 5.616781e-14  objective=-4.593706e+01  upper=-4.878251e+01  gap=-2.845443e+00  wall=0.000000e+00s  cpu=0.000000e+00s  provider=0  solves=0  iterations=0
  certificate  stage=STEP 5 LOCAL  major=51  attempt=208  accepted  reason=success  P rel.=-7.367866e-08  objective=-4.878251e+01  upper=-4.878251e+01  gap=-9.400480e-12  wall=0.000000e+00s  cpu=0.000000e+00s  provider=0  solves=0  iterations=0
  certificate  stage=STEP 5  complete  reason=step5_complete  wall=1.503126e-01s  cpu=1.503090e-01s  provider=144  solves=7  iterations=134

STEP 6
  certificate  stage=STEP 6  complete  reason=candidate_set  wall=1.710000e-05s  cpu=1.700000e-05s  provider=0  solves=0  iterations=0

STEP 8
  certificate  stage=STEP 8  complete  reason=step8_complete  wall=6.613873e-02s  cpu=6.613900e-02s  provider=133  solves=1  iterations=18

STEP 9
  certificate  stage=STEP 9  failed  objective=-4.878251e+01  upper=-4.878251e+01  gap= 5.885568e-10  wall=0.000000e+00s  cpu=0.000000e+00s  provider=0  solves=0  iterations=0
  certificate  stage=STEP 9  complete  reason=paper_potential_convergence_failed  wall=1.610800e-03s  cpu=1.611000e-03s  provider=2  solves=0  iterations=0

STEP 7
  certificate  stage=STEP 7  complete  reason=continue_stage_ii  wall=1.240000e-06s  cpu=1.000000e-06s  provider=0  solves=0  iterations=0

STEP 4
  STAGE II STEP 4  major=52  upper=-4.878251e+01  LP_primal= 8.530776e-11  LP_dual= 4.912737e-14  active_cuts=57  certified
  certificate  stage=STEP 4  complete  reason=step4_complete  wall=4.842580e-04s  cpu=4.850000e-04s  provider=0  solves=1  iterations=1

STEP 5
  certificate  stage=STEP 5 LOCAL  major=52  attempt=209  accepted  reason=success  P rel.= 1.537073e-13  objective=-4.593706e+01  upper=-4.878251e+01  gap=-2.845443e+00  wall=0.000000e+00s  cpu=0.000000e+00s  provider=0  solves=0  iterations=0
  certificate  stage=STEP 5 LOCAL  major=52  attempt=210  accepted  reason=success  P rel.=-9.834180e-10  objective=-4.878251e+01  upper=-4.878251e+01  gap= 8.530066e-11  wall=0.000000e+00s  cpu=0.000000e+00s  provider=0  solves=0  iterations=0
  certificate  stage=STEP 5  complete  reason=step5_complete  wall=4.663097e-02s  cpu=4.663200e-02s  provider=45  solves=2  iterations=40

STEP 6
  certificate  stage=STEP 6  complete  reason=candidate_set  wall=1.657000e-05s  cpu=1.700000e-05s  provider=0  solves=0  iterations=0

STEP 8
  certificate  stage=STEP 8  complete  reason=step8_complete  wall=6.860459e-02s  cpu=6.859900e-02s  provider=139  solves=1  iterations=19

STEP 9
  certificate  stage=STEP 9  failed  objective=-4.878251e+01  upper=-4.878251e+01  gap= 1.209344e-11  wall=0.000000e+00s  cpu=0.000000e+00s  provider=0  solves=0  iterations=0
  certificate  stage=STEP 9  complete  reason=paper_potential_convergence_failed  wall=1.633020e-03s  cpu=1.633000e-03s  provider=2  solves=0  iterations=0

STEP 7
  certificate  stage=STEP 7  complete  reason=continue_stage_ii  wall=1.400000e-06s  cpu=2.000000e-06s  provider=0  solves=0  iterations=0

STEP 4
  STAGE II STEP 4  major=53  upper=-4.878251e+01  LP_primal= 8.530776e-11  LP_dual= 4.912737e-14  active_cuts=58  certified
  certificate  stage=STEP 4  complete  reason=step4_complete  wall=4.932070e-04s  cpu=4.940000e-04s  provider=0  solves=1  iterations=1

STEP 5
  certificate  stage=STEP 5 LOCAL  major=53  attempt=211  accepted  reason=success  P rel.= 5.975910e-14  objective=-4.593706e+01  upper=-4.878251e+01  gap=-2.845443e+00  wall=0.000000e+00s  cpu=0.000000e+00s  provider=0  solves=0  iterations=0
  certificate  stage=STEP 5 LOCAL  major=53  attempt=212  accepted  reason=success  P rel.= 3.045416e-14  objective=-4.593706e+01  upper=-4.878251e+01  gap=-2.845443e+00  wall=0.000000e+00s  cpu=0.000000e+00s  provider=0  solves=0  iterations=0
  certificate  stage=STEP 5 LOCAL  major=53  attempt=213  accepted  reason=success  P rel.= 5.056539e-14  objective=-4.593706e+01  upper=-4.878251e+01  gap=-2.845443e+00  wall=0.000000e+00s  cpu=0.000000e+00s  provider=0  solves=0  iterations=0
  certificate  stage=STEP 5 LOCAL  major=53  attempt=214  accepted  reason=success  P rel.= 5.975910e-14  objective=-4.593706e+01  upper=-4.878251e+01  gap=-2.845443e+00  wall=0.000000e+00s  cpu=0.000000e+00s  provider=0  solves=0  iterations=0
  certificate  stage=STEP 5 LOCAL  major=53  attempt=215  accepted  reason=success  P rel.= 5.171460e-14  objective=-4.593706e+01  upper=-4.878251e+01  gap=-2.845443e+00  wall=0.000000e+00s  cpu=0.000000e+00s  provider=0  solves=0  iterations=0
  certificate  stage=STEP 5 LOCAL  major=53  attempt=216  accepted  reason=success  P rel.= 5.975910e-14  objective=-4.593706e+01  upper=-4.878251e+01  gap=-2.845443e+00  wall=0.000000e+00s  cpu=0.000000e+00s  provider=0  solves=0  iterations=0
  certificate  stage=STEP 5 LOCAL  major=53  attempt=217  accepted  reason=success  P rel.= 2.341522e-13  objective=-4.593706e+01  upper=-4.878251e+01  gap=-2.845443e+00  wall=0.000000e+00s  cpu=0.000000e+00s  provider=0  solves=0  iterations=0
  certificate  stage=STEP 5 LOCAL  major=53  attempt=218  accepted  reason=success  P rel.= 5.975910e-14  objective=-4.593706e+01  upper=-4.878251e+01  gap=-2.845443e+00  wall=0.000000e+00s  cpu=0.000000e+00s  provider=0  solves=0  iterations=0
  certificate  stage=STEP 5 LOCAL  major=53  attempt=219  accepted  reason=success  P rel.= 6.694168e-14  objective=-4.593706e+01  upper=-4.878251e+01  gap=-2.845443e+00  wall=0.000000e+00s  cpu=0.000000e+00s  provider=0  solves=0  iterations=0
  certificate  stage=STEP 5 LOCAL  major=53  attempt=220  accepted  reason=success  P rel.= 5.918449e-14  objective=-4.593706e+01  upper=-4.878251e+01  gap=-2.845443e+00  wall=0.000000e+00s  cpu=0.000000e+00s  provider=0  solves=0  iterations=0
  certificate  stage=STEP 5 LOCAL  major=53  attempt=221  accepted  reason=success  P rel.= 8.547275e-14  objective=-4.593706e+01  upper=-4.878251e+01  gap=-2.845443e+00  wall=0.000000e+00s  cpu=0.000000e+00s  provider=0  solves=0  iterations=0
  certificate  stage=STEP 5 LOCAL  major=53  attempt=222  accepted  reason=success  P rel.= 4.780728e-13  objective=-4.593706e+01  upper=-4.878251e+01  gap=-2.845443e+00  wall=0.000000e+00s  cpu=0.000000e+00s  provider=0  solves=0  iterations=0
  certificate  stage=STEP 5 LOCAL  major=53  attempt=223  accepted  reason=success  P rel.= 4.697410e-14  objective=-4.593706e+01  upper=-4.878251e+01  gap=-2.845443e+00  wall=0.000000e+00s  cpu=0.000000e+00s  provider=0  solves=0  iterations=0
  certificate  stage=STEP 5 LOCAL  major=53  attempt=224  accepted  reason=success  P rel.= 1.867472e-13  objective=-4.593706e+01  upper=-4.878251e+01  gap=-2.845443e+00  wall=0.000000e+00s  cpu=0.000000e+00s  provider=0  solves=0  iterations=0
  certificate  stage=STEP 5 LOCAL  major=53  attempt=225  accepted  reason=success  P rel.= 5.616781e-14  objective=-4.593706e+01  upper=-4.878251e+01  gap=-2.845443e+00  wall=0.000000e+00s  cpu=0.000000e+00s  provider=0  solves=0  iterations=0
  certificate  stage=STEP 5 LOCAL  major=53  attempt=226  accepted  reason=success  P rel.= 4.697410e-14  objective=-4.593706e+01  upper=-4.878251e+01  gap=-2.845443e+00  wall=0.000000e+00s  cpu=0.000000e+00s  provider=0  solves=0  iterations=0
  certificate  stage=STEP 5 LOCAL  major=53  attempt=228  accepted  reason=success  P rel.= 4.539393e-14  objective=-4.593706e+01  upper=-4.878251e+01  gap=-2.845443e+00  wall=0.000000e+00s  cpu=0.000000e+00s  provider=0  solves=0  iterations=0
  certificate  stage=STEP 5 LOCAL  major=53  attempt=229  accepted  reason=success  P rel.= 6.694168e-14  objective=-4.593706e+01  upper=-4.878251e+01  gap=-2.845443e+00  wall=0.000000e+00s  cpu=0.000000e+00s  provider=0  solves=0  iterations=0
  certificate  stage=STEP 5 LOCAL  major=53  attempt=230  accepted  reason=success  P rel.= 4.252090e-14  objective=-4.593706e+01  upper=-4.878251e+01  gap=-2.845443e+00  wall=0.000000e+00s  cpu=0.000000e+00s  provider=0  solves=0  iterations=0
  certificate  stage=STEP 5 LOCAL  major=53  attempt=231  accepted  reason=success  P rel.= 3.548197e-14  objective=-4.593706e+01  upper=-4.878251e+01  gap=-2.845443e+00  wall=0.000000e+00s  cpu=0.000000e+00s  provider=0  solves=0  iterations=0
  certificate  stage=STEP 5 LOCAL  major=53  attempt=232  accepted  reason=success  P rel.= 5.918449e-14  objective=-4.593706e+01  upper=-4.878251e+01  gap=-2.845443e+00  wall=0.000000e+00s  cpu=0.000000e+00s  provider=0  solves=0  iterations=0
  certificate  stage=STEP 5 LOCAL  major=53  attempt=233  accepted  reason=success  P rel.= 5.358208e-14  objective=-4.593706e+01  upper=-4.878251e+01  gap=-2.845443e+00  wall=0.000000e+00s  cpu=0.000000e+00s  provider=0  solves=0  iterations=0
  certificate  stage=STEP 5 LOCAL  major=53  attempt=235  accepted  reason=success  P rel.= 8.949500e-14  objective=-4.593706e+01  upper=-4.878251e+01  gap=-2.845443e+00  wall=0.000000e+00s  cpu=0.000000e+00s  provider=0  solves=0  iterations=0
  certificate  stage=STEP 5 LOCAL  major=53  attempt=236  accepted  reason=success  P rel.= 5.631146e-14  objective=-4.593706e+01  upper=-4.878251e+01  gap=-2.845443e+00  wall=0.000000e+00s  cpu=0.000000e+00s  provider=0  solves=0  iterations=0
  certificate  stage=STEP 5 LOCAL  major=53  attempt=237  accepted  reason=success  P rel.= 4.381376e-14  objective=-4.593706e+01  upper=-4.878251e+01  gap=-2.845443e+00  wall=0.000000e+00s  cpu=0.000000e+00s  provider=0  solves=0  iterations=0
  certificate  stage=STEP 5 LOCAL  major=53  attempt=238  accepted  reason=success  P rel.= 5.050793e-13  objective=-4.593706e+01  upper=-4.878251e+01  gap=-2.845443e+00  wall=0.000000e+00s  cpu=0.000000e+00s  provider=0  solves=0  iterations=0
  certificate  stage=STEP 5 LOCAL  major=53  attempt=239  accepted  reason=success  P rel.= 5.056539e-14  objective=-4.593706e+01  upper=-4.878251e+01  gap=-2.845443e+00  wall=0.000000e+00s  cpu=0.000000e+00s  provider=0  solves=0  iterations=0
  certificate  stage=STEP 5 LOCAL  major=53  attempt=240  accepted  reason=success  P rel.=-3.437288e-08  objective=-4.878251e+01  upper=-4.878251e+01  gap= 9.592327e-13  wall=0.000000e+00s  cpu=0.000000e+00s  provider=0  solves=0  iterations=0
  certificate  stage=STEP 5  complete  reason=step5_complete  wall=7.070444e-01s  cpu=7.069720e-01s  provider=674  solves=30  iterations=628

STEP 6
  certificate  stage=STEP 6  complete  reason=candidate_set  wall=1.729000e-05s  cpu=1.800000e-05s  provider=0  solves=0  iterations=0

STEP 8
  certificate  stage=STEP 8  complete  reason=step8_complete  wall=6.599289e-02s  cpu=6.598900e-02s  provider=133  solves=1  iterations=18

STEP 9
  certificate  stage=STEP 9  failed  objective=-4.878251e+01  upper=-4.878251e+01  gap= 5.834835e-10  wall=0.000000e+00s  cpu=0.000000e+00s  provider=0  solves=0  iterations=0
  certificate  stage=STEP 9  complete  reason=paper_potential_convergence_failed  wall=1.599181e-03s  cpu=1.599000e-03s  provider=2  solves=0  iterations=0

STEP 7
  certificate  stage=STEP 7  complete  reason=continue_stage_ii  wall=1.020000e-06s  cpu=1.000000e-06s  provider=0  solves=0  iterations=0

STEP 4
  STAGE II STEP 4  major=54  upper=-4.878251e+01  LP_primal= 8.530776e-11  LP_dual= 4.912737e-14  active_cuts=59  certified
  certificate  stage=STEP 4  complete  reason=step4_complete  wall=4.883980e-04s  cpu=4.890000e-04s  provider=0  solves=1  iterations=1

STEP 5
  certificate  stage=STEP 5 LOCAL  major=54  attempt=241  accepted  reason=success  P rel.= 5.975910e-14  objective=-4.593706e+01  upper=-4.878251e+01  gap=-2.845443e+00  wall=0.000000e+00s  cpu=0.000000e+00s  provider=0  solves=0  iterations=0
  certificate  stage=STEP 5 LOCAL  major=54  attempt=242  accepted  reason=success  P rel.= 2.495230e-13  objective=-4.593706e+01  upper=-4.878251e+01  gap=-2.845443e+00  wall=0.000000e+00s  cpu=0.000000e+00s  provider=0  solves=0  iterations=0
  certificate  stage=STEP 5 LOCAL  major=54  attempt=243  accepted  reason=success  P rel.=-9.833289e-10  objective=-4.878251e+01  upper=-4.878251e+01  gap= 8.530066e-11  wall=0.000000e+00s  cpu=0.000000e+00s  provider=0  solves=0  iterations=0
  certificate  stage=STEP 5  complete  reason=step5_complete  wall=6.899584e-02s  cpu=6.898200e-02s  provider=66  solves=3  iterations=61

STEP 6
  certificate  stage=STEP 6  complete  reason=candidate_set  wall=1.760000e-05s  cpu=1.800000e-05s  provider=0  solves=0  iterations=0

STEP 8
  certificate  stage=STEP 8  complete  reason=step8_complete  wall=6.825883e-02s  cpu=6.825400e-02s  provider=139  solves=1  iterations=19

STEP 9
  certificate  stage=STEP 9  failed  objective=-4.878251e+01  upper=-4.878251e+01  gap= 1.233502e-11  wall=0.000000e+00s  cpu=0.000000e+00s  provider=0  solves=0  iterations=0
  certificate  stage=STEP 9  complete  reason=paper_potential_convergence_failed  wall=1.598511e-03s  cpu=1.599000e-03s  provider=2  solves=0  iterations=0

STEP 7
  certificate  stage=STEP 7  complete  reason=continue_stage_ii  wall=2.130000e-06s  cpu=2.000000e-06s  provider=0  solves=0  iterations=0

STEP 4
  STAGE II STEP 4  major=55  upper=-4.878251e+01  LP_primal= 8.530776e-11  LP_dual= 4.912737e-14  active_cuts=60  certified
  certificate  stage=STEP 4  complete  reason=step4_complete  wall=5.074670e-04s  cpu=5.080000e-04s  provider=0  solves=1  iterations=1

STEP 5
  certificate  stage=STEP 5 LOCAL  major=55  attempt=244  accepted  reason=success  P rel.= 2.966407e-13  objective=-4.593706e+01  upper=-4.878251e+01  gap=-2.845443e+00  wall=0.000000e+00s  cpu=0.000000e+00s  provider=0  solves=0  iterations=0
  certificate  stage=STEP 5 LOCAL  major=55  attempt=245  accepted  reason=success  P rel.= 6.564882e-14  objective=-4.593706e+01  upper=-4.878251e+01  gap=-2.845443e+00  wall=0.000000e+00s  cpu=0.000000e+00s  provider=0  solves=0  iterations=0
  certificate  stage=STEP 5 LOCAL  major=55  attempt=246  accepted  reason=success  P rel.= 6.651073e-14  objective=-4.593706e+01  upper=-4.878251e+01  gap=-2.845443e+00  wall=0.000000e+00s  cpu=0.000000e+00s  provider=0  solves=0  iterations=0
  certificate  stage=STEP 5 LOCAL  major=55  attempt=247  accepted  reason=success  P rel.= 5.975910e-14  objective=-4.593706e+01  upper=-4.878251e+01  gap=-2.845443e+00  wall=0.000000e+00s  cpu=0.000000e+00s  provider=0  solves=0  iterations=0
  certificate  stage=STEP 5 LOCAL  major=55  attempt=248  accepted  reason=success  P rel.=-3.437609e-08  objective=-4.878251e+01  upper=-4.878251e+01  gap= 9.734435e-13  wall=0.000000e+00s  cpu=0.000000e+00s  provider=0  solves=0  iterations=0
  certificate  stage=STEP 5  complete  reason=step5_complete  wall=1.230524e-01s  cpu=1.230540e-01s  provider=118  solves=5  iterations=109

STEP 6
  certificate  stage=STEP 6  complete  reason=candidate_set  wall=1.754000e-05s  cpu=1.700000e-05s  provider=0  solves=0  iterations=0

STEP 8
  certificate  stage=STEP 8  complete  reason=step8_complete  wall=6.509235e-02s  cpu=6.509300e-02s  provider=133  solves=1  iterations=18

STEP 9
  certificate  stage=STEP 9  failed  objective=-4.878251e+01  upper=-4.878251e+01  gap= 5.897434e-10  wall=0.000000e+00s  cpu=0.000000e+00s  provider=0  solves=0  iterations=0
  certificate  stage=STEP 9  complete  reason=paper_potential_convergence_failed  wall=1.597811e-03s  cpu=1.598000e-03s  provider=2  solves=0  iterations=0

STEP 7
  certificate  stage=STEP 7  complete  reason=continue_stage_ii  wall=1.080000e-06s  cpu=1.000000e-06s  provider=0  solves=0  iterations=0

STEP 4
  STAGE II STEP 4  major=56  upper=-4.878251e+01  LP_primal= 8.530776e-11  LP_dual= 4.912737e-14  active_cuts=61  certified
  certificate  stage=STEP 4  complete  reason=step4_complete  wall=4.467170e-04s  cpu=4.470000e-04s  provider=0  solves=1  iterations=1

STEP 5
  certificate  stage=STEP 5 LOCAL  major=56  attempt=249  accepted  reason=success  P rel.= 4.625584e-14  objective=-4.593706e+01  upper=-4.878251e+01  gap=-2.845443e+00  wall=0.000000e+00s  cpu=0.000000e+00s  provider=0  solves=0  iterations=0
  certificate  stage=STEP 5 LOCAL  major=56  attempt=250  accepted  reason=success  P rel.= 5.128365e-14  objective=-4.593706e+01  upper=-4.878251e+01  gap=-2.845443e+00  wall=0.000000e+00s  cpu=0.000000e+00s  provider=0  solves=0  iterations=0
  certificate  stage=STEP 5 LOCAL  major=56  attempt=251  accepted  reason=success  P rel.= 7.441157e-14  objective=-4.593706e+01  upper=-4.878251e+01  gap=-2.845443e+00  wall=0.000000e+00s  cpu=0.000000e+00s  provider=0  solves=0  iterations=0
  certificate  stage=STEP 5 LOCAL  major=56  attempt=253  accepted  reason=success  P rel.= 6.477254e-13  objective=-4.593706e+01  upper=-4.878251e+01  gap=-2.845443e+00  wall=0.000000e+00s  cpu=0.000000e+00s  provider=0  solves=0  iterations=0
  certificate  stage=STEP 5 LOCAL  major=56  attempt=254  accepted  reason=success  P rel.=-9.842191e-10  objective=-4.878251e+01  upper=-4.878251e+01  gap= 8.529355e-11  wall=0.000000e+00s  cpu=0.000000e+00s  provider=0  solves=0  iterations=0
  certificate  stage=STEP 5  complete  reason=step5_complete  wall=1.364476e-01s  cpu=1.364400e-01s  provider=131  solves=6  iterations=111

STEP 6
  certificate  stage=STEP 6  complete  reason=candidate_set  wall=1.932000e-05s  cpu=2.000000e-05s  provider=0  solves=0  iterations=0

STEP 8
  certificate  stage=STEP 8  complete  reason=step8_complete  wall=7.073382e-02s  cpu=7.073500e-02s  provider=139  solves=1  iterations=19

STEP 9
  certificate  stage=STEP 9  failed  objective=-4.878251e+01  upper=-4.878251e+01  gap= 1.240608e-11  wall=0.000000e+00s  cpu=0.000000e+00s  provider=0  solves=0  iterations=0
  certificate  stage=STEP 9  complete  reason=paper_potential_convergence_failed  wall=1.807799e-03s  cpu=1.808000e-03s  provider=2  solves=0  iterations=0

STEP 7
  certificate  stage=STEP 7  complete  reason=continue_stage_ii  wall=2.020000e-06s  cpu=2.000000e-06s  provider=0  solves=0  iterations=0

STEP 4
  STAGE II STEP 4  major=57  upper=-4.878251e+01  LP_primal= 8.530776e-11  LP_dual= 4.912737e-14  active_cuts=62  certified
  certificate  stage=STEP 4  complete  reason=step4_complete  wall=5.524870e-04s  cpu=5.530000e-04s  provider=0  solves=1  iterations=1

STEP 5
  certificate  stage=STEP 5 LOCAL  major=57  attempt=255  accepted  reason=success  P rel.=-9.860442e-10  objective=-4.878251e+01  upper=-4.878251e+01  gap= 8.530066e-11  wall=0.000000e+00s  cpu=0.000000e+00s  provider=0  solves=0  iterations=0
  certificate  stage=STEP 5  complete  reason=step5_complete  wall=1.601581e-02s  cpu=1.601700e-02s  provider=16  solves=1  iterations=13

STEP 6
  certificate  stage=STEP 6  complete  reason=candidate_set  wall=1.768900e-05s  cpu=1.800000e-05s  provider=0  solves=0  iterations=0

STEP 8
  certificate  stage=STEP 8  complete  reason=step8_complete  wall=6.748279e-02s  cpu=6.746800e-02s  provider=133  solves=1  iterations=18

STEP 9
  certificate  stage=STEP 9  failed  objective=-4.878251e+01  upper=-4.878251e+01  gap= 5.909726e-10  wall=0.000000e+00s  cpu=0.000000e+00s  provider=0  solves=0  iterations=0
  certificate  stage=STEP 9  complete  reason=paper_potential_convergence_failed  wall=1.627750e-03s  cpu=1.628000e-03s  provider=2  solves=0  iterations=0

STEP 7
  certificate  stage=STEP 7  complete  reason=continue_stage_ii  wall=1.120000e-06s  cpu=1.000000e-06s  provider=0  solves=0  iterations=0

STEP 4
  STAGE II STEP 4  major=58  upper=-4.878251e+01  LP_primal= 8.530776e-11  LP_dual= 4.912737e-14  active_cuts=63  certified
  certificate  stage=STEP 4  complete  reason=step4_complete  wall=5.258570e-04s  cpu=5.270000e-04s  provider=0  solves=1  iterations=1

STEP 5
  certificate  stage=STEP 5 LOCAL  major=58  attempt=258  accepted  reason=success  P rel.= 4.697410e-14  objective=-4.593706e+01  upper=-4.878251e+01  gap=-2.845443e+00  wall=0.000000e+00s  cpu=0.000000e+00s  provider=0  solves=0  iterations=0
  certificate  stage=STEP 5 LOCAL  major=58  attempt=259  accepted  reason=success  P rel.= 5.975910e-14  objective=-4.593706e+01  upper=-4.878251e+01  gap=-2.845443e+00  wall=0.000000e+00s  cpu=0.000000e+00s  provider=0  solves=0  iterations=0
  certificate  stage=STEP 5 LOCAL  major=58  attempt=260  accepted  reason=success  P rel.=-4.451818e-08  objective=-4.878251e+01  upper=-4.878251e+01  gap=-1.726619e-12  wall=0.000000e+00s  cpu=0.000000e+00s  provider=0  solves=0  iterations=0
  certificate  stage=STEP 5  complete  reason=step5_complete  wall=7.984340e-02s  cpu=7.984500e-02s  provider=76  solves=5  iterations=68

STEP 6
  certificate  stage=STEP 6  complete  reason=candidate_set  wall=1.978900e-05s  cpu=1.900000e-05s  provider=0  solves=0  iterations=0

STEP 8
  certificate  stage=STEP 8  complete  reason=step8_complete  wall=7.045327e-02s  cpu=7.045500e-02s  provider=139  solves=1  iterations=19

STEP 9
  certificate  stage=STEP 9  failed  objective=-4.878251e+01  upper=-4.878251e+01  gap= 1.237055e-11  wall=0.000000e+00s  cpu=0.000000e+00s  provider=0  solves=0  iterations=0
  certificate  stage=STEP 9  complete  reason=paper_potential_convergence_failed  wall=1.618930e-03s  cpu=1.619000e-03s  provider=2  solves=0  iterations=0

STEP 7
  certificate  stage=STEP 7  complete  reason=continue_stage_ii  wall=1.300000e-06s  cpu=1.000000e-06s  provider=0  solves=0  iterations=0

STEP 4
  STAGE II STEP 4  major=59  upper=-4.878251e+01  LP_primal= 8.530776e-11  LP_dual= 4.912737e-14  active_cuts=64  certified
  certificate  stage=STEP 4  complete  reason=step4_complete  wall=4.938970e-04s  cpu=4.940000e-04s  provider=0  solves=1  iterations=1

STEP 5
  certificate  stage=STEP 5 LOCAL  major=59  attempt=261  accepted  reason=success  P rel.=-4.049805e-09  objective=-4.878251e+01  upper=-4.878251e+01  gap= 8.530066e-11  wall=0.000000e+00s  cpu=0.000000e+00s  provider=0  solves=0  iterations=0
  certificate  stage=STEP 5  complete  reason=step5_complete  wall=2.475230e-02s  cpu=2.475300e-02s  provider=23  solves=1  iterations=20

STEP 6
  certificate  stage=STEP 6  complete  reason=candidate_set  wall=1.905000e-05s  cpu=1.900000e-05s  provider=0  solves=0  iterations=0

STEP 8
  certificate  stage=STEP 8  complete  reason=step8_complete  wall=6.630888e-02s  cpu=6.631000e-02s  provider=133  solves=1  iterations=18

STEP 9
  certificate  stage=STEP 9  failed  objective=-4.878251e+01  upper=-4.878251e+01  gap= 5.868301e-10  wall=0.000000e+00s  cpu=0.000000e+00s  provider=0  solves=0  iterations=0
  certificate  stage=STEP 9  complete  reason=paper_potential_convergence_failed  wall=1.598710e-03s  cpu=1.599000e-03s  provider=2  solves=0  iterations=0

STEP 7
  certificate  stage=STEP 7  complete  reason=continue_stage_ii  wall=1.110000e-06s  cpu=1.000000e-06s  provider=0  solves=0  iterations=0

STEP 4
  STAGE II STEP 4  major=60  upper=-4.878251e+01  LP_primal= 8.530776e-11  LP_dual= 4.912737e-14  active_cuts=65  certified
  certificate  stage=STEP 4  complete  reason=step4_complete  wall=5.104170e-04s  cpu=5.110000e-04s  provider=0  solves=1  iterations=1

STEP 5
  certificate  stage=STEP 5 LOCAL  major=60  attempt=262  accepted  reason=success  P rel.= 3.128734e-13  objective=-4.593706e+01  upper=-4.878251e+01  gap=-2.845443e+00  wall=0.000000e+00s  cpu=0.000000e+00s  provider=0  solves=0  iterations=0
  certificate  stage=STEP 5 LOCAL  major=60  attempt=263  accepted  reason=success  P rel.= 6.378135e-14  objective=-4.593706e+01  upper=-4.878251e+01  gap=-2.845443e+00  wall=0.000000e+00s  cpu=0.000000e+00s  provider=0  solves=0  iterations=0
  certificate  stage=STEP 5 LOCAL  major=60  attempt=264  accepted  reason=success  P rel.= 7.728460e-14  objective=-4.593706e+01  upper=-4.878251e+01  gap=-2.845443e+00  wall=0.000000e+00s  cpu=0.000000e+00s  provider=0  solves=0  iterations=0
  certificate  stage=STEP 5 LOCAL  major=60  attempt=265  accepted  reason=success  P rel.= 3.045416e-14  objective=-4.593706e+01  upper=-4.878251e+01  gap=-2.845443e+00  wall=0.000000e+00s  cpu=0.000000e+00s  provider=0  solves=0  iterations=0
  certificate  stage=STEP 5 LOCAL  major=60  attempt=266  accepted  reason=success  P rel.= 3.476371e-14  objective=-4.593706e+01  upper=-4.878251e+01  gap=-2.845443e+00  wall=0.000000e+00s  cpu=0.000000e+00s  provider=0  solves=0  iterations=0
  certificate  stage=STEP 5 LOCAL  major=60  attempt=267  accepted  reason=success  P rel.= 3.476371e-14  objective=-4.593706e+01  upper=-4.878251e+01  gap=-2.845443e+00  wall=0.000000e+00s  cpu=0.000000e+00s  provider=0  solves=0  iterations=0
  certificate  stage=STEP 5 LOCAL  major=60  attempt=268  accepted  reason=success  P rel.= 5.616781e-14  objective=-4.593706e+01  upper=-4.878251e+01  gap=-2.845443e+00  wall=0.000000e+00s  cpu=0.000000e+00s  provider=0  solves=0  iterations=0
  certificate  stage=STEP 5 LOCAL  major=60  attempt=269  accepted  reason=success  P rel.= 4.539393e-14  objective=-4.593706e+01  upper=-4.878251e+01  gap=-2.845443e+00  wall=0.000000e+00s  cpu=0.000000e+00s  provider=0  solves=0  iterations=0
  certificate  stage=STEP 5 LOCAL  major=60  attempt=270  accepted  reason=success  P rel.=-9.803911e-10  objective=-4.878251e+01  upper=-4.878251e+01  gap= 8.529355e-11  wall=0.000000e+00s  cpu=0.000000e+00s  provider=0  solves=0  iterations=0
  certificate  stage=STEP 5  complete  reason=step5_complete  wall=2.199441e-01s  cpu=2.199400e-01s  provider=206  solves=9  iterations=195

STEP 6
  certificate  stage=STEP 6  complete  reason=candidate_set  wall=1.842000e-05s  cpu=1.800000e-05s  provider=0  solves=0  iterations=0

STEP 8
  certificate  stage=STEP 8  complete  reason=step8_complete  wall=7.115911e-02s  cpu=7.116100e-02s  provider=139  solves=1  iterations=19

STEP 9
  certificate  stage=STEP 9  failed  objective=-4.878251e+01  upper=-4.878251e+01  gap= 1.229239e-11  wall=0.000000e+00s  cpu=0.000000e+00s  provider=0  solves=0  iterations=0
  certificate  stage=STEP 9  complete  reason=paper_potential_convergence_failed  wall=1.623701e-03s  cpu=1.624000e-03s  provider=2  solves=0  iterations=0

STEP 7
  certificate  stage=STEP 7  complete  reason=continue_stage_ii  wall=1.100000e-06s  cpu=1.000000e-06s  provider=0  solves=0  iterations=0

STEP 4
  STAGE II STEP 4  major=61  upper=-4.878251e+01  LP_primal= 8.530776e-11  LP_dual= 4.912737e-14  active_cuts=66  certified
  certificate  stage=STEP 4  complete  reason=step4_complete  wall=5.232570e-04s  cpu=5.230000e-04s  provider=0  solves=1  iterations=1

STEP 5
  certificate  stage=STEP 5 LOCAL  major=61  attempt=271  accepted  reason=success  P rel.= 6.378135e-14  objective=-4.593706e+01  upper=-4.878251e+01  gap=-2.845443e+00  wall=0.000000e+00s  cpu=0.000000e+00s  provider=0  solves=0  iterations=0
  certificate  stage=STEP 5 LOCAL  major=61  attempt=272  accepted  reason=success  P rel.= 4.252090e-14  objective=-4.593706e+01  upper=-4.878251e+01  gap=-2.845443e+00  wall=0.000000e+00s  cpu=0.000000e+00s  provider=0  solves=0  iterations=0
  certificate  stage=STEP 5 LOCAL  major=61  attempt=273  accepted  reason=success  P rel.=-5.725111e-08  objective=-4.878251e+01  upper=-4.878251e+01  gap= 8.529355e-11  wall=0.000000e+00s  cpu=0.000000e+00s  provider=0  solves=0  iterations=0
  certificate  stage=STEP 5  complete  reason=step5_complete  wall=6.929143e-02s  cpu=6.929200e-02s  provider=65  solves=3  iterations=60

STEP 6
  certificate  stage=STEP 6  complete  reason=candidate_set  wall=2.133000e-05s  cpu=2.100000e-05s  provider=0  solves=0  iterations=0

STEP 8
  certificate  stage=STEP 8  complete  reason=step8_complete  wall=6.668978e-02s  cpu=6.669200e-02s  provider=133  solves=1  iterations=18

STEP 9
  certificate  stage=STEP 9  failed  objective=-4.878251e+01  upper=-4.878251e+01  gap= 5.855014e-10  wall=0.000000e+00s  cpu=0.000000e+00s  provider=0  solves=0  iterations=0
  certificate  stage=STEP 9  complete  reason=paper_potential_convergence_failed  wall=1.603700e-03s  cpu=1.604000e-03s  provider=2  solves=0  iterations=0

STEP 7
  certificate  stage=STEP 7  complete  reason=continue_stage_ii  wall=1.100000e-06s  cpu=1.000000e-06s  provider=0  solves=0  iterations=0

STEP 4
  STAGE II STEP 4  major=62  upper=-4.878251e+01  LP_primal= 8.530776e-11  LP_dual= 4.912737e-14  active_cuts=67  certified
  certificate  stage=STEP 4  complete  reason=step4_complete  wall=5.217770e-04s  cpu=5.220000e-04s  provider=0  solves=1  iterations=1

STEP 5
  certificate  stage=STEP 5 LOCAL  major=62  attempt=274  accepted  reason=success  P rel.= 5.975910e-14  objective=-4.593706e+01  upper=-4.878251e+01  gap=-2.845443e+00  wall=0.000000e+00s  cpu=0.000000e+00s  provider=0  solves=0  iterations=0
  certificate  stage=STEP 5 LOCAL  major=62  attempt=275  accepted  reason=success  P rel.= 4.381376e-14  objective=-4.593706e+01  upper=-4.878251e+01  gap=-2.845443e+00  wall=0.000000e+00s  cpu=0.000000e+00s  provider=0  solves=0  iterations=0
  certificate  stage=STEP 5 LOCAL  major=62  attempt=276  accepted  reason=success  P rel.=-9.888931e-10  objective=-4.878251e+01  upper=-4.878251e+01  gap= 8.530066e-11  wall=0.000000e+00s  cpu=0.000000e+00s  provider=0  solves=0  iterations=0
  certificate  stage=STEP 5  complete  reason=step5_complete  wall=6.851738e-02s  cpu=6.851900e-02s  provider=64  solves=3  iterations=60

STEP 6
  certificate  stage=STEP 6  complete  reason=candidate_set  wall=2.090000e-05s  cpu=2.100000e-05s  provider=0  solves=0  iterations=0

STEP 8
  certificate  stage=STEP 8  complete  reason=step8_complete  wall=6.915634e-02s  cpu=6.913600e-02s  provider=139  solves=1  iterations=19

STEP 9
  certificate  stage=STEP 9  failed  objective=-4.878251e+01  upper=-4.878251e+01  gap= 1.222134e-11  wall=0.000000e+00s  cpu=0.000000e+00s  provider=0  solves=0  iterations=0
  certificate  stage=STEP 9  complete  reason=paper_potential_convergence_failed  wall=1.593821e-03s  cpu=1.594000e-03s  provider=2  solves=0  iterations=0

STEP 7
  certificate  stage=STEP 7  complete  reason=continue_stage_ii  wall=1.040000e-06s  cpu=1.000000e-06s  provider=0  solves=0  iterations=0

STEP 4
  STAGE II STEP 4  major=63  upper=-4.878251e+01  LP_primal= 8.530776e-11  LP_dual= 4.912737e-14  active_cuts=68  certified
  certificate  stage=STEP 4  complete  reason=step4_complete  wall=4.875470e-04s  cpu=4.880000e-04s  provider=0  solves=1  iterations=1

STEP 5
  certificate  stage=STEP 5 LOCAL  major=63  attempt=277  accepted  reason=success  P rel.= 1.346016e-13  objective=-4.593706e+01  upper=-4.878251e+01  gap=-2.845443e+00  wall=0.000000e+00s  cpu=0.000000e+00s  provider=0  solves=0  iterations=0
  certificate  stage=STEP 5 LOCAL  major=63  attempt=278  accepted  reason=success  P rel.= 5.975910e-14  objective=-4.593706e+01  upper=-4.878251e+01  gap=-2.845443e+00  wall=0.000000e+00s  cpu=0.000000e+00s  provider=0  solves=0  iterations=0
  certificate  stage=STEP 5 LOCAL  major=63  attempt=279  accepted  reason=success  P rel.= 1.133412e-13  objective=-4.593706e+01  upper=-4.878251e+01  gap=-2.845443e+00  wall=0.000000e+00s  cpu=0.000000e+00s  provider=0  solves=0  iterations=0
  certificate  stage=STEP 5 LOCAL  major=63  attempt=280  accepted  reason=success  P rel.= 5.056539e-14  objective=-4.593706e+01  upper=-4.878251e+01  gap=-2.845443e+00  wall=0.000000e+00s  cpu=0.000000e+00s  provider=0  solves=0  iterations=0
  certificate  stage=STEP 5 LOCAL  major=63  attempt=281  accepted  reason=success  P rel.=-9.880919e-10  objective=-4.878251e+01  upper=-4.878251e+01  gap= 8.529355e-11  wall=0.000000e+00s  cpu=0.000000e+00s  provider=0  solves=0  iterations=0
  certificate  stage=STEP 5  complete  reason=step5_complete  wall=1.233278e-01s  cpu=1.233240e-01s  provider=118  solves=5  iterations=109

STEP 6
  certificate  stage=STEP 6  complete  reason=candidate_set  wall=2.059000e-05s  cpu=2.000000e-05s  provider=0  solves=0  iterations=0

STEP 8
  certificate  stage=STEP 8  complete  reason=step8_complete  wall=6.609852e-02s  cpu=6.608700e-02s  provider=133  solves=1  iterations=18

STEP 9
  certificate  stage=STEP 9  failed  objective=-4.878251e+01  upper=-4.878251e+01  gap= 5.846630e-10  wall=0.000000e+00s  cpu=0.000000e+00s  provider=0  solves=0  iterations=0
  certificate  stage=STEP 9  complete  reason=paper_potential_convergence_failed  wall=1.592230e-03s  cpu=1.592000e-03s  provider=2  solves=0  iterations=0

STEP 7
  certificate  stage=STEP 7  complete  reason=continue_stage_ii  wall=1.110000e-06s  cpu=1.000000e-06s  provider=0  solves=0  iterations=0

STEP 4
  STAGE II STEP 4  major=64  upper=-4.878251e+01  LP_primal= 8.530776e-11  LP_dual= 4.912737e-14  active_cuts=69  certified
  certificate  stage=STEP 4  complete  reason=step4_complete  wall=5.202470e-04s  cpu=5.200000e-04s  provider=0  solves=1  iterations=1

STEP 5
  certificate  stage=STEP 5 LOCAL  major=64  attempt=282  accepted  reason=success  P rel.=-9.848868e-10  objective=-4.878251e+01  upper=-4.878251e+01  gap= 8.530066e-11  wall=0.000000e+00s  cpu=0.000000e+00s  provider=0  solves=0  iterations=0
  certificate  stage=STEP 5  complete  reason=step5_complete  wall=2.031368e-02s  cpu=2.031400e-02s  provider=19  solves=1  iterations=18

STEP 6
  certificate  stage=STEP 6  complete  reason=candidate_set  wall=1.807000e-05s  cpu=1.800000e-05s  provider=0  solves=0  iterations=0

STEP 8
  certificate  stage=STEP 8  complete  reason=step8_complete  wall=6.860260e-02s  cpu=6.858600e-02s  provider=139  solves=1  iterations=19

STEP 9
  certificate  stage=STEP 9  failed  objective=-4.878251e+01  upper=-4.878251e+01  gap= 1.229239e-11  wall=0.000000e+00s  cpu=0.000000e+00s  provider=0  solves=0  iterations=0
  certificate  stage=STEP 9  complete  reason=paper_potential_convergence_failed  wall=1.597191e-03s  cpu=1.597000e-03s  provider=2  solves=0  iterations=0

STEP 7
  certificate  stage=STEP 7  complete  reason=continue_stage_ii  wall=1.190000e-06s  cpu=2.000000e-06s  provider=0  solves=0  iterations=0

STEP 4
  STAGE II STEP 4  major=65  upper=-4.878251e+01  LP_primal= 8.530776e-11  LP_dual= 4.912737e-14  active_cuts=70  certified
  certificate  stage=STEP 4  complete  reason=step4_complete  wall=5.214670e-04s  cpu=5.220000e-04s  provider=0  solves=1  iterations=1

STEP 5
  certificate  stage=STEP 5 LOCAL  major=65  attempt=283  accepted  reason=success  P rel.= 5.573685e-14  objective=-4.593706e+01  upper=-4.878251e+01  gap=-2.845443e+00  wall=0.000000e+00s  cpu=0.000000e+00s  provider=0  solves=0  iterations=0
  certificate  stage=STEP 5 LOCAL  major=65  attempt=284  accepted  reason=success  P rel.=-9.732689e-10  objective=-4.878251e+01  upper=-4.878251e+01  gap= 8.528644e-11  wall=0.000000e+00s  cpu=0.000000e+00s  provider=0  solves=0  iterations=0
  certificate  stage=STEP 5  complete  reason=step5_complete  wall=4.915441e-02s  cpu=4.914200e-02s  provider=47  solves=2  iterations=40

STEP 6
  certificate  stage=STEP 6  complete  reason=candidate_set  wall=2.013000e-05s  cpu=2.000000e-05s  provider=0  solves=0  iterations=0

STEP 8
  certificate  stage=STEP 8  complete  reason=step8_complete  wall=6.563642e-02s  cpu=6.563000e-02s  provider=133  solves=1  iterations=18

STEP 9
  certificate  stage=STEP 9  failed  objective=-4.878251e+01  upper=-4.878251e+01  gap= 5.868728e-10  wall=0.000000e+00s  cpu=0.000000e+00s  provider=0  solves=0  iterations=0
  certificate  stage=STEP 9  complete  reason=paper_potential_convergence_failed  wall=1.589381e-03s  cpu=1.589000e-03s  provider=2  solves=0  iterations=0

STEP 7
  certificate  stage=STEP 7  complete  reason=continue_stage_ii  wall=1.100000e-06s  cpu=1.000000e-06s  provider=0  solves=0  iterations=0

STEP 4
  STAGE II STEP 4  major=66  upper=-4.878251e+01  LP_primal= 8.530776e-11  LP_dual= 4.912737e-14  active_cuts=71  certified
  certificate  stage=STEP 4  complete  reason=step4_complete  wall=4.798780e-04s  cpu=4.810000e-04s  provider=0  solves=1  iterations=1

STEP 5
  certificate  stage=STEP 5 LOCAL  major=66  attempt=285  accepted  reason=success  P rel.=-9.834625e-10  objective=-4.878251e+01  upper=-4.878251e+01  gap= 8.529355e-11  wall=0.000000e+00s  cpu=0.000000e+00s  provider=0  solves=0  iterations=0
  certificate  stage=STEP 5  complete  reason=step5_complete  wall=1.921820e-02s  cpu=1.921800e-02s  provider=18  solves=1  iterations=16

STEP 6
  certificate  stage=STEP 6  complete  reason=candidate_set  wall=1.889000e-05s  cpu=1.900000e-05s  provider=0  solves=0  iterations=0

STEP 8
  certificate  stage=STEP 8  complete  reason=step8_complete  wall=6.835567e-02s  cpu=6.834700e-02s  provider=139  solves=1  iterations=19

STEP 9
  certificate  stage=STEP 9  failed  objective=-4.878251e+01  upper=-4.878251e+01  gap= 1.232081e-11  wall=0.000000e+00s  cpu=0.000000e+00s  provider=0  solves=0  iterations=0
  certificate  stage=STEP 9  complete  reason=paper_potential_convergence_failed  wall=1.563241e-03s  cpu=1.563000e-03s  provider=2  solves=0  iterations=0

STEP 7
  certificate  stage=STEP 7  complete  reason=continue_stage_ii  wall=1.130000e-06s  cpu=1.000000e-06s  provider=0  solves=0  iterations=0

STEP 4
  STAGE II STEP 4  major=67  upper=-4.878251e+01  LP_primal= 8.530776e-11  LP_dual= 4.912737e-14  active_cuts=72  certified
  certificate  stage=STEP 4  complete  reason=step4_complete  wall=5.279560e-04s  cpu=5.280000e-04s  provider=0  solves=1  iterations=1

STEP 5
  certificate  stage=STEP 5 LOCAL  major=67  attempt=287  accepted  reason=success  P rel.= 3.052598e-13  objective=-4.593706e+01  upper=-4.878251e+01  gap=-2.845443e+00  wall=0.000000e+00s  cpu=0.000000e+00s  provider=0  solves=0  iterations=0
  certificate  stage=STEP 5 LOCAL  major=67  attempt=288  accepted  reason=success  P rel.=-9.685950e-10  objective=-4.878251e+01  upper=-4.878251e+01  gap= 8.530066e-11  wall=0.000000e+00s  cpu=0.000000e+00s  provider=0  solves=0  iterations=0
  certificate  stage=STEP 5  complete  reason=step5_complete  wall=4.376865e-02s  cpu=4.377000e-02s  provider=44  solves=3  iterations=36

STEP 6
  certificate  stage=STEP 6  complete  reason=candidate_set  wall=2.058000e-05s  cpu=2.100000e-05s  provider=0  solves=0  iterations=0

STEP 8
  certificate  stage=STEP 8  complete  reason=step8_complete  wall=6.582741e-02s  cpu=6.573300e-02s  provider=133  solves=1  iterations=18

STEP 9
  certificate  stage=STEP 9  failed  objective=-4.878251e+01  upper=-4.878251e+01  gap= 5.932534e-10  wall=0.000000e+00s  cpu=0.000000e+00s  provider=0  solves=0  iterations=0
  certificate  stage=STEP 9  complete  reason=paper_potential_convergence_failed  wall=1.614960e-03s  cpu=1.615000e-03s  provider=2  solves=0  iterations=0

STEP 7
  certificate  stage=STEP 7  complete  reason=continue_stage_ii  wall=1.060000e-06s  cpu=1.000000e-06s  provider=0  solves=0  iterations=0

STEP 4
  STAGE II STEP 4  major=68  upper=-4.878251e+01  LP_primal= 8.530776e-11  LP_dual= 4.912737e-14  active_cuts=73  certified
  certificate  stage=STEP 4  complete  reason=step4_complete  wall=5.087570e-04s  cpu=5.090000e-04s  provider=0  solves=1  iterations=1

STEP 5
  certificate  stage=STEP 5 LOCAL  major=68  attempt=289  accepted  reason=success  P rel.= 7.728460e-14  objective=-4.593706e+01  upper=-4.878251e+01  gap=-2.845443e+00  wall=0.000000e+00s  cpu=0.000000e+00s  provider=0  solves=0  iterations=0
  certificate  stage=STEP 5 LOCAL  major=68  attempt=290  accepted  reason=success  P rel.= 5.975910e-14  objective=-4.593706e+01  upper=-4.878251e+01  gap=-2.845443e+00  wall=0.000000e+00s  cpu=0.000000e+00s  provider=0  solves=0  iterations=0
  certificate  stage=STEP 5 LOCAL  major=68  attempt=291  accepted  reason=success  P rel.=-9.730463e-10  objective=-4.878251e+01  upper=-4.878251e+01  gap= 8.528644e-11  wall=0.000000e+00s  cpu=0.000000e+00s  provider=0  solves=0  iterations=0
  certificate  stage=STEP 5  complete  reason=step5_complete  wall=6.905585e-02s  cpu=6.905000e-02s  provider=66  solves=3  iterations=61

STEP 6
  certificate  stage=STEP 6  complete  reason=candidate_set  wall=1.999000e-05s  cpu=2.000000e-05s  provider=0  solves=0  iterations=0

STEP 8
  certificate  stage=STEP 8  complete  reason=step8_complete  wall=6.957277e-02s  cpu=6.955900e-02s  provider=139  solves=1  iterations=19

STEP 9
  certificate  stage=STEP 9  failed  objective=-4.878251e+01  upper=-4.878251e+01  gap= 1.227818e-11  wall=0.000000e+00s  cpu=0.000000e+00s  provider=0  solves=0  iterations=0
  certificate  stage=STEP 9  complete  reason=paper_potential_convergence_failed  wall=1.647180e-03s  cpu=1.648000e-03s  provider=2  solves=0  iterations=0

STEP 7
  certificate  stage=STEP 7  complete  reason=continue_stage_ii  wall=1.450000e-06s  cpu=2.000000e-06s  provider=0  solves=0  iterations=0

STEP 4
  STAGE II STEP 4  major=69  upper=-4.878251e+01  LP_primal= 8.530776e-11  LP_dual= 4.912737e-14  active_cuts=74  certified
  certificate  stage=STEP 4  complete  reason=step4_complete  wall=7.306360e-04s  cpu=7.310000e-04s  provider=0  solves=1  iterations=1

STEP 5
  certificate  stage=STEP 5 LOCAL  major=69  attempt=292  accepted  reason=success  P rel.= 3.548197e-14  objective=-4.593706e+01  upper=-4.878251e+01  gap=-2.845443e+00  wall=0.000000e+00s  cpu=0.000000e+00s  provider=0  solves=0  iterations=0
  certificate  stage=STEP 5 LOCAL  major=69  attempt=293  accepted  reason=success  P rel.=-9.860442e-10  objective=-4.878251e+01  upper=-4.878251e+01  gap= 8.529355e-11  wall=0.000000e+00s  cpu=0.000000e+00s  provider=0  solves=0  iterations=0
  certificate  stage=STEP 5  complete  reason=step5_complete  wall=4.329126e-02s  cpu=4.329200e-02s  provider=40  solves=2  iterations=38

STEP 6
  certificate  stage=STEP 6  complete  reason=candidate_set  wall=2.224000e-05s  cpu=2.300000e-05s  provider=0  solves=0  iterations=0

STEP 8
  certificate  stage=STEP 8  complete  reason=step8_complete  wall=6.794001e-02s  cpu=6.792300e-02s  provider=133  solves=1  iterations=18

STEP 9
  certificate  stage=STEP 9  failed  objective=-4.878251e+01  upper=-4.878251e+01  gap= 5.886633e-10  wall=0.000000e+00s  cpu=0.000000e+00s  provider=0  solves=0  iterations=0
  certificate  stage=STEP 9  complete  reason=paper_potential_convergence_failed  wall=1.621690e-03s  cpu=1.622000e-03s  provider=2  solves=0  iterations=0

STEP 7
  certificate  stage=STEP 7  complete  reason=continue_stage_ii  wall=1.290000e-06s  cpu=2.000000e-06s  provider=0  solves=0  iterations=0

STEP 4
  STAGE II STEP 4  major=70  upper=-4.878251e+01  LP_primal= 8.530776e-11  LP_dual= 4.912737e-14  active_cuts=75  certified
  certificate  stage=STEP 4  complete  reason=step4_complete  wall=5.288970e-04s  cpu=5.290000e-04s  provider=0  solves=1  iterations=1

STEP 5
  certificate  stage=STEP 5 LOCAL  major=70  attempt=294  accepted  reason=success  P rel.= 1.417842e-13  objective=-4.593706e+01  upper=-4.878251e+01  gap=-2.845443e+00  wall=0.000000e+00s  cpu=0.000000e+00s  provider=0  solves=0  iterations=0
  certificate  stage=STEP 5 LOCAL  major=70  attempt=295  accepted  reason=success  P rel.=-3.437609e-08  objective=-4.878251e+01  upper=-4.878251e+01  gap= 9.734435e-13  wall=0.000000e+00s  cpu=0.000000e+00s  provider=0  solves=0  iterations=0
  certificate  stage=STEP 5  complete  reason=step5_complete  wall=4.701752e-02s  cpu=4.701800e-02s  provider=44  solves=2  iterations=42

STEP 6
  certificate  stage=STEP 6  complete  reason=candidate_set  wall=2.132000e-05s  cpu=2.100000e-05s  provider=0  solves=0  iterations=0

STEP 8
  certificate  stage=STEP 8  complete  reason=step8_complete  wall=6.933698e-02s  cpu=6.933300e-02s  provider=139  solves=1  iterations=19

STEP 9
  certificate  stage=STEP 9  failed  objective=-4.878251e+01  upper=-4.878251e+01  gap= 1.234923e-11  wall=0.000000e+00s  cpu=0.000000e+00s  provider=0  solves=0  iterations=0
  certificate  stage=STEP 9  complete  reason=paper_potential_convergence_failed  wall=1.618751e-03s  cpu=1.619000e-03s  provider=2  solves=0  iterations=0

STEP 7
  certificate  stage=STEP 7  complete  reason=continue_stage_ii  wall=1.270000e-06s  cpu=1.000000e-06s  provider=0  solves=0  iterations=0

STEP 4
  STAGE II STEP 4  major=71  upper=-4.878251e+01  LP_primal= 8.530776e-11  LP_dual= 4.912737e-14  active_cuts=76  certified
  certificate  stage=STEP 4  complete  reason=step4_complete  wall=5.309470e-04s  cpu=5.310000e-04s  provider=0  solves=1  iterations=1

STEP 5
  certificate  stage=STEP 5 LOCAL  major=71  attempt=297  accepted  reason=success  P rel.= 4.657187e-13  objective=-4.593706e+01  upper=-4.878251e+01  gap=-2.845443e+00  wall=0.000000e+00s  cpu=0.000000e+00s  provider=0  solves=0  iterations=0
  certificate  stage=STEP 5 LOCAL  major=71  attempt=298  accepted  reason=success  P rel.= 5.918449e-14  objective=-4.593706e+01  upper=-4.878251e+01  gap=-2.845443e+00  wall=0.000000e+00s  cpu=0.000000e+00s  provider=0  solves=0  iterations=0
  certificate  stage=STEP 5 LOCAL  major=71  attempt=299  accepted  reason=success  P rel.=-9.838186e-10  objective=-4.878251e+01  upper=-4.878251e+01  gap= 8.528644e-11  wall=0.000000e+00s  cpu=0.000000e+00s  provider=0  solves=0  iterations=0
  certificate  stage=STEP 5  complete  reason=step5_complete  wall=6.908981e-02s  cpu=6.909100e-02s  provider=67  solves=4  iterations=60

STEP 6
  certificate  stage=STEP 6  complete  reason=candidate_set  wall=2.223000e-05s  cpu=2.200000e-05s  provider=0  solves=0  iterations=0

STEP 8
  certificate  stage=STEP 8  complete  reason=step8_complete  wall=6.580123e-02s  cpu=6.580200e-02s  provider=133  solves=1  iterations=18

STEP 9
  certificate  stage=STEP 9  failed  objective=-4.878251e+01  upper=-4.878251e+01  gap= 5.911929e-10  wall=0.000000e+00s  cpu=0.000000e+00s  provider=0  solves=0  iterations=0
  certificate  stage=STEP 9  complete  reason=paper_potential_convergence_failed  wall=1.590840e-03s  cpu=1.591000e-03s  provider=2  solves=0  iterations=0

STEP 7
  certificate  stage=STEP 7  complete  reason=continue_stage_ii  wall=1.210000e-06s  cpu=1.000000e-06s  provider=0  solves=0  iterations=0

STEP 4
  STAGE II STEP 4  major=72  upper=-4.878251e+01  LP_primal= 8.530776e-11  LP_dual= 4.912737e-14  active_cuts=77  certified
  certificate  stage=STEP 4  complete  reason=step4_complete  wall=5.000370e-04s  cpu=5.000000e-04s  provider=0  solves=1  iterations=1

STEP 5
  certificate  stage=STEP 5 LOCAL  major=72  attempt=300  accepted  reason=success  P rel.= 2.715017e-14  objective=-4.593706e+01  upper=-4.878251e+01  gap=-2.845443e+00  wall=0.000000e+00s  cpu=0.000000e+00s  provider=0  solves=0  iterations=0
  certificate  stage=STEP 5 LOCAL  major=72  attempt=301  accepted  reason=success  P rel.= 5.085269e-14  objective=-4.593706e+01  upper=-4.878251e+01  gap=-2.845443e+00  wall=0.000000e+00s  cpu=0.000000e+00s  provider=0  solves=0  iterations=0
  certificate  stage=STEP 5 LOCAL  major=72  attempt=302  accepted  reason=success  P rel.= 6.564882e-14  objective=-4.593706e+01  upper=-4.878251e+01  gap=-2.845443e+00  wall=0.000000e+00s  cpu=0.000000e+00s  provider=0  solves=0  iterations=0
  certificate  stage=STEP 5 LOCAL  major=72  attempt=304  accepted  reason=success  P rel.= 5.918449e-14  objective=-4.593706e+01  upper=-4.878251e+01  gap=-2.845443e+00  wall=0.000000e+00s  cpu=0.000000e+00s  provider=0  solves=0  iterations=0
  certificate  stage=STEP 5 LOCAL  major=72  attempt=305  accepted  reason=success  P rel.= 5.918449e-14  objective=-4.593706e+01  upper=-4.878251e+01  gap=-2.845443e+00  wall=0.000000e+00s  cpu=0.000000e+00s  provider=0  solves=0  iterations=0
  certificate  stage=STEP 5 LOCAL  major=72  attempt=307  accepted  reason=success  P rel.=-9.892493e-10  objective=-4.878251e+01  upper=-4.878251e+01  gap= 8.529355e-11  wall=0.000000e+00s  cpu=0.000000e+00s  provider=0  solves=0  iterations=0
  certificate  stage=STEP 5  complete  reason=step5_complete  wall=1.461843e-01s  cpu=1.461650e-01s  provider=142  solves=8  iterations=130

STEP 6
  certificate  stage=STEP 6  complete  reason=candidate_set  wall=2.163000e-05s  cpu=2.200000e-05s  provider=0  solves=0  iterations=0

STEP 8
  certificate  stage=STEP 8  complete  reason=step8_complete  wall=6.896152e-02s  cpu=6.895300e-02s  provider=139  solves=1  iterations=19

STEP 9
  certificate  stage=STEP 9  failed  objective=-4.878251e+01  upper=-4.878251e+01  gap= 1.236344e-11  wall=0.000000e+00s  cpu=0.000000e+00s  provider=0  solves=0  iterations=0
  certificate  stage=STEP 9  complete  reason=paper_potential_convergence_failed  wall=1.607231e-03s  cpu=1.608000e-03s  provider=2  solves=0  iterations=0

STEP 7
  certificate  stage=STEP 7  complete  reason=continue_stage_ii  wall=1.030000e-06s  cpu=1.000000e-06s  provider=0  solves=0  iterations=0

STEP 4
  STAGE II STEP 4  major=73  upper=-4.878251e+01  LP_primal= 8.530776e-11  LP_dual= 4.912737e-14  active_cuts=78  certified
  certificate  stage=STEP 4  complete  reason=step4_complete  wall=4.882170e-04s  cpu=4.880000e-04s  provider=0  solves=1  iterations=1

STEP 5
  certificate  stage=STEP 5 LOCAL  major=73  attempt=308  accepted  reason=success  P rel.= 8.389258e-14  objective=-4.593706e+01  upper=-4.878251e+01  gap=-2.845443e+00  wall=0.000000e+00s  cpu=0.000000e+00s  provider=0  solves=0  iterations=0
  certificate  stage=STEP 5 LOCAL  major=73  attempt=309  accepted  reason=success  P rel.= 4.553758e-14  objective=-4.593706e+01  upper=-4.878251e+01  gap=-2.845443e+00  wall=0.000000e+00s  cpu=0.000000e+00s  provider=0  solves=0  iterations=0
  certificate  stage=STEP 5 LOCAL  major=73  attempt=310  accepted  reason=success  P rel.= 5.128365e-14  objective=-4.593706e+01  upper=-4.878251e+01  gap=-2.845443e+00  wall=0.000000e+00s  cpu=0.000000e+00s  provider=0  solves=0  iterations=0
  certificate  stage=STEP 5 LOCAL  major=73  attempt=311  accepted  reason=success  P rel.= 5.056539e-14  objective=-4.593706e+01  upper=-4.878251e+01  gap=-2.845443e+00  wall=0.000000e+00s  cpu=0.000000e+00s  provider=0  solves=0  iterations=0
  certificate  stage=STEP 5 LOCAL  major=73  attempt=312  accepted  reason=success  P rel.= 3.548197e-14  objective=-4.593706e+01  upper=-4.878251e+01  gap=-2.845443e+00  wall=0.000000e+00s  cpu=0.000000e+00s  provider=0  solves=0  iterations=0
  certificate  stage=STEP 5 LOCAL  major=73  attempt=313  accepted  reason=success  P rel.=-9.847534e-10  objective=-4.878251e+01  upper=-4.878251e+01  gap= 8.530776e-11  wall=0.000000e+00s  cpu=0.000000e+00s  provider=0  solves=0  iterations=0
  certificate  stage=STEP 5  complete  reason=step5_complete  wall=1.493350e-01s  cpu=1.493370e-01s  provider=143  solves=6  iterations=130

STEP 6
  certificate  stage=STEP 6  complete  reason=candidate_set  wall=2.265000e-05s  cpu=2.300000e-05s  provider=0  solves=0  iterations=0

STEP 8
  certificate  stage=STEP 8  complete  reason=step8_complete  wall=6.600007e-02s  cpu=6.600200e-02s  provider=133  solves=1  iterations=18

STEP 9
  certificate  stage=STEP 9  failed  objective=-4.878251e+01  upper=-4.878251e+01  gap= 5.866241e-10  wall=0.000000e+00s  cpu=0.000000e+00s  provider=0  solves=0  iterations=0
  certificate  stage=STEP 9  complete  reason=paper_potential_convergence_failed  wall=1.620150e-03s  cpu=1.620000e-03s  provider=2  solves=0  iterations=0

STEP 7
  certificate  stage=STEP 7  complete  reason=continue_stage_ii  wall=1.300000e-06s  cpu=1.000000e-06s  provider=0  solves=0  iterations=0

STEP 4
  STAGE II STEP 4  major=74  upper=-4.878251e+01  LP_primal= 8.530776e-11  LP_dual= 4.912737e-14  active_cuts=79  certified
  certificate  stage=STEP 4  complete  reason=step4_complete  wall=5.429570e-04s  cpu=5.430000e-04s  provider=0  solves=1  iterations=1

STEP 5
  certificate  stage=STEP 5 LOCAL  major=74  attempt=314  accepted  reason=success  P rel.= 5.975910e-14  objective=-4.593706e+01  upper=-4.878251e+01  gap=-2.845443e+00  wall=0.000000e+00s  cpu=0.000000e+00s  provider=0  solves=0  iterations=0
  certificate  stage=STEP 5 LOCAL  major=74  attempt=315  accepted  reason=success  P rel.= 5.085269e-14  objective=-4.593706e+01  upper=-4.878251e+01  gap=-2.845443e+00  wall=0.000000e+00s  cpu=0.000000e+00s  provider=0  solves=0  iterations=0
  certificate  stage=STEP 5 LOCAL  major=74  attempt=316  accepted  reason=success  P rel.= 5.975910e-14  objective=-4.593706e+01  upper=-4.878251e+01  gap=-2.845443e+00  wall=0.000000e+00s  cpu=0.000000e+00s  provider=0  solves=0  iterations=0
  certificate  stage=STEP 5 LOCAL  major=74  attempt=317  accepted  reason=success  P rel.= 7.297505e-14  objective=-4.593706e+01  upper=-4.878251e+01  gap=-2.845443e+00  wall=0.000000e+00s  cpu=0.000000e+00s  provider=0  solves=0  iterations=0
  certificate  stage=STEP 5 LOCAL  major=74  attempt=318  accepted  reason=success  P rel.= 3.476371e-14  objective=-4.593706e+01  upper=-4.878251e+01  gap=-2.845443e+00  wall=0.000000e+00s  cpu=0.000000e+00s  provider=0  solves=0  iterations=0
  certificate  stage=STEP 5 LOCAL  major=74  attempt=319  accepted  reason=success  P rel.= 2.715017e-14  objective=-4.593706e+01  upper=-4.878251e+01  gap=-2.845443e+00  wall=0.000000e+00s  cpu=0.000000e+00s  provider=0  solves=0  iterations=0
  certificate  stage=STEP 5 LOCAL  major=74  attempt=320  accepted  reason=success  P rel.= 5.975910e-14  objective=-4.593706e+01  upper=-4.878251e+01  gap=-2.845443e+00  wall=0.000000e+00s  cpu=0.000000e+00s  provider=0  solves=0  iterations=0
  certificate  stage=STEP 5 LOCAL  major=74  attempt=321  accepted  reason=success  P rel.= 5.697226e-13  objective=-4.593706e+01  upper=-4.878251e+01  gap=-2.845443e+00  wall=0.000000e+00s  cpu=0.000000e+00s  provider=0  solves=0  iterations=0
  certificate  stage=STEP 5 LOCAL  major=74  attempt=322  accepted  reason=success  P rel.= 2.715017e-14  objective=-4.593706e+01  upper=-4.878251e+01  gap=-2.845443e+00  wall=0.000000e+00s  cpu=0.000000e+00s  provider=0  solves=0  iterations=0
  certificate  stage=STEP 5 LOCAL  major=74  attempt=323  accepted  reason=success  P rel.= 5.975910e-14  objective=-4.593706e+01  upper=-4.878251e+01  gap=-2.845443e+00  wall=0.000000e+00s  cpu=0.000000e+00s  provider=0  solves=0  iterations=0
  certificate  stage=STEP 5 LOCAL  major=74  attempt=324  accepted  reason=success  P rel.=-3.437609e-08  objective=-4.878251e+01  upper=-4.878251e+01  gap= 9.734435e-13  wall=0.000000e+00s  cpu=0.000000e+00s  provider=0  solves=0  iterations=0
  certificate  stage=STEP 5  complete  reason=step5_complete  wall=2.744247e-01s  cpu=2.742710e-01s  provider=258  solves=11  iterations=243

STEP 6
  certificate  stage=STEP 6  complete  reason=candidate_set  wall=2.461000e-05s  cpu=2.500000e-05s  provider=0  solves=0  iterations=0

STEP 8
  certificate  stage=STEP 8  complete  reason=step8_complete  wall=7.072062e-02s  cpu=7.072300e-02s  provider=139  solves=1  iterations=19

STEP 9
  certificate  stage=STEP 9  failed  objective=-4.878251e+01  upper=-4.878251e+01  gap= 1.208633e-11  wall=0.000000e+00s  cpu=0.000000e+00s  provider=0  solves=0  iterations=0
  certificate  stage=STEP 9  complete  reason=paper_potential_convergence_failed  wall=1.604071e-03s  cpu=1.604000e-03s  provider=2  solves=0  iterations=0

STEP 7
  certificate  stage=STEP 7  complete  reason=continue_stage_ii  wall=1.290000e-06s  cpu=1.000000e-06s  provider=0  solves=0  iterations=0

STEP 4
  STAGE II STEP 4  major=75  upper=-4.878251e+01  LP_primal= 8.530776e-11  LP_dual= 4.912737e-14  active_cuts=80  certified
  certificate  stage=STEP 4  complete  reason=step4_complete  wall=7.493560e-04s  cpu=7.500000e-04s  provider=0  solves=1  iterations=1

STEP 5
  certificate  stage=STEP 5 LOCAL  major=75  attempt=325  accepted  reason=success  P rel.= 6.579247e-14  objective=-4.593706e+01  upper=-4.878251e+01  gap=-2.845443e+00  wall=0.000000e+00s  cpu=0.000000e+00s  provider=0  solves=0  iterations=0
  certificate  stage=STEP 5 LOCAL  major=75  attempt=326  accepted  reason=success  P rel.= 5.056539e-14  objective=-4.593706e+01  upper=-4.878251e+01  gap=-2.845443e+00  wall=0.000000e+00s  cpu=0.000000e+00s  provider=0  solves=0  iterations=0
  certificate  stage=STEP 5 LOCAL  major=75  attempt=327  accepted  reason=success  P rel.=-9.913858e-10  objective=-4.878251e+01  upper=-4.878251e+01  gap= 8.530066e-11  wall=0.000000e+00s  cpu=0.000000e+00s  provider=0  solves=0  iterations=0
  certificate  stage=STEP 5  complete  reason=step5_complete  wall=7.215829e-02s  cpu=7.215900e-02s  provider=67  solves=3  iterations=61

STEP 6
  certificate  stage=STEP 6  complete  reason=candidate_set  wall=2.270000e-05s  cpu=2.300000e-05s  provider=0  solves=0  iterations=0

STEP 8
  certificate  stage=STEP 8  complete  reason=step8_complete  wall=6.947264e-02s  cpu=6.946900e-02s  provider=133  solves=1  iterations=18

STEP 9
  certificate  stage=STEP 9  failed  objective=-4.878251e+01  upper=-4.878251e+01  gap= 5.839595e-10  wall=0.000000e+00s  cpu=0.000000e+00s  provider=0  solves=0  iterations=0
  certificate  stage=STEP 9  complete  reason=paper_potential_convergence_failed  wall=1.569861e-03s  cpu=1.570000e-03s  provider=2  solves=0  iterations=0

STEP 7
  certificate  stage=STEP 7  complete  reason=continue_stage_ii  wall=1.260000e-06s  cpu=1.000000e-06s  provider=0  solves=0  iterations=0

STEP 4
  STAGE II STEP 4  major=76  upper=-4.878251e+01  LP_primal= 8.530776e-11  LP_dual= 4.912737e-14  active_cuts=81  certified
  certificate  stage=STEP 4  complete  reason=step4_complete  wall=5.555670e-04s  cpu=5.560000e-04s  provider=0  solves=1  iterations=1

STEP 5
  certificate  stage=STEP 5 LOCAL  major=76  attempt=328  accepted  reason=success  P rel.=-7.678440e-09  objective=-4.878251e+01  upper=-4.878251e+01  gap= 8.529355e-11  wall=0.000000e+00s  cpu=0.000000e+00s  provider=0  solves=0  iterations=0
  certificate  stage=STEP 5  complete  reason=step5_complete  wall=2.492142e-02s  cpu=2.492300e-02s  provider=22  solves=1  iterations=19

STEP 6
  certificate  stage=STEP 6  complete  reason=candidate_set  wall=2.700000e-05s  cpu=2.700000e-05s  provider=0  solves=0  iterations=0

STEP 8
  certificate  stage=STEP 8  complete  reason=step8_complete  wall=7.252182e-02s  cpu=7.252300e-02s  provider=139  solves=1  iterations=19

STEP 9
  certificate  stage=STEP 9  failed  objective=-4.878251e+01  upper=-4.878251e+01  gap= 1.224976e-11  wall=0.000000e+00s  cpu=0.000000e+00s  provider=0  solves=0  iterations=0
  certificate  stage=STEP 9  complete  reason=paper_potential_convergence_failed  wall=1.613281e-03s  cpu=1.613000e-03s  provider=2  solves=0  iterations=0

STEP 7
  certificate  stage=STEP 7  complete  reason=continue_stage_ii  wall=1.280000e-06s  cpu=1.000000e-06s  provider=0  solves=0  iterations=0

STEP 4
  STAGE II STEP 4  major=77  upper=-4.878251e+01  LP_primal= 7.987921e-11  LP_dual= 2.902401e-13  active_cuts=82  certified
  certificate  stage=STEP 4  complete  reason=step4_complete  wall=6.037360e-04s  cpu=6.040000e-04s  provider=0  solves=1  iterations=1

STEP 5
  certificate  stage=STEP 5 LOCAL  major=77  attempt=329  accepted  reason=success  P rel.= 3.706213e-14  objective=-4.593706e+01  upper=-4.878251e+01  gap=-2.845443e+00  wall=0.000000e+00s  cpu=0.000000e+00s  provider=0  solves=0  iterations=0
  certificate  stage=STEP 5 LOCAL  major=77  attempt=330  accepted  reason=success  P rel.= 4.582489e-14  objective=-4.593706e+01  upper=-4.878251e+01  gap=-2.845443e+00  wall=0.000000e+00s  cpu=0.000000e+00s  provider=0  solves=0  iterations=0
  certificate  stage=STEP 5 LOCAL  major=77  attempt=331  accepted  reason=success  P rel.= 6.291944e-14  objective=-4.593706e+01  upper=-4.878251e+01  gap=-2.845443e+00  wall=0.000000e+00s  cpu=0.000000e+00s  provider=0  solves=0  iterations=0
  certificate  stage=STEP 5 LOCAL  major=77  attempt=332  accepted  reason=success  P rel.= 1.834432e-13  objective=-4.593706e+01  upper=-4.878251e+01  gap=-2.845443e+00  wall=0.000000e+00s  cpu=0.000000e+00s  provider=0  solves=0  iterations=0
  certificate  stage=STEP 5 LOCAL  major=77  attempt=333  accepted  reason=success  P rel.= 5.501859e-14  objective=-4.593706e+01  upper=-4.878251e+01  gap=-2.845443e+00  wall=0.000000e+00s  cpu=0.000000e+00s  provider=0  solves=0  iterations=0
  certificate  stage=STEP 5 LOCAL  major=77  attempt=334  accepted  reason=success  P rel.= 1.996758e-13  objective=-4.593706e+01  upper=-4.878251e+01  gap=-2.845443e+00  wall=0.000000e+00s  cpu=0.000000e+00s  provider=0  solves=0  iterations=0
  certificate  stage=STEP 5 LOCAL  major=77  attempt=335  accepted  reason=success  P rel.= 5.616781e-14  objective=-4.593706e+01  upper=-4.878251e+01  gap=-2.845443e+00  wall=0.000000e+00s  cpu=0.000000e+00s  provider=0  solves=0  iterations=0
  certificate  stage=STEP 5 LOCAL  major=77  attempt=336  accepted  reason=success  P rel.= 3.246528e-14  objective=-4.593706e+01  upper=-4.878251e+01  gap=-2.845443e+00  wall=0.000000e+00s  cpu=0.000000e+00s  provider=0  solves=0  iterations=0
  certificate  stage=STEP 5 LOCAL  major=77  attempt=337  accepted  reason=success  P rel.= 5.774798e-14  objective=-4.593706e+01  upper=-4.878251e+01  gap=-2.845443e+00  wall=0.000000e+00s  cpu=0.000000e+00s  provider=0  solves=0  iterations=0
  certificate  stage=STEP 5 LOCAL  major=77  attempt=338  accepted  reason=success  P rel.= 4.838189e-13  objective=-4.593706e+01  upper=-4.878251e+01  gap=-2.845443e+00  wall=0.000000e+00s  cpu=0.000000e+00s  provider=0  solves=0  iterations=0
  certificate  stage=STEP 5 LOCAL  major=77  attempt=339  accepted  reason=success  P rel.= 2.571365e-14  objective=-4.593706e+01  upper=-4.878251e+01  gap=-2.845443e+00  wall=0.000000e+00s  cpu=0.000000e+00s  provider=0  solves=0  iterations=0
  certificate  stage=STEP 5 LOCAL  major=77  attempt=340  accepted  reason=success  P rel.= 4.553758e-14  objective=-4.593706e+01  upper=-4.878251e+01  gap=-2.845443e+00  wall=0.000000e+00s  cpu=0.000000e+00s  provider=0  solves=0  iterations=0
  certificate  stage=STEP 5 LOCAL  major=77  attempt=341  accepted  reason=success  P rel.= 3.246528e-14  objective=-4.593706e+01  upper=-4.878251e+01  gap=-2.845443e+00  wall=0.000000e+00s  cpu=0.000000e+00s  provider=0  solves=0  iterations=0
  certificate  stage=STEP 5 LOCAL  major=77  attempt=342  accepted  reason=success  P rel.= 3.749309e-14  objective=-4.593706e+01  upper=-4.878251e+01  gap=-2.845443e+00  wall=0.000000e+00s  cpu=0.000000e+00s  provider=0  solves=0  iterations=0
  certificate  stage=STEP 5 LOCAL  major=77  attempt=343  accepted  reason=success  P rel.= 9.940696e-14  objective=-4.593706e+01  upper=-4.878251e+01  gap=-2.845443e+00  wall=0.000000e+00s  cpu=0.000000e+00s  provider=0  solves=0  iterations=0
  certificate  stage=STEP 5 LOCAL  major=77  attempt=344  accepted  reason=success  P rel.= 4.898522e-14  objective=-4.593706e+01  upper=-4.878251e+01  gap=-2.845443e+00  wall=0.000000e+00s  cpu=0.000000e+00s  provider=0  solves=0  iterations=0
  certificate  stage=STEP 5 LOCAL  major=77  attempt=345  accepted  reason=success  P rel.=-9.824387e-10  objective=-4.878251e+01  upper=-4.878251e+01  gap= 7.995737e-11  wall=0.000000e+00s  cpu=0.000000e+00s  provider=0  solves=0  iterations=0
  certificate  stage=STEP 5  complete  reason=step5_complete  wall=4.602831e-01s  cpu=4.602640e-01s  provider=403  solves=17  iterations=380

STEP 6
  certificate  stage=STEP 6  complete  reason=candidate_set  wall=2.232900e-05s  cpu=2.200000e-05s  provider=0  solves=0  iterations=0

STEP 8
  certificate  stage=STEP 8  complete  reason=step8_complete  wall=6.599661e-02s  cpu=6.599800e-02s  provider=133  solves=1  iterations=18

STEP 9
  certificate  stage=STEP 9  failed  objective=-4.878251e+01  upper=-4.878251e+01  gap= 5.864180e-10  wall=0.000000e+00s  cpu=0.000000e+00s  provider=0  solves=0  iterations=0
  certificate  stage=STEP 9  complete  reason=paper_potential_convergence_failed  wall=1.590761e-03s  cpu=1.591000e-03s  provider=2  solves=0  iterations=0

STEP 7
  certificate  stage=STEP 7  complete  reason=continue_stage_ii  wall=1.120000e-06s  cpu=1.000000e-06s  provider=0  solves=0  iterations=0

STEP 4
  STAGE II STEP 4  major=78  upper=-4.878251e+01  LP_primal= 7.995737e-11  LP_dual= 2.902401e-13  active_cuts=83  certified
  certificate  stage=STEP 4  complete  reason=step4_complete  wall=5.829060e-04s  cpu=5.840000e-04s  provider=0  solves=1  iterations=1

STEP 5
  certificate  stage=STEP 5 LOCAL  major=78  attempt=346  accepted  reason=success  P rel.= 8.173781e-14  objective=-4.593706e+01  upper=-4.878251e+01  gap=-2.845443e+00  wall=0.000000e+00s  cpu=0.000000e+00s  provider=0  solves=0  iterations=0
  certificate  stage=STEP 5 LOCAL  major=78  attempt=347  accepted  reason=success  P rel.= 5.056539e-14  objective=-4.593706e+01  upper=-4.878251e+01  gap=-2.845443e+00  wall=0.000000e+00s  cpu=0.000000e+00s  provider=0  solves=0  iterations=0
  certificate  stage=STEP 5 LOCAL  major=78  attempt=348  accepted  reason=success  P rel.= 4.309550e-14  objective=-4.593706e+01  upper=-4.878251e+01  gap=-2.845443e+00  wall=0.000000e+00s  cpu=0.000000e+00s  provider=0  solves=0  iterations=0
  certificate  stage=STEP 5 LOCAL  major=78  attempt=349  accepted  reason=success  P rel.= 8.173781e-14  objective=-4.593706e+01  upper=-4.878251e+01  gap=-2.845443e+00  wall=0.000000e+00s  cpu=0.000000e+00s  provider=0  solves=0  iterations=0
  certificate  stage=STEP 5 LOCAL  major=78  attempt=350  accepted  reason=success  P rel.=-9.762959e-10  objective=-4.878251e+01  upper=-4.878251e+01  gap= 7.995737e-11  wall=0.000000e+00s  cpu=0.000000e+00s  provider=0  solves=0  iterations=0
  certificate  stage=STEP 5  complete  reason=step5_complete  wall=1.141477e-01s  cpu=1.141410e-01s  provider=110  solves=5  iterations=99

STEP 6
  certificate  stage=STEP 6  complete  reason=candidate_set  wall=2.362000e-05s  cpu=2.300000e-05s  provider=0  solves=0  iterations=0

STEP 8
  certificate  stage=STEP 8  complete  reason=step8_complete  wall=6.860342e-02s  cpu=6.859800e-02s  provider=139  solves=1  iterations=19

STEP 9
  certificate  stage=STEP 9  failed  objective=-4.878251e+01  upper=-4.878251e+01  gap= 1.026734e-11  wall=0.000000e+00s  cpu=0.000000e+00s  provider=0  solves=0  iterations=0
  certificate  stage=STEP 9  complete  reason=paper_potential_convergence_failed  wall=1.609310e-03s  cpu=1.609000e-03s  provider=2  solves=0  iterations=0

STEP 7
  certificate  stage=STEP 7  complete  reason=continue_stage_ii  wall=1.160000e-06s  cpu=1.000000e-06s  provider=0  solves=0  iterations=0

STEP 4
  STAGE II STEP 4  major=79  upper=-4.878251e+01  LP_primal= 7.995737e-11  LP_dual= 2.902401e-13  active_cuts=84  certified
  certificate  stage=STEP 4  complete  reason=step4_complete  wall=6.046460e-04s  cpu=6.050000e-04s  provider=0  solves=1  iterations=1

STEP 5
  certificate  stage=STEP 5 LOCAL  major=79  attempt=351  accepted  reason=success  P rel.= 3.993517e-14  objective=-4.593706e+01  upper=-4.878251e+01  gap=-2.845443e+00  wall=0.000000e+00s  cpu=0.000000e+00s  provider=0  solves=0  iterations=0
  certificate  stage=STEP 5 LOCAL  major=79  attempt=352  accepted  reason=success  P rel.= 1.129102e-13  objective=-4.593706e+01  upper=-4.878251e+01  gap=-2.845443e+00  wall=0.000000e+00s  cpu=0.000000e+00s  provider=0  solves=0  iterations=0
  certificate  stage=STEP 5 LOCAL  major=79  attempt=353  accepted  reason=success  P rel.= 3.849865e-14  objective=-4.593706e+01  upper=-4.878251e+01  gap=-2.845443e+00  wall=0.000000e+00s  cpu=0.000000e+00s  provider=0  solves=0  iterations=0
  certificate  stage=STEP 5 LOCAL  major=79  attempt=354  accepted  reason=success  P rel.= 5.207373e-13  objective=-4.593706e+01  upper=-4.878251e+01  gap=-2.845443e+00  wall=0.000000e+00s  cpu=0.000000e+00s  provider=0  solves=0  iterations=0
  certificate  stage=STEP 5 LOCAL  major=79  attempt=355  accepted  reason=success  P rel.= 1.086007e-13  objective=-4.593706e+01  upper=-4.878251e+01  gap=-2.845443e+00  wall=0.000000e+00s  cpu=0.000000e+00s  provider=0  solves=0  iterations=0
  certificate  stage=STEP 5 LOCAL  major=79  attempt=356  accepted  reason=success  P rel.= 3.246528e-14  objective=-4.593706e+01  upper=-4.878251e+01  gap=-2.845443e+00  wall=0.000000e+00s  cpu=0.000000e+00s  provider=0  solves=0  iterations=0
  certificate  stage=STEP 5 LOCAL  major=79  attempt=357  accepted  reason=success  P rel.= 6.909646e-14  objective=-4.593706e+01  upper=-4.878251e+01  gap=-2.845443e+00  wall=0.000000e+00s  cpu=0.000000e+00s  provider=0  solves=0  iterations=0
  certificate  stage=STEP 5 LOCAL  major=79  attempt=358  accepted  reason=success  P rel.= 5.616781e-14  objective=-4.593706e+01  upper=-4.878251e+01  gap=-2.845443e+00  wall=0.000000e+00s  cpu=0.000000e+00s  provider=0  solves=0  iterations=0
  certificate  stage=STEP 5 LOCAL  major=79  attempt=359  accepted  reason=success  P rel.= 2.259641e-13  objective=-4.593706e+01  upper=-4.878251e+01  gap=-2.845443e+00  wall=0.000000e+00s  cpu=0.000000e+00s  provider=0  solves=0  iterations=0
  certificate  stage=STEP 5 LOCAL  major=79  attempt=360  accepted  reason=success  P rel.= 5.616781e-14  objective=-4.593706e+01  upper=-4.878251e+01  gap=-2.845443e+00  wall=0.000000e+00s  cpu=0.000000e+00s  provider=0  solves=0  iterations=0
  certificate  stage=STEP 5 LOCAL  major=79  attempt=361  accepted  reason=success  P rel.= 4.966039e-13  objective=-4.593706e+01  upper=-4.878251e+01  gap=-2.845443e+00  wall=0.000000e+00s  cpu=0.000000e+00s  provider=0  solves=0  iterations=0
  certificate  stage=STEP 5 LOCAL  major=79  attempt=362  accepted  reason=success  P rel.= 2.206490e-13  objective=-4.593706e+01  upper=-4.878251e+01  gap=-2.845443e+00  wall=0.000000e+00s  cpu=0.000000e+00s  provider=0  solves=0  iterations=0
  certificate  stage=STEP 5 LOCAL  major=79  attempt=363  accepted  reason=success  P rel.=-9.681054e-10  objective=-4.878251e+01  upper=-4.878251e+01  gap= 7.995027e-11  wall=0.000000e+00s  cpu=0.000000e+00s  provider=0  solves=0  iterations=0
  certificate  stage=STEP 5  complete  reason=step5_complete  wall=3.208465e-01s  cpu=3.208400e-01s  provider=305  solves=13  iterations=291

STEP 6
  certificate  stage=STEP 6  complete  reason=candidate_set  wall=2.364000e-05s  cpu=2.300000e-05s  provider=0  solves=0  iterations=0

STEP 8
  certificate  stage=STEP 8  complete  reason=step8_complete  wall=6.581949e-02s  cpu=6.582100e-02s  provider=133  solves=1  iterations=18

STEP 9
  certificate  stage=STEP 9  failed  objective=-4.878251e+01  upper=-4.878251e+01  gap= 5.847554e-10  wall=0.000000e+00s  cpu=0.000000e+00s  provider=0  solves=0  iterations=0
  certificate  stage=STEP 9  complete  reason=paper_potential_convergence_failed  wall=1.583761e-03s  cpu=1.584000e-03s  provider=2  solves=0  iterations=0

STEP 7
  certificate  stage=STEP 7  indeterminate  reason=stage_ii_major_iteration_limit  wall=9.300000e-07s  cpu=1.000000e-06s  provider=0  solves=0  iterations=0
