HELD2.0  case=installed-held2-paper-rewrite  T=2.981500e+02 K  P=1.013000e+05 Pa

STEP 1
  certificate  stage=STEP 1  complete  reason=step1_complete  wall=2.490000e-05s  cpu=2.400000e-05s  provider=1  solves=0  iterations=0

STEP 2

REFERENCE PRESSURE ROOTS
  root   0  V= 2.967086e-05  P rel.= 4.246137e-09  G/RT=-3.484290e+01  strict_stable
  root   1  V= 5.928839e-04  P rel.=-7.972261e-09  G/RT=-3.041599e+01  unstable
  root   2  V= 2.201157e-02  P rel.= 8.627993e-11  G/RT=-3.170651e+01  strict_stable
  selected root 0  status=selected
  eval     1  TPD=-7.296892e-02  P rel.= 2.232178e-09  V= 4.684854e-05  certified
  certificate  stage=STEP 2  complete  reason=negative_tpd_witness  wall=3.860761e-01s  cpu=3.860420e-01s  provider=546  solves=1  iterations=1

STEP 3
  certificate  stage=STEP 3  complete  reason=step3_complete  wall=7.788277e-01s  cpu=7.787600e-01s  provider=4  solves=0  iterations=0

STEP 4
  STAGE II STEP 4  major=0  upper=-3.488767e+01  LP_primal= 0.000000e+00  LP_dual= 1.387779e-17  active_cuts=5  certified
  certificate  stage=STEP 4  complete  reason=step4_complete  wall=3.387780e-04s  cpu=3.390000e-04s  provider=0  solves=1  iterations=1

STEP 5
  certificate  stage=STEP 5 LOCAL  major=0  attempt=0  accepted  reason=success  P rel.=-1.165347e-03  objective=-3.530446e+01  upper=-3.488767e+01  gap= 4.167814e-01  wall=0.000000e+00s  cpu=0.000000e+00s  provider=0  solves=0  iterations=0
  certificate  stage=STEP 5  complete  reason=step5_complete  wall=2.642437e-02s  cpu=2.642500e-02s  provider=154  solves=1  iterations=21

STEP 6
  certificate  stage=STEP 6  complete  reason=insufficient_candidates  wall=1.870000e-06s  cpu=2.000000e-06s  provider=0  solves=0  iterations=0

STEP 7
  certificate  stage=STEP 7  complete  reason=continue_stage_ii  wall=9.000000e-07s  cpu=1.000000e-06s  provider=0  solves=0  iterations=0

STEP 4
  STAGE II STEP 4  major=1  upper=-3.493611e+01  LP_primal= 0.000000e+00  LP_dual= 2.775558e-17  active_cuts=6  certified
  certificate  stage=STEP 4  complete  reason=step4_complete  wall=2.345990e-04s  cpu=2.350000e-04s  provider=0  solves=1  iterations=1

STEP 5
  certificate  stage=STEP 5 LOCAL  major=1  attempt=1  accepted  reason=success  P rel.=-9.457355e-08  objective=-3.526926e+01  upper=-3.493611e+01  gap= 3.331472e-01  wall=0.000000e+00s  cpu=0.000000e+00s  provider=0  solves=0  iterations=0
  certificate  stage=STEP 5  complete  reason=step5_complete  wall=2.634965e-02s  cpu=2.635100e-02s  provider=26  solves=1  iterations=23

STEP 6
  certificate  stage=STEP 6  complete  reason=insufficient_candidates  wall=2.240000e-06s  cpu=2.000000e-06s  provider=0  solves=0  iterations=0

STEP 7
  certificate  stage=STEP 7  complete  reason=continue_stage_ii  wall=8.700000e-07s  cpu=1.000000e-06s  provider=0  solves=0  iterations=0

STEP 4
  STAGE II STEP 4  major=2  upper=-3.501886e+01  LP_primal= 0.000000e+00  LP_dual= 5.551115e-17  active_cuts=7  certified
  certificate  stage=STEP 4  complete  reason=step4_complete  wall=3.150080e-04s  cpu=3.150000e-04s  provider=0  solves=1  iterations=1

STEP 5
  certificate  stage=STEP 5 LOCAL  major=2  attempt=2  accepted  reason=success  P rel.= 7.757191e-14  objective=-3.217084e+01  upper=-3.501886e+01  gap=-2.848019e+00  wall=0.000000e+00s  cpu=0.000000e+00s  provider=0  solves=0  iterations=0
  certificate  stage=STEP 5 LOCAL  major=2  attempt=3  accepted  reason=success  P rel.= 6.406865e-14  objective=-3.217084e+01  upper=-3.501886e+01  gap=-2.848019e+00  wall=0.000000e+00s  cpu=0.000000e+00s  provider=0  solves=0  iterations=0
  certificate  stage=STEP 5 LOCAL  major=2  attempt=4  accepted  reason=success  P rel.=-1.931596e-09  objective=-3.518132e+01  upper=-3.501886e+01  gap= 1.624579e-01  wall=0.000000e+00s  cpu=0.000000e+00s  provider=0  solves=0  iterations=0
  certificate  stage=STEP 5  complete  reason=step5_complete  wall=7.443855e-02s  cpu=7.444000e-02s  provider=73  solves=3  iterations=69

STEP 6
  certificate  stage=STEP 6  complete  reason=insufficient_candidates  wall=2.900000e-06s  cpu=3.000000e-06s  provider=0  solves=0  iterations=0

STEP 7
  certificate  stage=STEP 7  complete  reason=continue_stage_ii  wall=9.500000e-07s  cpu=1.000000e-06s  provider=0  solves=0  iterations=0

STEP 4
  STAGE II STEP 4  major=3  upper=-3.505953e+01  LP_primal= 1.421085e-14  LP_dual= 5.551115e-17  active_cuts=8  certified
  certificate  stage=STEP 4  complete  reason=step4_complete  wall=2.906780e-04s  cpu=2.910000e-04s  provider=0  solves=1  iterations=1

STEP 5
  certificate  stage=STEP 5 LOCAL  major=3  attempt=5  accepted  reason=success  P rel.= 6.119562e-14  objective=-3.224465e+01  upper=-3.505953e+01  gap=-2.814878e+00  wall=0.000000e+00s  cpu=0.000000e+00s  provider=0  solves=0  iterations=0
  certificate  stage=STEP 5 LOCAL  major=3  attempt=6  accepted  reason=success  P rel.=-2.735082e-08  objective=-3.528165e+01  upper=-3.505953e+01  gap= 2.221197e-01  wall=0.000000e+00s  cpu=0.000000e+00s  provider=0  solves=0  iterations=0
  certificate  stage=STEP 5  complete  reason=step5_complete  wall=4.672944e-02s  cpu=4.672300e-02s  provider=48  solves=2  iterations=39

STEP 6
  certificate  stage=STEP 6  complete  reason=insufficient_candidates  wall=2.490000e-06s  cpu=3.000000e-06s  provider=0  solves=0  iterations=0

STEP 7
  certificate  stage=STEP 7  complete  reason=continue_stage_ii  wall=8.900000e-07s  cpu=1.000000e-06s  provider=0  solves=0  iterations=0

STEP 4
  STAGE II STEP 4  major=4  upper=-3.509811e+01  LP_primal= 7.105427e-15  LP_dual= 4.445229e-18  active_cuts=9  certified
  certificate  stage=STEP 4  complete  reason=step4_complete  wall=2.390990e-04s  cpu=2.390000e-04s  provider=0  solves=1  iterations=1

STEP 5
  certificate  stage=STEP 5 LOCAL  major=4  attempt=7  accepted  reason=success  P rel.=-1.586261e-09  objective=-3.511537e+01  upper=-3.509811e+01  gap= 1.725399e-02  wall=0.000000e+00s  cpu=0.000000e+00s  provider=0  solves=0  iterations=0
  certificate  stage=STEP 5  complete  reason=step5_complete  wall=2.287097e-02s  cpu=2.287200e-02s  provider=23  solves=1  iterations=20

STEP 6
  certificate  stage=STEP 6  complete  reason=candidate_set  wall=2.480000e-06s  cpu=2.000000e-06s  provider=0  solves=0  iterations=0

STEP 8
  certificate  stage=STEP 8  complete  reason=problem_67_infeasible  wall=1.933590e-04s  cpu=1.940000e-04s  provider=2  solves=1  iterations=0

STEP 7
  certificate  stage=STEP 7  complete  reason=continue_stage_ii  wall=9.100000e-07s  cpu=1.000000e-06s  provider=0  solves=0  iterations=0

STEP 4
  STAGE II STEP 4  major=5  upper=-3.510301e+01  LP_primal= 0.000000e+00  LP_dual= 1.387779e-17  active_cuts=10  certified
  certificate  stage=STEP 4  complete  reason=step4_complete  wall=2.217890e-04s  cpu=2.230000e-04s  provider=0  solves=1  iterations=1

STEP 5
  certificate  stage=STEP 5 LOCAL  major=5  attempt=8  accepted  reason=success  P rel.= 6.880915e-14  objective=-3.223982e+01  upper=-3.510301e+01  gap=-2.863189e+00  wall=0.000000e+00s  cpu=0.000000e+00s  provider=0  solves=0  iterations=0
  certificate  stage=STEP 5 LOCAL  major=5  attempt=9  accepted  reason=success  P rel.= 2.614461e-13  objective=-3.223982e+01  upper=-3.510301e+01  gap=-2.863189e+00  wall=0.000000e+00s  cpu=0.000000e+00s  provider=0  solves=0  iterations=0
  certificate  stage=STEP 5 LOCAL  major=5  attempt=10  accepted  reason=success  P rel.= 4.984713e-14  objective=-3.223982e+01  upper=-3.510301e+01  gap=-2.863189e+00  wall=0.000000e+00s  cpu=0.000000e+00s  provider=0  solves=0  iterations=0
  certificate  stage=STEP 5 LOCAL  major=5  attempt=11  accepted  reason=success  P rel.= 4.853990e-13  objective=-3.223982e+01  upper=-3.510301e+01  gap=-2.863189e+00  wall=0.000000e+00s  cpu=0.000000e+00s  provider=0  solves=0  iterations=0
  certificate  stage=STEP 5 LOCAL  major=5  attempt=12  accepted  reason=success  P rel.= 4.453202e-14  objective=-3.223982e+01  upper=-3.510301e+01  gap=-2.863189e+00  wall=0.000000e+00s  cpu=0.000000e+00s  provider=0  solves=0  iterations=0
  certificate  stage=STEP 5 LOCAL  major=5  attempt=13  accepted  reason=success  P rel.=-1.581632e-09  objective=-3.510313e+01  upper=-3.510301e+01  gap= 1.246616e-04  wall=0.000000e+00s  cpu=0.000000e+00s  provider=0  solves=0  iterations=0
  certificate  stage=STEP 5  complete  reason=step5_complete  wall=1.460824e-01s  cpu=1.460840e-01s  provider=146  solves=6  iterations=135

STEP 6
  certificate  stage=STEP 6  complete  reason=candidate_set  wall=3.850000e-06s  cpu=4.000000e-06s  provider=0  solves=0  iterations=0

STEP 8
  certificate  stage=STEP 8  complete  reason=problem_67_infeasible  wall=2.915780e-04s  cpu=2.920000e-04s  provider=3  solves=1  iterations=0

STEP 7
  certificate  stage=STEP 7  complete  reason=continue_stage_ii  wall=9.900000e-07s  cpu=1.000000e-06s  provider=0  solves=0  iterations=0

STEP 4
  STAGE II STEP 4  major=6  upper=-3.510304e+01  LP_primal= 7.105427e-15  LP_dual= 5.551115e-17  active_cuts=11  certified
  certificate  stage=STEP 4  complete  reason=step4_complete  wall=2.470390e-04s  cpu=2.480000e-04s  provider=0  solves=1  iterations=1

STEP 5
  certificate  stage=STEP 5 LOCAL  major=6  attempt=14  accepted  reason=success  P rel.= 6.694168e-14  objective=-3.223985e+01  upper=-3.510304e+01  gap=-2.863189e+00  wall=0.000000e+00s  cpu=0.000000e+00s  provider=0  solves=0  iterations=0
  certificate  stage=STEP 5 LOCAL  major=6  attempt=15  accepted  reason=success  P rel.= 2.815573e-14  objective=-3.223985e+01  upper=-3.510304e+01  gap=-2.863189e+00  wall=0.000000e+00s  cpu=0.000000e+00s  provider=0  solves=0  iterations=0
  certificate  stage=STEP 5 LOCAL  major=6  attempt=16  accepted  reason=success  P rel.=-1.603978e-09  objective=-3.510304e+01  upper=-3.510304e+01  gap= 6.808193e-09  wall=0.000000e+00s  cpu=0.000000e+00s  provider=0  solves=0  iterations=0
  certificate  stage=STEP 5  complete  reason=step5_complete  wall=6.941910e-02s  cpu=6.940000e-02s  provider=70  solves=3  iterations=62

STEP 6
  certificate  stage=STEP 6  complete  reason=candidate_set  wall=3.330000e-06s  cpu=4.000000e-06s  provider=0  solves=0  iterations=0

STEP 8
  certificate  stage=STEP 8  complete  reason=unchanged_problem_67  wall=1.650000e-06s  cpu=2.000000e-06s  provider=0  solves=0  iterations=0

STEP 7
  certificate  stage=STEP 7  complete  reason=continue_stage_ii  wall=8.700000e-07s  cpu=1.000000e-06s  provider=0  solves=0  iterations=0

STEP 4
  STAGE II STEP 4  major=7  upper=-3.510304e+01  LP_primal= 0.000000e+00  LP_dual= 0.000000e+00  active_cuts=12  certified
  certificate  stage=STEP 4  complete  reason=step4_complete  wall=2.628990e-04s  cpu=2.630000e-04s  provider=0  solves=1  iterations=1

STEP 5
  certificate  stage=STEP 5 LOCAL  major=7  attempt=17  accepted  reason=success  P rel.= 4.970348e-14  objective=-3.223985e+01  upper=-3.510304e+01  gap=-2.863189e+00  wall=0.000000e+00s  cpu=0.000000e+00s  provider=0  solves=0  iterations=0
  certificate  stage=STEP 5 LOCAL  major=7  attempt=18  accepted  reason=success  P rel.= 6.665438e-14  objective=-3.223985e+01  upper=-3.510304e+01  gap=-2.863189e+00  wall=0.000000e+00s  cpu=0.000000e+00s  provider=0  solves=0  iterations=0
  certificate  stage=STEP 5 LOCAL  major=7  attempt=19  accepted  reason=success  P rel.=-1.599705e-09  objective=-3.510304e+01  upper=-3.510304e+01  gap=-7.105427e-15  wall=0.000000e+00s  cpu=0.000000e+00s  provider=0  solves=0  iterations=0
  certificate  stage=STEP 5  complete  reason=step5_complete  wall=6.713819e-02s  cpu=6.713300e-02s  provider=68  solves=3  iterations=60

STEP 6
  certificate  stage=STEP 6  complete  reason=candidate_set  wall=3.680000e-06s  cpu=3.000000e-06s  provider=0  solves=0  iterations=0

STEP 8
  certificate  stage=STEP 8  complete  reason=unchanged_problem_67  wall=1.370000e-06s  cpu=1.000000e-06s  provider=0  solves=0  iterations=0

STEP 7
  certificate  stage=STEP 7  complete  reason=continue_stage_ii  wall=8.900000e-07s  cpu=1.000000e-06s  provider=0  solves=0  iterations=0

STEP 4
  STAGE II STEP 4  major=8  upper=-3.510304e+01  LP_primal= 7.105427e-15  LP_dual= 1.387779e-17  active_cuts=13  certified
  certificate  stage=STEP 4  complete  reason=step4_complete  wall=2.621780e-04s  cpu=2.630000e-04s  provider=0  solves=1  iterations=1

STEP 5
  certificate  stage=STEP 5 LOCAL  major=8  attempt=20  accepted  reason=success  P rel.= 5.832258e-14  objective=-3.223985e+01  upper=-3.510304e+01  gap=-2.863189e+00  wall=0.000000e+00s  cpu=0.000000e+00s  provider=0  solves=0  iterations=0
  certificate  stage=STEP 5 LOCAL  major=8  attempt=23  accepted  reason=success  P rel.= 4.841062e-14  objective=-3.223985e+01  upper=-3.510304e+01  gap=-2.863189e+00  wall=0.000000e+00s  cpu=0.000000e+00s  provider=0  solves=0  iterations=0
  certificate  stage=STEP 5 LOCAL  major=8  attempt=24  accepted  reason=success  P rel.=-1.587552e-09  objective=-3.510304e+01  upper=-3.510304e+01  gap=-1.421085e-14  wall=0.000000e+00s  cpu=0.000000e+00s  provider=0  solves=0  iterations=0
  certificate  stage=STEP 5  complete  reason=step5_complete  wall=7.242812e-02s  cpu=7.242400e-02s  provider=74  solves=5  iterations=62

STEP 6
  certificate  stage=STEP 6  complete  reason=candidate_set  wall=4.290000e-06s  cpu=4.000000e-06s  provider=0  solves=0  iterations=0

STEP 8
  certificate  stage=STEP 8  complete  reason=unchanged_problem_67  wall=1.530000e-06s  cpu=2.000000e-06s  provider=0  solves=0  iterations=0

STEP 7
  certificate  stage=STEP 7  complete  reason=continue_stage_ii  wall=9.000000e-07s  cpu=1.000000e-06s  provider=0  solves=0  iterations=0

STEP 4
  STAGE II STEP 4  major=9  upper=-3.510304e+01  LP_primal= 7.105427e-15  LP_dual= 1.387779e-17  active_cuts=14  certified
  certificate  stage=STEP 4  complete  reason=step4_complete  wall=2.971380e-04s  cpu=2.970000e-04s  provider=0  solves=1  iterations=1

STEP 5
  certificate  stage=STEP 5 LOCAL  major=9  attempt=25  accepted  reason=success  P rel.= 3.720579e-14  objective=-3.223985e+01  upper=-3.510304e+01  gap=-2.863189e+00  wall=0.000000e+00s  cpu=0.000000e+00s  provider=0  solves=0  iterations=0
  certificate  stage=STEP 5 LOCAL  major=9  attempt=26  accepted  reason=success  P rel.=-1.580475e-09  objective=-3.510304e+01  upper=-3.510304e+01  gap= 1.421085e-14  wall=0.000000e+00s  cpu=0.000000e+00s  provider=0  solves=0  iterations=0
  certificate  stage=STEP 5  complete  reason=step5_complete  wall=4.832881e-02s  cpu=4.831900e-02s  provider=48  solves=2  iterations=43

STEP 6
  certificate  stage=STEP 6  complete  reason=candidate_set  wall=4.200000e-06s  cpu=4.000000e-06s  provider=0  solves=0  iterations=0

STEP 8
  certificate  stage=STEP 8  complete  reason=unchanged_problem_67  wall=1.520000e-06s  cpu=2.000000e-06s  provider=0  solves=0  iterations=0

STEP 7
  certificate  stage=STEP 7  complete  reason=continue_stage_ii  wall=9.100000e-07s  cpu=1.000000e-06s  provider=0  solves=0  iterations=0

STEP 4
  STAGE II STEP 4  major=10  upper=-3.510304e+01  LP_primal= 1.421085e-14  LP_dual= 1.387779e-17  active_cuts=15  certified
  certificate  stage=STEP 4  complete  reason=step4_complete  wall=2.867590e-04s  cpu=2.870000e-04s  provider=0  solves=1  iterations=1

STEP 5
  certificate  stage=STEP 5 LOCAL  major=10  attempt=27  accepted  reason=success  P rel.= 1.723820e-14  objective=-3.223985e+01  upper=-3.510304e+01  gap=-2.863189e+00  wall=0.000000e+00s  cpu=0.000000e+00s  provider=0  solves=0  iterations=0
  certificate  stage=STEP 5 LOCAL  major=10  attempt=28  accepted  reason=success  P rel.= 4.266455e-14  objective=-3.223985e+01  upper=-3.510304e+01  gap=-2.863189e+00  wall=0.000000e+00s  cpu=0.000000e+00s  provider=0  solves=0  iterations=0
  certificate  stage=STEP 5 LOCAL  major=10  attempt=29  accepted  reason=success  P rel.= 6.277578e-14  objective=-3.223985e+01  upper=-3.510304e+01  gap=-2.863189e+00  wall=0.000000e+00s  cpu=0.000000e+00s  provider=0  solves=0  iterations=0
  certificate  stage=STEP 5 LOCAL  major=10  attempt=30  accepted  reason=success  P rel.= 7.297505e-14  objective=-3.223985e+01  upper=-3.510304e+01  gap=-2.863189e+00  wall=0.000000e+00s  cpu=0.000000e+00s  provider=0  solves=0  iterations=0
  certificate  stage=STEP 5 LOCAL  major=10  attempt=31  accepted  reason=success  P rel.= 6.536151e-14  objective=-3.223985e+01  upper=-3.510304e+01  gap=-2.863189e+00  wall=0.000000e+00s  cpu=0.000000e+00s  provider=0  solves=0  iterations=0
  certificate  stage=STEP 5 LOCAL  major=10  attempt=32  accepted  reason=success  P rel.= 5.114000e-14  objective=-3.223985e+01  upper=-3.510304e+01  gap=-2.863189e+00  wall=0.000000e+00s  cpu=0.000000e+00s  provider=0  solves=0  iterations=0
  certificate  stage=STEP 5 LOCAL  major=10  attempt=33  accepted  reason=success  P rel.= 4.208994e-14  objective=-3.223985e+01  upper=-3.510304e+01  gap=-2.863189e+00  wall=0.000000e+00s  cpu=0.000000e+00s  provider=0  solves=0  iterations=0
  certificate  stage=STEP 5 LOCAL  major=10  attempt=34  accepted  reason=success  P rel.= 5.070904e-14  objective=-3.223985e+01  upper=-3.510304e+01  gap=-2.863189e+00  wall=0.000000e+00s  cpu=0.000000e+00s  provider=0  solves=0  iterations=0
  certificate  stage=STEP 5 LOCAL  major=10  attempt=35  accepted  reason=success  P rel.= 3.433275e-14  objective=-3.223985e+01  upper=-3.510304e+01  gap=-2.863189e+00  wall=0.000000e+00s  cpu=0.000000e+00s  provider=0  solves=0  iterations=0
  certificate  stage=STEP 5 LOCAL  major=10  attempt=36  accepted  reason=success  P rel.=-1.593651e-09  objective=-3.510304e+01  upper=-3.510304e+01  gap= 1.421085e-14  wall=0.000000e+00s  cpu=0.000000e+00s  provider=0  solves=0  iterations=0
  certificate  stage=STEP 5  complete  reason=step5_complete  wall=2.545220e-01s  cpu=2.544460e-01s  provider=248  solves=10  iterations=234

STEP 6
  certificate  stage=STEP 6  complete  reason=candidate_set  wall=4.830000e-06s  cpu=5.000000e-06s  provider=0  solves=0  iterations=0

STEP 8
  certificate  stage=STEP 8  complete  reason=unchanged_problem_67  wall=1.990000e-06s  cpu=2.000000e-06s  provider=0  solves=0  iterations=0

STEP 7
  certificate  stage=STEP 7  complete  reason=continue_stage_ii  wall=9.000000e-07s  cpu=1.000000e-06s  provider=0  solves=0  iterations=0

STEP 4
  STAGE II STEP 4  major=11  upper=-3.510304e+01  LP_primal= 1.421085e-14  LP_dual= 1.387779e-17  active_cuts=16  certified
  certificate  stage=STEP 4  complete  reason=step4_complete  wall=3.301780e-04s  cpu=3.310000e-04s  provider=0  solves=1  iterations=1

STEP 5
  certificate  stage=STEP 5 LOCAL  major=11  attempt=37  accepted  reason=success  P rel.=-1.609230e-09  objective=-3.510304e+01  upper=-3.510304e+01  gap= 2.842171e-14  wall=0.000000e+00s  cpu=0.000000e+00s  provider=0  solves=0  iterations=0
  certificate  stage=STEP 5  complete  reason=step5_complete  wall=2.396403e-02s  cpu=2.395100e-02s  provider=23  solves=1  iterations=19

STEP 6
  certificate  stage=STEP 6  complete  reason=candidate_set  wall=6.700000e-06s  cpu=7.000000e-06s  provider=0  solves=0  iterations=0

STEP 8
  certificate  stage=STEP 8  complete  reason=unchanged_problem_67  wall=1.400000e-06s  cpu=2.000000e-06s  provider=0  solves=0  iterations=0

STEP 7
  certificate  stage=STEP 7  complete  reason=continue_stage_ii  wall=9.000000e-07s  cpu=1.000000e-06s  provider=0  solves=0  iterations=0

STEP 4
  STAGE II STEP 4  major=12  upper=-3.510304e+01  LP_primal= 2.842171e-14  LP_dual= 1.387779e-17  active_cuts=17  certified
  certificate  stage=STEP 4  complete  reason=step4_complete  wall=2.976080e-04s  cpu=2.980000e-04s  provider=0  solves=1  iterations=1

STEP 5
  certificate  stage=STEP 5 LOCAL  major=12  attempt=38  accepted  reason=success  P rel.= 4.754871e-14  objective=-3.223985e+01  upper=-3.510304e+01  gap=-2.863189e+00  wall=0.000000e+00s  cpu=0.000000e+00s  provider=0  solves=0  iterations=0
  certificate  stage=STEP 5 LOCAL  major=12  attempt=39  accepted  reason=success  P rel.= 6.866550e-14  objective=-3.223985e+01  upper=-3.510304e+01  gap=-2.863189e+00  wall=0.000000e+00s  cpu=0.000000e+00s  provider=0  solves=0  iterations=0
  certificate  stage=STEP 5 LOCAL  major=12  attempt=40  accepted  reason=success  P rel.= 7.211314e-14  objective=-3.223985e+01  upper=-3.510304e+01  gap=-2.863189e+00  wall=0.000000e+00s  cpu=0.000000e+00s  provider=0  solves=0  iterations=0
  certificate  stage=STEP 5 LOCAL  major=12  attempt=41  accepted  reason=success  P rel.= 8.030129e-14  objective=-3.223985e+01  upper=-3.510304e+01  gap=-2.863189e+00  wall=0.000000e+00s  cpu=0.000000e+00s  provider=0  solves=0  iterations=0
  certificate  stage=STEP 5 LOCAL  major=12  attempt=42  accepted  reason=success  P rel.= 4.783601e-14  objective=-3.223985e+01  upper=-3.510304e+01  gap=-2.863189e+00  wall=0.000000e+00s  cpu=0.000000e+00s  provider=0  solves=0  iterations=0
  certificate  stage=STEP 5 LOCAL  major=12  attempt=43  accepted  reason=success  P rel.=-1.595476e-09  objective=-3.510304e+01  upper=-3.510304e+01  gap= 1.421085e-14  wall=0.000000e+00s  cpu=0.000000e+00s  provider=0  solves=0  iterations=0
  certificate  stage=STEP 5  complete  reason=step5_complete  wall=1.619256e-01s  cpu=1.618930e-01s  provider=152  solves=6  iterations=138

STEP 6
  certificate  stage=STEP 6  complete  reason=candidate_set  wall=6.800000e-06s  cpu=6.000000e-06s  provider=0  solves=0  iterations=0

STEP 8
  certificate  stage=STEP 8  complete  reason=unchanged_problem_67  wall=1.460000e-06s  cpu=1.000000e-06s  provider=0  solves=0  iterations=0

STEP 7
  certificate  stage=STEP 7  complete  reason=continue_stage_ii  wall=9.000000e-07s  cpu=1.000000e-06s  provider=0  solves=0  iterations=0

STEP 4
  STAGE II STEP 4  major=13  upper=-3.510304e+01  LP_primal= 2.842171e-14  LP_dual= 1.387779e-17  active_cuts=18  certified
  certificate  stage=STEP 4  complete  reason=step4_complete  wall=2.829780e-04s  cpu=2.830000e-04s  provider=0  solves=1  iterations=1

STEP 5
  certificate  stage=STEP 5 LOCAL  major=13  attempt=44  accepted  reason=success  P rel.= 2.585730e-14  objective=-3.223985e+01  upper=-3.510304e+01  gap=-2.863189e+00  wall=0.000000e+00s  cpu=0.000000e+00s  provider=0  solves=0  iterations=0
  certificate  stage=STEP 5 LOCAL  major=13  attempt=45  accepted  reason=success  P rel.= 4.754871e-14  objective=-3.223985e+01  upper=-3.510304e+01  gap=-2.863189e+00  wall=0.000000e+00s  cpu=0.000000e+00s  provider=0  solves=0  iterations=0
  certificate  stage=STEP 5 LOCAL  major=13  attempt=47  accepted  reason=success  P rel.=-1.600550e-09  objective=-3.510304e+01  upper=-3.510304e+01  gap= 1.421085e-14  wall=0.000000e+00s  cpu=0.000000e+00s  provider=0  solves=0  iterations=0
  certificate  stage=STEP 5  complete  reason=step5_complete  wall=7.829132e-02s  cpu=7.825200e-02s  provider=78  solves=4  iterations=67

STEP 6
  certificate  stage=STEP 6  complete  reason=candidate_set  wall=1.020000e-05s  cpu=1.100000e-05s  provider=0  solves=0  iterations=0

STEP 8
  certificate  stage=STEP 8  complete  reason=unchanged_problem_67  wall=2.080000e-06s  cpu=2.000000e-06s  provider=0  solves=0  iterations=0

STEP 7
  certificate  stage=STEP 7  complete  reason=continue_stage_ii  wall=9.900000e-07s  cpu=1.000000e-06s  provider=0  solves=0  iterations=0

STEP 4
  STAGE II STEP 4  major=14  upper=-3.510304e+01  LP_primal= 2.842171e-14  LP_dual= 1.387779e-17  active_cuts=19  certified
  certificate  stage=STEP 4  complete  reason=step4_complete  wall=2.728790e-04s  cpu=2.740000e-04s  provider=0  solves=1  iterations=1

STEP 5
  certificate  stage=STEP 5 LOCAL  major=14  attempt=48  accepted  reason=success  P rel.= 4.073962e-13  objective=-3.223985e+01  upper=-3.510304e+01  gap=-2.863189e+00  wall=0.000000e+00s  cpu=0.000000e+00s  provider=0  solves=0  iterations=0
  certificate  stage=STEP 5 LOCAL  major=14  attempt=49  accepted  reason=success  P rel.= 5.214556e-14  objective=-3.223985e+01  upper=-3.510304e+01  gap=-2.863189e+00  wall=0.000000e+00s  cpu=0.000000e+00s  provider=0  solves=0  iterations=0
  certificate  stage=STEP 5 LOCAL  major=14  attempt=50  accepted  reason=success  P rel.= 4.955983e-14  objective=-3.223985e+01  upper=-3.510304e+01  gap=-2.863189e+00  wall=0.000000e+00s  cpu=0.000000e+00s  provider=0  solves=0  iterations=0
  certificate  stage=STEP 5 LOCAL  major=14  attempt=51  accepted  reason=success  P rel.= 7.196949e-14  objective=-3.223985e+01  upper=-3.510304e+01  gap=-2.863189e+00  wall=0.000000e+00s  cpu=0.000000e+00s  provider=0  solves=0  iterations=0
  certificate  stage=STEP 5 LOCAL  major=14  attempt=52  accepted  reason=success  P rel.= 6.866550e-14  objective=-3.223985e+01  upper=-3.510304e+01  gap=-2.863189e+00  wall=0.000000e+00s  cpu=0.000000e+00s  provider=0  solves=0  iterations=0
  certificate  stage=STEP 5 LOCAL  major=14  attempt=53  accepted  reason=success  P rel.= 4.208994e-14  objective=-3.223985e+01  upper=-3.510304e+01  gap=-2.863189e+00  wall=0.000000e+00s  cpu=0.000000e+00s  provider=0  solves=0  iterations=0
  certificate  stage=STEP 5 LOCAL  major=14  attempt=54  accepted  reason=success  P rel.= 6.866550e-14  objective=-3.223985e+01  upper=-3.510304e+01  gap=-2.863189e+00  wall=0.000000e+00s  cpu=0.000000e+00s  provider=0  solves=0  iterations=0
  certificate  stage=STEP 5 LOCAL  major=14  attempt=55  accepted  reason=success  P rel.= 4.891340e-13  objective=-3.223985e+01  upper=-3.510304e+01  gap=-2.863189e+00  wall=0.000000e+00s  cpu=0.000000e+00s  provider=0  solves=0  iterations=0
  certificate  stage=STEP 5 LOCAL  major=14  attempt=56  accepted  reason=success  P rel.= 3.239345e-13  objective=-3.223985e+01  upper=-3.510304e+01  gap=-2.863189e+00  wall=0.000000e+00s  cpu=0.000000e+00s  provider=0  solves=0  iterations=0
  certificate  stage=STEP 5 LOCAL  major=14  attempt=57  accepted  reason=success  P rel.= 3.160337e-14  objective=-3.223985e+01  upper=-3.510304e+01  gap=-2.863189e+00  wall=0.000000e+00s  cpu=0.000000e+00s  provider=0  solves=0  iterations=0
  certificate  stage=STEP 5 LOCAL  major=14  attempt=59  accepted  reason=success  P rel.= 5.115436e-13  objective=-3.223985e+01  upper=-3.510304e+01  gap=-2.863189e+00  wall=0.000000e+00s  cpu=0.000000e+00s  provider=0  solves=0  iterations=0
  certificate  stage=STEP 5 LOCAL  major=14  attempt=60  accepted  reason=success  P rel.= 4.165899e-14  objective=-3.223985e+01  upper=-3.510304e+01  gap=-2.863189e+00  wall=0.000000e+00s  cpu=0.000000e+00s  provider=0  solves=0  iterations=0
  certificate  stage=STEP 5 LOCAL  major=14  attempt=61  accepted  reason=success  P rel.= 5.875354e-14  objective=-3.223985e+01  upper=-3.510304e+01  gap=-2.863189e+00  wall=0.000000e+00s  cpu=0.000000e+00s  provider=0  solves=0  iterations=0
  certificate  stage=STEP 5 LOCAL  major=14  attempt=62  accepted  reason=success  P rel.=-1.587953e-09  objective=-3.510304e+01  upper=-3.510304e+01  gap= 1.421085e-14  wall=0.000000e+00s  cpu=0.000000e+00s  provider=0  solves=0  iterations=0
  certificate  stage=STEP 5  complete  reason=step5_complete  wall=3.746657e-01s  cpu=3.746450e-01s  provider=372  solves=15  iterations=340

STEP 6
  certificate  stage=STEP 6  complete  reason=candidate_set  wall=8.190000e-06s  cpu=9.000000e-06s  provider=0  solves=0  iterations=0

STEP 8
  certificate  stage=STEP 8  complete  reason=unchanged_problem_67  wall=2.090000e-06s  cpu=2.000000e-06s  provider=0  solves=0  iterations=0

STEP 7
  certificate  stage=STEP 7  complete  reason=continue_stage_ii  wall=9.000000e-07s  cpu=1.000000e-06s  provider=0  solves=0  iterations=0

STEP 4
  STAGE II STEP 4  major=15  upper=-3.510304e+01  LP_primal= 2.842171e-14  LP_dual= 1.387779e-17  active_cuts=20  certified
  certificate  stage=STEP 4  complete  reason=step4_complete  wall=3.310390e-04s  cpu=3.310000e-04s  provider=0  solves=1  iterations=1

STEP 5
  certificate  stage=STEP 5 LOCAL  major=15  attempt=63  accepted  reason=success  P rel.=-1.611901e-09  objective=-3.510304e+01  upper=-3.510304e+01  gap= 1.421085e-14  wall=0.000000e+00s  cpu=0.000000e+00s  provider=0  solves=0  iterations=0
  certificate  stage=STEP 5  complete  reason=step5_complete  wall=2.028830e-02s  cpu=2.028900e-02s  provider=21  solves=1  iterations=18

STEP 6
  certificate  stage=STEP 6  complete  reason=candidate_set  wall=1.777000e-05s  cpu=1.800000e-05s  provider=0  solves=0  iterations=0

STEP 8
  certificate  stage=STEP 8  complete  reason=unchanged_problem_67  wall=1.770000e-06s  cpu=2.000000e-06s  provider=0  solves=0  iterations=0

STEP 7
  certificate  stage=STEP 7  complete  reason=continue_stage_ii  wall=9.100000e-07s  cpu=1.000000e-06s  provider=0  solves=0  iterations=0

STEP 4
  STAGE II STEP 4  major=16  upper=-3.510304e+01  LP_primal= 2.842171e-14  LP_dual= 1.387779e-17  active_cuts=21  certified
  certificate  stage=STEP 4  complete  reason=step4_complete  wall=2.751590e-04s  cpu=2.760000e-04s  provider=0  solves=1  iterations=1

STEP 5
  certificate  stage=STEP 5 LOCAL  major=16  attempt=64  accepted  reason=success  P rel.=-2.750017e-09  objective=-3.510304e+01  upper=-3.510304e+01  gap= 1.421085e-14  wall=0.000000e+00s  cpu=0.000000e+00s  provider=0  solves=0  iterations=0
  certificate  stage=STEP 5  complete  reason=step5_complete  wall=2.058143e-02s  cpu=2.058200e-02s  provider=20  solves=1  iterations=19

STEP 6
  certificate  stage=STEP 6  complete  reason=candidate_set  wall=6.089000e-06s  cpu=6.000000e-06s  provider=0  solves=0  iterations=0

STEP 8
  certificate  stage=STEP 8  complete  reason=unchanged_problem_67  wall=1.530000e-06s  cpu=1.000000e-06s  provider=0  solves=0  iterations=0

STEP 7
  certificate  stage=STEP 7  complete  reason=continue_stage_ii  wall=8.900000e-07s  cpu=1.000000e-06s  provider=0  solves=0  iterations=0

STEP 4
  STAGE II STEP 4  major=17  upper=-3.510304e+01  LP_primal= 1.421085e-14  LP_dual= 1.387779e-17  active_cuts=22  certified
  certificate  stage=STEP 4  complete  reason=step4_complete  wall=2.761680e-04s  cpu=2.760000e-04s  provider=0  solves=1  iterations=1

STEP 5
  certificate  stage=STEP 5 LOCAL  major=17  attempt=65  accepted  reason=success  P rel.= 5.386938e-14  objective=-3.223985e+01  upper=-3.510304e+01  gap=-2.863189e+00  wall=0.000000e+00s  cpu=0.000000e+00s  provider=0  solves=0  iterations=0
  certificate  stage=STEP 5 LOCAL  major=17  attempt=66  accepted  reason=success  P rel.= 5.386938e-14  objective=-3.223985e+01  upper=-3.510304e+01  gap=-2.863189e+00  wall=0.000000e+00s  cpu=0.000000e+00s  provider=0  solves=0  iterations=0
  certificate  stage=STEP 5 LOCAL  major=17  attempt=67  accepted  reason=success  P rel.= 6.852185e-14  objective=-3.223985e+01  upper=-3.510304e+01  gap=-2.863189e+00  wall=0.000000e+00s  cpu=0.000000e+00s  provider=0  solves=0  iterations=0
  certificate  stage=STEP 5 LOCAL  major=17  attempt=68  accepted  reason=success  P rel.= 5.214556e-14  objective=-3.223985e+01  upper=-3.510304e+01  gap=-2.863189e+00  wall=0.000000e+00s  cpu=0.000000e+00s  provider=0  solves=0  iterations=0
  certificate  stage=STEP 5 LOCAL  major=17  attempt=69  accepted  reason=success  P rel.= 5.300747e-14  objective=-3.223985e+01  upper=-3.510304e+01  gap=-2.863189e+00  wall=0.000000e+00s  cpu=0.000000e+00s  provider=0  solves=0  iterations=0
  certificate  stage=STEP 5 LOCAL  major=17  attempt=70  accepted  reason=success  P rel.=-1.591158e-09  objective=-3.510304e+01  upper=-3.510304e+01  gap=-1.421085e-14  wall=0.000000e+00s  cpu=0.000000e+00s  provider=0  solves=0  iterations=0
  certificate  stage=STEP 5  complete  reason=step5_complete  wall=1.534765e-01s  cpu=1.534380e-01s  provider=148  solves=6  iterations=142

STEP 6
  certificate  stage=STEP 6  complete  reason=candidate_set  wall=8.919000e-06s  cpu=9.000000e-06s  provider=0  solves=0  iterations=0

STEP 8
  certificate  stage=STEP 8  complete  reason=unchanged_problem_67  wall=1.920000e-06s  cpu=2.000000e-06s  provider=0  solves=0  iterations=0

STEP 7
  certificate  stage=STEP 7  complete  reason=continue_stage_ii  wall=9.100000e-07s  cpu=1.000000e-06s  provider=0  solves=0  iterations=0

STEP 4
  STAGE II STEP 4  major=18  upper=-3.510304e+01  LP_primal= 1.421085e-14  LP_dual= 1.387779e-17  active_cuts=23  certified
  certificate  stage=STEP 4  complete  reason=step4_complete  wall=3.342380e-04s  cpu=3.350000e-04s  provider=0  solves=1  iterations=1

STEP 5
  certificate  stage=STEP 5 LOCAL  major=18  attempt=71  accepted  reason=success  P rel.= 3.734944e-14  objective=-3.223985e+01  upper=-3.510304e+01  gap=-2.863189e+00  wall=0.000000e+00s  cpu=0.000000e+00s  provider=0  solves=0  iterations=0
  certificate  stage=STEP 5 LOCAL  major=18  attempt=72  accepted  reason=success  P rel.= 5.358208e-14  objective=-3.223985e+01  upper=-3.510304e+01  gap=-2.863189e+00  wall=0.000000e+00s  cpu=0.000000e+00s  provider=0  solves=0  iterations=0
  certificate  stage=STEP 5 LOCAL  major=18  attempt=73  accepted  reason=success  P rel.= 2.325721e-13  objective=-3.223985e+01  upper=-3.510304e+01  gap=-2.863189e+00  wall=0.000000e+00s  cpu=0.000000e+00s  provider=0  solves=0  iterations=0
  certificate  stage=STEP 5 LOCAL  major=18  attempt=74  accepted  reason=success  P rel.= 1.986703e-13  objective=-3.223985e+01  upper=-3.510304e+01  gap=-2.863189e+00  wall=0.000000e+00s  cpu=0.000000e+00s  provider=0  solves=0  iterations=0
  certificate  stage=STEP 5 LOCAL  major=18  attempt=75  accepted  reason=success  P rel.= 7.426792e-14  objective=-3.223985e+01  upper=-3.510304e+01  gap=-2.863189e+00  wall=0.000000e+00s  cpu=0.000000e+00s  provider=0  solves=0  iterations=0
  certificate  stage=STEP 5 LOCAL  major=18  attempt=76  accepted  reason=success  P rel.= 5.057976e-13  objective=-3.223985e+01  upper=-3.510304e+01  gap=-2.863189e+00  wall=0.000000e+00s  cpu=0.000000e+00s  provider=0  solves=0  iterations=0
  certificate  stage=STEP 5 LOCAL  major=18  attempt=77  accepted  reason=success  P rel.= 2.124608e-13  objective=-3.223985e+01  upper=-3.510304e+01  gap=-2.863189e+00  wall=0.000000e+00s  cpu=0.000000e+00s  provider=0  solves=0  iterations=0
  certificate  stage=STEP 5 LOCAL  major=18  attempt=78  accepted  reason=success  P rel.= 4.697410e-14  objective=-3.223985e+01  upper=-3.510304e+01  gap=-2.863189e+00  wall=0.000000e+00s  cpu=0.000000e+00s  provider=0  solves=0  iterations=0
  certificate  stage=STEP 5 LOCAL  major=18  attempt=79  accepted  reason=success  P rel.= 5.386938e-14  objective=-3.223985e+01  upper=-3.510304e+01  gap=-2.863189e+00  wall=0.000000e+00s  cpu=0.000000e+00s  provider=0  solves=0  iterations=0
  certificate  stage=STEP 5 LOCAL  major=18  attempt=80  accepted  reason=success  P rel.= 4.869792e-14  objective=-3.223985e+01  upper=-3.510304e+01  gap=-2.863189e+00  wall=0.000000e+00s  cpu=0.000000e+00s  provider=0  solves=0  iterations=0
  certificate  stage=STEP 5 LOCAL  major=18  attempt=81  accepted  reason=success  P rel.= 1.630447e-13  objective=-3.223985e+01  upper=-3.510304e+01  gap=-2.863189e+00  wall=0.000000e+00s  cpu=0.000000e+00s  provider=0  solves=0  iterations=0
  certificate  stage=STEP 5 LOCAL  major=18  attempt=82  accepted  reason=success  P rel.= 4.165899e-14  objective=-3.223985e+01  upper=-3.510304e+01  gap=-2.863189e+00  wall=0.000000e+00s  cpu=0.000000e+00s  provider=0  solves=0  iterations=0
  certificate  stage=STEP 5 LOCAL  major=18  attempt=83  accepted  reason=success  P rel.= 6.392500e-14  objective=-3.223985e+01  upper=-3.510304e+01  gap=-2.863189e+00  wall=0.000000e+00s  cpu=0.000000e+00s  provider=0  solves=0  iterations=0
  certificate  stage=STEP 5 LOCAL  major=18  attempt=84  accepted  reason=success  P rel.= 3.720579e-14  objective=-3.223985e+01  upper=-3.510304e+01  gap=-2.863189e+00  wall=0.000000e+00s  cpu=0.000000e+00s  provider=0  solves=0  iterations=0
  certificate  stage=STEP 5 LOCAL  major=18  attempt=85  accepted  reason=success  P rel.= 6.564882e-14  objective=-3.223985e+01  upper=-3.510304e+01  gap=-2.863189e+00  wall=0.000000e+00s  cpu=0.000000e+00s  provider=0  solves=0  iterations=0
  certificate  stage=STEP 5 LOCAL  major=18  attempt=87  accepted  reason=success  P rel.= 5.473129e-14  objective=-3.223985e+01  upper=-3.510304e+01  gap=-2.863189e+00  wall=0.000000e+00s  cpu=0.000000e+00s  provider=0  solves=0  iterations=0
  certificate  stage=STEP 5 LOCAL  major=18  attempt=88  accepted  reason=success  P rel.= 5.286382e-14  objective=-3.223985e+01  upper=-3.510304e+01  gap=-2.863189e+00  wall=0.000000e+00s  cpu=0.000000e+00s  provider=0  solves=0  iterations=0
  certificate  stage=STEP 5 LOCAL  major=18  attempt=89  accepted  reason=success  P rel.=-1.599660e-09  objective=-3.510304e+01  upper=-3.510304e+01  gap= 0.000000e+00  wall=0.000000e+00s  cpu=0.000000e+00s  provider=0  solves=0  iterations=0
  certificate  stage=STEP 5  complete  reason=step5_complete  wall=4.609024e-01s  cpu=4.609010e-01s  provider=455  solves=19  iterations=428

STEP 6
  certificate  stage=STEP 6  complete  reason=candidate_set  wall=9.470000e-06s  cpu=1.000000e-05s  provider=0  solves=0  iterations=0

STEP 8
  certificate  stage=STEP 8  complete  reason=unchanged_problem_67  wall=2.050000e-06s  cpu=2.000000e-06s  provider=0  solves=0  iterations=0

STEP 7
  certificate  stage=STEP 7  complete  reason=continue_stage_ii  wall=8.900000e-07s  cpu=1.000000e-06s  provider=0  solves=0  iterations=0

STEP 4
  STAGE II STEP 4  major=19  upper=-3.510304e+01  LP_primal= 1.421085e-14  LP_dual= 1.387779e-17  active_cuts=24  certified
  certificate  stage=STEP 4  complete  reason=step4_complete  wall=3.340980e-04s  cpu=3.340000e-04s  provider=0  solves=1  iterations=1

STEP 5
  certificate  stage=STEP 5 LOCAL  major=19  attempt=90  accepted  reason=success  P rel.= 6.248848e-14  objective=-3.223985e+01  upper=-3.510304e+01  gap=-2.863189e+00  wall=0.000000e+00s  cpu=0.000000e+00s  provider=0  solves=0  iterations=0
  certificate  stage=STEP 5 LOCAL  major=19  attempt=91  accepted  reason=success  P rel.= 5.286382e-14  objective=-3.223985e+01  upper=-3.510304e+01  gap=-2.863189e+00  wall=0.000000e+00s  cpu=0.000000e+00s  provider=0  solves=0  iterations=0
  certificate  stage=STEP 5 LOCAL  major=19  attempt=92  accepted  reason=success  P rel.= 4.869792e-14  objective=-3.223985e+01  upper=-3.510304e+01  gap=-2.863189e+00  wall=0.000000e+00s  cpu=0.000000e+00s  provider=0  solves=0  iterations=0
  certificate  stage=STEP 5 LOCAL  major=19  attempt=93  accepted  reason=success  P rel.= 5.043611e-13  objective=-3.223985e+01  upper=-3.510304e+01  gap=-2.863189e+00  wall=0.000000e+00s  cpu=0.000000e+00s  provider=0  solves=0  iterations=0
  certificate  stage=STEP 5 LOCAL  major=19  attempt=94  accepted  reason=success  P rel.= 5.171460e-14  objective=-3.223985e+01  upper=-3.510304e+01  gap=-2.863189e+00  wall=0.000000e+00s  cpu=0.000000e+00s  provider=0  solves=0  iterations=0
  certificate  stage=STEP 5 LOCAL  major=19  attempt=95  accepted  reason=success  P rel.=-1.595387e-09  objective=-3.510304e+01  upper=-3.510304e+01  gap= 0.000000e+00  wall=0.000000e+00s  cpu=0.000000e+00s  provider=0  solves=0  iterations=0
  certificate  stage=STEP 5  complete  reason=step5_complete  wall=1.608054e-01s  cpu=1.608070e-01s  provider=152  solves=6  iterations=145

STEP 6
  certificate  stage=STEP 6  complete  reason=candidate_set  wall=1.006000e-05s  cpu=1.000000e-05s  provider=0  solves=0  iterations=0

STEP 8
  certificate  stage=STEP 8  complete  reason=unchanged_problem_67  wall=2.200000e-06s  cpu=2.000000e-06s  provider=0  solves=0  iterations=0

STEP 7
  certificate  stage=STEP 7  complete  reason=continue_stage_ii  wall=9.100000e-07s  cpu=1.000000e-06s  provider=0  solves=0  iterations=0

STEP 4
  STAGE II STEP 4  major=20  upper=-3.510304e+01  LP_primal= 1.421085e-14  LP_dual= 1.387779e-17  active_cuts=25  certified
  certificate  stage=STEP 4  complete  reason=step4_complete  wall=3.664580e-04s  cpu=3.600000e-04s  provider=0  solves=1  iterations=1

STEP 5
  certificate  stage=STEP 5 LOCAL  major=20  attempt=96  accepted  reason=success  P rel.=-4.354187e-09  objective=-3.510304e+01  upper=-3.510304e+01  gap=-7.105427e-15  wall=0.000000e+00s  cpu=0.000000e+00s  provider=0  solves=0  iterations=0
  certificate  stage=STEP 5  complete  reason=step5_complete  wall=2.176292e-02s  cpu=2.176300e-02s  provider=21  solves=1  iterations=20

STEP 6
  certificate  stage=STEP 6  complete  reason=candidate_set  wall=8.620000e-06s  cpu=9.000000e-06s  provider=0  solves=0  iterations=0

STEP 8
  certificate  stage=STEP 8  complete  reason=unchanged_problem_67  wall=1.630000e-06s  cpu=2.000000e-06s  provider=0  solves=0  iterations=0

STEP 7
  certificate  stage=STEP 7  complete  reason=continue_stage_ii  wall=1.120000e-06s  cpu=1.000000e-06s  provider=0  solves=0  iterations=0

STEP 4
  STAGE II STEP 4  major=21  upper=-3.510304e+01  LP_primal= 7.105427e-15  LP_dual= 1.110223e-16  active_cuts=26  certified
  certificate  stage=STEP 4  complete  reason=step4_complete  wall=3.096680e-04s  cpu=3.100000e-04s  provider=0  solves=1  iterations=1

STEP 5
  certificate  stage=STEP 5 LOCAL  major=21  attempt=97  accepted  reason=success  P rel.=-1.591247e-09  objective=-3.510304e+01  upper=-3.510304e+01  gap= 0.000000e+00  wall=0.000000e+00s  cpu=0.000000e+00s  provider=0  solves=0  iterations=0
  certificate  stage=STEP 5  complete  reason=step5_complete  wall=1.650102e-02s  cpu=1.650200e-02s  provider=16  solves=1  iterations=15

STEP 6
  certificate  stage=STEP 6  complete  reason=candidate_set  wall=9.020000e-06s  cpu=9.000000e-06s  provider=0  solves=0  iterations=0

STEP 8
  certificate  stage=STEP 8  complete  reason=unchanged_problem_67  wall=1.410000e-06s  cpu=1.000000e-06s  provider=0  solves=0  iterations=0

STEP 7
  certificate  stage=STEP 7  complete  reason=continue_stage_ii  wall=8.900000e-07s  cpu=1.000000e-06s  provider=0  solves=0  iterations=0

STEP 4
  STAGE II STEP 4  major=22  upper=-3.510304e+01  LP_primal= 7.105427e-15  LP_dual= 1.110223e-16  active_cuts=27  certified
  certificate  stage=STEP 4  complete  reason=step4_complete  wall=2.888880e-04s  cpu=2.890000e-04s  provider=0  solves=1  iterations=1

STEP 5
  certificate  stage=STEP 5 LOCAL  major=22  attempt=98  accepted  reason=success  P rel.= 6.062101e-14  objective=-3.223985e+01  upper=-3.510304e+01  gap=-2.863189e+00  wall=0.000000e+00s  cpu=0.000000e+00s  provider=0  solves=0  iterations=0
  certificate  stage=STEP 5 LOCAL  major=22  attempt=99  accepted  reason=success  P rel.= 5.631146e-14  objective=-3.223985e+01  upper=-3.510304e+01  gap=-2.863189e+00  wall=0.000000e+00s  cpu=0.000000e+00s  provider=0  solves=0  iterations=0
  certificate  stage=STEP 5 LOCAL  major=22  attempt=100  accepted  reason=success  P rel.= 5.329477e-14  objective=-3.223985e+01  upper=-3.510304e+01  gap=-2.863189e+00  wall=0.000000e+00s  cpu=0.000000e+00s  provider=0  solves=0  iterations=0
  certificate  stage=STEP 5 LOCAL  major=22  attempt=102  accepted  reason=success  P rel.= 1.120483e-14  objective=-3.223985e+01  upper=-3.510304e+01  gap=-2.863189e+00  wall=0.000000e+00s  cpu=0.000000e+00s  provider=0  solves=0  iterations=0
  certificate  stage=STEP 5 LOCAL  major=22  attempt=103  accepted  reason=success  P rel.= 4.869792e-14  objective=-3.223985e+01  upper=-3.510304e+01  gap=-2.863189e+00  wall=0.000000e+00s  cpu=0.000000e+00s  provider=0  solves=0  iterations=0
  certificate  stage=STEP 5 LOCAL  major=22  attempt=104  accepted  reason=success  P rel.=-1.603043e-09  objective=-3.510304e+01  upper=-3.510304e+01  gap=-7.105427e-15  wall=0.000000e+00s  cpu=0.000000e+00s  provider=0  solves=0  iterations=0
  certificate  stage=STEP 5  complete  reason=step5_complete  wall=1.669203e-01s  cpu=1.669180e-01s  provider=160  solves=7  iterations=146

STEP 6
  certificate  stage=STEP 6  complete  reason=candidate_set  wall=1.000000e-05s  cpu=1.000000e-05s  provider=0  solves=0  iterations=0

STEP 8
  certificate  stage=STEP 8  complete  reason=unchanged_problem_67  wall=2.050000e-06s  cpu=2.000000e-06s  provider=0  solves=0  iterations=0

STEP 7
  certificate  stage=STEP 7  complete  reason=continue_stage_ii  wall=9.000000e-07s  cpu=1.000000e-06s  provider=0  solves=0  iterations=0

STEP 4
  STAGE II STEP 4  major=23  upper=-3.510304e+01  LP_primal= 7.105427e-15  LP_dual= 1.110223e-16  active_cuts=28  certified
  certificate  stage=STEP 4  complete  reason=step4_complete  wall=3.495490e-04s  cpu=3.500000e-04s  provider=0  solves=1  iterations=1

STEP 5
  certificate  stage=STEP 5 LOCAL  major=23  attempt=105  accepted  reason=success  P rel.= 6.406865e-14  objective=-3.223985e+01  upper=-3.510304e+01  gap=-2.863189e+00  wall=0.000000e+00s  cpu=0.000000e+00s  provider=0  solves=0  iterations=0
  certificate  stage=STEP 5 LOCAL  major=23  attempt=106  accepted  reason=success  P rel.= 3.303989e-14  objective=-3.223985e+01  upper=-3.510304e+01  gap=-2.863189e+00  wall=0.000000e+00s  cpu=0.000000e+00s  provider=0  solves=0  iterations=0
  certificate  stage=STEP 5 LOCAL  major=23  attempt=107  accepted  reason=success  P rel.= 4.157280e-13  objective=-3.223985e+01  upper=-3.510304e+01  gap=-2.863189e+00  wall=0.000000e+00s  cpu=0.000000e+00s  provider=0  solves=0  iterations=0
  certificate  stage=STEP 5 LOCAL  major=23  attempt=108  accepted  reason=success  P rel.= 3.795277e-13  objective=-3.223985e+01  upper=-3.510304e+01  gap=-2.863189e+00  wall=0.000000e+00s  cpu=0.000000e+00s  provider=0  solves=0  iterations=0
  certificate  stage=STEP 5 LOCAL  major=23  attempt=109  accepted  reason=success  P rel.=-1.621249e-09  objective=-3.510304e+01  upper=-3.510304e+01  gap=-7.105427e-15  wall=0.000000e+00s  cpu=0.000000e+00s  provider=0  solves=0  iterations=0
  certificate  stage=STEP 5  complete  reason=step5_complete  wall=1.323722e-01s  cpu=1.323480e-01s  provider=129  solves=5  iterations=119

STEP 6
  certificate  stage=STEP 6  complete  reason=candidate_set  wall=1.188000e-05s  cpu=1.100000e-05s  provider=0  solves=0  iterations=0

STEP 8
  certificate  stage=STEP 8  complete  reason=unchanged_problem_67  wall=2.020000e-06s  cpu=2.000000e-06s  provider=0  solves=0  iterations=0

STEP 7
  certificate  stage=STEP 7  complete  reason=continue_stage_ii  wall=8.900000e-07s  cpu=0.000000e+00s  provider=0  solves=0  iterations=0

STEP 4
  STAGE II STEP 4  major=24  upper=-3.510304e+01  LP_primal= 7.105427e-15  LP_dual= 1.110223e-16  active_cuts=29  certified
  certificate  stage=STEP 4  complete  reason=step4_complete  wall=3.538580e-04s  cpu=3.550000e-04s  provider=0  solves=1  iterations=1

STEP 5
  certificate  stage=STEP 5 LOCAL  major=24  attempt=110  accepted  reason=success  P rel.= 6.464326e-14  objective=-3.223985e+01  upper=-3.510304e+01  gap=-2.863189e+00  wall=0.000000e+00s  cpu=0.000000e+00s  provider=0  solves=0  iterations=0
  certificate  stage=STEP 5 LOCAL  major=24  attempt=111  accepted  reason=success  P rel.= 3.303989e-14  objective=-3.223985e+01  upper=-3.510304e+01  gap=-2.863189e+00  wall=0.000000e+00s  cpu=0.000000e+00s  provider=0  solves=0  iterations=0
  certificate  stage=STEP 5 LOCAL  major=24  attempt=112  accepted  reason=success  P rel.= 4.266455e-14  objective=-3.223985e+01  upper=-3.510304e+01  gap=-2.863189e+00  wall=0.000000e+00s  cpu=0.000000e+00s  provider=0  solves=0  iterations=0
  certificate  stage=STEP 5 LOCAL  major=24  attempt=113  accepted  reason=success  P rel.= 7.196949e-14  objective=-3.223985e+01  upper=-3.510304e+01  gap=-2.863189e+00  wall=0.000000e+00s  cpu=0.000000e+00s  provider=0  solves=0  iterations=0
  certificate  stage=STEP 5 LOCAL  major=24  attempt=114  accepted  reason=success  P rel.= 3.160337e-14  objective=-3.223985e+01  upper=-3.510304e+01  gap=-2.863189e+00  wall=0.000000e+00s  cpu=0.000000e+00s  provider=0  solves=0  iterations=0
  certificate  stage=STEP 5 LOCAL  major=24  attempt=115  accepted  reason=success  P rel.= 5.300747e-14  objective=-3.223985e+01  upper=-3.510304e+01  gap=-2.863189e+00  wall=0.000000e+00s  cpu=0.000000e+00s  provider=0  solves=0  iterations=0
  certificate  stage=STEP 5 LOCAL  major=24  attempt=116  accepted  reason=success  P rel.=-1.602598e-09  objective=-3.510304e+01  upper=-3.510304e+01  gap=-7.105427e-15  wall=0.000000e+00s  cpu=0.000000e+00s  provider=0  solves=0  iterations=0
  certificate  stage=STEP 5  complete  reason=step5_complete  wall=1.762590e-01s  cpu=1.762350e-01s  provider=171  solves=7  iterations=157

STEP 6
  certificate  stage=STEP 6  complete  reason=candidate_set  wall=1.144000e-05s  cpu=1.100000e-05s  provider=0  solves=0  iterations=0

STEP 8
  certificate  stage=STEP 8  complete  reason=unchanged_problem_67  wall=2.010000e-06s  cpu=2.000000e-06s  provider=0  solves=0  iterations=0

STEP 7
  certificate  stage=STEP 7  complete  reason=continue_stage_ii  wall=9.100000e-07s  cpu=1.000000e-06s  provider=0  solves=0  iterations=0

STEP 4
  STAGE II STEP 4  major=25  upper=-3.510304e+01  LP_primal= 7.105427e-15  LP_dual= 1.110223e-16  active_cuts=30  certified
  certificate  stage=STEP 4  complete  reason=step4_complete  wall=3.684170e-04s  cpu=3.690000e-04s  provider=0  solves=1  iterations=1

STEP 5
  certificate  stage=STEP 5 LOCAL  major=25  attempt=117  accepted  reason=success  P rel.= 5.157095e-14  objective=-3.223985e+01  upper=-3.510304e+01  gap=-2.863189e+00  wall=0.000000e+00s  cpu=0.000000e+00s  provider=0  solves=0  iterations=0
  certificate  stage=STEP 5 LOCAL  major=25  attempt=118  accepted  reason=success  P rel.= 4.016501e-13  objective=-3.223985e+01  upper=-3.510304e+01  gap=-2.863189e+00  wall=0.000000e+00s  cpu=0.000000e+00s  provider=0  solves=0  iterations=0
  certificate  stage=STEP 5 LOCAL  major=25  attempt=119  accepted  reason=success  P rel.= 5.588050e-14  objective=-3.223985e+01  upper=-3.510304e+01  gap=-2.863189e+00  wall=0.000000e+00s  cpu=0.000000e+00s  provider=0  solves=0  iterations=0
  certificate  stage=STEP 5 LOCAL  major=25  attempt=120  accepted  reason=success  P rel.= 4.911451e-13  objective=-3.223985e+01  upper=-3.510304e+01  gap=-2.863189e+00  wall=0.000000e+00s  cpu=0.000000e+00s  provider=0  solves=0  iterations=0
  certificate  stage=STEP 5 LOCAL  major=25  attempt=121  accepted  reason=success  P rel.= 2.671921e-14  objective=-3.223985e+01  upper=-3.510304e+01  gap=-2.863189e+00  wall=0.000000e+00s  cpu=0.000000e+00s  provider=0  solves=0  iterations=0
  certificate  stage=STEP 5 LOCAL  major=25  attempt=122  accepted  reason=success  P rel.=-1.589110e-09  objective=-3.510304e+01  upper=-3.510304e+01  gap=-7.105427e-15  wall=0.000000e+00s  cpu=0.000000e+00s  provider=0  solves=0  iterations=0
  certificate  stage=STEP 5  complete  reason=step5_complete  wall=1.564394e-01s  cpu=1.564180e-01s  provider=152  solves=6  iterations=144

STEP 6
  certificate  stage=STEP 6  complete  reason=candidate_set  wall=1.095000e-05s  cpu=1.100000e-05s  provider=0  solves=0  iterations=0

STEP 8
  certificate  stage=STEP 8  complete  reason=unchanged_problem_67  wall=1.990000e-06s  cpu=2.000000e-06s  provider=0  solves=0  iterations=0

STEP 7
  certificate  stage=STEP 7  complete  reason=continue_stage_ii  wall=9.000000e-07s  cpu=1.000000e-06s  provider=0  solves=0  iterations=0

STEP 4
  STAGE II STEP 4  major=26  upper=-3.510304e+01  LP_primal= 7.105427e-15  LP_dual= 1.110223e-16  active_cuts=31  certified
  certificate  stage=STEP 4  complete  reason=step4_complete  wall=3.737580e-04s  cpu=3.740000e-04s  provider=0  solves=1  iterations=1

STEP 5
  certificate  stage=STEP 5 LOCAL  major=26  attempt=123  accepted  reason=success  P rel.= 6.564882e-14  objective=-3.223985e+01  upper=-3.510304e+01  gap=-2.863189e+00  wall=0.000000e+00s  cpu=0.000000e+00s  provider=0  solves=0  iterations=0
  certificate  stage=STEP 5 LOCAL  major=26  attempt=124  accepted  reason=success  P rel.= 6.248848e-14  objective=-3.223985e+01  upper=-3.510304e+01  gap=-2.863189e+00  wall=0.000000e+00s  cpu=0.000000e+00s  provider=0  solves=0  iterations=0
  certificate  stage=STEP 5 LOCAL  major=26  attempt=125  accepted  reason=success  P rel.=-1.588888e-09  objective=-3.510304e+01  upper=-3.510304e+01  gap=-7.105427e-15  wall=0.000000e+00s  cpu=0.000000e+00s  provider=0  solves=0  iterations=0
  certificate  stage=STEP 5  complete  reason=step5_complete  wall=7.742975e-02s  cpu=7.743100e-02s  provider=77  solves=3  iterations=69

STEP 6
  certificate  stage=STEP 6  complete  reason=candidate_set  wall=1.521000e-05s  cpu=1.500000e-05s  provider=0  solves=0  iterations=0

STEP 8
  certificate  stage=STEP 8  complete  reason=unchanged_problem_67  wall=2.200000e-06s  cpu=2.000000e-06s  provider=0  solves=0  iterations=0

STEP 7
  certificate  stage=STEP 7  complete  reason=continue_stage_ii  wall=1.490000e-06s  cpu=2.000000e-06s  provider=0  solves=0  iterations=0

STEP 4
  STAGE II STEP 4  major=27  upper=-3.510304e+01  LP_primal= 7.105427e-15  LP_dual= 1.110223e-16  active_cuts=32  certified
  certificate  stage=STEP 4  complete  reason=step4_complete  wall=4.346370e-04s  cpu=4.350000e-04s  provider=0  solves=1  iterations=1

STEP 5
  certificate  stage=STEP 5 LOCAL  major=27  attempt=126  accepted  reason=success  P rel.= 5.817893e-14  objective=-3.223985e+01  upper=-3.510304e+01  gap=-2.863189e+00  wall=0.000000e+00s  cpu=0.000000e+00s  provider=0  solves=0  iterations=0
  certificate  stage=STEP 5 LOCAL  major=27  attempt=127  accepted  reason=success  P rel.= 5.789163e-14  objective=-3.223985e+01  upper=-3.510304e+01  gap=-2.863189e+00  wall=0.000000e+00s  cpu=0.000000e+00s  provider=0  solves=0  iterations=0
  certificate  stage=STEP 5 LOCAL  major=27  attempt=128  accepted  reason=success  P rel.= 2.643191e-14  objective=-3.223985e+01  upper=-3.510304e+01  gap=-2.863189e+00  wall=0.000000e+00s  cpu=0.000000e+00s  provider=0  solves=0  iterations=0
  certificate  stage=STEP 5 LOCAL  major=27  attempt=129  accepted  reason=success  P rel.=-1.603577e-09  objective=-3.510304e+01  upper=-3.510304e+01  gap=-1.421085e-14  wall=0.000000e+00s  cpu=0.000000e+00s  provider=0  solves=0  iterations=0
  certificate  stage=STEP 5  complete  reason=step5_complete  wall=9.583822e-02s  cpu=9.582300e-02s  provider=92  solves=4  iterations=84

STEP 6
  certificate  stage=STEP 6  complete  reason=candidate_set  wall=1.307000e-05s  cpu=1.300000e-05s  provider=0  solves=0  iterations=0

STEP 8
  certificate  stage=STEP 8  complete  reason=unchanged_problem_67  wall=2.020000e-06s  cpu=2.000000e-06s  provider=0  solves=0  iterations=0

STEP 7
  certificate  stage=STEP 7  complete  reason=continue_stage_ii  wall=9.200000e-07s  cpu=0.000000e+00s  provider=0  solves=0  iterations=0

STEP 4
  STAGE II STEP 4  major=28  upper=-3.510304e+01  LP_primal= 7.105427e-15  LP_dual= 1.110223e-16  active_cuts=33  certified
  certificate  stage=STEP 4  complete  reason=step4_complete  wall=3.658080e-04s  cpu=3.670000e-04s  provider=0  solves=1  iterations=1

STEP 5
  certificate  stage=STEP 5 LOCAL  major=28  attempt=130  accepted  reason=success  P rel.= 3.275258e-14  objective=-3.223985e+01  upper=-3.510304e+01  gap=-2.863189e+00  wall=0.000000e+00s  cpu=0.000000e+00s  provider=0  solves=0  iterations=0
  certificate  stage=STEP 5 LOCAL  major=28  attempt=131  accepted  reason=success  P rel.=-1.609854e-09  objective=-3.510304e+01  upper=-3.510304e+01  gap=-7.105427e-15  wall=0.000000e+00s  cpu=0.000000e+00s  provider=0  solves=0  iterations=0
  certificate  stage=STEP 5  complete  reason=step5_complete  wall=5.183118e-02s  cpu=5.182100e-02s  provider=51  solves=2  iterations=43

STEP 6
  certificate  stage=STEP 6  complete  reason=candidate_set  wall=1.274000e-05s  cpu=1.300000e-05s  provider=0  solves=0  iterations=0

STEP 8
  certificate  stage=STEP 8  complete  reason=unchanged_problem_67  wall=1.830000e-06s  cpu=2.000000e-06s  provider=0  solves=0  iterations=0

STEP 7
  certificate  stage=STEP 7  complete  reason=continue_stage_ii  wall=9.000000e-07s  cpu=1.000000e-06s  provider=0  solves=0  iterations=0

STEP 4
  STAGE II STEP 4  major=29  upper=-3.510304e+01  LP_primal= 7.105427e-15  LP_dual= 1.110223e-16  active_cuts=34  certified
  certificate  stage=STEP 4  complete  reason=step4_complete  wall=3.568980e-04s  cpu=3.580000e-04s  provider=0  solves=1  iterations=1

STEP 5
  certificate  stage=STEP 5 LOCAL  major=29  attempt=132  accepted  reason=success  P rel.= 5.875354e-14  objective=-3.223985e+01  upper=-3.510304e+01  gap=-2.863189e+00  wall=0.000000e+00s  cpu=0.000000e+00s  provider=0  solves=0  iterations=0
  certificate  stage=STEP 5 LOCAL  major=29  attempt=133  accepted  reason=success  P rel.=-1.585060e-09  objective=-3.510304e+01  upper=-3.510304e+01  gap=-7.105427e-15  wall=0.000000e+00s  cpu=0.000000e+00s  provider=0  solves=0  iterations=0
  certificate  stage=STEP 5  complete  reason=step5_complete  wall=4.719442e-02s  cpu=4.719600e-02s  provider=46  solves=2  iterations=39

STEP 6
  certificate  stage=STEP 6  complete  reason=candidate_set  wall=1.170000e-05s  cpu=1.200000e-05s  provider=0  solves=0  iterations=0

STEP 8
  certificate  stage=STEP 8  complete  reason=unchanged_problem_67  wall=1.670000e-06s  cpu=2.000000e-06s  provider=0  solves=0  iterations=0

STEP 7
  certificate  stage=STEP 7  complete  reason=continue_stage_ii  wall=9.000000e-07s  cpu=1.000000e-06s  provider=0  solves=0  iterations=0

STEP 4
  STAGE II STEP 4  major=30  upper=-3.510304e+01  LP_primal= 7.105427e-15  LP_dual= 1.110223e-16  active_cuts=35  certified
  certificate  stage=STEP 4  complete  reason=step4_complete  wall=3.511670e-04s  cpu=3.520000e-04s  provider=0  solves=1  iterations=1

STEP 5
  certificate  stage=STEP 5 LOCAL  major=30  attempt=134  accepted  reason=success  P rel.= 6.148292e-14  objective=-3.223985e+01  upper=-3.510304e+01  gap=-2.863189e+00  wall=0.000000e+00s  cpu=0.000000e+00s  provider=0  solves=0  iterations=0
  certificate  stage=STEP 5 LOCAL  major=30  attempt=135  accepted  reason=success  P rel.=-1.604557e-09  objective=-3.510304e+01  upper=-3.510304e+01  gap=-7.105427e-15  wall=0.000000e+00s  cpu=0.000000e+00s  provider=0  solves=0  iterations=0
  certificate  stage=STEP 5  complete  reason=step5_complete  wall=4.739383e-02s  cpu=4.738800e-02s  provider=45  solves=2  iterations=41

STEP 6
  certificate  stage=STEP 6  complete  reason=candidate_set  wall=1.257000e-05s  cpu=1.200000e-05s  provider=0  solves=0  iterations=0

STEP 8
  certificate  stage=STEP 8  complete  reason=unchanged_problem_67  wall=1.770000e-06s  cpu=2.000000e-06s  provider=0  solves=0  iterations=0

STEP 7
  certificate  stage=STEP 7  complete  reason=continue_stage_ii  wall=8.900000e-07s  cpu=1.000000e-06s  provider=0  solves=0  iterations=0

STEP 4
  STAGE II STEP 4  major=31  upper=-3.510304e+01  LP_primal= 7.105427e-15  LP_dual= 1.110223e-16  active_cuts=36  certified
  certificate  stage=STEP 4  complete  reason=step4_complete  wall=3.528380e-04s  cpu=3.530000e-04s  provider=0  solves=1  iterations=1

STEP 5
  certificate  stage=STEP 5 LOCAL  major=31  attempt=137  accepted  reason=success  P rel.= 5.631146e-14  objective=-3.223985e+01  upper=-3.510304e+01  gap=-2.863189e+00  wall=0.000000e+00s  cpu=0.000000e+00s  provider=0  solves=0  iterations=0
  certificate  stage=STEP 5 LOCAL  major=31  attempt=138  accepted  reason=success  P rel.= 5.201627e-13  objective=-3.223985e+01  upper=-3.510304e+01  gap=-2.863189e+00  wall=0.000000e+00s  cpu=0.000000e+00s  provider=0  solves=0  iterations=0
  certificate  stage=STEP 5 LOCAL  major=31  attempt=139  accepted  reason=success  P rel.= 4.625584e-14  objective=-3.223985e+01  upper=-3.510304e+01  gap=-2.863189e+00  wall=0.000000e+00s  cpu=0.000000e+00s  provider=0  solves=0  iterations=0
  certificate  stage=STEP 5 LOCAL  major=31  attempt=141  accepted  reason=success  P rel.= 3.002320e-14  objective=-3.223985e+01  upper=-3.510304e+01  gap=-2.863189e+00  wall=0.000000e+00s  cpu=0.000000e+00s  provider=0  solves=0  iterations=0
  certificate  stage=STEP 5 LOCAL  major=31  attempt=142  accepted  reason=success  P rel.= 6.651073e-14  objective=-3.223985e+01  upper=-3.510304e+01  gap=-2.863189e+00  wall=0.000000e+00s  cpu=0.000000e+00s  provider=0  solves=0  iterations=0
  certificate  stage=STEP 5 LOCAL  major=31  attempt=143  accepted  reason=success  P rel.= 4.697410e-14  objective=-3.223985e+01  upper=-3.510304e+01  gap=-2.863189e+00  wall=0.000000e+00s  cpu=0.000000e+00s  provider=0  solves=0  iterations=0
  certificate  stage=STEP 5 LOCAL  major=31  attempt=144  accepted  reason=success  P rel.=-1.579585e-09  objective=-3.510304e+01  upper=-3.510304e+01  gap=-7.105427e-15  wall=0.000000e+00s  cpu=0.000000e+00s  provider=0  solves=0  iterations=0
  certificate  stage=STEP 5  complete  reason=step5_complete  wall=1.669156e-01s  cpu=1.669080e-01s  provider=167  solves=9  iterations=153

STEP 6
  certificate  stage=STEP 6  complete  reason=candidate_set  wall=1.202000e-05s  cpu=1.200000e-05s  provider=0  solves=0  iterations=0

STEP 8
  certificate  stage=STEP 8  complete  reason=unchanged_problem_67  wall=1.890000e-06s  cpu=2.000000e-06s  provider=0  solves=0  iterations=0

STEP 7
  certificate  stage=STEP 7  complete  reason=continue_stage_ii  wall=9.000000e-07s  cpu=1.000000e-06s  provider=0  solves=0  iterations=0

STEP 4
  STAGE II STEP 4  major=32  upper=-3.510304e+01  LP_primal= 7.105427e-15  LP_dual= 1.110223e-16  active_cuts=37  certified
  certificate  stage=STEP 4  complete  reason=step4_complete  wall=3.549380e-04s  cpu=3.550000e-04s  provider=0  solves=1  iterations=1

STEP 5
  certificate  stage=STEP 5 LOCAL  major=32  attempt=145  accepted  reason=success  P rel.= 5.386938e-14  objective=-3.223985e+01  upper=-3.510304e+01  gap=-2.863189e+00  wall=0.000000e+00s  cpu=0.000000e+00s  provider=0  solves=0  iterations=0
  certificate  stage=STEP 5 LOCAL  major=32  attempt=146  accepted  reason=success  P rel.=-1.595120e-09  objective=-3.510304e+01  upper=-3.510304e+01  gap= 0.000000e+00  wall=0.000000e+00s  cpu=0.000000e+00s  provider=0  solves=0  iterations=0
  certificate  stage=STEP 5  complete  reason=step5_complete  wall=4.446337e-02s  cpu=4.446400e-02s  provider=43  solves=2  iterations=41

STEP 6
  certificate  stage=STEP 6  complete  reason=candidate_set  wall=1.064000e-05s  cpu=1.100000e-05s  provider=0  solves=0  iterations=0

STEP 8
  certificate  stage=STEP 8  complete  reason=unchanged_problem_67  wall=1.370000e-06s  cpu=1.000000e-06s  provider=0  solves=0  iterations=0

STEP 7
  certificate  stage=STEP 7  complete  reason=continue_stage_ii  wall=8.800000e-07s  cpu=1.000000e-06s  provider=0  solves=0  iterations=0

STEP 4
  STAGE II STEP 4  major=33  upper=-3.510304e+01  LP_primal= 7.105427e-15  LP_dual= 1.110223e-16  active_cuts=38  certified
  certificate  stage=STEP 4  complete  reason=step4_complete  wall=3.152590e-04s  cpu=3.160000e-04s  provider=0  solves=1  iterations=1

STEP 5
  certificate  stage=STEP 5 LOCAL  major=33  attempt=147  accepted  reason=success  P rel.= 2.585730e-14  objective=-3.223985e+01  upper=-3.510304e+01  gap=-2.863189e+00  wall=0.000000e+00s  cpu=0.000000e+00s  provider=0  solves=0  iterations=0
  certificate  stage=STEP 5 LOCAL  major=33  attempt=148  accepted  reason=success  P rel.= 4.609782e-13  objective=-3.223985e+01  upper=-3.510304e+01  gap=-2.863189e+00  wall=0.000000e+00s  cpu=0.000000e+00s  provider=0  solves=0  iterations=0
  certificate  stage=STEP 5 LOCAL  major=33  attempt=149  accepted  reason=success  P rel.=-1.600016e-09  objective=-3.510304e+01  upper=-3.510304e+01  gap=-7.105427e-15  wall=0.000000e+00s  cpu=0.000000e+00s  provider=0  solves=0  iterations=0
  certificate  stage=STEP 5  complete  reason=step5_complete  wall=7.751238e-02s  cpu=7.749400e-02s  provider=77  solves=3  iterations=72

STEP 6
  certificate  stage=STEP 6  complete  reason=candidate_set  wall=1.148900e-05s  cpu=1.200000e-05s  provider=0  solves=0  iterations=0

STEP 8
  certificate  stage=STEP 8  complete  reason=unchanged_problem_67  wall=1.350000e-06s  cpu=2.000000e-06s  provider=0  solves=0  iterations=0

STEP 7
  certificate  stage=STEP 7  complete  reason=continue_stage_ii  wall=9.000000e-07s  cpu=1.000000e-06s  provider=0  solves=0  iterations=0

STEP 4
  STAGE II STEP 4  major=34  upper=-3.510304e+01  LP_primal= 7.105427e-15  LP_dual= 1.110223e-16  active_cuts=39  certified
  certificate  stage=STEP 4  complete  reason=step4_complete  wall=3.049180e-04s  cpu=3.050000e-04s  provider=0  solves=1  iterations=1

STEP 5
  certificate  stage=STEP 5 LOCAL  major=34  attempt=151  accepted  reason=success  P rel.= 5.473129e-14  objective=-3.223985e+01  upper=-3.510304e+01  gap=-2.863189e+00  wall=0.000000e+00s  cpu=0.000000e+00s  provider=0  solves=0  iterations=0
  certificate  stage=STEP 5 LOCAL  major=34  attempt=152  accepted  reason=success  P rel.=-1.599794e-09  objective=-3.510304e+01  upper=-3.510304e+01  gap=-7.105427e-15  wall=0.000000e+00s  cpu=0.000000e+00s  provider=0  solves=0  iterations=0
  certificate  stage=STEP 5  complete  reason=step5_complete  wall=5.436018e-02s  cpu=5.436100e-02s  provider=55  solves=3  iterations=48

STEP 6
  certificate  stage=STEP 6  complete  reason=candidate_set  wall=1.180000e-05s  cpu=1.100000e-05s  provider=0  solves=0  iterations=0

STEP 8
  certificate  stage=STEP 8  complete  reason=unchanged_problem_67  wall=1.620000e-06s  cpu=2.000000e-06s  provider=0  solves=0  iterations=0

STEP 7
  certificate  stage=STEP 7  complete  reason=continue_stage_ii  wall=8.900000e-07s  cpu=1.000000e-06s  provider=0  solves=0  iterations=0

STEP 4
  STAGE II STEP 4  major=35  upper=-3.510304e+01  LP_primal= 7.105427e-15  LP_dual= 1.110223e-16  active_cuts=40  certified
  certificate  stage=STEP 4  complete  reason=step4_complete  wall=3.714580e-04s  cpu=3.720000e-04s  provider=0  solves=1  iterations=1

STEP 5
  certificate  stage=STEP 5 LOCAL  major=35  attempt=153  accepted  reason=success  P rel.= 4.208994e-14  objective=-3.223985e+01  upper=-3.510304e+01  gap=-2.863189e+00  wall=0.000000e+00s  cpu=0.000000e+00s  provider=0  solves=0  iterations=0
  certificate  stage=STEP 5 LOCAL  major=35  attempt=154  accepted  reason=success  P rel.=-1.613815e-09  objective=-3.510304e+01  upper=-3.510304e+01  gap= 0.000000e+00  wall=0.000000e+00s  cpu=0.000000e+00s  provider=0  solves=0  iterations=0
  certificate  stage=STEP 5  complete  reason=step5_complete  wall=4.636119e-02s  cpu=4.635000e-02s  provider=45  solves=2  iterations=42

STEP 6
  certificate  stage=STEP 6  complete  reason=candidate_set  wall=1.108900e-05s  cpu=1.200000e-05s  provider=0  solves=0  iterations=0

STEP 8
  certificate  stage=STEP 8  complete  reason=unchanged_problem_67  wall=1.290000e-06s  cpu=1.000000e-06s  provider=0  solves=0  iterations=0

STEP 7
  certificate  stage=STEP 7  complete  reason=continue_stage_ii  wall=8.900000e-07s  cpu=1.000000e-06s  provider=0  solves=0  iterations=0

STEP 4
  STAGE II STEP 4  major=36  upper=-3.510304e+01  LP_primal= 7.105427e-15  LP_dual= 1.110223e-16  active_cuts=41  certified
  certificate  stage=STEP 4  complete  reason=step4_complete  wall=3.020180e-04s  cpu=3.030000e-04s  provider=0  solves=1  iterations=1

STEP 5
  certificate  stage=STEP 5 LOCAL  major=36  attempt=155  accepted  reason=success  P rel.= 1.666359e-14  objective=-3.223985e+01  upper=-3.510304e+01  gap=-2.863189e+00  wall=0.000000e+00s  cpu=0.000000e+00s  provider=0  solves=0  iterations=0
  certificate  stage=STEP 5 LOCAL  major=36  attempt=156  accepted  reason=success  P rel.= 4.812331e-14  objective=-3.223985e+01  upper=-3.510304e+01  gap=-2.863189e+00  wall=0.000000e+00s  cpu=0.000000e+00s  provider=0  solves=0  iterations=0
  certificate  stage=STEP 5 LOCAL  major=36  attempt=157  accepted  reason=success  P rel.= 4.266455e-14  objective=-3.223985e+01  upper=-3.510304e+01  gap=-2.863189e+00  wall=0.000000e+00s  cpu=0.000000e+00s  provider=0  solves=0  iterations=0
  certificate  stage=STEP 5 LOCAL  major=36  attempt=158  accepted  reason=success  P rel.= 3.993517e-14  objective=-3.223985e+01  upper=-3.510304e+01  gap=-2.863189e+00  wall=0.000000e+00s  cpu=0.000000e+00s  provider=0  solves=0  iterations=0
  certificate  stage=STEP 5 LOCAL  major=36  attempt=159  accepted  reason=success  P rel.=-7.168464e-08  objective=-3.516070e+01  upper=-3.510304e+01  gap= 5.766073e-02  wall=0.000000e+00s  cpu=0.000000e+00s  provider=0  solves=0  iterations=0
  certificate  stage=STEP 5  complete  reason=step5_complete  wall=1.250299e-01s  cpu=1.250200e-01s  provider=124  solves=5  iterations=115

STEP 6
  certificate  stage=STEP 6  complete  reason=candidate_set  wall=1.324000e-05s  cpu=1.400000e-05s  provider=0  solves=0  iterations=0

STEP 8
  certificate  stage=STEP 8  complete  reason=unchanged_problem_67  wall=1.670000e-06s  cpu=2.000000e-06s  provider=0  solves=0  iterations=0

STEP 7
  certificate  stage=STEP 7  complete  reason=continue_stage_ii  wall=8.800000e-07s  cpu=1.000000e-06s  provider=0  solves=0  iterations=0

STEP 4
  STAGE II STEP 4  major=37  upper=-3.513942e+01  LP_primal= 0.000000e+00  LP_dual= 4.857226e-17  active_cuts=42  certified
  certificate  stage=STEP 4  complete  reason=step4_complete  wall=3.470390e-04s  cpu=3.470000e-04s  provider=0  solves=1  iterations=1

STEP 5
  certificate  stage=STEP 5 LOCAL  major=37  attempt=160  accepted  reason=success  P rel.= 4.898522e-14  objective=-3.228120e+01  upper=-3.513942e+01  gap=-2.858212e+00  wall=0.000000e+00s  cpu=0.000000e+00s  provider=0  solves=0  iterations=0
  certificate  stage=STEP 5 LOCAL  major=37  attempt=161  accepted  reason=success  P rel.=-1.289803e-09  objective=-3.516180e+01  upper=-3.513942e+01  gap= 2.238600e-02  wall=0.000000e+00s  cpu=0.000000e+00s  provider=0  solves=0  iterations=0
  certificate  stage=STEP 5  complete  reason=step5_complete  wall=4.459801e-02s  cpu=4.459800e-02s  provider=44  solves=2  iterations=41

STEP 6
  certificate  stage=STEP 6  complete  reason=insufficient_candidates  wall=5.910000e-06s  cpu=6.000000e-06s  provider=0  solves=0  iterations=0

STEP 7
  certificate  stage=STEP 7  complete  reason=continue_stage_ii  wall=9.100000e-07s  cpu=1.000000e-06s  provider=0  solves=0  iterations=0

STEP 4
  STAGE II STEP 4  major=38  upper=-3.514247e+01  LP_primal= 0.000000e+00  LP_dual= 2.775558e-17  active_cuts=43  certified
  certificate  stage=STEP 4  complete  reason=step4_complete  wall=3.325080e-04s  cpu=3.330000e-04s  provider=0  solves=1  iterations=1

STEP 5
  certificate  stage=STEP 5 LOCAL  major=38  attempt=162  accepted  reason=success  P rel.= 5.114000e-14  objective=-3.224522e+01  upper=-3.514247e+01  gap=-2.897249e+00  wall=0.000000e+00s  cpu=0.000000e+00s  provider=0  solves=0  iterations=0
  certificate  stage=STEP 5 LOCAL  major=38  attempt=163  accepted  reason=success  P rel.= 1.562930e-13  objective=-3.224522e+01  upper=-3.514247e+01  gap=-2.897249e+00  wall=0.000000e+00s  cpu=0.000000e+00s  provider=0  solves=0  iterations=0
  certificate  stage=STEP 5 LOCAL  major=38  attempt=164  accepted  reason=success  P rel.= 7.757191e-14  objective=-3.224522e+01  upper=-3.514247e+01  gap=-2.897249e+00  wall=0.000000e+00s  cpu=0.000000e+00s  provider=0  solves=0  iterations=0
  certificate  stage=STEP 5 LOCAL  major=38  attempt=165  accepted  reason=success  P rel.= 4.122803e-14  objective=-3.224522e+01  upper=-3.514247e+01  gap=-2.897249e+00  wall=0.000000e+00s  cpu=0.000000e+00s  provider=0  solves=0  iterations=0
  certificate  stage=STEP 5 LOCAL  major=38  attempt=166  accepted  reason=success  P rel.= 4.688791e-13  objective=-3.224522e+01  upper=-3.514247e+01  gap=-2.897249e+00  wall=0.000000e+00s  cpu=0.000000e+00s  provider=0  solves=0  iterations=0
  certificate  stage=STEP 5 LOCAL  major=38  attempt=167  accepted  reason=success  P rel.=-1.421028e-09  objective=-3.514781e+01  upper=-3.514247e+01  gap= 5.349143e-03  wall=0.000000e+00s  cpu=0.000000e+00s  provider=0  solves=0  iterations=0
  certificate  stage=STEP 5  complete  reason=step5_complete  wall=1.539480e-01s  cpu=1.539450e-01s  provider=152  solves=6  iterations=144

STEP 6
  certificate  stage=STEP 6  complete  reason=candidate_set  wall=1.272000e-05s  cpu=1.300000e-05s  provider=0  solves=0  iterations=0

STEP 8
  certificate  stage=STEP 8  complete  reason=step8_complete  wall=9.101275e-02s  cpu=9.100700e-02s  provider=208  solves=2  iterations=17

STEP 9
  certificate  stage=STEP 9  failed  objective=-3.514396e+01  upper=-3.514247e+01  gap= 1.499322e-03  wall=0.000000e+00s  cpu=0.000000e+00s  provider=0  solves=0  iterations=0
  certificate  stage=STEP 9  complete  reason=paper_free_energy_convergence_failed  wall=2.186208e-03s  cpu=2.186000e-03s  provider=3  solves=0  iterations=0

STEP 7
  certificate  stage=STEP 7  complete  reason=continue_stage_ii  wall=1.140000e-06s  cpu=1.000000e-06s  provider=0  solves=0  iterations=0

STEP 4
  STAGE II STEP 4  major=39  upper=-3.514382e+01  LP_primal= 0.000000e+00  LP_dual= 5.551115e-17  active_cuts=44  certified
  certificate  stage=STEP 4  complete  reason=step4_complete  wall=3.114480e-04s  cpu=3.120000e-04s  provider=0  solves=1  iterations=1

STEP 5
  certificate  stage=STEP 5 LOCAL  major=39  attempt=169  accepted  reason=success  P rel.= 6.320674e-14  objective=-3.226879e+01  upper=-3.514382e+01  gap=-2.875026e+00  wall=0.000000e+00s  cpu=0.000000e+00s  provider=0  solves=0  iterations=0
  certificate  stage=STEP 5 LOCAL  major=39  attempt=170  accepted  reason=success  P rel.=-1.365921e-09  objective=-3.514519e+01  upper=-3.514382e+01  gap= 1.372177e-03  wall=0.000000e+00s  cpu=0.000000e+00s  provider=0  solves=0  iterations=0
  certificate  stage=STEP 5  complete  reason=step5_complete  wall=4.821847e-02s  cpu=4.822000e-02s  provider=48  solves=3  iterations=44

STEP 6
  certificate  stage=STEP 6  complete  reason=candidate_set  wall=9.880000e-06s  cpu=1.000000e-05s  provider=0  solves=0  iterations=0

STEP 8
  certificate  stage=STEP 8  complete  reason=problem_67_infeasible  wall=1.396890e-04s  cpu=1.410000e-04s  provider=2  solves=1  iterations=0

STEP 7
  certificate  stage=STEP 7  complete  reason=continue_stage_ii  wall=9.200000e-07s  cpu=1.000000e-06s  provider=0  solves=0  iterations=0

STEP 4
  STAGE II STEP 4  major=40  upper=-3.514384e+01  LP_primal= 7.105427e-15  LP_dual= 5.551115e-17  active_cuts=45  certified
  certificate  stage=STEP 4  complete  reason=step4_complete  wall=3.460780e-04s  cpu=3.470000e-04s  provider=0  solves=1  iterations=1

STEP 5
  certificate  stage=STEP 5 LOCAL  major=40  attempt=171  accepted  reason=success  P rel.= 7.872112e-14  objective=-3.225835e+01  upper=-3.514384e+01  gap=-2.885483e+00  wall=0.000000e+00s  cpu=0.000000e+00s  provider=0  solves=0  iterations=0
  certificate  stage=STEP 5 LOCAL  major=40  attempt=172  accepted  reason=success  P rel.= 5.415668e-14  objective=-3.225835e+01  upper=-3.514384e+01  gap=-2.885483e+00  wall=0.000000e+00s  cpu=0.000000e+00s  provider=0  solves=0  iterations=0
  certificate  stage=STEP 5 LOCAL  major=40  attempt=173  accepted  reason=success  P rel.= 3.821135e-14  objective=-3.225835e+01  upper=-3.514384e+01  gap=-2.885483e+00  wall=0.000000e+00s  cpu=0.000000e+00s  provider=0  solves=0  iterations=0
  certificate  stage=STEP 5 LOCAL  major=40  attempt=174  accepted  reason=success  P rel.=-1.367924e-09  objective=-3.514418e+01  upper=-3.514384e+01  gap= 3.392199e-04  wall=0.000000e+00s  cpu=0.000000e+00s  provider=0  solves=0  iterations=0
  certificate  stage=STEP 5  complete  reason=step5_complete  wall=1.077154e-01s  cpu=1.077170e-01s  provider=96  solves=4  iterations=86

STEP 6
  certificate  stage=STEP 6  complete  reason=candidate_set  wall=1.585000e-05s  cpu=1.600000e-05s  provider=0  solves=0  iterations=0

STEP 8
  certificate  stage=STEP 8  complete  reason=step8_complete  wall=1.191994e-01s  cpu=1.192010e-01s  provider=252  solves=2  iterations=16

STEP 9
  certificate  stage=STEP 9  failed  objective=-3.514396e+01  upper=-3.514384e+01  gap= 1.280225e-04  wall=0.000000e+00s  cpu=0.000000e+00s  provider=0  solves=0  iterations=0
  certificate  stage=STEP 9  complete  reason=paper_free_energy_convergence_failed  wall=2.263998e-03s  cpu=2.264000e-03s  provider=3  solves=0  iterations=0

STEP 7
  certificate  stage=STEP 7  complete  reason=continue_stage_ii  wall=1.310000e-06s  cpu=1.000000e-06s  provider=0  solves=0  iterations=0

STEP 4
  STAGE II STEP 4  major=41  upper=-3.514385e+01  LP_primal= 7.105427e-15  LP_dual= 9.540979e-18  active_cuts=46  certified
  certificate  stage=STEP 4  complete  reason=step4_complete  wall=3.604780e-04s  cpu=3.610000e-04s  provider=0  solves=1  iterations=1

STEP 5
  certificate  stage=STEP 5 LOCAL  major=41  attempt=175  accepted  reason=success  P rel.=-1.389557e-09  objective=-3.514393e+01  upper=-3.514385e+01  gap= 8.451646e-05  wall=0.000000e+00s  cpu=0.000000e+00s  provider=0  solves=0  iterations=0
  certificate  stage=STEP 5  complete  reason=step5_complete  wall=2.182006e-02s  cpu=2.182100e-02s  provider=21  solves=1  iterations=19

STEP 6
  certificate  stage=STEP 6  complete  reason=candidate_set  wall=1.471000e-05s  cpu=1.400000e-05s  provider=0  solves=0  iterations=0

STEP 8
  certificate  stage=STEP 8  complete  reason=step8_complete  wall=1.107023e-01s  cpu=1.106960e-01s  provider=374  solves=2  iterations=23

STEP 9
  certificate  stage=STEP 9  failed  objective=-3.514396e+01  upper=-3.514385e+01  gap= 1.181855e-04  wall=0.000000e+00s  cpu=0.000000e+00s  provider=0  solves=0  iterations=0
  certificate  stage=STEP 9  complete  reason=paper_free_energy_convergence_failed  wall=2.347467e-03s  cpu=2.349000e-03s  provider=3  solves=0  iterations=0

STEP 7
  certificate  stage=STEP 7  complete  reason=continue_stage_ii  wall=1.200000e-06s  cpu=1.000000e-06s  provider=0  solves=0  iterations=0

STEP 4
  STAGE II STEP 4  major=42  upper=-3.514385e+01  LP_primal= 7.105427e-15  LP_dual= 5.551115e-17  active_cuts=47  certified
  certificate  stage=STEP 4  complete  reason=step4_complete  wall=3.456180e-04s  cpu=3.460000e-04s  provider=0  solves=1  iterations=1

STEP 5
  certificate  stage=STEP 5 LOCAL  major=42  attempt=176  accepted  reason=success  P rel.= 6.737264e-14  objective=-3.225066e+01  upper=-3.514385e+01  gap=-2.893188e+00  wall=0.000000e+00s  cpu=0.000000e+00s  provider=0  solves=0  iterations=0
  certificate  stage=STEP 5 LOCAL  major=42  attempt=177  accepted  reason=success  P rel.=-1.418758e-09  objective=-3.514387e+01  upper=-3.514385e+01  gap= 2.126222e-05  wall=0.000000e+00s  cpu=0.000000e+00s  provider=0  solves=0  iterations=0
  certificate  stage=STEP 5  complete  reason=step5_complete  wall=5.885619e-02s  cpu=5.884000e-02s  provider=53  solves=2  iterations=50

STEP 6
  certificate  stage=STEP 6  complete  reason=candidate_set  wall=1.569000e-05s  cpu=1.600000e-05s  provider=0  solves=0  iterations=0

STEP 8
  certificate  stage=STEP 8  complete  reason=step8_complete  wall=1.080347e-01s  cpu=1.080290e-01s  provider=382  solves=2  iterations=23

STEP 9
  certificate  stage=STEP 9  failed  objective=-3.514396e+01  upper=-3.514385e+01  gap= 1.132864e-04  wall=0.000000e+00s  cpu=0.000000e+00s  provider=0  solves=0  iterations=0
  certificate  stage=STEP 9  complete  reason=paper_free_energy_convergence_failed  wall=2.268967e-03s  cpu=2.269000e-03s  provider=3  solves=0  iterations=0

STEP 7
  certificate  stage=STEP 7  complete  reason=continue_stage_ii  wall=1.080000e-06s  cpu=1.000000e-06s  provider=0  solves=0  iterations=0

STEP 4
  STAGE II STEP 4  major=43  upper=-3.514385e+01  LP_primal= 0.000000e+00  LP_dual= 5.551115e-17  active_cuts=48  certified
  certificate  stage=STEP 4  complete  reason=step4_complete  wall=3.337280e-04s  cpu=3.340000e-04s  provider=0  solves=1  iterations=1

STEP 5
  certificate  stage=STEP 5 LOCAL  major=43  attempt=178  accepted  reason=success  P rel.=-1.416043e-09  objective=-3.514386e+01  upper=-3.514385e+01  gap= 5.505199e-06  wall=0.000000e+00s  cpu=0.000000e+00s  provider=0  solves=0  iterations=0
  certificate  stage=STEP 5  complete  reason=step5_complete  wall=2.240438e-02s  cpu=2.210400e-02s  provider=21  solves=1  iterations=20

STEP 6
  certificate  stage=STEP 6  complete  reason=candidate_set  wall=1.551000e-05s  cpu=1.500000e-05s  provider=0  solves=0  iterations=0

STEP 8
  certificate  stage=STEP 8  complete  reason=step8_complete  wall=6.755737e-02s  cpu=6.753400e-02s  provider=142  solves=2  iterations=14

STEP 9
  certificate  stage=STEP 9  failed  objective=-3.514396e+01  upper=-3.514385e+01  gap= 1.108023e-04  wall=0.000000e+00s  cpu=0.000000e+00s  provider=0  solves=0  iterations=0
  certificate  stage=STEP 9  complete  reason=paper_free_energy_convergence_failed  wall=2.235907e-03s  cpu=2.237000e-03s  provider=3  solves=0  iterations=0

STEP 7
  certificate  stage=STEP 7  complete  reason=continue_stage_ii  wall=1.180000e-06s  cpu=2.000000e-06s  provider=0  solves=0  iterations=0

STEP 4
  STAGE II STEP 4  major=44  upper=-3.514386e+01  LP_primal= 0.000000e+00  LP_dual= 1.110223e-16  active_cuts=49  certified
  certificate  stage=STEP 4  complete  reason=step4_complete  wall=3.404280e-04s  cpu=3.410000e-04s  provider=0  solves=1  iterations=1

STEP 5
  certificate  stage=STEP 5 LOCAL  major=44  attempt=179  accepted  reason=success  P rel.= 6.363769e-14  objective=-3.224867e+01  upper=-3.514386e+01  gap=-2.895185e+00  wall=0.000000e+00s  cpu=0.000000e+00s  provider=0  solves=0  iterations=0
  certificate  stage=STEP 5 LOCAL  major=44  attempt=180  accepted  reason=success  P rel.= 5.157095e-14  objective=-3.224867e+01  upper=-3.514386e+01  gap=-2.895185e+00  wall=0.000000e+00s  cpu=0.000000e+00s  provider=0  solves=0  iterations=0
  certificate  stage=STEP 5 LOCAL  major=44  attempt=182  accepted  reason=success  P rel.= 4.410107e-14  objective=-3.224867e+01  upper=-3.514386e+01  gap=-2.895185e+00  wall=0.000000e+00s  cpu=0.000000e+00s  provider=0  solves=0  iterations=0
  certificate  stage=STEP 5 LOCAL  major=44  attempt=183  accepted  reason=success  P rel.= 4.453202e-14  objective=-3.224867e+01  upper=-3.514386e+01  gap=-2.895185e+00  wall=0.000000e+00s  cpu=0.000000e+00s  provider=0  solves=0  iterations=0
  certificate  stage=STEP 5 LOCAL  major=44  attempt=184  accepted  reason=success  P rel.= 3.189067e-14  objective=-3.224867e+01  upper=-3.514386e+01  gap=-2.895185e+00  wall=0.000000e+00s  cpu=0.000000e+00s  provider=0  solves=0  iterations=0
  certificate  stage=STEP 5 LOCAL  major=44  attempt=185  accepted  reason=success  P rel.=-1.414084e-09  objective=-3.514386e+01  upper=-3.514386e+01  gap= 1.595619e-06  wall=0.000000e+00s  cpu=0.000000e+00s  provider=0  solves=0  iterations=0
  certificate  stage=STEP 5  complete  reason=step5_complete  wall=1.613162e-01s  cpu=1.612960e-01s  provider=160  solves=7  iterations=145

STEP 6
  certificate  stage=STEP 6  complete  reason=candidate_set  wall=1.618000e-05s  cpu=1.600000e-05s  provider=0  solves=0  iterations=0

STEP 8
  certificate  stage=STEP 8  complete  reason=step8_complete  wall=6.775932e-02s  cpu=6.776000e-02s  provider=142  solves=2  iterations=14

STEP 9
  certificate  stage=STEP 9  failed  objective=-3.514396e+01  upper=-3.514386e+01  gap= 1.094673e-04  wall=0.000000e+00s  cpu=0.000000e+00s  provider=0  solves=0  iterations=0
  certificate  stage=STEP 9  complete  reason=paper_free_energy_convergence_failed  wall=2.261747e-03s  cpu=2.262000e-03s  provider=3  solves=0  iterations=0

STEP 7
  certificate  stage=STEP 7  complete  reason=continue_stage_ii  wall=1.060000e-06s  cpu=1.000000e-06s  provider=0  solves=0  iterations=0

STEP 4
  STAGE II STEP 4  major=45  upper=-3.514386e+01  LP_primal= 0.000000e+00  LP_dual= 1.040834e-17  active_cuts=50  certified
  certificate  stage=STEP 4  complete  reason=step4_complete  wall=3.401680e-04s  cpu=3.400000e-04s  provider=0  solves=1  iterations=1

STEP 5
  certificate  stage=STEP 5 LOCAL  major=45  attempt=186  accepted  reason=success  P rel.= 7.943938e-14  objective=-3.224902e+01  upper=-3.514386e+01  gap=-2.894836e+00  wall=0.000000e+00s  cpu=0.000000e+00s  provider=0  solves=0  iterations=0
  certificate  stage=STEP 5 LOCAL  major=45  attempt=187  accepted  reason=success  P rel.= 4.208994e-14  objective=-3.224902e+01  upper=-3.514386e+01  gap=-2.894836e+00  wall=0.000000e+00s  cpu=0.000000e+00s  provider=0  solves=0  iterations=0
  certificate  stage=STEP 5 LOCAL  major=45  attempt=188  accepted  reason=success  P rel.=-1.420984e-09  objective=-3.514386e+01  upper=-3.514386e+01  gap= 3.990555e-07  wall=0.000000e+00s  cpu=0.000000e+00s  provider=0  solves=0  iterations=0
  certificate  stage=STEP 5  complete  reason=step5_complete  wall=8.008806e-02s  cpu=8.007400e-02s  provider=79  solves=3  iterations=74

STEP 6
  certificate  stage=STEP 6  complete  reason=candidate_set  wall=1.762900e-05s  cpu=1.800000e-05s  provider=0  solves=0  iterations=0

STEP 8
  certificate  stage=STEP 8  complete  reason=step8_complete  wall=6.819966e-02s  cpu=6.819100e-02s  provider=142  solves=2  iterations=14

STEP 9
  certificate  stage=STEP 9  failed  objective=-3.514396e+01  upper=-3.514386e+01  gap= 1.094189e-04  wall=0.000000e+00s  cpu=0.000000e+00s  provider=0  solves=0  iterations=0
  certificate  stage=STEP 9  complete  reason=paper_free_energy_convergence_failed  wall=2.262058e-03s  cpu=2.263000e-03s  provider=3  solves=0  iterations=0

STEP 7
  certificate  stage=STEP 7  complete  reason=continue_stage_ii  wall=1.090000e-06s  cpu=1.000000e-06s  provider=0  solves=0  iterations=0

STEP 4
  STAGE II STEP 4  major=46  upper=-3.514386e+01  LP_primal= 7.105427e-15  LP_dual= 5.551115e-17  active_cuts=51  certified
  certificate  stage=STEP 4  complete  reason=step4_complete  wall=3.672480e-04s  cpu=3.670000e-04s  provider=0  solves=1  iterations=1

STEP 5
  certificate  stage=STEP 5 LOCAL  major=46  attempt=189  accepted  reason=success  P rel.= 5.731702e-14  objective=-3.224919e+01  upper=-3.514386e+01  gap=-2.894661e+00  wall=0.000000e+00s  cpu=0.000000e+00s  provider=0  solves=0  iterations=0
  certificate  stage=STEP 5 LOCAL  major=46  attempt=190  accepted  reason=success  P rel.= 4.955983e-14  objective=-3.224919e+01  upper=-3.514386e+01  gap=-2.894661e+00  wall=0.000000e+00s  cpu=0.000000e+00s  provider=0  solves=0  iterations=0
  certificate  stage=STEP 5 LOCAL  major=46  attempt=191  accepted  reason=success  P rel.= 2.578548e-13  objective=-3.224919e+01  upper=-3.514386e+01  gap=-2.894661e+00  wall=0.000000e+00s  cpu=0.000000e+00s  provider=0  solves=0  iterations=0
  certificate  stage=STEP 5 LOCAL  major=46  attempt=192  accepted  reason=success  P rel.= 3.576927e-14  objective=-3.224919e+01  upper=-3.514386e+01  gap=-2.894661e+00  wall=0.000000e+00s  cpu=0.000000e+00s  provider=0  solves=0  iterations=0
  certificate  stage=STEP 5 LOCAL  major=46  attempt=193  accepted  reason=success  P rel.= 7.225680e-14  objective=-3.224919e+01  upper=-3.514386e+01  gap=-2.894661e+00  wall=0.000000e+00s  cpu=0.000000e+00s  provider=0  solves=0  iterations=0
  certificate  stage=STEP 5 LOCAL  major=46  attempt=194  accepted  reason=success  P rel.=-1.409010e-09  objective=-3.514386e+01  upper=-3.514386e+01  gap= 9.978294e-08  wall=0.000000e+00s  cpu=0.000000e+00s  provider=0  solves=0  iterations=0
  certificate  stage=STEP 5  complete  reason=step5_complete  wall=1.560080e-01s  cpu=1.559950e-01s  provider=156  solves=6  iterations=142

STEP 6
  certificate  stage=STEP 6  complete  reason=candidate_set  wall=1.622000e-05s  cpu=1.700000e-05s  provider=0  solves=0  iterations=0

STEP 8
  certificate  stage=STEP 8  complete  reason=step8_complete  wall=6.862148e-02s  cpu=6.862400e-02s  provider=142  solves=2  iterations=14

STEP 9
  certificate  stage=STEP 9  failed  objective=-3.514396e+01  upper=-3.514386e+01  gap= 1.093947e-04  wall=0.000000e+00s  cpu=0.000000e+00s  provider=0  solves=0  iterations=0
  certificate  stage=STEP 9  complete  reason=paper_free_energy_convergence_failed  wall=2.285777e-03s  cpu=2.286000e-03s  provider=3  solves=0  iterations=0

STEP 7
  certificate  stage=STEP 7  complete  reason=continue_stage_ii  wall=1.070000e-06s  cpu=1.000000e-06s  provider=0  solves=0  iterations=0

STEP 4
  STAGE II STEP 4  major=47  upper=-3.514386e+01  LP_primal= 0.000000e+00  LP_dual= 2.775558e-17  active_cuts=52  certified
  certificate  stage=STEP 4  complete  reason=step4_complete  wall=3.748880e-04s  cpu=3.760000e-04s  provider=0  solves=1  iterations=1

STEP 5
  certificate  stage=STEP 5 LOCAL  major=47  attempt=195  accepted  reason=success  P rel.= 6.047736e-14  objective=-3.224928e+01  upper=-3.514386e+01  gap=-2.894573e+00  wall=0.000000e+00s  cpu=0.000000e+00s  provider=0  solves=0  iterations=0
  certificate  stage=STEP 5 LOCAL  major=47  attempt=196  accepted  reason=success  P rel.= 7.785921e-14  objective=-3.224928e+01  upper=-3.514386e+01  gap=-2.894573e+00  wall=0.000000e+00s  cpu=0.000000e+00s  provider=0  solves=0  iterations=0
  certificate  stage=STEP 5 LOCAL  major=47  attempt=197  accepted  reason=success  P rel.=-9.207115e-09  objective=-3.514386e+01  upper=-3.514386e+01  gap= 2.494830e-08  wall=0.000000e+00s  cpu=0.000000e+00s  provider=0  solves=0  iterations=0
  certificate  stage=STEP 5  complete  reason=step5_complete  wall=7.978342e-02s  cpu=7.977400e-02s  provider=77  solves=3  iterations=69

STEP 6
  certificate  stage=STEP 6  complete  reason=candidate_set  wall=1.773000e-05s  cpu=1.700000e-05s  provider=0  solves=0  iterations=0

STEP 8
  certificate  stage=STEP 8  complete  reason=step8_complete  wall=7.229549e-02s  cpu=7.228700e-02s  provider=142  solves=2  iterations=14

STEP 9
  certificate  stage=STEP 9  failed  objective=-3.514396e+01  upper=-3.514386e+01  gap= 1.093826e-04  wall=0.000000e+00s  cpu=0.000000e+00s  provider=0  solves=0  iterations=0
  certificate  stage=STEP 9  complete  reason=paper_free_energy_convergence_failed  wall=2.301958e-03s  cpu=2.302000e-03s  provider=3  solves=0  iterations=0

STEP 7
  certificate  stage=STEP 7  complete  reason=continue_stage_ii  wall=1.250000e-06s  cpu=1.000000e-06s  provider=0  solves=0  iterations=0

STEP 4
  STAGE II STEP 4  major=48  upper=-3.514386e+01  LP_primal= 0.000000e+00  LP_dual= 5.551115e-17  active_cuts=53  certified
  certificate  stage=STEP 4  complete  reason=step4_complete  wall=3.779780e-04s  cpu=3.780000e-04s  provider=0  solves=1  iterations=1

STEP 5
  certificate  stage=STEP 5 LOCAL  major=48  attempt=198  accepted  reason=success  P rel.=-1.401531e-09  objective=-3.514386e+01  upper=-3.514386e+01  gap= 6.237570e-09  wall=0.000000e+00s  cpu=0.000000e+00s  provider=0  solves=0  iterations=0
  certificate  stage=STEP 5  complete  reason=step5_complete  wall=2.876886e-02s  cpu=2.876100e-02s  provider=28  solves=1  iterations=25

STEP 6
  certificate  stage=STEP 6  complete  reason=candidate_set  wall=3.394000e-05s  cpu=3.400000e-05s  provider=0  solves=0  iterations=0

STEP 8
  certificate  stage=STEP 8  complete  reason=step8_complete  wall=7.224972e-02s  cpu=7.223800e-02s  provider=142  solves=2  iterations=14

STEP 9
  certificate  stage=STEP 9  failed  objective=-3.514396e+01  upper=-3.514386e+01  gap= 1.093765e-04  wall=0.000000e+00s  cpu=0.000000e+00s  provider=0  solves=0  iterations=0
  certificate  stage=STEP 9  complete  reason=paper_free_energy_convergence_failed  wall=2.514216e-03s  cpu=2.515000e-03s  provider=3  solves=0  iterations=0

STEP 7
  certificate  stage=STEP 7  complete  reason=continue_stage_ii  wall=1.180000e-06s  cpu=1.000000e-06s  provider=0  solves=0  iterations=0

STEP 4
  STAGE II STEP 4  major=49  upper=-3.514386e+01  LP_primal= 7.105427e-15  LP_dual= 8.326673e-17  active_cuts=54  certified
  certificate  stage=STEP 4  complete  reason=step4_complete  wall=4.409970e-04s  cpu=4.410000e-04s  provider=0  solves=1  iterations=1

STEP 5
  certificate  stage=STEP 5 LOCAL  major=49  attempt=199  accepted  reason=success  P rel.=-1.410879e-09  objective=-3.514386e+01  upper=-3.514386e+01  gap= 1.559357e-09  wall=0.000000e+00s  cpu=0.000000e+00s  provider=0  solves=0  iterations=0
  certificate  stage=STEP 5  complete  reason=step5_complete  wall=2.931814e-02s  cpu=2.932000e-02s  provider=21  solves=1  iterations=18

STEP 6
  certificate  stage=STEP 6  complete  reason=candidate_set  wall=3.184000e-05s  cpu=3.200000e-05s  provider=0  solves=0  iterations=0

STEP 8
  certificate  stage=STEP 8  complete  reason=step8_complete  wall=7.952043e-02s  cpu=7.949800e-02s  provider=142  solves=2  iterations=14

STEP 9
  certificate  stage=STEP 9  failed  objective=-3.514396e+01  upper=-3.514386e+01  gap= 1.093763e-04  wall=0.000000e+00s  cpu=0.000000e+00s  provider=0  solves=0  iterations=0
  certificate  stage=STEP 9  complete  reason=paper_free_energy_convergence_failed  wall=2.420996e-03s  cpu=2.421000e-03s  provider=3  solves=0  iterations=0

STEP 7
  certificate  stage=STEP 7  complete  reason=continue_stage_ii  wall=1.100000e-06s  cpu=1.000000e-06s  provider=0  solves=0  iterations=0

STEP 4
  STAGE II STEP 4  major=50  upper=-3.514386e+01  LP_primal= 7.105427e-15  LP_dual= 6.938894e-18  active_cuts=55  certified
  certificate  stage=STEP 4  complete  reason=step4_complete  wall=4.449170e-04s  cpu=4.450000e-04s  provider=0  solves=1  iterations=1

STEP 5
  certificate  stage=STEP 5 LOCAL  major=50  attempt=200  accepted  reason=success  P rel.= 6.981472e-14  objective=-3.224929e+01  upper=-3.514386e+01  gap=-2.894562e+00  wall=0.000000e+00s  cpu=0.000000e+00s  provider=0  solves=0  iterations=0
  certificate  stage=STEP 5 LOCAL  major=50  attempt=201  accepted  reason=success  P rel.=-1.405226e-09  objective=-3.514386e+01  upper=-3.514386e+01  gap= 3.898322e-10  wall=0.000000e+00s  cpu=0.000000e+00s  provider=0  solves=0  iterations=0
  certificate  stage=STEP 5  complete  reason=step5_complete  wall=5.328576e-02s  cpu=5.328700e-02s  provider=50  solves=2  iterations=46

STEP 6
  certificate  stage=STEP 6  complete  reason=candidate_set  wall=1.882000e-05s  cpu=1.900000e-05s  provider=0  solves=0  iterations=0

STEP 8
  certificate  stage=STEP 8  complete  reason=step8_complete  wall=7.125362e-02s  cpu=7.125600e-02s  provider=142  solves=2  iterations=14

STEP 9
  certificate  stage=STEP 9  failed  objective=-3.514396e+01  upper=-3.514386e+01  gap= 1.093762e-04  wall=0.000000e+00s  cpu=0.000000e+00s  provider=0  solves=0  iterations=0
  certificate  stage=STEP 9  complete  reason=paper_free_energy_convergence_failed  wall=3.538270e-03s  cpu=3.538000e-03s  provider=3  solves=0  iterations=0

STEP 7
  certificate  stage=STEP 7  complete  reason=continue_stage_ii  wall=1.670000e-06s  cpu=1.000000e-06s  provider=0  solves=0  iterations=0

STEP 4
  STAGE II STEP 4  major=51  upper=-3.514386e+01  LP_primal= 7.105427e-15  LP_dual= 8.326673e-17  active_cuts=56  certified
  certificate  stage=STEP 4  complete  reason=step4_complete  wall=6.291270e-04s  cpu=6.300000e-04s  provider=0  solves=1  iterations=1

STEP 5
  certificate  stage=STEP 5 LOCAL  major=51  attempt=202  accepted  reason=success  P rel.= 3.347084e-14  objective=-3.224929e+01  upper=-3.514386e+01  gap=-2.894568e+00  wall=0.000000e+00s  cpu=0.000000e+00s  provider=0  solves=0  iterations=0
  certificate  stage=STEP 5 LOCAL  major=51  attempt=203  accepted  reason=success  P rel.= 6.425540e-13  objective=-3.224929e+01  upper=-3.514386e+01  gap=-2.894568e+00  wall=0.000000e+00s  cpu=0.000000e+00s  provider=0  solves=0  iterations=0
  certificate  stage=STEP 5 LOCAL  major=51  attempt=204  accepted  reason=success  P rel.= 7.857747e-14  objective=-3.224929e+01  upper=-3.514386e+01  gap=-2.894568e+00  wall=0.000000e+00s  cpu=0.000000e+00s  provider=0  solves=0  iterations=0
  certificate  stage=STEP 5 LOCAL  major=51  attempt=206  accepted  reason=success  P rel.= 4.122803e-14  objective=-3.224929e+01  upper=-3.514386e+01  gap=-2.894568e+00  wall=0.000000e+00s  cpu=0.000000e+00s  provider=0  solves=0  iterations=0
  certificate  stage=STEP 5 LOCAL  major=51  attempt=207  accepted  reason=success  P rel.= 5.458764e-14  objective=-3.224929e+01  upper=-3.514386e+01  gap=-2.894568e+00  wall=0.000000e+00s  cpu=0.000000e+00s  provider=0  solves=0  iterations=0
  certificate  stage=STEP 5 LOCAL  major=51  attempt=208  accepted  reason=success  P rel.=-6.603394e-08  objective=-3.514623e+01  upper=-3.514386e+01  gap= 2.374476e-03  wall=0.000000e+00s  cpu=0.000000e+00s  provider=0  solves=0  iterations=0
  certificate  stage=STEP 5  complete  reason=step5_complete  wall=1.630330e-01s  cpu=1.630350e-01s  provider=153  solves=7  iterations=141

STEP 6
  certificate  stage=STEP 6  complete  reason=candidate_set  wall=2.041000e-05s  cpu=2.000000e-05s  provider=0  solves=0  iterations=0

STEP 8
  certificate  stage=STEP 8  complete  reason=step8_complete  wall=1.022970e-01s  cpu=1.022920e-01s  provider=250  solves=2  iterations=23

STEP 9
  certificate  stage=STEP 9  failed  objective=-3.514396e+01  upper=-3.514386e+01  gap= 1.093761e-04  wall=0.000000e+00s  cpu=0.000000e+00s  provider=0  solves=0  iterations=0
  certificate  stage=STEP 9  complete  reason=paper_free_energy_convergence_failed  wall=2.184298e-03s  cpu=2.184000e-03s  provider=3  solves=0  iterations=0

STEP 7
  certificate  stage=STEP 7  complete  reason=continue_stage_ii  wall=1.150000e-06s  cpu=1.000000e-06s  provider=0  solves=0  iterations=0

STEP 4
  STAGE II STEP 4  major=52  upper=-3.514388e+01  LP_primal= 0.000000e+00  LP_dual= 4.857226e-17  active_cuts=57  certified
  certificate  stage=STEP 4  complete  reason=step4_complete  wall=3.863980e-04s  cpu=3.870000e-04s  provider=0  solves=1  iterations=1

STEP 5
  certificate  stage=STEP 5 LOCAL  major=52  attempt=209  accepted  reason=success  P rel.= 1.409223e-13  objective=-3.223611e+01  upper=-3.514388e+01  gap=-2.907764e+00  wall=0.000000e+00s  cpu=0.000000e+00s  provider=0  solves=0  iterations=0
  certificate  stage=STEP 5 LOCAL  major=52  attempt=210  accepted  reason=success  P rel.=-1.457173e-09  objective=-3.514437e+01  upper=-3.514388e+01  gap= 4.859393e-04  wall=0.000000e+00s  cpu=0.000000e+00s  provider=0  solves=0  iterations=0
  certificate  stage=STEP 5  complete  reason=step5_complete  wall=5.351070e-02s  cpu=5.351200e-02s  provider=53  solves=2  iterations=44

STEP 6
  certificate  stage=STEP 6  complete  reason=candidate_set  wall=1.848000e-05s  cpu=1.800000e-05s  provider=0  solves=0  iterations=0

STEP 8
  certificate  stage=STEP 8  complete  reason=step8_complete  wall=1.060353e-01s  cpu=1.060370e-01s  provider=298  solves=2  iterations=24

STEP 9
  certificate  stage=STEP 9  failed  objective=-3.514403e+01  upper=-3.514388e+01  gap= 1.539585e-04  wall=0.000000e+00s  cpu=0.000000e+00s  provider=0  solves=0  iterations=0
  certificate  stage=STEP 9  complete  reason=paper_free_energy_convergence_failed  wall=2.205228e-03s  cpu=2.206000e-03s  provider=3  solves=0  iterations=0

STEP 7
  certificate  stage=STEP 7  complete  reason=continue_stage_ii  wall=1.039000e-06s  cpu=1.000000e-06s  provider=0  solves=0  iterations=0

STEP 4
  STAGE II STEP 4  major=53  upper=-3.514401e+01  LP_primal= 0.000000e+00  LP_dual= 2.775558e-17  active_cuts=58  certified
  certificate  stage=STEP 4  complete  reason=step4_complete  wall=3.785180e-04s  cpu=3.780000e-04s  provider=0  solves=1  iterations=1

STEP 5
  certificate  stage=STEP 5 LOCAL  major=53  attempt=211  accepted  reason=success  P rel.= 4.151534e-14  objective=-3.223624e+01  upper=-3.514401e+01  gap=-2.907764e+00  wall=0.000000e+00s  cpu=0.000000e+00s  provider=0  solves=0  iterations=0
  certificate  stage=STEP 5 LOCAL  major=53  attempt=212  accepted  reason=success  P rel.= 5.631146e-14  objective=-3.223624e+01  upper=-3.514401e+01  gap=-2.907764e+00  wall=0.000000e+00s  cpu=0.000000e+00s  provider=0  solves=0  iterations=0
  certificate  stage=STEP 5 LOCAL  major=53  attempt=213  accepted  reason=success  P rel.= 6.493056e-14  objective=-3.223624e+01  upper=-3.514401e+01  gap=-2.907764e+00  wall=0.000000e+00s  cpu=0.000000e+00s  provider=0  solves=0  iterations=0
  certificate  stage=STEP 5 LOCAL  major=53  attempt=214  accepted  reason=success  P rel.= 4.927253e-14  objective=-3.223624e+01  upper=-3.514401e+01  gap=-2.907764e+00  wall=0.000000e+00s  cpu=0.000000e+00s  provider=0  solves=0  iterations=0
  certificate  stage=STEP 5 LOCAL  major=53  attempt=215  accepted  reason=success  P rel.= 4.338281e-14  objective=-3.223624e+01  upper=-3.514401e+01  gap=-2.907764e+00  wall=0.000000e+00s  cpu=0.000000e+00s  provider=0  solves=0  iterations=0
  certificate  stage=STEP 5 LOCAL  major=53  attempt=216  accepted  reason=success  P rel.= 3.074146e-14  objective=-3.223624e+01  upper=-3.514401e+01  gap=-2.907764e+00  wall=0.000000e+00s  cpu=0.000000e+00s  provider=0  solves=0  iterations=0
  certificate  stage=STEP 5 LOCAL  major=53  attempt=217  accepted  reason=success  P rel.= 2.371689e-13  objective=-3.223624e+01  upper=-3.514401e+01  gap=-2.907764e+00  wall=0.000000e+00s  cpu=0.000000e+00s  provider=0  solves=0  iterations=0
  certificate  stage=STEP 5 LOCAL  major=53  attempt=218  accepted  reason=success  P rel.= 4.338281e-14  objective=-3.223624e+01  upper=-3.514401e+01  gap=-2.907764e+00  wall=0.000000e+00s  cpu=0.000000e+00s  provider=0  solves=0  iterations=0
  certificate  stage=STEP 5 LOCAL  major=53  attempt=219  accepted  reason=success  P rel.= 5.631146e-14  objective=-3.223624e+01  upper=-3.514401e+01  gap=-2.907764e+00  wall=0.000000e+00s  cpu=0.000000e+00s  provider=0  solves=0  iterations=0
  certificate  stage=STEP 5 LOCAL  major=53  attempt=220  accepted  reason=success  P rel.= 2.758112e-14  objective=-3.223624e+01  upper=-3.514401e+01  gap=-2.907764e+00  wall=0.000000e+00s  cpu=0.000000e+00s  provider=0  solves=0  iterations=0
  certificate  stage=STEP 5 LOCAL  major=53  attempt=221  accepted  reason=success  P rel.= 1.002689e-13  objective=-3.223624e+01  upper=-3.514401e+01  gap=-2.907764e+00  wall=0.000000e+00s  cpu=0.000000e+00s  provider=0  solves=0  iterations=0
  certificate  stage=STEP 5 LOCAL  major=53  attempt=222  accepted  reason=success  P rel.= 4.566687e-13  objective=-3.223624e+01  upper=-3.514401e+01  gap=-2.907764e+00  wall=0.000000e+00s  cpu=0.000000e+00s  provider=0  solves=0  iterations=0
  certificate  stage=STEP 5 LOCAL  major=53  attempt=223  accepted  reason=success  P rel.= 4.424472e-14  objective=-3.223624e+01  upper=-3.514401e+01  gap=-2.907764e+00  wall=0.000000e+00s  cpu=0.000000e+00s  provider=0  solves=0  iterations=0
  certificate  stage=STEP 5 LOCAL  major=53  attempt=224  accepted  reason=success  P rel.= 1.933552e-13  objective=-3.223624e+01  upper=-3.514401e+01  gap=-2.907764e+00  wall=0.000000e+00s  cpu=0.000000e+00s  provider=0  solves=0  iterations=0
  certificate  stage=STEP 5 LOCAL  major=53  attempt=225  accepted  reason=success  P rel.= 4.338281e-14  objective=-3.223624e+01  upper=-3.514401e+01  gap=-2.907764e+00  wall=0.000000e+00s  cpu=0.000000e+00s  provider=0  solves=0  iterations=0
  certificate  stage=STEP 5 LOCAL  major=53  attempt=226  accepted  reason=success  P rel.= 4.338281e-14  objective=-3.223624e+01  upper=-3.514401e+01  gap=-2.907764e+00  wall=0.000000e+00s  cpu=0.000000e+00s  provider=0  solves=0  iterations=0
  certificate  stage=STEP 5 LOCAL  major=53  attempt=228  accepted  reason=success  P rel.= 4.424472e-14  objective=-3.223624e+01  upper=-3.514401e+01  gap=-2.907764e+00  wall=0.000000e+00s  cpu=0.000000e+00s  provider=0  solves=0  iterations=0
  certificate  stage=STEP 5 LOCAL  major=53  attempt=229  accepted  reason=success  P rel.= 4.424472e-14  objective=-3.223624e+01  upper=-3.514401e+01  gap=-2.907764e+00  wall=0.000000e+00s  cpu=0.000000e+00s  provider=0  solves=0  iterations=0
  certificate  stage=STEP 5 LOCAL  major=53  attempt=230  accepted  reason=success  P rel.= 4.137168e-14  objective=-3.223624e+01  upper=-3.514401e+01  gap=-2.907764e+00  wall=0.000000e+00s  cpu=0.000000e+00s  provider=0  solves=0  iterations=0
  certificate  stage=STEP 5 LOCAL  major=53  attempt=231  accepted  reason=success  P rel.= 4.697410e-14  objective=-3.223624e+01  upper=-3.514401e+01  gap=-2.907764e+00  wall=0.000000e+00s  cpu=0.000000e+00s  provider=0  solves=0  iterations=0
  certificate  stage=STEP 5 LOCAL  major=53  attempt=232  accepted  reason=success  P rel.= 5.731702e-14  objective=-3.223624e+01  upper=-3.514401e+01  gap=-2.907764e+00  wall=0.000000e+00s  cpu=0.000000e+00s  provider=0  solves=0  iterations=0
  certificate  stage=STEP 5 LOCAL  major=53  attempt=233  accepted  reason=success  P rel.= 5.731702e-14  objective=-3.223624e+01  upper=-3.514401e+01  gap=-2.907764e+00  wall=0.000000e+00s  cpu=0.000000e+00s  provider=0  solves=0  iterations=0
  certificate  stage=STEP 5 LOCAL  major=53  attempt=235  accepted  reason=success  P rel.= 1.028546e-13  objective=-3.223624e+01  upper=-3.514401e+01  gap=-2.907764e+00  wall=0.000000e+00s  cpu=0.000000e+00s  provider=0  solves=0  iterations=0
  certificate  stage=STEP 5 LOCAL  major=53  attempt=236  accepted  reason=success  P rel.= 2.844303e-14  objective=-3.223624e+01  upper=-3.514401e+01  gap=-2.907764e+00  wall=0.000000e+00s  cpu=0.000000e+00s  provider=0  solves=0  iterations=0
  certificate  stage=STEP 5 LOCAL  major=53  attempt=237  accepted  reason=success  P rel.= 6.464326e-14  objective=-3.223624e+01  upper=-3.514401e+01  gap=-2.907764e+00  wall=0.000000e+00s  cpu=0.000000e+00s  provider=0  solves=0  iterations=0
  certificate  stage=STEP 5 LOCAL  major=53  attempt=238  accepted  reason=success  P rel.= 4.986150e-13  objective=-3.223624e+01  upper=-3.514401e+01  gap=-2.907764e+00  wall=0.000000e+00s  cpu=0.000000e+00s  provider=0  solves=0  iterations=0
  certificate  stage=STEP 5 LOCAL  major=53  attempt=239  accepted  reason=success  P rel.= 6.607977e-14  objective=-3.223624e+01  upper=-3.514401e+01  gap=-2.907764e+00  wall=0.000000e+00s  cpu=0.000000e+00s  provider=0  solves=0  iterations=0
  certificate  stage=STEP 5 LOCAL  major=53  attempt=240  accepted  reason=success  P rel.=-1.477872e-09  objective=-3.514401e+01  upper=-3.514401e+01  gap= 7.874171e-08  wall=0.000000e+00s  cpu=0.000000e+00s  provider=0  solves=0  iterations=0
  certificate  stage=STEP 5  complete  reason=step5_complete  wall=7.582353e-01s  cpu=7.581220e-01s  provider=729  solves=30  iterations=685

STEP 6
  certificate  stage=STEP 6  complete  reason=candidate_set  wall=2.099000e-05s  cpu=2.100000e-05s  provider=0  solves=0  iterations=0

STEP 8
  certificate  stage=STEP 8  complete  reason=step8_complete  wall=7.268617e-02s  cpu=7.267900e-02s  provider=153  solves=1  iterations=20

STEP 9
  certificate  stage=STEP 9  failed  objective=-3.514403e+01  upper=-3.514401e+01  gap= 2.424232e-05  wall=0.000000e+00s  cpu=0.000000e+00s  provider=0  solves=0  iterations=0
  certificate  stage=STEP 9  complete  reason=paper_potential_convergence_failed  wall=2.353917e-03s  cpu=2.354000e-03s  provider=3  solves=0  iterations=0

STEP 7
  certificate  stage=STEP 7  complete  reason=continue_stage_ii  wall=1.420000e-06s  cpu=2.000000e-06s  provider=0  solves=0  iterations=0

STEP 4
  STAGE II STEP 4  major=54  upper=-3.514401e+01  LP_primal= 0.000000e+00  LP_dual= 1.387779e-17  active_cuts=59  certified
  certificate  stage=STEP 4  complete  reason=step4_complete  wall=4.389270e-04s  cpu=4.390000e-04s  provider=0  solves=1  iterations=1

STEP 5
  certificate  stage=STEP 5 LOCAL  major=54  attempt=241  accepted  reason=success  P rel.= 4.826696e-14  objective=-3.223624e+01  upper=-3.514401e+01  gap=-2.907764e+00  wall=0.000000e+00s  cpu=0.000000e+00s  provider=0  solves=0  iterations=0
  certificate  stage=STEP 5 LOCAL  major=54  attempt=242  accepted  reason=success  P rel.= 2.364507e-13  objective=-3.223624e+01  upper=-3.514401e+01  gap=-2.907764e+00  wall=0.000000e+00s  cpu=0.000000e+00s  provider=0  solves=0  iterations=0
  certificate  stage=STEP 5 LOCAL  major=54  attempt=243  accepted  reason=success  P rel.=-1.443997e-09  objective=-3.514401e+01  upper=-3.514401e+01  gap=-7.105427e-15  wall=0.000000e+00s  cpu=0.000000e+00s  provider=0  solves=0  iterations=0
  certificate  stage=STEP 5  complete  reason=step5_complete  wall=8.090322e-02s  cpu=8.089400e-02s  provider=79  solves=3  iterations=68

STEP 6
  certificate  stage=STEP 6  complete  reason=candidate_set  wall=2.040900e-05s  cpu=2.100000e-05s  provider=0  solves=0  iterations=0

STEP 8
  certificate  stage=STEP 8  complete  reason=step8_complete  wall=7.158907e-02s  cpu=7.157100e-02s  provider=153  solves=1  iterations=20

STEP 9
  certificate  stage=STEP 9  failed  objective=-3.514403e+01  upper=-3.514401e+01  gap= 2.422130e-05  wall=0.000000e+00s  cpu=0.000000e+00s  provider=0  solves=0  iterations=0
  certificate  stage=STEP 9  complete  reason=paper_potential_convergence_failed  wall=2.348447e-03s  cpu=2.348000e-03s  provider=3  solves=0  iterations=0

STEP 7
  certificate  stage=STEP 7  complete  reason=continue_stage_ii  wall=1.160000e-06s  cpu=2.000000e-06s  provider=0  solves=0  iterations=0

STEP 4
  STAGE II STEP 4  major=55  upper=-3.514401e+01  LP_primal= 0.000000e+00  LP_dual= 5.551115e-17  active_cuts=60  certified
  certificate  stage=STEP 4  complete  reason=step4_complete  wall=3.948170e-04s  cpu=3.950000e-04s  provider=0  solves=1  iterations=1

STEP 5
  certificate  stage=STEP 5 LOCAL  major=55  attempt=244  accepted  reason=success  P rel.= 3.111495e-13  objective=-3.223624e+01  upper=-3.514401e+01  gap=-2.907764e+00  wall=0.000000e+00s  cpu=0.000000e+00s  provider=0  solves=0  iterations=0
  certificate  stage=STEP 5 LOCAL  major=55  attempt=245  accepted  reason=success  P rel.= 3.548197e-14  objective=-3.223624e+01  upper=-3.514401e+01  gap=-2.907764e+00  wall=0.000000e+00s  cpu=0.000000e+00s  provider=0  solves=0  iterations=0
  certificate  stage=STEP 5 LOCAL  major=55  attempt=246  accepted  reason=success  P rel.= 5.300747e-14  objective=-3.223624e+01  upper=-3.514401e+01  gap=-2.907764e+00  wall=0.000000e+00s  cpu=0.000000e+00s  provider=0  solves=0  iterations=0
  certificate  stage=STEP 5 LOCAL  major=55  attempt=247  accepted  reason=success  P rel.= 3.548197e-14  objective=-3.223624e+01  upper=-3.514401e+01  gap=-2.907764e+00  wall=0.000000e+00s  cpu=0.000000e+00s  provider=0  solves=0  iterations=0
  certificate  stage=STEP 5 LOCAL  major=55  attempt=248  accepted  reason=success  P rel.=-3.105949e-08  objective=-3.514460e+01  upper=-3.514401e+01  gap= 5.914071e-04  wall=0.000000e+00s  cpu=0.000000e+00s  provider=0  solves=0  iterations=0
  certificate  stage=STEP 5  complete  reason=step5_complete  wall=1.393898e-01s  cpu=1.393580e-01s  provider=136  solves=5  iterations=123

STEP 6
  certificate  stage=STEP 6  complete  reason=candidate_set  wall=2.126000e-05s  cpu=2.100000e-05s  provider=0  solves=0  iterations=0

STEP 8
  certificate  stage=STEP 8  complete  reason=step8_complete  wall=9.105583e-02s  cpu=9.102600e-02s  provider=190  solves=2  iterations=20

STEP 9
  certificate  stage=STEP 9  failed  objective=-3.514422e+01  upper=-3.514401e+01  gap= 2.126981e-04  wall=0.000000e+00s  cpu=0.000000e+00s  provider=0  solves=0  iterations=0
  certificate  stage=STEP 9  complete  reason=paper_free_energy_convergence_failed  wall=2.779065e-03s  cpu=2.779000e-03s  provider=3  solves=0  iterations=0

STEP 7
  certificate  stage=STEP 7  complete  reason=continue_stage_ii  wall=1.360000e-06s  cpu=1.000000e-06s  provider=0  solves=0  iterations=0

STEP 4
  STAGE II STEP 4  major=56  upper=-3.514417e+01  LP_primal= 0.000000e+00  LP_dual= 5.551115e-17  active_cuts=61  certified
  certificate  stage=STEP 4  complete  reason=step4_complete  wall=4.597570e-04s  cpu=4.600000e-04s  provider=0  solves=1  iterations=1

STEP 5
  certificate  stage=STEP 5 LOCAL  major=56  attempt=249  accepted  reason=success  P rel.= 4.783601e-14  objective=-3.222984e+01  upper=-3.514417e+01  gap=-2.914328e+00  wall=0.000000e+00s  cpu=0.000000e+00s  provider=0  solves=0  iterations=0
  certificate  stage=STEP 5 LOCAL  major=56  attempt=250  accepted  reason=success  P rel.= 6.478691e-14  objective=-3.222984e+01  upper=-3.514417e+01  gap=-2.914328e+00  wall=0.000000e+00s  cpu=0.000000e+00s  provider=0  solves=0  iterations=0
  certificate  stage=STEP 5 LOCAL  major=56  attempt=251  accepted  reason=success  P rel.= 5.875354e-14  objective=-3.222984e+01  upper=-3.514417e+01  gap=-2.914328e+00  wall=0.000000e+00s  cpu=0.000000e+00s  provider=0  solves=0  iterations=0
  certificate  stage=STEP 5 LOCAL  major=56  attempt=253  accepted  reason=success  P rel.= 6.540461e-13  objective=-3.222984e+01  upper=-3.514417e+01  gap=-2.914328e+00  wall=0.000000e+00s  cpu=0.000000e+00s  provider=0  solves=0  iterations=0
  certificate  stage=STEP 5 LOCAL  major=56  attempt=254  accepted  reason=success  P rel.=-1.474578e-09  objective=-3.514432e+01  upper=-3.514417e+01  gap= 1.554584e-04  wall=0.000000e+00s  cpu=0.000000e+00s  provider=0  solves=0  iterations=0
  certificate  stage=STEP 5  complete  reason=step5_complete  wall=1.324270e-01s  cpu=1.324110e-01s  provider=128  solves=6  iterations=117

STEP 6
  certificate  stage=STEP 6  complete  reason=candidate_set  wall=2.263000e-05s  cpu=2.300000e-05s  provider=0  solves=0  iterations=0

STEP 8
  certificate  stage=STEP 8  complete  reason=step8_complete  wall=7.963959e-02s  cpu=7.964000e-02s  provider=206  solves=2  iterations=16

STEP 9
  certificate  stage=STEP 9  failed  objective=-3.514426e+01  upper=-3.514417e+01  gap= 9.086574e-05  wall=0.000000e+00s  cpu=0.000000e+00s  provider=0  solves=0  iterations=0
  certificate  stage=STEP 9  complete  reason=paper_potential_convergence_failed  wall=2.385597e-03s  cpu=2.386000e-03s  provider=3  solves=0  iterations=0

STEP 7
  certificate  stage=STEP 7  complete  reason=continue_stage_ii  wall=1.260000e-06s  cpu=1.000000e-06s  provider=0  solves=0  iterations=0

STEP 4
  STAGE II STEP 4  major=57  upper=-3.514421e+01  LP_primal= 0.000000e+00  LP_dual= 5.551115e-17  active_cuts=62  certified
  certificate  stage=STEP 4  complete  reason=step4_complete  wall=3.736970e-04s  cpu=3.750000e-04s  provider=0  solves=1  iterations=1

STEP 5
  certificate  stage=STEP 5 LOCAL  major=57  attempt=255  accepted  reason=success  P rel.=-1.486285e-09  objective=-3.514421e+01  upper=-3.514421e+01  gap= 8.459715e-09  wall=0.000000e+00s  cpu=0.000000e+00s  provider=0  solves=0  iterations=0
  certificate  stage=STEP 5  complete  reason=step5_complete  wall=2.431663e-02s  cpu=2.431700e-02s  provider=23  solves=1  iterations=20

STEP 6
  certificate  stage=STEP 6  complete  reason=candidate_set  wall=2.136000e-05s  cpu=2.100000e-05s  provider=0  solves=0  iterations=0

STEP 8
  certificate  stage=STEP 8  complete  reason=step8_complete  wall=6.006598e-02s  cpu=6.005400e-02s  provider=135  solves=1  iterations=15

STEP 9
  certificate  stage=STEP 9  failed  objective=-3.514426e+01  upper=-3.514421e+01  gap= 4.876925e-05  wall=0.000000e+00s  cpu=0.000000e+00s  provider=0  solves=0  iterations=0
  certificate  stage=STEP 9  complete  reason=paper_potential_convergence_failed  wall=2.265408e-03s  cpu=2.266000e-03s  provider=3  solves=0  iterations=0

STEP 7
  certificate  stage=STEP 7  complete  reason=continue_stage_ii  wall=1.040000e-06s  cpu=1.000000e-06s  provider=0  solves=0  iterations=0

STEP 4
  STAGE II STEP 4  major=58  upper=-3.514421e+01  LP_primal= 7.105427e-15  LP_dual= 2.775558e-17  active_cuts=63  certified
  certificate  stage=STEP 4  complete  reason=step4_complete  wall=4.055880e-04s  cpu=4.060000e-04s  provider=0  solves=1  iterations=1

STEP 5
  certificate  stage=STEP 5 LOCAL  major=58  attempt=258  accepted  reason=success  P rel.= 3.648753e-14  objective=-3.222988e+01  upper=-3.514421e+01  gap=-2.914328e+00  wall=0.000000e+00s  cpu=0.000000e+00s  provider=0  solves=0  iterations=0
  certificate  stage=STEP 5 LOCAL  major=58  attempt=259  accepted  reason=success  P rel.= 5.329477e-14  objective=-3.222988e+01  upper=-3.514421e+01  gap=-2.914328e+00  wall=0.000000e+00s  cpu=0.000000e+00s  provider=0  solves=0  iterations=0
  certificate  stage=STEP 5 LOCAL  major=58  attempt=260  accepted  reason=success  P rel.=-1.882987e-09  objective=-3.514421e+01  upper=-3.514421e+01  gap= 7.105427e-15  wall=0.000000e+00s  cpu=0.000000e+00s  provider=0  solves=0  iterations=0
  certificate  stage=STEP 5  complete  reason=step5_complete  wall=8.504518e-02s  cpu=8.504600e-02s  provider=82  solves=5  iterations=71

STEP 6
  certificate  stage=STEP 6  complete  reason=candidate_set  wall=2.510000e-05s  cpu=2.500000e-05s  provider=0  solves=0  iterations=0

STEP 8
  certificate  stage=STEP 8  complete  reason=step8_complete  wall=6.289008e-02s  cpu=6.287700e-02s  provider=135  solves=1  iterations=15

STEP 9
  certificate  stage=STEP 9  failed  objective=-3.514426e+01  upper=-3.514421e+01  gap= 4.876696e-05  wall=0.000000e+00s  cpu=0.000000e+00s  provider=0  solves=0  iterations=0
  certificate  stage=STEP 9  complete  reason=paper_potential_convergence_failed  wall=2.326567e-03s  cpu=2.327000e-03s  provider=3  solves=0  iterations=0

STEP 7
  certificate  stage=STEP 7  complete  reason=continue_stage_ii  wall=1.100000e-06s  cpu=2.000000e-06s  provider=0  solves=0  iterations=0

STEP 4
  STAGE II STEP 4  major=59  upper=-3.514421e+01  LP_primal= 7.105427e-15  LP_dual= 2.775558e-17  active_cuts=64  certified
  certificate  stage=STEP 4  complete  reason=step4_complete  wall=4.686670e-04s  cpu=4.690000e-04s  provider=0  solves=1  iterations=1

STEP 5
  certificate  stage=STEP 5 LOCAL  major=59  attempt=261  accepted  reason=success  P rel.=-1.255965e-07  objective=-3.514436e+01  upper=-3.514421e+01  gap= 1.478626e-04  wall=0.000000e+00s  cpu=0.000000e+00s  provider=0  solves=0  iterations=0
  certificate  stage=STEP 5  complete  reason=step5_complete  wall=2.761571e-02s  cpu=2.761600e-02s  provider=25  solves=1  iterations=24

STEP 6
  certificate  stage=STEP 6  complete  reason=candidate_set  wall=2.426000e-05s  cpu=2.400000e-05s  provider=0  solves=0  iterations=0

STEP 8
  certificate  stage=STEP 8  complete  reason=step8_complete  wall=8.195278e-02s  cpu=8.195500e-02s  provider=180  solves=2  iterations=18

STEP 9
  certificate  stage=STEP 9  failed  objective=-3.514431e+01  upper=-3.514421e+01  gap= 1.067835e-04  wall=0.000000e+00s  cpu=0.000000e+00s  provider=0  solves=0  iterations=0
  certificate  stage=STEP 9  complete  reason=paper_free_energy_convergence_failed  wall=1.548861e-03s  cpu=1.549000e-03s  provider=2  solves=0  iterations=0

STEP 7
  certificate  stage=STEP 7  complete  reason=continue_stage_ii  wall=1.860000e-06s  cpu=1.000000e-06s  provider=0  solves=0  iterations=0

STEP 4
  STAGE II STEP 4  major=60  upper=-3.514430e+01  LP_primal= 7.105427e-15  LP_dual= 1.387779e-17  active_cuts=65  certified
  certificate  stage=STEP 4  complete  reason=step4_complete  wall=5.506470e-04s  cpu=5.510000e-04s  provider=0  solves=1  iterations=1

STEP 5
  certificate  stage=STEP 5 LOCAL  major=60  attempt=262  accepted  reason=success  P rel.= 3.206306e-13  objective=-3.223287e+01  upper=-3.514430e+01  gap=-2.911434e+00  wall=0.000000e+00s  cpu=0.000000e+00s  provider=0  solves=0  iterations=0
  certificate  stage=STEP 5 LOCAL  major=60  attempt=263  accepted  reason=success  P rel.= 5.875354e-14  objective=-3.223287e+01  upper=-3.514430e+01  gap=-2.911434e+00  wall=0.000000e+00s  cpu=0.000000e+00s  provider=0  solves=0  iterations=0
  certificate  stage=STEP 5 LOCAL  major=60  attempt=264  accepted  reason=success  P rel.= 5.200191e-14  objective=-3.223287e+01  upper=-3.514430e+01  gap=-2.911434e+00  wall=0.000000e+00s  cpu=0.000000e+00s  provider=0  solves=0  iterations=0
  certificate  stage=STEP 5 LOCAL  major=60  attempt=265  accepted  reason=success  P rel.= 5.975910e-14  objective=-3.223287e+01  upper=-3.514430e+01  gap=-2.911434e+00  wall=0.000000e+00s  cpu=0.000000e+00s  provider=0  solves=0  iterations=0
  certificate  stage=STEP 5 LOCAL  major=60  attempt=266  accepted  reason=success  P rel.= 4.223359e-14  objective=-3.223287e+01  upper=-3.514430e+01  gap=-2.911434e+00  wall=0.000000e+00s  cpu=0.000000e+00s  provider=0  solves=0  iterations=0
  certificate  stage=STEP 5 LOCAL  major=60  attempt=267  accepted  reason=success  P rel.= 6.780359e-14  objective=-3.223287e+01  upper=-3.514430e+01  gap=-2.911434e+00  wall=0.000000e+00s  cpu=0.000000e+00s  provider=0  solves=0  iterations=0
  certificate  stage=STEP 5 LOCAL  major=60  attempt=268  accepted  reason=success  P rel.= 6.780359e-14  objective=-3.223287e+01  upper=-3.514430e+01  gap=-2.911434e+00  wall=0.000000e+00s  cpu=0.000000e+00s  provider=0  solves=0  iterations=0
  certificate  stage=STEP 5 LOCAL  major=60  attempt=269  accepted  reason=success  P rel.= 5.200191e-14  objective=-3.223287e+01  upper=-3.514430e+01  gap=-2.911434e+00  wall=0.000000e+00s  cpu=0.000000e+00s  provider=0  solves=0  iterations=0
  certificate  stage=STEP 5 LOCAL  major=60  attempt=270  accepted  reason=success  P rel.=-1.472441e-09  objective=-3.514434e+01  upper=-3.514430e+01  gap= 3.899912e-05  wall=0.000000e+00s  cpu=0.000000e+00s  provider=0  solves=0  iterations=0
  certificate  stage=STEP 5  complete  reason=step5_complete  wall=2.494064e-01s  cpu=2.494030e-01s  provider=239  solves=9  iterations=219

STEP 6
  certificate  stage=STEP 6  complete  reason=candidate_set  wall=2.900900e-05s  cpu=2.900000e-05s  provider=0  solves=0  iterations=0

STEP 8
  certificate  stage=STEP 8  complete  reason=step8_complete  wall=6.088134e-02s  cpu=6.087600e-02s  provider=141  solves=2  iterations=17

STEP 9
  certificate  stage=STEP 9  passed  objective=-3.514431e+01  upper=-3.514430e+01  gap= 1.103878e-05  wall=0.000000e+00s  cpu=0.000000e+00s  provider=0  solves=0  iterations=0
  certificate  stage=STEP 9  complete  reason=step9_complete  wall=1.495281e-03s  cpu=1.495000e-03s  provider=2  solves=0  iterations=0

STEP 10
  certificate  stage=STEP 10  passed  wall=0.000000e+00s  cpu=0.000000e+00s  provider=0  solves=0  iterations=0
  certificate  stage=STEP 10  complete  reason=trace_refinement_not_required  wall=2.857634e-03s  cpu=2.858000e-03s  provider=4  solves=0  iterations=0
