HELD2.0  case=installed-held2-paper-rewrite  T=2.981500e+02 K  P=1.013000e+05 Pa

STEP 1
  certificate  stage=STEP 1  complete  reason=step1_complete  wall=2.520000e-05s  cpu=2.500000e-05s  provider=1  solves=0  iterations=0

STEP 2

REFERENCE PRESSURE ROOTS
  root   0  V= 2.953494e-05  P rel.=-1.129644e-09  G/RT=-3.193670e+01  strict_stable
  root   1  V= 5.816001e-04  P rel.=-8.546711e-09  G/RT=-2.748717e+01  unstable
  root   2  V= 2.221040e-02  P rel.=-1.772071e-10  G/RT=-2.881365e+01  strict_stable
  selected root 0  status=selected
  eval     1  TPD=-2.088644e-02  P rel.= 2.232178e-09  V= 4.684854e-05  certified
  certificate  stage=STEP 2  complete  reason=negative_tpd_witness  wall=3.862042e-01s  cpu=3.861330e-01s  provider=548  solves=1  iterations=1

STEP 3
  certificate  stage=STEP 3  complete  reason=step3_complete  wall=7.767711e-01s  cpu=7.766820e-01s  provider=4  solves=0  iterations=0

STEP 4
  STAGE II STEP 4  major=0  upper=-3.198351e+01  LP_primal= 3.552714e-15  LP_dual= 6.938894e-18  active_cuts=5  certified
  certificate  stage=STEP 4  complete  reason=step4_complete  wall=3.670480e-04s  cpu=3.670000e-04s  provider=0  solves=1  iterations=1

STEP 5
  certificate  stage=STEP 5 LOCAL  major=0  attempt=0  accepted  reason=success  P rel.=-1.281537e-03  objective=-3.229827e+01  upper=-3.198351e+01  gap= 3.147675e-01  wall=0.000000e+00s  cpu=0.000000e+00s  provider=0  solves=0  iterations=0
  certificate  stage=STEP 5  complete  reason=step5_complete  wall=2.800827e-02s  cpu=2.799900e-02s  provider=155  solves=1  iterations=21

STEP 6
  certificate  stage=STEP 6  complete  reason=insufficient_candidates  wall=1.950000e-06s  cpu=2.000000e-06s  provider=0  solves=0  iterations=0

STEP 7
  certificate  stage=STEP 7  complete  reason=continue_stage_ii  wall=9.200000e-07s  cpu=1.000000e-06s  provider=0  solves=0  iterations=0

STEP 4
  STAGE II STEP 4  major=1  upper=-3.202359e+01  LP_primal= 2.842171e-14  LP_dual= 8.326673e-17  active_cuts=6  certified
  certificate  stage=STEP 4  complete  reason=step4_complete  wall=2.013390e-04s  cpu=2.020000e-04s  provider=0  solves=1  iterations=1

STEP 5
  certificate  stage=STEP 5 LOCAL  major=1  attempt=1  accepted  reason=success  P rel.=-9.074576e-08  objective=-3.230278e+01  upper=-3.202359e+01  gap= 2.791904e-01  wall=0.000000e+00s  cpu=0.000000e+00s  provider=0  solves=0  iterations=0
  certificate  stage=STEP 5  complete  reason=step5_complete  wall=2.542461e-02s  cpu=2.542500e-02s  provider=25  solves=1  iterations=22

STEP 6
  certificate  stage=STEP 6  complete  reason=insufficient_candidates  wall=1.610000e-06s  cpu=2.000000e-06s  provider=0  solves=0  iterations=0

STEP 7
  certificate  stage=STEP 7  complete  reason=continue_stage_ii  wall=9.400000e-07s  cpu=1.000000e-06s  provider=0  solves=0  iterations=0

STEP 4
  STAGE II STEP 4  major=2  upper=-3.209864e+01  LP_primal= 0.000000e+00  LP_dual= 1.110223e-16  active_cuts=7  certified
  certificate  stage=STEP 4  complete  reason=step4_complete  wall=2.651390e-04s  cpu=2.650000e-04s  provider=0  solves=1  iterations=1

STEP 5
  certificate  stage=STEP 5 LOCAL  major=2  attempt=2  accepted  reason=success  P rel.= 6.909646e-14  objective=-2.919719e+01  upper=-3.209864e+01  gap=-2.901448e+00  wall=0.000000e+00s  cpu=0.000000e+00s  provider=0  solves=0  iterations=0
  certificate  stage=STEP 5 LOCAL  major=2  attempt=3  accepted  reason=success  P rel.= 6.952741e-14  objective=-2.919719e+01  upper=-3.209864e+01  gap=-2.901448e+00  wall=0.000000e+00s  cpu=0.000000e+00s  provider=0  solves=0  iterations=0
  certificate  stage=STEP 5 LOCAL  major=2  attempt=4  accepted  reason=success  P rel.=-2.208646e-09  objective=-3.223946e+01  upper=-3.209864e+01  gap= 1.408209e-01  wall=0.000000e+00s  cpu=0.000000e+00s  provider=0  solves=0  iterations=0
  certificate  stage=STEP 5  complete  reason=step5_complete  wall=7.028940e-02s  cpu=7.029000e-02s  provider=68  solves=3  iterations=64

STEP 6
  certificate  stage=STEP 6  complete  reason=candidate_set  wall=2.820000e-06s  cpu=3.000000e-06s  provider=0  solves=0  iterations=0

STEP 8
  certificate  stage=STEP 8  complete  reason=problem_67_infeasible  wall=2.221990e-04s  cpu=2.230000e-04s  provider=2  solves=1  iterations=0

STEP 7
  certificate  stage=STEP 7  complete  reason=continue_stage_ii  wall=1.050000e-06s  cpu=1.000000e-06s  provider=0  solves=0  iterations=0

STEP 4
  STAGE II STEP 4  major=3  upper=-3.213960e+01  LP_primal= 0.000000e+00  LP_dual= 2.220446e-16  active_cuts=8  certified
  certificate  stage=STEP 4  complete  reason=step4_complete  wall=2.249990e-04s  cpu=2.250000e-04s  provider=0  solves=1  iterations=1

STEP 5
  certificate  stage=STEP 5 LOCAL  major=3  attempt=5  accepted  reason=success  P rel.= 3.045416e-14  objective=-2.927186e+01  upper=-3.213960e+01  gap=-2.867739e+00  wall=0.000000e+00s  cpu=0.000000e+00s  provider=0  solves=0  iterations=0
  certificate  stage=STEP 5 LOCAL  major=3  attempt=6  accepted  reason=success  P rel.=-2.630440e-08  objective=-3.233850e+01  upper=-3.213960e+01  gap= 1.989004e-01  wall=0.000000e+00s  cpu=0.000000e+00s  provider=0  solves=0  iterations=0
  certificate  stage=STEP 5  complete  reason=step5_complete  wall=4.529832e-02s  cpu=4.529900e-02s  provider=45  solves=2  iterations=39

STEP 6
  certificate  stage=STEP 6  complete  reason=insufficient_candidates  wall=2.100000e-06s  cpu=3.000000e-06s  provider=0  solves=0  iterations=0

STEP 7
  certificate  stage=STEP 7  complete  reason=continue_stage_ii  wall=8.200000e-07s  cpu=0.000000e+00s  provider=0  solves=0  iterations=0

STEP 4
  STAGE II STEP 4  major=4  upper=-3.216293e+01  LP_primal= 7.105427e-15  LP_dual= 3.523657e-17  active_cuts=9  certified
  certificate  stage=STEP 4  complete  reason=step4_complete  wall=2.516380e-04s  cpu=2.520000e-04s  provider=0  solves=1  iterations=1

STEP 5
  certificate  stage=STEP 5 LOCAL  major=4  attempt=7  accepted  reason=success  P rel.=-1.835447e-09  objective=-3.217164e+01  upper=-3.216293e+01  gap= 8.706180e-03  wall=0.000000e+00s  cpu=0.000000e+00s  provider=0  solves=0  iterations=0
  certificate  stage=STEP 5  complete  reason=step5_complete  wall=2.305840e-02s  cpu=2.305900e-02s  provider=23  solves=1  iterations=18

STEP 6
  certificate  stage=STEP 6  complete  reason=candidate_set  wall=2.780000e-06s  cpu=3.000000e-06s  provider=0  solves=0  iterations=0

STEP 8
  certificate  stage=STEP 8  complete  reason=problem_67_infeasible  wall=2.412490e-04s  cpu=2.420000e-04s  provider=3  solves=1  iterations=0

STEP 7
  certificate  stage=STEP 7  complete  reason=continue_stage_ii  wall=9.700000e-07s  cpu=0.000000e+00s  provider=0  solves=0  iterations=0

STEP 4
  STAGE II STEP 4  major=5  upper=-3.216569e+01  LP_primal= 0.000000e+00  LP_dual= 6.938894e-18  active_cuts=10  certified
  certificate  stage=STEP 4  complete  reason=step4_complete  wall=2.253090e-04s  cpu=2.250000e-04s  provider=0  solves=1  iterations=1

STEP 5
  certificate  stage=STEP 5 LOCAL  major=5  attempt=8  accepted  reason=success  P rel.= 5.157095e-14  objective=-2.925442e+01  upper=-3.216569e+01  gap=-2.911270e+00  wall=0.000000e+00s  cpu=0.000000e+00s  provider=0  solves=0  iterations=0
  certificate  stage=STEP 5 LOCAL  major=5  attempt=9  accepted  reason=success  P rel.= 2.715017e-13  objective=-2.925442e+01  upper=-3.216569e+01  gap=-2.911270e+00  wall=0.000000e+00s  cpu=0.000000e+00s  provider=0  solves=0  iterations=0
  certificate  stage=STEP 5 LOCAL  major=5  attempt=10  accepted  reason=success  P rel.= 8.044494e-14  objective=-2.925442e+01  upper=-3.216569e+01  gap=-2.911270e+00  wall=0.000000e+00s  cpu=0.000000e+00s  provider=0  solves=0  iterations=0
  certificate  stage=STEP 5 LOCAL  major=5  attempt=11  accepted  reason=success  P rel.= 6.241666e-13  objective=-2.925442e+01  upper=-3.216569e+01  gap=-2.911270e+00  wall=0.000000e+00s  cpu=0.000000e+00s  provider=0  solves=0  iterations=0
  certificate  stage=STEP 5 LOCAL  major=5  attempt=12  accepted  reason=success  P rel.= 5.717337e-14  objective=-2.925442e+01  upper=-3.216569e+01  gap=-2.911270e+00  wall=0.000000e+00s  cpu=0.000000e+00s  provider=0  solves=0  iterations=0
  certificate  stage=STEP 5 LOCAL  major=5  attempt=13  accepted  reason=success  P rel.=-1.867675e-09  objective=-3.216574e+01  upper=-3.216569e+01  gap= 4.639882e-05  wall=0.000000e+00s  cpu=0.000000e+00s  provider=0  solves=0  iterations=0
  certificate  stage=STEP 5  complete  reason=step5_complete  wall=1.405436e-01s  cpu=1.405450e-01s  provider=141  solves=6  iterations=129

STEP 6
  certificate  stage=STEP 6  complete  reason=candidate_set  wall=3.540000e-06s  cpu=4.000000e-06s  provider=0  solves=0  iterations=0

STEP 8
  certificate  stage=STEP 8  complete  reason=problem_67_infeasible  wall=2.851680e-04s  cpu=2.860000e-04s  provider=4  solves=1  iterations=0

STEP 7
  certificate  stage=STEP 7  complete  reason=continue_stage_ii  wall=1.000000e-06s  cpu=1.000000e-06s  provider=0  solves=0  iterations=0

STEP 4
  STAGE II STEP 4  major=6  upper=-3.216571e+01  LP_primal= 7.105427e-15  LP_dual= 1.387779e-17  active_cuts=11  certified
  certificate  stage=STEP 4  complete  reason=step4_complete  wall=2.419790e-04s  cpu=2.420000e-04s  provider=0  solves=1  iterations=1

STEP 5
  certificate  stage=STEP 5 LOCAL  major=6  attempt=14  accepted  reason=success  P rel.= 3.160337e-14  objective=-2.925444e+01  upper=-3.216571e+01  gap=-2.911270e+00  wall=0.000000e+00s  cpu=0.000000e+00s  provider=0  solves=0  iterations=0
  certificate  stage=STEP 5 LOCAL  major=6  attempt=15  accepted  reason=success  P rel.= 6.191387e-14  objective=-2.925444e+01  upper=-3.216571e+01  gap=-2.911270e+00  wall=0.000000e+00s  cpu=0.000000e+00s  provider=0  solves=0  iterations=0
  certificate  stage=STEP 5 LOCAL  major=6  attempt=16  accepted  reason=success  P rel.=-1.850759e-09  objective=-3.216571e+01  upper=-3.216571e+01  gap= 1.357073e-09  wall=0.000000e+00s  cpu=0.000000e+00s  provider=0  solves=0  iterations=0
  certificate  stage=STEP 5  complete  reason=step5_complete  wall=6.811536e-02s  cpu=6.811700e-02s  provider=69  solves=3  iterations=60

STEP 6
  certificate  stage=STEP 6  complete  reason=candidate_set  wall=3.480000e-06s  cpu=4.000000e-06s  provider=0  solves=0  iterations=0

STEP 8
  certificate  stage=STEP 8  complete  reason=unchanged_problem_67  wall=1.560000e-06s  cpu=1.000000e-06s  provider=0  solves=0  iterations=0

STEP 7
  certificate  stage=STEP 7  complete  reason=continue_stage_ii  wall=8.400000e-07s  cpu=1.000000e-06s  provider=0  solves=0  iterations=0

STEP 4
  STAGE II STEP 4  major=7  upper=-3.216571e+01  LP_primal= 7.105427e-15  LP_dual= 0.000000e+00  active_cuts=12  certified
  certificate  stage=STEP 4  complete  reason=step4_complete  wall=2.444490e-04s  cpu=2.450000e-04s  provider=0  solves=1  iterations=1

STEP 5
  certificate  stage=STEP 5 LOCAL  major=7  attempt=17  accepted  reason=success  P rel.= 7.383696e-14  objective=-2.925444e+01  upper=-3.216571e+01  gap=-2.911270e+00  wall=0.000000e+00s  cpu=0.000000e+00s  provider=0  solves=0  iterations=0
  certificate  stage=STEP 5 LOCAL  major=7  attempt=18  accepted  reason=success  P rel.= 5.415668e-14  objective=-2.925444e+01  upper=-3.216571e+01  gap=-2.911270e+00  wall=0.000000e+00s  cpu=0.000000e+00s  provider=0  solves=0  iterations=0
  certificate  stage=STEP 5 LOCAL  major=7  attempt=19  accepted  reason=success  P rel.=-1.866695e-09  objective=-3.216571e+01  upper=-3.216571e+01  gap= 7.105427e-15  wall=0.000000e+00s  cpu=0.000000e+00s  provider=0  solves=0  iterations=0
  certificate  stage=STEP 5  complete  reason=step5_complete  wall=6.565783e-02s  cpu=6.565800e-02s  provider=66  solves=3  iterations=59

STEP 6
  certificate  stage=STEP 6  complete  reason=candidate_set  wall=3.600000e-06s  cpu=3.000000e-06s  provider=0  solves=0  iterations=0

STEP 8
  certificate  stage=STEP 8  complete  reason=unchanged_problem_67  wall=1.280000e-06s  cpu=2.000000e-06s  provider=0  solves=0  iterations=0

STEP 7
  certificate  stage=STEP 7  complete  reason=continue_stage_ii  wall=8.300000e-07s  cpu=1.000000e-06s  provider=0  solves=0  iterations=0

STEP 4
  STAGE II STEP 4  major=8  upper=-3.216571e+01  LP_primal= 0.000000e+00  LP_dual= 5.551115e-17  active_cuts=13  certified
  certificate  stage=STEP 4  complete  reason=step4_complete  wall=2.575580e-04s  cpu=2.580000e-04s  provider=0  solves=1  iterations=1

STEP 5
  certificate  stage=STEP 5 LOCAL  major=8  attempt=20  accepted  reason=success  P rel.= 6.722899e-14  objective=-2.925444e+01  upper=-3.216571e+01  gap=-2.911270e+00  wall=0.000000e+00s  cpu=0.000000e+00s  provider=0  solves=0  iterations=0
  certificate  stage=STEP 5 LOCAL  major=8  attempt=23  accepted  reason=success  P rel.= 5.731702e-14  objective=-2.925444e+01  upper=-3.216571e+01  gap=-2.911270e+00  wall=0.000000e+00s  cpu=0.000000e+00s  provider=0  solves=0  iterations=0
  certificate  stage=STEP 5 LOCAL  major=8  attempt=24  accepted  reason=success  P rel.=-1.862333e-09  objective=-3.216571e+01  upper=-3.216571e+01  gap= 7.105427e-15  wall=0.000000e+00s  cpu=0.000000e+00s  provider=0  solves=0  iterations=0
  certificate  stage=STEP 5  complete  reason=step5_complete  wall=7.355836e-02s  cpu=7.355300e-02s  provider=76  solves=5  iterations=61

STEP 6
  certificate  stage=STEP 6  complete  reason=candidate_set  wall=3.890000e-06s  cpu=4.000000e-06s  provider=0  solves=0  iterations=0

STEP 8
  certificate  stage=STEP 8  complete  reason=unchanged_problem_67  wall=1.310000e-06s  cpu=1.000000e-06s  provider=0  solves=0  iterations=0

STEP 7
  certificate  stage=STEP 7  complete  reason=continue_stage_ii  wall=8.200000e-07s  cpu=1.000000e-06s  provider=0  solves=0  iterations=0

STEP 4
  STAGE II STEP 4  major=9  upper=-3.216571e+01  LP_primal= 0.000000e+00  LP_dual= 0.000000e+00  active_cuts=14  certified
  certificate  stage=STEP 4  complete  reason=step4_complete  wall=2.529180e-04s  cpu=2.530000e-04s  provider=0  solves=1  iterations=1

STEP 5
  certificate  stage=STEP 5 LOCAL  major=9  attempt=25  accepted  reason=success  P rel.= 5.171460e-14  objective=-2.925444e+01  upper=-3.216571e+01  gap=-2.911270e+00  wall=0.000000e+00s  cpu=0.000000e+00s  provider=0  solves=0  iterations=0
  certificate  stage=STEP 5 LOCAL  major=9  attempt=26  accepted  reason=success  P rel.=-1.894383e-09  objective=-3.216571e+01  upper=-3.216571e+01  gap=-7.105427e-15  wall=0.000000e+00s  cpu=0.000000e+00s  provider=0  solves=0  iterations=0
  certificate  stage=STEP 5  complete  reason=step5_complete  wall=4.720876e-02s  cpu=4.721000e-02s  provider=48  solves=2  iterations=43

STEP 6
  certificate  stage=STEP 6  complete  reason=candidate_set  wall=4.010000e-06s  cpu=4.000000e-06s  provider=0  solves=0  iterations=0

STEP 8
  certificate  stage=STEP 8  complete  reason=unchanged_problem_67  wall=1.430000e-06s  cpu=1.000000e-06s  provider=0  solves=0  iterations=0

STEP 7
  certificate  stage=STEP 7  complete  reason=continue_stage_ii  wall=8.300000e-07s  cpu=0.000000e+00s  provider=0  solves=0  iterations=0

STEP 4
  STAGE II STEP 4  major=10  upper=-3.216571e+01  LP_primal= 0.000000e+00  LP_dual= 0.000000e+00  active_cuts=15  certified
  certificate  stage=STEP 4  complete  reason=step4_complete  wall=2.708290e-04s  cpu=2.710000e-04s  provider=0  solves=1  iterations=1

STEP 5
  certificate  stage=STEP 5 LOCAL  major=10  attempt=27  accepted  reason=success  P rel.= 3.663118e-14  objective=-2.925444e+01  upper=-3.216571e+01  gap=-2.911270e+00  wall=0.000000e+00s  cpu=0.000000e+00s  provider=0  solves=0  iterations=0
  certificate  stage=STEP 5 LOCAL  major=10  attempt=28  accepted  reason=success  P rel.= 1.824376e-14  objective=-2.925444e+01  upper=-3.216571e+01  gap=-2.911270e+00  wall=0.000000e+00s  cpu=0.000000e+00s  provider=0  solves=0  iterations=0
  certificate  stage=STEP 5 LOCAL  major=10  attempt=29  accepted  reason=success  P rel.= 4.639949e-14  objective=-2.925444e+01  upper=-3.216571e+01  gap=-2.911270e+00  wall=0.000000e+00s  cpu=0.000000e+00s  provider=0  solves=0  iterations=0
  certificate  stage=STEP 5 LOCAL  major=10  attempt=30  accepted  reason=success  P rel.= 5.904084e-14  objective=-2.925444e+01  upper=-3.216571e+01  gap=-2.911270e+00  wall=0.000000e+00s  cpu=0.000000e+00s  provider=0  solves=0  iterations=0
  certificate  stage=STEP 5 LOCAL  major=10  attempt=31  accepted  reason=success  P rel.= 8.101955e-14  objective=-2.925444e+01  upper=-3.216571e+01  gap=-2.911270e+00  wall=0.000000e+00s  cpu=0.000000e+00s  provider=0  solves=0  iterations=0
  certificate  stage=STEP 5 LOCAL  major=10  attempt=32  accepted  reason=success  P rel.= 3.145972e-14  objective=-2.925444e+01  upper=-3.216571e+01  gap=-2.911270e+00  wall=0.000000e+00s  cpu=0.000000e+00s  provider=0  solves=0  iterations=0
  certificate  stage=STEP 5 LOCAL  major=10  attempt=33  accepted  reason=success  P rel.= 4.381376e-14  objective=-2.925444e+01  upper=-3.216571e+01  gap=-2.911270e+00  wall=0.000000e+00s  cpu=0.000000e+00s  provider=0  solves=0  iterations=0
  certificate  stage=STEP 5 LOCAL  major=10  attempt=34  accepted  reason=success  P rel.= 5.386938e-14  objective=-2.925444e+01  upper=-3.216571e+01  gap=-2.911270e+00  wall=0.000000e+00s  cpu=0.000000e+00s  provider=0  solves=0  iterations=0
  certificate  stage=STEP 5 LOCAL  major=10  attempt=35  accepted  reason=success  P rel.= 3.404545e-14  objective=-2.925444e+01  upper=-3.216571e+01  gap=-2.911270e+00  wall=0.000000e+00s  cpu=0.000000e+00s  provider=0  solves=0  iterations=0
  certificate  stage=STEP 5 LOCAL  major=10  attempt=36  accepted  reason=success  P rel.=-1.859128e-09  objective=-3.216571e+01  upper=-3.216571e+01  gap=-1.421085e-14  wall=0.000000e+00s  cpu=0.000000e+00s  provider=0  solves=0  iterations=0
  certificate  stage=STEP 5  complete  reason=step5_complete  wall=2.475093e-01s  cpu=2.474860e-01s  provider=239  solves=10  iterations=226

STEP 6
  certificate  stage=STEP 6  complete  reason=candidate_set  wall=5.460000e-06s  cpu=6.000000e-06s  provider=0  solves=0  iterations=0

STEP 8
  certificate  stage=STEP 8  complete  reason=unchanged_problem_67  wall=1.870000e-06s  cpu=2.000000e-06s  provider=0  solves=0  iterations=0

STEP 7
  certificate  stage=STEP 7  complete  reason=continue_stage_ii  wall=8.400000e-07s  cpu=1.000000e-06s  provider=0  solves=0  iterations=0

STEP 4
  STAGE II STEP 4  major=11  upper=-3.216571e+01  LP_primal= 0.000000e+00  LP_dual= 0.000000e+00  active_cuts=16  certified
  certificate  stage=STEP 4  complete  reason=step4_complete  wall=3.339190e-04s  cpu=3.340000e-04s  provider=0  solves=1  iterations=1

STEP 5
  certificate  stage=STEP 5 LOCAL  major=11  attempt=37  accepted  reason=success  P rel.=-1.878091e-09  objective=-3.216571e+01  upper=-3.216571e+01  gap=-7.105427e-15  wall=0.000000e+00s  cpu=0.000000e+00s  provider=0  solves=0  iterations=0
  certificate  stage=STEP 5  complete  reason=step5_complete  wall=2.416492e-02s  cpu=2.416600e-02s  provider=23  solves=1  iterations=20

STEP 6
  certificate  stage=STEP 6  complete  reason=candidate_set  wall=1.147000e-05s  cpu=1.100000e-05s  provider=0  solves=0  iterations=0

STEP 8
  certificate  stage=STEP 8  complete  reason=unchanged_problem_67  wall=2.250000e-06s  cpu=2.000000e-06s  provider=0  solves=0  iterations=0

STEP 7
  certificate  stage=STEP 7  complete  reason=continue_stage_ii  wall=1.480000e-06s  cpu=1.000000e-06s  provider=0  solves=0  iterations=0

STEP 4
  STAGE II STEP 4  major=12  upper=-3.216571e+01  LP_primal= 0.000000e+00  LP_dual= 0.000000e+00  active_cuts=17  certified
  certificate  stage=STEP 4  complete  reason=step4_complete  wall=3.012590e-04s  cpu=3.020000e-04s  provider=0  solves=1  iterations=1

STEP 5
  certificate  stage=STEP 5 LOCAL  major=12  attempt=38  accepted  reason=success  P rel.= 4.955983e-14  objective=-2.925444e+01  upper=-3.216571e+01  gap=-2.911270e+00  wall=0.000000e+00s  cpu=0.000000e+00s  provider=0  solves=0  iterations=0
  certificate  stage=STEP 5 LOCAL  major=12  attempt=39  accepted  reason=success  P rel.= 7.196949e-14  objective=-2.925444e+01  upper=-3.216571e+01  gap=-2.911270e+00  wall=0.000000e+00s  cpu=0.000000e+00s  provider=0  solves=0  iterations=0
  certificate  stage=STEP 5 LOCAL  major=12  attempt=40  accepted  reason=success  P rel.= 4.367011e-14  objective=-2.925444e+01  upper=-3.216571e+01  gap=-2.911270e+00  wall=0.000000e+00s  cpu=0.000000e+00s  provider=0  solves=0  iterations=0
  certificate  stage=STEP 5 LOCAL  major=12  attempt=41  accepted  reason=success  P rel.= 6.435595e-14  objective=-2.925444e+01  upper=-3.216571e+01  gap=-2.911270e+00  wall=0.000000e+00s  cpu=0.000000e+00s  provider=0  solves=0  iterations=0
  certificate  stage=STEP 5 LOCAL  major=12  attempt=42  accepted  reason=success  P rel.= 4.955983e-14  objective=-2.925444e+01  upper=-3.216571e+01  gap=-2.911270e+00  wall=0.000000e+00s  cpu=0.000000e+00s  provider=0  solves=0  iterations=0
  certificate  stage=STEP 5 LOCAL  major=12  attempt=43  accepted  reason=success  P rel.=-1.887349e-09  objective=-3.216571e+01  upper=-3.216571e+01  gap=-7.105427e-15  wall=0.000000e+00s  cpu=0.000000e+00s  provider=0  solves=0  iterations=0
  certificate  stage=STEP 5  complete  reason=step5_complete  wall=1.481058e-01s  cpu=1.480900e-01s  provider=144  solves=6  iterations=131

STEP 6
  certificate  stage=STEP 6  complete  reason=candidate_set  wall=8.820000e-06s  cpu=9.000000e-06s  provider=0  solves=0  iterations=0

STEP 8
  certificate  stage=STEP 8  complete  reason=unchanged_problem_67  wall=1.810000e-06s  cpu=2.000000e-06s  provider=0  solves=0  iterations=0

STEP 7
  certificate  stage=STEP 7  complete  reason=continue_stage_ii  wall=9.000000e-07s  cpu=1.000000e-06s  provider=0  solves=0  iterations=0

STEP 4
  STAGE II STEP 4  major=13  upper=-3.216571e+01  LP_primal= 0.000000e+00  LP_dual= 0.000000e+00  active_cuts=18  certified
  certificate  stage=STEP 4  complete  reason=step4_complete  wall=3.288980e-04s  cpu=3.290000e-04s  provider=0  solves=1  iterations=1

STEP 5
  certificate  stage=STEP 5 LOCAL  major=13  attempt=44  accepted  reason=success  P rel.= 4.510663e-14  objective=-2.925444e+01  upper=-3.216571e+01  gap=-2.911270e+00  wall=0.000000e+00s  cpu=0.000000e+00s  provider=0  solves=0  iterations=0
  certificate  stage=STEP 5 LOCAL  major=13  attempt=45  accepted  reason=success  P rel.= 2.858668e-14  objective=-2.925444e+01  upper=-3.216571e+01  gap=-2.911270e+00  wall=0.000000e+00s  cpu=0.000000e+00s  provider=0  solves=0  iterations=0
  certificate  stage=STEP 5 LOCAL  major=13  attempt=47  accepted  reason=success  P rel.=-1.846397e-09  objective=-3.216571e+01  upper=-3.216571e+01  gap=-7.105427e-15  wall=0.000000e+00s  cpu=0.000000e+00s  provider=0  solves=0  iterations=0
  certificate  stage=STEP 5  complete  reason=step5_complete  wall=7.168058e-02s  cpu=7.167500e-02s  provider=73  solves=4  iterations=63

STEP 6
  certificate  stage=STEP 6  complete  reason=candidate_set  wall=7.830000e-06s  cpu=8.000000e-06s  provider=0  solves=0  iterations=0

STEP 8
  certificate  stage=STEP 8  complete  reason=unchanged_problem_67  wall=1.700000e-06s  cpu=2.000000e-06s  provider=0  solves=0  iterations=0

STEP 7
  certificate  stage=STEP 7  complete  reason=continue_stage_ii  wall=9.000000e-07s  cpu=1.000000e-06s  provider=0  solves=0  iterations=0

STEP 4
  STAGE II STEP 4  major=14  upper=-3.216571e+01  LP_primal= 0.000000e+00  LP_dual= 0.000000e+00  active_cuts=19  certified
  certificate  stage=STEP 4  complete  reason=step4_complete  wall=3.489480e-04s  cpu=3.490000e-04s  provider=0  solves=1  iterations=1

STEP 5
  certificate  stage=STEP 5 LOCAL  major=14  attempt=48  accepted  reason=success  P rel.= 4.618402e-13  objective=-2.925444e+01  upper=-3.216571e+01  gap=-2.911270e+00  wall=0.000000e+00s  cpu=0.000000e+00s  provider=0  solves=0  iterations=0
  certificate  stage=STEP 5 LOCAL  major=14  attempt=49  accepted  reason=success  P rel.= 5.386938e-14  objective=-2.925444e+01  upper=-3.216571e+01  gap=-2.911270e+00  wall=0.000000e+00s  cpu=0.000000e+00s  provider=0  solves=0  iterations=0
  certificate  stage=STEP 5 LOCAL  major=14  attempt=50  accepted  reason=success  P rel.= 5.702972e-14  objective=-2.925444e+01  upper=-3.216571e+01  gap=-2.911270e+00  wall=0.000000e+00s  cpu=0.000000e+00s  provider=0  solves=0  iterations=0
  certificate  stage=STEP 5 LOCAL  major=14  attempt=51  accepted  reason=success  P rel.= 4.639949e-14  objective=-2.925444e+01  upper=-3.216571e+01  gap=-2.911270e+00  wall=0.000000e+00s  cpu=0.000000e+00s  provider=0  solves=0  iterations=0
  certificate  stage=STEP 5 LOCAL  major=14  attempt=52  accepted  reason=success  P rel.= 5.559320e-14  objective=-2.925444e+01  upper=-3.216571e+01  gap=-2.911270e+00  wall=0.000000e+00s  cpu=0.000000e+00s  provider=0  solves=0  iterations=0
  certificate  stage=STEP 5 LOCAL  major=14  attempt=53  accepted  reason=success  P rel.= 6.694168e-14  objective=-2.925444e+01  upper=-3.216571e+01  gap=-2.911270e+00  wall=0.000000e+00s  cpu=0.000000e+00s  provider=0  solves=0  iterations=0
  certificate  stage=STEP 5 LOCAL  major=14  attempt=54  accepted  reason=success  P rel.= 3.634388e-14  objective=-2.925444e+01  upper=-3.216571e+01  gap=-2.911270e+00  wall=0.000000e+00s  cpu=0.000000e+00s  provider=0  solves=0  iterations=0
  certificate  stage=STEP 5 LOCAL  major=14  attempt=55  accepted  reason=success  P rel.= 5.987402e-13  objective=-2.925444e+01  upper=-3.216571e+01  gap=-2.911270e+00  wall=0.000000e+00s  cpu=0.000000e+00s  provider=0  solves=0  iterations=0
  certificate  stage=STEP 5 LOCAL  major=14  attempt=56  accepted  reason=success  P rel.= 3.622895e-13  objective=-2.925444e+01  upper=-3.216571e+01  gap=-2.911270e+00  wall=0.000000e+00s  cpu=0.000000e+00s  provider=0  solves=0  iterations=0
  certificate  stage=STEP 5 LOCAL  major=14  attempt=57  accepted  reason=success  P rel.= 7.196949e-14  objective=-2.925444e+01  upper=-3.216571e+01  gap=-2.911270e+00  wall=0.000000e+00s  cpu=0.000000e+00s  provider=0  solves=0  iterations=0
  certificate  stage=STEP 5 LOCAL  major=14  attempt=59  accepted  reason=success  P rel.= 6.837820e-13  objective=-2.925444e+01  upper=-3.216571e+01  gap=-2.911270e+00  wall=0.000000e+00s  cpu=0.000000e+00s  provider=0  solves=0  iterations=0
  certificate  stage=STEP 5 LOCAL  major=14  attempt=60  accepted  reason=success  P rel.= 5.832258e-14  objective=-2.925444e+01  upper=-3.216571e+01  gap=-2.911270e+00  wall=0.000000e+00s  cpu=0.000000e+00s  provider=0  solves=0  iterations=0
  certificate  stage=STEP 5 LOCAL  major=14  attempt=61  accepted  reason=success  P rel.= 4.381376e-14  objective=-2.925444e+01  upper=-3.216571e+01  gap=-2.911270e+00  wall=0.000000e+00s  cpu=0.000000e+00s  provider=0  solves=0  iterations=0
  certificate  stage=STEP 5 LOCAL  major=14  attempt=62  accepted  reason=success  P rel.=-1.865983e-09  objective=-3.216571e+01  upper=-3.216571e+01  gap=-7.105427e-15  wall=0.000000e+00s  cpu=0.000000e+00s  provider=0  solves=0  iterations=0
  certificate  stage=STEP 5  complete  reason=step5_complete  wall=3.415367e-01s  cpu=3.415110e-01s  provider=342  solves=15  iterations=315

STEP 6
  certificate  stage=STEP 6  complete  reason=candidate_set  wall=8.630000e-06s  cpu=8.000000e-06s  provider=0  solves=0  iterations=0

STEP 8
  certificate  stage=STEP 8  complete  reason=unchanged_problem_67  wall=1.870000e-06s  cpu=2.000000e-06s  provider=0  solves=0  iterations=0

STEP 7
  certificate  stage=STEP 7  complete  reason=continue_stage_ii  wall=1.720000e-06s  cpu=2.000000e-06s  provider=0  solves=0  iterations=0

STEP 4
  STAGE II STEP 4  major=15  upper=-3.216571e+01  LP_primal= 0.000000e+00  LP_dual= 0.000000e+00  active_cuts=20  certified
  certificate  stage=STEP 4  complete  reason=step4_complete  wall=3.324690e-04s  cpu=3.330000e-04s  provider=0  solves=1  iterations=1

STEP 5
  certificate  stage=STEP 5 LOCAL  major=15  attempt=63  accepted  reason=success  P rel.=-1.887617e-09  objective=-3.216571e+01  upper=-3.216571e+01  gap=-1.421085e-14  wall=0.000000e+00s  cpu=0.000000e+00s  provider=0  solves=0  iterations=0
  certificate  stage=STEP 5  complete  reason=step5_complete  wall=2.062085e-02s  cpu=2.060900e-02s  provider=21  solves=1  iterations=18

STEP 6
  certificate  stage=STEP 6  complete  reason=candidate_set  wall=7.740000e-06s  cpu=8.000000e-06s  provider=0  solves=0  iterations=0

STEP 8
  certificate  stage=STEP 8  complete  reason=unchanged_problem_67  wall=1.360000e-06s  cpu=1.000000e-06s  provider=0  solves=0  iterations=0

STEP 7
  certificate  stage=STEP 7  complete  reason=continue_stage_ii  wall=9.000000e-07s  cpu=1.000000e-06s  provider=0  solves=0  iterations=0

STEP 4
  STAGE II STEP 4  major=16  upper=-3.216571e+01  LP_primal= 0.000000e+00  LP_dual= 0.000000e+00  active_cuts=21  certified
  certificate  stage=STEP 4  complete  reason=step4_complete  wall=2.994680e-04s  cpu=3.000000e-04s  provider=0  solves=1  iterations=1

STEP 5
  certificate  stage=STEP 5 LOCAL  major=16  attempt=64  accepted  reason=success  P rel.=-3.190165e-09  objective=-3.216571e+01  upper=-3.216571e+01  gap=-7.105427e-15  wall=0.000000e+00s  cpu=0.000000e+00s  provider=0  solves=0  iterations=0
  certificate  stage=STEP 5  complete  reason=step5_complete  wall=2.056247e-02s  cpu=2.056300e-02s  provider=20  solves=1  iterations=19

STEP 6
  certificate  stage=STEP 6  complete  reason=candidate_set  wall=5.970000e-06s  cpu=6.000000e-06s  provider=0  solves=0  iterations=0

STEP 8
  certificate  stage=STEP 8  complete  reason=unchanged_problem_67  wall=1.300000e-06s  cpu=1.000000e-06s  provider=0  solves=0  iterations=0

STEP 7
  certificate  stage=STEP 7  complete  reason=continue_stage_ii  wall=8.300000e-07s  cpu=1.000000e-06s  provider=0  solves=0  iterations=0

STEP 4
  STAGE II STEP 4  major=17  upper=-3.216571e+01  LP_primal= 1.421085e-14  LP_dual= 0.000000e+00  active_cuts=22  certified
  certificate  stage=STEP 4  complete  reason=step4_complete  wall=2.774380e-04s  cpu=2.780000e-04s  provider=0  solves=1  iterations=1

STEP 5
  certificate  stage=STEP 5 LOCAL  major=17  attempt=65  accepted  reason=success  P rel.= 4.639949e-14  objective=-2.925444e+01  upper=-3.216571e+01  gap=-2.911270e+00  wall=0.000000e+00s  cpu=0.000000e+00s  provider=0  solves=0  iterations=0
  certificate  stage=STEP 5 LOCAL  major=17  attempt=66  accepted  reason=success  P rel.= 7.627904e-14  objective=-2.925444e+01  upper=-3.216571e+01  gap=-2.911270e+00  wall=0.000000e+00s  cpu=0.000000e+00s  provider=0  solves=0  iterations=0
  certificate  stage=STEP 5 LOCAL  major=17  attempt=67  accepted  reason=success  P rel.= 4.539393e-14  objective=-2.925444e+01  upper=-3.216571e+01  gap=-2.911270e+00  wall=0.000000e+00s  cpu=0.000000e+00s  provider=0  solves=0  iterations=0
  certificate  stage=STEP 5 LOCAL  major=17  attempt=68  accepted  reason=success  P rel.= 6.306309e-14  objective=-2.925444e+01  upper=-3.216571e+01  gap=-2.911270e+00  wall=0.000000e+00s  cpu=0.000000e+00s  provider=0  solves=0  iterations=0
  certificate  stage=STEP 5 LOCAL  major=17  attempt=69  accepted  reason=success  P rel.= 1.939298e-14  objective=-2.925444e+01  upper=-3.216571e+01  gap=-2.911270e+00  wall=0.000000e+00s  cpu=0.000000e+00s  provider=0  solves=0  iterations=0
  certificate  stage=STEP 5 LOCAL  major=17  attempt=70  accepted  reason=success  P rel.=-1.880316e-09  objective=-3.216571e+01  upper=-3.216571e+01  gap= 0.000000e+00  wall=0.000000e+00s  cpu=0.000000e+00s  provider=0  solves=0  iterations=0
  certificate  stage=STEP 5  complete  reason=step5_complete  wall=1.501892e-01s  cpu=1.501680e-01s  provider=145  solves=6  iterations=138

STEP 6
  certificate  stage=STEP 6  complete  reason=candidate_set  wall=8.990000e-06s  cpu=9.000000e-06s  provider=0  solves=0  iterations=0

STEP 8
  certificate  stage=STEP 8  complete  reason=unchanged_problem_67  wall=2.030000e-06s  cpu=2.000000e-06s  provider=0  solves=0  iterations=0

STEP 7
  certificate  stage=STEP 7  complete  reason=continue_stage_ii  wall=8.900000e-07s  cpu=1.000000e-06s  provider=0  solves=0  iterations=0

STEP 4
  STAGE II STEP 4  major=18  upper=-3.216571e+01  LP_primal= 1.421085e-14  LP_dual= 0.000000e+00  active_cuts=23  certified
  certificate  stage=STEP 4  complete  reason=step4_complete  wall=3.364280e-04s  cpu=3.370000e-04s  provider=0  solves=1  iterations=1

STEP 5
  certificate  stage=STEP 5 LOCAL  major=18  attempt=71  accepted  reason=success  P rel.= 4.237725e-14  objective=-2.925444e+01  upper=-3.216571e+01  gap=-2.911270e+00  wall=0.000000e+00s  cpu=0.000000e+00s  provider=0  solves=0  iterations=0
  certificate  stage=STEP 5 LOCAL  major=18  attempt=72  accepted  reason=success  P rel.= 5.114000e-14  objective=-2.925444e+01  upper=-3.216571e+01  gap=-2.911270e+00  wall=0.000000e+00s  cpu=0.000000e+00s  provider=0  solves=0  iterations=0
  certificate  stage=STEP 5 LOCAL  major=18  attempt=73  accepted  reason=success  P rel.= 2.182069e-13  objective=-2.925444e+01  upper=-3.216571e+01  gap=-2.911270e+00  wall=0.000000e+00s  cpu=0.000000e+00s  provider=0  solves=0  iterations=0
  certificate  stage=STEP 5 LOCAL  major=18  attempt=74  accepted  reason=success  P rel.= 2.396110e-13  objective=-2.925444e+01  upper=-3.216571e+01  gap=-2.911270e+00  wall=0.000000e+00s  cpu=0.000000e+00s  provider=0  solves=0  iterations=0
  certificate  stage=STEP 5 LOCAL  major=18  attempt=75  accepted  reason=success  P rel.= 3.002320e-14  objective=-2.925444e+01  upper=-3.216571e+01  gap=-2.911270e+00  wall=0.000000e+00s  cpu=0.000000e+00s  provider=0  solves=0  iterations=0
  certificate  stage=STEP 5 LOCAL  major=18  attempt=76  accepted  reason=success  P rel.= 7.296069e-13  objective=-2.925444e+01  upper=-3.216571e+01  gap=-2.911270e+00  wall=0.000000e+00s  cpu=0.000000e+00s  provider=0  solves=0  iterations=0
  certificate  stage=STEP 5 LOCAL  major=18  attempt=77  accepted  reason=success  P rel.= 2.611588e-13  objective=-2.925444e+01  upper=-3.216571e+01  gap=-2.911270e+00  wall=0.000000e+00s  cpu=0.000000e+00s  provider=0  solves=0  iterations=0
  certificate  stage=STEP 5 LOCAL  major=18  attempt=78  accepted  reason=success  P rel.= 4.481932e-14  objective=-2.925444e+01  upper=-3.216571e+01  gap=-2.911270e+00  wall=0.000000e+00s  cpu=0.000000e+00s  provider=0  solves=0  iterations=0
  certificate  stage=STEP 5 LOCAL  major=18  attempt=79  accepted  reason=success  P rel.= 4.568123e-14  objective=-2.925444e+01  upper=-3.216571e+01  gap=-2.911270e+00  wall=0.000000e+00s  cpu=0.000000e+00s  provider=0  solves=0  iterations=0
  certificate  stage=STEP 5 LOCAL  major=18  attempt=80  accepted  reason=success  P rel.= 4.553758e-14  objective=-2.925444e+01  upper=-3.216571e+01  gap=-2.911270e+00  wall=0.000000e+00s  cpu=0.000000e+00s  provider=0  solves=0  iterations=0
  certificate  stage=STEP 5 LOCAL  major=18  attempt=81  accepted  reason=success  P rel.= 1.630447e-13  objective=-2.925444e+01  upper=-3.216571e+01  gap=-2.911270e+00  wall=0.000000e+00s  cpu=0.000000e+00s  provider=0  solves=0  iterations=0
  certificate  stage=STEP 5 LOCAL  major=18  attempt=82  accepted  reason=success  P rel.= 5.990275e-14  objective=-2.925444e+01  upper=-3.216571e+01  gap=-2.911270e+00  wall=0.000000e+00s  cpu=0.000000e+00s  provider=0  solves=0  iterations=0
  certificate  stage=STEP 5 LOCAL  major=18  attempt=83  accepted  reason=success  P rel.= 6.133927e-14  objective=-2.925444e+01  upper=-3.216571e+01  gap=-2.911270e+00  wall=0.000000e+00s  cpu=0.000000e+00s  provider=0  solves=0  iterations=0
  certificate  stage=STEP 5 LOCAL  major=18  attempt=84  accepted  reason=success  P rel.= 6.722899e-14  objective=-2.925444e+01  upper=-3.216571e+01  gap=-2.911270e+00  wall=0.000000e+00s  cpu=0.000000e+00s  provider=0  solves=0  iterations=0
  certificate  stage=STEP 5 LOCAL  major=18  attempt=85  accepted  reason=success  P rel.= 4.697410e-14  objective=-2.925444e+01  upper=-3.216571e+01  gap=-2.911270e+00  wall=0.000000e+00s  cpu=0.000000e+00s  provider=0  solves=0  iterations=0
  certificate  stage=STEP 5 LOCAL  major=18  attempt=87  accepted  reason=success  P rel.= 6.076466e-14  objective=-2.925444e+01  upper=-3.216571e+01  gap=-2.911270e+00  wall=0.000000e+00s  cpu=0.000000e+00s  provider=0  solves=0  iterations=0
  certificate  stage=STEP 5 LOCAL  major=18  attempt=88  accepted  reason=success  P rel.= 3.878595e-14  objective=-2.925444e+01  upper=-3.216571e+01  gap=-2.911270e+00  wall=0.000000e+00s  cpu=0.000000e+00s  provider=0  solves=0  iterations=0
  certificate  stage=STEP 5 LOCAL  major=18  attempt=89  accepted  reason=success  P rel.=-1.872927e-09  objective=-3.216571e+01  upper=-3.216571e+01  gap= 0.000000e+00  wall=0.000000e+00s  cpu=0.000000e+00s  provider=0  solves=0  iterations=0
  certificate  stage=STEP 5  complete  reason=step5_complete  wall=4.237730e-01s  cpu=4.237300e-01s  provider=423  solves=19  iterations=392

STEP 6
  certificate  stage=STEP 6  complete  reason=candidate_set  wall=9.930000e-06s  cpu=1.000000e-05s  provider=0  solves=0  iterations=0

STEP 8
  certificate  stage=STEP 8  complete  reason=unchanged_problem_67  wall=2.110000e-06s  cpu=2.000000e-06s  provider=0  solves=0  iterations=0

STEP 7
  certificate  stage=STEP 7  complete  reason=continue_stage_ii  wall=9.200000e-07s  cpu=1.000000e-06s  provider=0  solves=0  iterations=0

STEP 4
  STAGE II STEP 4  major=19  upper=-3.216571e+01  LP_primal= 1.421085e-14  LP_dual= 0.000000e+00  active_cuts=24  certified
  certificate  stage=STEP 4  complete  reason=step4_complete  wall=3.450280e-04s  cpu=3.460000e-04s  provider=0  solves=1  iterations=1

STEP 5
  certificate  stage=STEP 5 LOCAL  major=19  attempt=90  accepted  reason=success  P rel.= 2.686286e-14  objective=-2.925444e+01  upper=-3.216571e+01  gap=-2.911270e+00  wall=0.000000e+00s  cpu=0.000000e+00s  provider=0  solves=0  iterations=0
  certificate  stage=STEP 5 LOCAL  major=19  attempt=91  accepted  reason=success  P rel.= 5.889719e-14  objective=-2.925444e+01  upper=-3.216571e+01  gap=-2.911270e+00  wall=0.000000e+00s  cpu=0.000000e+00s  provider=0  solves=0  iterations=0
  certificate  stage=STEP 5 LOCAL  major=19  attempt=92  accepted  reason=success  P rel.= 3.677483e-14  objective=-2.925444e+01  upper=-3.216571e+01  gap=-2.911270e+00  wall=0.000000e+00s  cpu=0.000000e+00s  provider=0  solves=0  iterations=0
  certificate  stage=STEP 5 LOCAL  major=19  attempt=93  accepted  reason=success  P rel.= 7.297505e-13  objective=-2.925444e+01  upper=-3.216571e+01  gap=-2.911270e+00  wall=0.000000e+00s  cpu=0.000000e+00s  provider=0  solves=0  iterations=0
  certificate  stage=STEP 5 LOCAL  major=19  attempt=94  accepted  reason=success  P rel.= 6.234483e-14  objective=-2.925444e+01  upper=-3.216571e+01  gap=-2.911270e+00  wall=0.000000e+00s  cpu=0.000000e+00s  provider=0  solves=0  iterations=0
  certificate  stage=STEP 5 LOCAL  major=19  attempt=95  accepted  reason=success  P rel.=-1.857882e-09  objective=-3.216571e+01  upper=-3.216571e+01  gap= 0.000000e+00  wall=0.000000e+00s  cpu=0.000000e+00s  provider=0  solves=0  iterations=0
  certificate  stage=STEP 5  complete  reason=step5_complete  wall=1.433379e-01s  cpu=1.433310e-01s  provider=141  solves=6  iterations=134

STEP 6
  certificate  stage=STEP 6  complete  reason=candidate_set  wall=8.840000e-06s  cpu=8.000000e-06s  provider=0  solves=0  iterations=0

STEP 8
  certificate  stage=STEP 8  complete  reason=unchanged_problem_67  wall=1.280000e-06s  cpu=1.000000e-06s  provider=0  solves=0  iterations=0

STEP 7
  certificate  stage=STEP 7  complete  reason=continue_stage_ii  wall=8.400000e-07s  cpu=1.000000e-06s  provider=0  solves=0  iterations=0

STEP 4
  STAGE II STEP 4  major=20  upper=-3.216571e+01  LP_primal= 1.421085e-14  LP_dual= 0.000000e+00  active_cuts=25  certified
  certificate  stage=STEP 4  complete  reason=step4_complete  wall=3.044480e-04s  cpu=3.050000e-04s  provider=0  solves=1  iterations=1

STEP 5
  certificate  stage=STEP 5 LOCAL  major=20  attempt=96  accepted  reason=success  P rel.=-5.060791e-09  objective=-3.216571e+01  upper=-3.216571e+01  gap= 0.000000e+00  wall=0.000000e+00s  cpu=0.000000e+00s  provider=0  solves=0  iterations=0
  certificate  stage=STEP 5  complete  reason=step5_complete  wall=2.851616e-02s  cpu=2.851700e-02s  provider=28  solves=1  iterations=25

STEP 6
  certificate  stage=STEP 6  complete  reason=candidate_set  wall=9.270000e-06s  cpu=9.000000e-06s  provider=0  solves=0  iterations=0

STEP 8
  certificate  stage=STEP 8  complete  reason=unchanged_problem_67  wall=1.740000e-06s  cpu=2.000000e-06s  provider=0  solves=0  iterations=0

STEP 7
  certificate  stage=STEP 7  complete  reason=continue_stage_ii  wall=9.100000e-07s  cpu=0.000000e+00s  provider=0  solves=0  iterations=0

STEP 4
  STAGE II STEP 4  major=21  upper=-3.216571e+01  LP_primal= 7.105427e-15  LP_dual= 1.387779e-17  active_cuts=26  certified
  certificate  stage=STEP 4  complete  reason=step4_complete  wall=3.323580e-04s  cpu=3.330000e-04s  provider=0  solves=1  iterations=1

STEP 5
  certificate  stage=STEP 5 LOCAL  major=21  attempt=97  accepted  reason=success  P rel.=-1.869366e-09  objective=-3.216571e+01  upper=-3.216571e+01  gap= 0.000000e+00  wall=0.000000e+00s  cpu=0.000000e+00s  provider=0  solves=0  iterations=0
  certificate  stage=STEP 5  complete  reason=step5_complete  wall=1.568634e-02s  cpu=1.568700e-02s  provider=15  solves=1  iterations=14

STEP 6
  certificate  stage=STEP 6  complete  reason=candidate_set  wall=9.590000e-06s  cpu=1.000000e-05s  provider=0  solves=0  iterations=0

STEP 8
  certificate  stage=STEP 8  complete  reason=unchanged_problem_67  wall=1.460000e-06s  cpu=2.000000e-06s  provider=0  solves=0  iterations=0

STEP 7
  certificate  stage=STEP 7  complete  reason=continue_stage_ii  wall=8.500000e-07s  cpu=0.000000e+00s  provider=0  solves=0  iterations=0

STEP 4
  STAGE II STEP 4  major=22  upper=-3.216571e+01  LP_primal= 7.105427e-15  LP_dual= 1.387779e-17  active_cuts=27  certified
  certificate  stage=STEP 4  complete  reason=step4_complete  wall=2.775080e-04s  cpu=2.780000e-04s  provider=0  solves=1  iterations=1

STEP 5
  certificate  stage=STEP 5 LOCAL  major=22  attempt=98  accepted  reason=success  P rel.= 5.875354e-14  objective=-2.925444e+01  upper=-3.216571e+01  gap=-2.911270e+00  wall=0.000000e+00s  cpu=0.000000e+00s  provider=0  solves=0  iterations=0
  certificate  stage=STEP 5 LOCAL  major=22  attempt=99  accepted  reason=success  P rel.= 4.740505e-14  objective=-2.925444e+01  upper=-3.216571e+01  gap=-2.911270e+00  wall=0.000000e+00s  cpu=0.000000e+00s  provider=0  solves=0  iterations=0
  certificate  stage=STEP 5 LOCAL  major=22  attempt=100  accepted  reason=success  P rel.= 5.286382e-14  objective=-2.925444e+01  upper=-3.216571e+01  gap=-2.911270e+00  wall=0.000000e+00s  cpu=0.000000e+00s  provider=0  solves=0  iterations=0
  certificate  stage=STEP 5 LOCAL  major=22  attempt=102  accepted  reason=success  P rel.= 6.205753e-14  objective=-2.925444e+01  upper=-3.216571e+01  gap=-2.911270e+00  wall=0.000000e+00s  cpu=0.000000e+00s  provider=0  solves=0  iterations=0
  certificate  stage=STEP 5 LOCAL  major=22  attempt=103  accepted  reason=success  P rel.= 7.627904e-14  objective=-2.925444e+01  upper=-3.216571e+01  gap=-2.911270e+00  wall=0.000000e+00s  cpu=0.000000e+00s  provider=0  solves=0  iterations=0
  certificate  stage=STEP 5 LOCAL  major=22  attempt=104  accepted  reason=success  P rel.=-1.843993e-09  objective=-3.216571e+01  upper=-3.216571e+01  gap= 0.000000e+00  wall=0.000000e+00s  cpu=0.000000e+00s  provider=0  solves=0  iterations=0
  certificate  stage=STEP 5  complete  reason=step5_complete  wall=1.493189e-01s  cpu=1.493210e-01s  provider=145  solves=7  iterations=134

STEP 6
  certificate  stage=STEP 6  complete  reason=candidate_set  wall=1.112900e-05s  cpu=1.100000e-05s  provider=0  solves=0  iterations=0

STEP 8
  certificate  stage=STEP 8  complete  reason=unchanged_problem_67  wall=2.130000e-06s  cpu=3.000000e-06s  provider=0  solves=0  iterations=0

STEP 7
  certificate  stage=STEP 7  complete  reason=continue_stage_ii  wall=9.200000e-07s  cpu=1.000000e-06s  provider=0  solves=0  iterations=0

STEP 4
  STAGE II STEP 4  major=23  upper=-3.216571e+01  LP_primal= 7.105427e-15  LP_dual= 1.387779e-17  active_cuts=28  certified
  certificate  stage=STEP 4  complete  reason=step4_complete  wall=3.568880e-04s  cpu=3.570000e-04s  provider=0  solves=1  iterations=1

STEP 5
  certificate  stage=STEP 5 LOCAL  major=23  attempt=105  accepted  reason=success  P rel.= 5.616781e-14  objective=-2.925444e+01  upper=-3.216571e+01  gap=-2.911270e+00  wall=0.000000e+00s  cpu=0.000000e+00s  provider=0  solves=0  iterations=0
  certificate  stage=STEP 5 LOCAL  major=23  attempt=106  accepted  reason=success  P rel.= 5.315112e-14  objective=-2.925444e+01  upper=-3.216571e+01  gap=-2.911270e+00  wall=0.000000e+00s  cpu=0.000000e+00s  provider=0  solves=0  iterations=0
  certificate  stage=STEP 5 LOCAL  major=23  attempt=107  accepted  reason=success  P rel.= 5.034991e-13  objective=-2.925444e+01  upper=-3.216571e+01  gap=-2.911270e+00  wall=0.000000e+00s  cpu=0.000000e+00s  provider=0  solves=0  iterations=0
  certificate  stage=STEP 5 LOCAL  major=23  attempt=108  accepted  reason=success  P rel.= 4.651441e-13  objective=-2.925444e+01  upper=-3.216571e+01  gap=-2.911270e+00  wall=0.000000e+00s  cpu=0.000000e+00s  provider=0  solves=0  iterations=0
  certificate  stage=STEP 5 LOCAL  major=23  attempt=109  accepted  reason=success  P rel.=-1.861710e-09  objective=-3.216571e+01  upper=-3.216571e+01  gap= 0.000000e+00  wall=0.000000e+00s  cpu=0.000000e+00s  provider=0  solves=0  iterations=0
  certificate  stage=STEP 5  complete  reason=step5_complete  wall=1.289465e-01s  cpu=1.289420e-01s  provider=127  solves=5  iterations=116

STEP 6
  certificate  stage=STEP 6  complete  reason=candidate_set  wall=1.004000e-05s  cpu=1.000000e-05s  provider=0  solves=0  iterations=0

STEP 8
  certificate  stage=STEP 8  complete  reason=unchanged_problem_67  wall=1.480000e-06s  cpu=1.000000e-06s  provider=0  solves=0  iterations=0

STEP 7
  certificate  stage=STEP 7  complete  reason=continue_stage_ii  wall=9.100000e-07s  cpu=1.000000e-06s  provider=0  solves=0  iterations=0

STEP 4
  STAGE II STEP 4  major=24  upper=-3.216571e+01  LP_primal= 7.105427e-15  LP_dual= 1.387779e-17  active_cuts=29  certified
  certificate  stage=STEP 4  complete  reason=step4_complete  wall=3.147980e-04s  cpu=3.150000e-04s  provider=0  solves=1  iterations=1

STEP 5
  certificate  stage=STEP 5 LOCAL  major=24  attempt=110  accepted  reason=success  P rel.= 4.668680e-14  objective=-2.925444e+01  upper=-3.216571e+01  gap=-2.911270e+00  wall=0.000000e+00s  cpu=0.000000e+00s  provider=0  solves=0  iterations=0
  certificate  stage=STEP 5 LOCAL  major=24  attempt=111  accepted  reason=success  P rel.= 6.809090e-14  objective=-2.925444e+01  upper=-3.216571e+01  gap=-2.911270e+00  wall=0.000000e+00s  cpu=0.000000e+00s  provider=0  solves=0  iterations=0
  certificate  stage=STEP 5 LOCAL  major=24  attempt=112  accepted  reason=success  P rel.= 7.268775e-14  objective=-2.925444e+01  upper=-3.216571e+01  gap=-2.911270e+00  wall=0.000000e+00s  cpu=0.000000e+00s  provider=0  solves=0  iterations=0
  certificate  stage=STEP 5 LOCAL  major=24  attempt=113  accepted  reason=success  P rel.= 5.961545e-14  objective=-2.925444e+01  upper=-3.216571e+01  gap=-2.911270e+00  wall=0.000000e+00s  cpu=0.000000e+00s  provider=0  solves=0  iterations=0
  certificate  stage=STEP 5 LOCAL  major=24  attempt=114  accepted  reason=success  P rel.= 7.225680e-14  objective=-2.925444e+01  upper=-3.216571e+01  gap=-2.911270e+00  wall=0.000000e+00s  cpu=0.000000e+00s  provider=0  solves=0  iterations=0
  certificate  stage=STEP 5 LOCAL  major=24  attempt=115  accepted  reason=success  P rel.= 6.335039e-14  objective=-2.925444e+01  upper=-3.216571e+01  gap=-2.911270e+00  wall=0.000000e+00s  cpu=0.000000e+00s  provider=0  solves=0  iterations=0
  certificate  stage=STEP 5 LOCAL  major=24  attempt=116  accepted  reason=success  P rel.=-1.864113e-09  objective=-3.216571e+01  upper=-3.216571e+01  gap= 1.421085e-14  wall=0.000000e+00s  cpu=0.000000e+00s  provider=0  solves=0  iterations=0
  certificate  stage=STEP 5  complete  reason=step5_complete  wall=1.668428e-01s  cpu=1.668450e-01s  provider=165  solves=7  iterations=148

STEP 6
  certificate  stage=STEP 6  complete  reason=candidate_set  wall=1.049000e-05s  cpu=1.100000e-05s  provider=0  solves=0  iterations=0

STEP 8
  certificate  stage=STEP 8  complete  reason=unchanged_problem_67  wall=1.710000e-06s  cpu=1.000000e-06s  provider=0  solves=0  iterations=0

STEP 7
  certificate  stage=STEP 7  complete  reason=continue_stage_ii  wall=9.100000e-07s  cpu=0.000000e+00s  provider=0  solves=0  iterations=0

STEP 4
  STAGE II STEP 4  major=25  upper=-3.216571e+01  LP_primal= 1.421085e-14  LP_dual= 1.387779e-17  active_cuts=30  certified
  certificate  stage=STEP 4  complete  reason=step4_complete  wall=3.351980e-04s  cpu=3.360000e-04s  provider=0  solves=1  iterations=1

STEP 5
  certificate  stage=STEP 5 LOCAL  major=25  attempt=117  accepted  reason=success  P rel.= 5.717337e-14  objective=-2.925444e+01  upper=-3.216571e+01  gap=-2.911270e+00  wall=0.000000e+00s  cpu=0.000000e+00s  provider=0  solves=0  iterations=0
  certificate  stage=STEP 5 LOCAL  major=25  attempt=118  accepted  reason=success  P rel.= 4.624148e-13  objective=-2.925444e+01  upper=-3.216571e+01  gap=-2.911270e+00  wall=0.000000e+00s  cpu=0.000000e+00s  provider=0  solves=0  iterations=0
  certificate  stage=STEP 5 LOCAL  major=25  attempt=119  accepted  reason=success  P rel.= 5.616781e-14  objective=-2.925444e+01  upper=-3.216571e+01  gap=-2.911270e+00  wall=0.000000e+00s  cpu=0.000000e+00s  provider=0  solves=0  iterations=0
  certificate  stage=STEP 5 LOCAL  major=25  attempt=120  accepted  reason=success  P rel.= 7.218497e-13  objective=-2.925444e+01  upper=-3.216571e+01  gap=-2.911270e+00  wall=0.000000e+00s  cpu=0.000000e+00s  provider=0  solves=0  iterations=0
  certificate  stage=STEP 5 LOCAL  major=25  attempt=121  accepted  reason=success  P rel.= 5.616781e-14  objective=-2.925444e+01  upper=-3.216571e+01  gap=-2.911270e+00  wall=0.000000e+00s  cpu=0.000000e+00s  provider=0  solves=0  iterations=0
  certificate  stage=STEP 5 LOCAL  major=25  attempt=122  accepted  reason=success  P rel.=-1.843637e-09  objective=-3.216571e+01  upper=-3.216571e+01  gap= 7.105427e-15  wall=0.000000e+00s  cpu=0.000000e+00s  provider=0  solves=0  iterations=0
  certificate  stage=STEP 5  complete  reason=step5_complete  wall=1.453755e-01s  cpu=1.453670e-01s  provider=143  solves=6  iterations=135

STEP 6
  certificate  stage=STEP 6  complete  reason=candidate_set  wall=1.066000e-05s  cpu=1.100000e-05s  provider=0  solves=0  iterations=0

STEP 8
  certificate  stage=STEP 8  complete  reason=unchanged_problem_67  wall=1.930000e-06s  cpu=2.000000e-06s  provider=0  solves=0  iterations=0

STEP 7
  certificate  stage=STEP 7  complete  reason=continue_stage_ii  wall=9.200000e-07s  cpu=1.000000e-06s  provider=0  solves=0  iterations=0

STEP 4
  STAGE II STEP 4  major=26  upper=-3.216571e+01  LP_primal= 1.421085e-14  LP_dual= 1.387779e-17  active_cuts=31  certified
  certificate  stage=STEP 4  complete  reason=step4_complete  wall=3.203680e-04s  cpu=3.200000e-04s  provider=0  solves=1  iterations=1

STEP 5
  certificate  stage=STEP 5 LOCAL  major=26  attempt=123  accepted  reason=success  P rel.= 5.257652e-14  objective=-2.925444e+01  upper=-3.216571e+01  gap=-2.911270e+00  wall=0.000000e+00s  cpu=0.000000e+00s  provider=0  solves=0  iterations=0
  certificate  stage=STEP 5 LOCAL  major=26  attempt=124  accepted  reason=success  P rel.= 5.631146e-14  objective=-2.925444e+01  upper=-3.216571e+01  gap=-2.911270e+00  wall=0.000000e+00s  cpu=0.000000e+00s  provider=0  solves=0  iterations=0
  certificate  stage=STEP 5 LOCAL  major=26  attempt=125  accepted  reason=success  P rel.=-1.854410e-09  objective=-3.216571e+01  upper=-3.216571e+01  gap= 0.000000e+00  wall=0.000000e+00s  cpu=0.000000e+00s  provider=0  solves=0  iterations=0
  certificate  stage=STEP 5  complete  reason=step5_complete  wall=7.676531e-02s  cpu=7.675500e-02s  provider=74  solves=3  iterations=67

STEP 6
  certificate  stage=STEP 6  complete  reason=candidate_set  wall=1.107000e-05s  cpu=1.100000e-05s  provider=0  solves=0  iterations=0

STEP 8
  certificate  stage=STEP 8  complete  reason=unchanged_problem_67  wall=1.780000e-06s  cpu=2.000000e-06s  provider=0  solves=0  iterations=0

STEP 7
  certificate  stage=STEP 7  complete  reason=continue_stage_ii  wall=9.200000e-07s  cpu=1.000000e-06s  provider=0  solves=0  iterations=0

STEP 4
  STAGE II STEP 4  major=27  upper=-3.216571e+01  LP_primal= 1.421085e-14  LP_dual= 1.387779e-17  active_cuts=32  certified
  certificate  stage=STEP 4  complete  reason=step4_complete  wall=3.369980e-04s  cpu=3.370000e-04s  provider=0  solves=1  iterations=1

STEP 5
  certificate  stage=STEP 5 LOCAL  major=27  attempt=126  accepted  reason=success  P rel.= 5.300747e-14  objective=-2.925444e+01  upper=-3.216571e+01  gap=-2.911270e+00  wall=0.000000e+00s  cpu=0.000000e+00s  provider=0  solves=0  iterations=0
  certificate  stage=STEP 5 LOCAL  major=27  attempt=127  accepted  reason=success  P rel.= 4.869792e-14  objective=-2.925444e+01  upper=-3.216571e+01  gap=-2.911270e+00  wall=0.000000e+00s  cpu=0.000000e+00s  provider=0  solves=0  iterations=0
  certificate  stage=STEP 5 LOCAL  major=27  attempt=128  accepted  reason=success  P rel.= 5.544955e-14  objective=-2.925444e+01  upper=-3.216571e+01  gap=-2.911270e+00  wall=0.000000e+00s  cpu=0.000000e+00s  provider=0  solves=0  iterations=0
  certificate  stage=STEP 5 LOCAL  major=27  attempt=129  accepted  reason=success  P rel.=-1.883699e-09  objective=-3.216571e+01  upper=-3.216571e+01  gap= 7.105427e-15  wall=0.000000e+00s  cpu=0.000000e+00s  provider=0  solves=0  iterations=0
  certificate  stage=STEP 5  complete  reason=step5_complete  wall=9.211364e-02s  cpu=9.207700e-02s  provider=91  solves=4  iterations=84

STEP 6
  certificate  stage=STEP 6  complete  reason=candidate_set  wall=1.197000e-05s  cpu=1.200000e-05s  provider=0  solves=0  iterations=0

STEP 8
  certificate  stage=STEP 8  complete  reason=unchanged_problem_67  wall=2.230000e-06s  cpu=3.000000e-06s  provider=0  solves=0  iterations=0

STEP 7
  certificate  stage=STEP 7  complete  reason=continue_stage_ii  wall=9.200000e-07s  cpu=1.000000e-06s  provider=0  solves=0  iterations=0

STEP 4
  STAGE II STEP 4  major=28  upper=-3.216571e+01  LP_primal= 1.421085e-14  LP_dual= 1.387779e-17  active_cuts=33  certified
  certificate  stage=STEP 4  complete  reason=step4_complete  wall=3.558680e-04s  cpu=3.560000e-04s  provider=0  solves=1  iterations=1

STEP 5
  certificate  stage=STEP 5 LOCAL  major=28  attempt=130  accepted  reason=success  P rel.= 5.961545e-14  objective=-2.925444e+01  upper=-3.216571e+01  gap=-2.911270e+00  wall=0.000000e+00s  cpu=0.000000e+00s  provider=0  solves=0  iterations=0
  certificate  stage=STEP 5 LOCAL  major=28  attempt=131  accepted  reason=success  P rel.=-1.868120e-09  objective=-3.216571e+01  upper=-3.216571e+01  gap= 7.105427e-15  wall=0.000000e+00s  cpu=0.000000e+00s  provider=0  solves=0  iterations=0
  certificate  stage=STEP 5  complete  reason=step5_complete  wall=4.975145e-02s  cpu=4.974400e-02s  provider=50  solves=2  iterations=43

STEP 6
  certificate  stage=STEP 6  complete  reason=candidate_set  wall=1.108000e-05s  cpu=1.100000e-05s  provider=0  solves=0  iterations=0

STEP 8
  certificate  stage=STEP 8  complete  reason=unchanged_problem_67  wall=1.740000e-06s  cpu=2.000000e-06s  provider=0  solves=0  iterations=0

STEP 7
  certificate  stage=STEP 7  complete  reason=continue_stage_ii  wall=9.200000e-07s  cpu=1.000000e-06s  provider=0  solves=0  iterations=0

STEP 4
  STAGE II STEP 4  major=29  upper=-3.216571e+01  LP_primal= 1.421085e-14  LP_dual= 1.387779e-17  active_cuts=34  certified
  certificate  stage=STEP 4  complete  reason=step4_complete  wall=3.359290e-04s  cpu=3.360000e-04s  provider=0  solves=1  iterations=1

STEP 5
  certificate  stage=STEP 5 LOCAL  major=29  attempt=132  accepted  reason=success  P rel.= 5.631146e-14  objective=-2.925444e+01  upper=-3.216571e+01  gap=-2.911270e+00  wall=0.000000e+00s  cpu=0.000000e+00s  provider=0  solves=0  iterations=0
  certificate  stage=STEP 5 LOCAL  major=29  attempt=133  accepted  reason=success  P rel.=-1.877378e-09  objective=-3.216571e+01  upper=-3.216571e+01  gap= 1.421085e-14  wall=0.000000e+00s  cpu=0.000000e+00s  provider=0  solves=0  iterations=0
  certificate  stage=STEP 5  complete  reason=step5_complete  wall=4.380380e-02s  cpu=4.380400e-02s  provider=44  solves=2  iterations=38

STEP 6
  certificate  stage=STEP 6  complete  reason=candidate_set  wall=1.093000e-05s  cpu=1.100000e-05s  provider=0  solves=0  iterations=0

STEP 8
  certificate  stage=STEP 8  complete  reason=unchanged_problem_67  wall=1.290000e-06s  cpu=2.000000e-06s  provider=0  solves=0  iterations=0

STEP 7
  certificate  stage=STEP 7  complete  reason=continue_stage_ii  wall=8.500000e-07s  cpu=1.000000e-06s  provider=0  solves=0  iterations=0

STEP 4
  STAGE II STEP 4  major=30  upper=-3.216571e+01  LP_primal= 1.421085e-14  LP_dual= 1.387779e-17  active_cuts=35  certified
  certificate  stage=STEP 4  complete  reason=step4_complete  wall=3.087690e-04s  cpu=3.090000e-04s  provider=0  solves=1  iterations=1

STEP 5
  certificate  stage=STEP 5 LOCAL  major=30  attempt=134  accepted  reason=success  P rel.= 7.110758e-14  objective=-2.925444e+01  upper=-3.216571e+01  gap=-2.911270e+00  wall=0.000000e+00s  cpu=0.000000e+00s  provider=0  solves=0  iterations=0
  certificate  stage=STEP 5 LOCAL  major=30  attempt=135  accepted  reason=success  P rel.=-1.873995e-09  objective=-3.216571e+01  upper=-3.216571e+01  gap= 0.000000e+00  wall=0.000000e+00s  cpu=0.000000e+00s  provider=0  solves=0  iterations=0
  certificate  stage=STEP 5  complete  reason=step5_complete  wall=4.227643e-02s  cpu=4.226400e-02s  provider=42  solves=2  iterations=38

STEP 6
  certificate  stage=STEP 6  complete  reason=candidate_set  wall=1.174000e-05s  cpu=1.200000e-05s  provider=0  solves=0  iterations=0

STEP 8
  certificate  stage=STEP 8  complete  reason=unchanged_problem_67  wall=1.630000e-06s  cpu=1.000000e-06s  provider=0  solves=0  iterations=0

STEP 7
  certificate  stage=STEP 7  complete  reason=continue_stage_ii  wall=8.200000e-07s  cpu=1.000000e-06s  provider=0  solves=0  iterations=0

STEP 4
  STAGE II STEP 4  major=31  upper=-3.216571e+01  LP_primal= 1.421085e-14  LP_dual= 1.387779e-17  active_cuts=36  certified
  certificate  stage=STEP 4  complete  reason=step4_complete  wall=3.449280e-04s  cpu=3.450000e-04s  provider=0  solves=1  iterations=1

STEP 5
  certificate  stage=STEP 5 LOCAL  major=31  attempt=137  accepted  reason=success  P rel.= 4.783601e-14  objective=-2.925444e+01  upper=-3.216571e+01  gap=-2.911270e+00  wall=0.000000e+00s  cpu=0.000000e+00s  provider=0  solves=0  iterations=0
  certificate  stage=STEP 5 LOCAL  major=31  attempt=138  accepted  reason=success  P rel.= 6.705660e-13  objective=-2.925444e+01  upper=-3.216571e+01  gap=-2.911270e+00  wall=0.000000e+00s  cpu=0.000000e+00s  provider=0  solves=0  iterations=0
  certificate  stage=STEP 5 LOCAL  major=31  attempt=139  accepted  reason=success  P rel.= 6.794724e-14  objective=-2.925444e+01  upper=-3.216571e+01  gap=-2.911270e+00  wall=0.000000e+00s  cpu=0.000000e+00s  provider=0  solves=0  iterations=0
  certificate  stage=STEP 5 LOCAL  major=31  attempt=141  accepted  reason=success  P rel.= 4.984713e-14  objective=-2.925444e+01  upper=-3.216571e+01  gap=-2.911270e+00  wall=0.000000e+00s  cpu=0.000000e+00s  provider=0  solves=0  iterations=0
  certificate  stage=STEP 5 LOCAL  major=31  attempt=142  accepted  reason=success  P rel.= 6.493056e-14  objective=-2.925444e+01  upper=-3.216571e+01  gap=-2.911270e+00  wall=0.000000e+00s  cpu=0.000000e+00s  provider=0  solves=0  iterations=0
  certificate  stage=STEP 5 LOCAL  major=31  attempt=143  accepted  reason=success  P rel.= 4.639949e-14  objective=-2.925444e+01  upper=-3.216571e+01  gap=-2.911270e+00  wall=0.000000e+00s  cpu=0.000000e+00s  provider=0  solves=0  iterations=0
  certificate  stage=STEP 5 LOCAL  major=31  attempt=144  accepted  reason=success  P rel.=-1.869722e-09  objective=-3.216571e+01  upper=-3.216571e+01  gap= 0.000000e+00  wall=0.000000e+00s  cpu=0.000000e+00s  provider=0  solves=0  iterations=0
  certificate  stage=STEP 5  complete  reason=step5_complete  wall=1.748778e-01s  cpu=1.748380e-01s  provider=162  solves=9  iterations=148

STEP 6
  certificate  stage=STEP 6  complete  reason=candidate_set  wall=2.225000e-05s  cpu=2.200000e-05s  provider=0  solves=0  iterations=0

STEP 8
  certificate  stage=STEP 8  complete  reason=unchanged_problem_67  wall=2.530000e-06s  cpu=3.000000e-06s  provider=0  solves=0  iterations=0

STEP 7
  certificate  stage=STEP 7  complete  reason=continue_stage_ii  wall=1.310000e-06s  cpu=1.000000e-06s  provider=0  solves=0  iterations=0

STEP 4
  STAGE II STEP 4  major=32  upper=-3.216571e+01  LP_primal= 1.421085e-14  LP_dual= 1.387779e-17  active_cuts=37  certified
  certificate  stage=STEP 4  complete  reason=step4_complete  wall=4.996780e-04s  cpu=5.000000e-04s  provider=0  solves=1  iterations=1

STEP 5
  certificate  stage=STEP 5 LOCAL  major=32  attempt=145  accepted  reason=success  P rel.= 5.501859e-14  objective=-2.925444e+01  upper=-3.216571e+01  gap=-2.911270e+00  wall=0.000000e+00s  cpu=0.000000e+00s  provider=0  solves=0  iterations=0
  certificate  stage=STEP 5 LOCAL  major=32  attempt=146  accepted  reason=success  P rel.=-1.874084e-09  objective=-3.216571e+01  upper=-3.216571e+01  gap= 0.000000e+00  wall=0.000000e+00s  cpu=0.000000e+00s  provider=0  solves=0  iterations=0
  certificate  stage=STEP 5  complete  reason=step5_complete  wall=4.855262e-02s  cpu=4.854200e-02s  provider=42  solves=2  iterations=40

STEP 6
  certificate  stage=STEP 6  complete  reason=candidate_set  wall=9.310000e-06s  cpu=9.000000e-06s  provider=0  solves=0  iterations=0

STEP 8
  certificate  stage=STEP 8  complete  reason=unchanged_problem_67  wall=1.310000e-06s  cpu=1.000000e-06s  provider=0  solves=0  iterations=0

STEP 7
  certificate  stage=STEP 7  complete  reason=continue_stage_ii  wall=8.400000e-07s  cpu=1.000000e-06s  provider=0  solves=0  iterations=0

STEP 4
  STAGE II STEP 4  major=33  upper=-3.216571e+01  LP_primal= 1.421085e-14  LP_dual= 1.387779e-17  active_cuts=38  certified
  certificate  stage=STEP 4  complete  reason=step4_complete  wall=3.033090e-04s  cpu=3.040000e-04s  provider=0  solves=1  iterations=1

STEP 5
  certificate  stage=STEP 5 LOCAL  major=33  attempt=147  accepted  reason=success  P rel.= 6.952741e-14  objective=-2.925444e+01  upper=-3.216571e+01  gap=-2.911270e+00  wall=0.000000e+00s  cpu=0.000000e+00s  provider=0  solves=0  iterations=0
  certificate  stage=STEP 5 LOCAL  major=33  attempt=148  accepted  reason=success  P rel.= 5.730266e-13  objective=-2.925444e+01  upper=-3.216571e+01  gap=-2.911270e+00  wall=0.000000e+00s  cpu=0.000000e+00s  provider=0  solves=0  iterations=0
  certificate  stage=STEP 5 LOCAL  major=33  attempt=149  accepted  reason=success  P rel.=-1.883165e-09  objective=-3.216571e+01  upper=-3.216571e+01  gap= 0.000000e+00  wall=0.000000e+00s  cpu=0.000000e+00s  provider=0  solves=0  iterations=0
  certificate  stage=STEP 5  complete  reason=step5_complete  wall=7.513237e-02s  cpu=7.512100e-02s  provider=73  solves=3  iterations=68

STEP 6
  certificate  stage=STEP 6  complete  reason=candidate_set  wall=1.055000e-05s  cpu=1.100000e-05s  provider=0  solves=0  iterations=0

STEP 8
  certificate  stage=STEP 8  complete  reason=unchanged_problem_67  wall=1.380000e-06s  cpu=2.000000e-06s  provider=0  solves=0  iterations=0

STEP 7
  certificate  stage=STEP 7  complete  reason=continue_stage_ii  wall=9.400000e-07s  cpu=1.000000e-06s  provider=0  solves=0  iterations=0

STEP 4
  STAGE II STEP 4  major=34  upper=-3.216571e+01  LP_primal= 1.421085e-14  LP_dual= 1.387779e-17  active_cuts=39  certified
  certificate  stage=STEP 4  complete  reason=step4_complete  wall=3.221080e-04s  cpu=3.220000e-04s  provider=0  solves=1  iterations=1

STEP 5
  certificate  stage=STEP 5 LOCAL  major=34  attempt=151  accepted  reason=success  P rel.= 6.162657e-14  objective=-2.925444e+01  upper=-3.216571e+01  gap=-2.911270e+00  wall=0.000000e+00s  cpu=0.000000e+00s  provider=0  solves=0  iterations=0
  certificate  stage=STEP 5 LOCAL  major=34  attempt=152  accepted  reason=success  P rel.=-1.842391e-09  objective=-3.216571e+01  upper=-3.216571e+01  gap= 7.105427e-15  wall=0.000000e+00s  cpu=0.000000e+00s  provider=0  solves=0  iterations=0
  certificate  stage=STEP 5  complete  reason=step5_complete  wall=6.527586e-02s  cpu=6.525500e-02s  provider=54  solves=3  iterations=47

STEP 6
  certificate  stage=STEP 6  complete  reason=candidate_set  wall=1.240000e-05s  cpu=1.300000e-05s  provider=0  solves=0  iterations=0

STEP 8
  certificate  stage=STEP 8  complete  reason=unchanged_problem_67  wall=1.280000e-06s  cpu=1.000000e-06s  provider=0  solves=0  iterations=0

STEP 7
  certificate  stage=STEP 7  complete  reason=continue_stage_ii  wall=8.300000e-07s  cpu=1.000000e-06s  provider=0  solves=0  iterations=0

STEP 4
  STAGE II STEP 4  major=35  upper=-3.216571e+01  LP_primal= 1.421085e-14  LP_dual= 1.387779e-17  active_cuts=40  certified
  certificate  stage=STEP 4  complete  reason=step4_complete  wall=3.957580e-04s  cpu=3.970000e-04s  provider=0  solves=1  iterations=1

STEP 5
  certificate  stage=STEP 5 LOCAL  major=35  attempt=153  accepted  reason=success  P rel.= 4.711775e-14  objective=-2.925444e+01  upper=-3.216571e+01  gap=-2.911270e+00  wall=0.000000e+00s  cpu=0.000000e+00s  provider=0  solves=0  iterations=0
  certificate  stage=STEP 5 LOCAL  major=35  attempt=154  accepted  reason=success  P rel.=-1.859395e-09  objective=-3.216571e+01  upper=-3.216571e+01  gap= 0.000000e+00  wall=0.000000e+00s  cpu=0.000000e+00s  provider=0  solves=0  iterations=0
  certificate  stage=STEP 5  complete  reason=step5_complete  wall=4.532704e-02s  cpu=4.532700e-02s  provider=43  solves=2  iterations=39

STEP 6
  certificate  stage=STEP 6  complete  reason=candidate_set  wall=1.133000e-05s  cpu=1.100000e-05s  provider=0  solves=0  iterations=0

STEP 8
  certificate  stage=STEP 8  complete  reason=unchanged_problem_67  wall=1.300000e-06s  cpu=1.000000e-06s  provider=0  solves=0  iterations=0

STEP 7
  certificate  stage=STEP 7  complete  reason=continue_stage_ii  wall=8.400000e-07s  cpu=0.000000e+00s  provider=0  solves=0  iterations=0

STEP 4
  STAGE II STEP 4  major=36  upper=-3.216571e+01  LP_primal= 1.421085e-14  LP_dual= 1.387779e-17  active_cuts=41  certified
  certificate  stage=STEP 4  complete  reason=step4_complete  wall=2.931580e-04s  cpu=2.940000e-04s  provider=0  solves=1  iterations=1

STEP 5
  certificate  stage=STEP 5 LOCAL  major=36  attempt=155  accepted  reason=success  P rel.= 5.631146e-14  objective=-2.925444e+01  upper=-3.216571e+01  gap=-2.911270e+00  wall=0.000000e+00s  cpu=0.000000e+00s  provider=0  solves=0  iterations=0
  certificate  stage=STEP 5 LOCAL  major=36  attempt=156  accepted  reason=success  P rel.= 5.774798e-14  objective=-2.925444e+01  upper=-3.216571e+01  gap=-2.911270e+00  wall=0.000000e+00s  cpu=0.000000e+00s  provider=0  solves=0  iterations=0
  certificate  stage=STEP 5 LOCAL  major=36  attempt=157  accepted  reason=success  P rel.= 4.568123e-14  objective=-2.925444e+01  upper=-3.216571e+01  gap=-2.911270e+00  wall=0.000000e+00s  cpu=0.000000e+00s  provider=0  solves=0  iterations=0
  certificate  stage=STEP 5 LOCAL  major=36  attempt=158  accepted  reason=success  P rel.= 4.711775e-14  objective=-2.925444e+01  upper=-3.216571e+01  gap=-2.911270e+00  wall=0.000000e+00s  cpu=0.000000e+00s  provider=0  solves=0  iterations=0
  certificate  stage=STEP 5 LOCAL  major=36  attempt=159  accepted  reason=success  P rel.=-6.873875e-08  objective=-3.221709e+01  upper=-3.216571e+01  gap= 5.138527e-02  wall=0.000000e+00s  cpu=0.000000e+00s  provider=0  solves=0  iterations=0
  certificate  stage=STEP 5  complete  reason=step5_complete  wall=1.295650e-01s  cpu=1.295330e-01s  provider=120  solves=5  iterations=110

STEP 6
  certificate  stage=STEP 6  complete  reason=candidate_set  wall=1.451000e-05s  cpu=1.400000e-05s  provider=0  solves=0  iterations=0

STEP 8
  certificate  stage=STEP 8  complete  reason=unchanged_problem_67  wall=2.090000e-06s  cpu=2.000000e-06s  provider=0  solves=0  iterations=0

STEP 7
  certificate  stage=STEP 7  complete  reason=continue_stage_ii  wall=9.100000e-07s  cpu=1.000000e-06s  provider=0  solves=0  iterations=0

STEP 4
  STAGE II STEP 4  major=37  upper=-3.219130e+01  LP_primal= 0.000000e+00  LP_dual= 2.081668e-17  active_cuts=42  certified
  certificate  stage=STEP 4  complete  reason=step4_complete  wall=3.610880e-04s  cpu=3.620000e-04s  provider=0  solves=1  iterations=1

STEP 5
  certificate  stage=STEP 5 LOCAL  major=37  attempt=160  accepted  reason=success  P rel.= 6.665438e-14  objective=-2.929071e+01  upper=-3.219130e+01  gap=-2.900596e+00  wall=0.000000e+00s  cpu=0.000000e+00s  provider=0  solves=0  iterations=0
  certificate  stage=STEP 5 LOCAL  major=37  attempt=161  accepted  reason=success  P rel.=-1.458686e-09  objective=-3.221370e+01  upper=-3.219130e+01  gap= 2.239321e-02  wall=0.000000e+00s  cpu=0.000000e+00s  provider=0  solves=0  iterations=0
  certificate  stage=STEP 5  complete  reason=step5_complete  wall=4.617354e-02s  cpu=4.616800e-02s  provider=46  solves=2  iterations=42

STEP 6
  certificate  stage=STEP 6  complete  reason=insufficient_candidates  wall=6.250000e-06s  cpu=6.000000e-06s  provider=0  solves=0  iterations=0

STEP 7
  certificate  stage=STEP 7  complete  reason=continue_stage_ii  wall=9.200000e-07s  cpu=1.000000e-06s  provider=0  solves=0  iterations=0

STEP 4
  STAGE II STEP 4  major=38  upper=-3.219708e+01  LP_primal= 7.105427e-15  LP_dual= 2.081668e-17  active_cuts=43  certified
  certificate  stage=STEP 4  complete  reason=step4_complete  wall=3.069280e-04s  cpu=3.070000e-04s  provider=0  solves=1  iterations=1

STEP 5
  certificate  stage=STEP 5 LOCAL  major=38  attempt=162  accepted  reason=success  P rel.= 4.295185e-14  objective=-2.930621e+01  upper=-3.219708e+01  gap=-2.890862e+00  wall=0.000000e+00s  cpu=0.000000e+00s  provider=0  solves=0  iterations=0
  certificate  stage=STEP 5 LOCAL  major=38  attempt=163  accepted  reason=success  P rel.= 1.616081e-13  objective=-2.930621e+01  upper=-3.219708e+01  gap=-2.890862e+00  wall=0.000000e+00s  cpu=0.000000e+00s  provider=0  solves=0  iterations=0
  certificate  stage=STEP 5 LOCAL  major=38  attempt=164  accepted  reason=success  P rel.= 6.363769e-14  objective=-2.930621e+01  upper=-3.219708e+01  gap=-2.890862e+00  wall=0.000000e+00s  cpu=0.000000e+00s  provider=0  solves=0  iterations=0
  certificate  stage=STEP 5 LOCAL  major=38  attempt=165  accepted  reason=success  P rel.= 6.564882e-14  objective=-2.930621e+01  upper=-3.219708e+01  gap=-2.890862e+00  wall=0.000000e+00s  cpu=0.000000e+00s  provider=0  solves=0  iterations=0
  certificate  stage=STEP 5 LOCAL  major=38  attempt=166  accepted  reason=success  P rel.= 4.430218e-13  objective=-2.930621e+01  upper=-3.219708e+01  gap=-2.890862e+00  wall=0.000000e+00s  cpu=0.000000e+00s  provider=0  solves=0  iterations=0
  certificate  stage=STEP 5 LOCAL  major=38  attempt=167  accepted  reason=success  P rel.=-1.460556e-09  objective=-3.219709e+01  upper=-3.219708e+01  gap= 1.605935e-05  wall=0.000000e+00s  cpu=0.000000e+00s  provider=0  solves=0  iterations=0
  certificate  stage=STEP 5  complete  reason=step5_complete  wall=1.567582e-01s  cpu=1.567360e-01s  provider=155  solves=6  iterations=146

STEP 6
  certificate  stage=STEP 6  complete  reason=candidate_set  wall=7.780000e-06s  cpu=7.000000e-06s  provider=0  solves=0  iterations=0

STEP 8
  certificate  stage=STEP 8  complete  reason=problem_67_infeasible  wall=2.310090e-04s  cpu=2.320000e-04s  provider=2  solves=1  iterations=0

STEP 7
  certificate  stage=STEP 7  complete  reason=continue_stage_ii  wall=1.000000e-06s  cpu=1.000000e-06s  provider=0  solves=0  iterations=0

STEP 4
  STAGE II STEP 4  major=39  upper=-3.219708e+01  LP_primal= 0.000000e+00  LP_dual= 5.551115e-17  active_cuts=44  certified
  certificate  stage=STEP 4  complete  reason=step4_complete  wall=3.010390e-04s  cpu=3.010000e-04s  provider=0  solves=1  iterations=1

STEP 5
  certificate  stage=STEP 5 LOCAL  major=39  attempt=169  accepted  reason=success  P rel.= 1.027110e-13  objective=-2.930622e+01  upper=-3.219708e+01  gap=-2.890862e+00  wall=0.000000e+00s  cpu=0.000000e+00s  provider=0  solves=0  iterations=0
  certificate  stage=STEP 5 LOCAL  major=39  attempt=170  accepted  reason=success  P rel.=-1.461936e-09  objective=-3.219708e+01  upper=-3.219708e+01  gap= 8.586198e-11  wall=0.000000e+00s  cpu=0.000000e+00s  provider=0  solves=0  iterations=0
  certificate  stage=STEP 5  complete  reason=step5_complete  wall=4.817780e-02s  cpu=4.817900e-02s  provider=49  solves=3  iterations=42

STEP 6
  certificate  stage=STEP 6  complete  reason=candidate_set  wall=7.190000e-06s  cpu=9.000000e-06s  provider=0  solves=0  iterations=0

STEP 8
  certificate  stage=STEP 8  complete  reason=unchanged_problem_67  wall=1.690000e-06s  cpu=2.000000e-06s  provider=0  solves=0  iterations=0

STEP 7
  certificate  stage=STEP 7  complete  reason=continue_stage_ii  wall=8.400000e-07s  cpu=1.000000e-06s  provider=0  solves=0  iterations=0

STEP 4
  STAGE II STEP 4  major=40  upper=-3.219708e+01  LP_primal= 0.000000e+00  LP_dual= 6.938894e-18  active_cuts=45  certified
  certificate  stage=STEP 4  complete  reason=step4_complete  wall=3.281590e-04s  cpu=3.280000e-04s  provider=0  solves=1  iterations=1

STEP 5
  certificate  stage=STEP 5 LOCAL  major=40  attempt=171  accepted  reason=success  P rel.= 4.826696e-14  objective=-2.930622e+01  upper=-3.219708e+01  gap=-2.890862e+00  wall=0.000000e+00s  cpu=0.000000e+00s  provider=0  solves=0  iterations=0
  certificate  stage=STEP 5 LOCAL  major=40  attempt=172  accepted  reason=success  P rel.= 7.656635e-14  objective=-2.930622e+01  upper=-3.219708e+01  gap=-2.890862e+00  wall=0.000000e+00s  cpu=0.000000e+00s  provider=0  solves=0  iterations=0
  certificate  stage=STEP 5 LOCAL  major=40  attempt=173  accepted  reason=success  P rel.= 6.378135e-14  objective=-2.930622e+01  upper=-3.219708e+01  gap=-2.890862e+00  wall=0.000000e+00s  cpu=0.000000e+00s  provider=0  solves=0  iterations=0
  certificate  stage=STEP 5 LOCAL  major=40  attempt=174  accepted  reason=success  P rel.=-1.461758e-09  objective=-3.219708e+01  upper=-3.219708e+01  gap=-7.105427e-15  wall=0.000000e+00s  cpu=0.000000e+00s  provider=0  solves=0  iterations=0
  certificate  stage=STEP 5  complete  reason=step5_complete  wall=9.814589e-02s  cpu=9.811900e-02s  provider=97  solves=4  iterations=88

STEP 6
  certificate  stage=STEP 6  complete  reason=candidate_set  wall=8.460000e-06s  cpu=8.000000e-06s  provider=0  solves=0  iterations=0

STEP 8
  certificate  stage=STEP 8  complete  reason=unchanged_problem_67  wall=1.530000e-06s  cpu=2.000000e-06s  provider=0  solves=0  iterations=0

STEP 7
  certificate  stage=STEP 7  complete  reason=continue_stage_ii  wall=8.500000e-07s  cpu=1.000000e-06s  provider=0  solves=0  iterations=0

STEP 4
  STAGE II STEP 4  major=41  upper=-3.219708e+01  LP_primal= 1.421085e-14  LP_dual= 1.387779e-17  active_cuts=46  certified
  certificate  stage=STEP 4  complete  reason=step4_complete  wall=3.627380e-04s  cpu=3.630000e-04s  provider=0  solves=1  iterations=1

STEP 5
  certificate  stage=STEP 5 LOCAL  major=41  attempt=175  accepted  reason=success  P rel.=-1.473153e-09  objective=-3.219708e+01  upper=-3.219708e+01  gap= 7.105427e-15  wall=0.000000e+00s  cpu=0.000000e+00s  provider=0  solves=0  iterations=0
  certificate  stage=STEP 5  complete  reason=step5_complete  wall=2.096153e-02s  cpu=2.096300e-02s  provider=20  solves=1  iterations=18

STEP 6
  certificate  stage=STEP 6  complete  reason=candidate_set  wall=7.560000e-06s  cpu=7.000000e-06s  provider=0  solves=0  iterations=0

STEP 8
  certificate  stage=STEP 8  complete  reason=unchanged_problem_67  wall=1.480000e-06s  cpu=1.000000e-06s  provider=0  solves=0  iterations=0

STEP 7
  certificate  stage=STEP 7  complete  reason=continue_stage_ii  wall=8.300000e-07s  cpu=1.000000e-06s  provider=0  solves=0  iterations=0

STEP 4
  STAGE II STEP 4  major=42  upper=-3.219708e+01  LP_primal= 1.421085e-14  LP_dual= 1.387779e-17  active_cuts=47  certified
  certificate  stage=STEP 4  complete  reason=step4_complete  wall=3.330190e-04s  cpu=3.330000e-04s  provider=0  solves=1  iterations=1

STEP 5
  certificate  stage=STEP 5 LOCAL  major=42  attempt=176  accepted  reason=success  P rel.= 5.042174e-14  objective=-2.930622e+01  upper=-3.219708e+01  gap=-2.890862e+00  wall=0.000000e+00s  cpu=0.000000e+00s  provider=0  solves=0  iterations=0
  certificate  stage=STEP 5 LOCAL  major=42  attempt=177  accepted  reason=success  P rel.=-1.445867e-09  objective=-3.219708e+01  upper=-3.219708e+01  gap= 0.000000e+00  wall=0.000000e+00s  cpu=0.000000e+00s  provider=0  solves=0  iterations=0
  certificate  stage=STEP 5  complete  reason=step5_complete  wall=5.145944e-02s  cpu=5.146000e-02s  provider=49  solves=2  iterations=46

STEP 6
  certificate  stage=STEP 6  complete  reason=candidate_set  wall=9.450000e-06s  cpu=1.000000e-05s  provider=0  solves=0  iterations=0

STEP 8
  certificate  stage=STEP 8  complete  reason=unchanged_problem_67  wall=2.480000e-06s  cpu=3.000000e-06s  provider=0  solves=0  iterations=0

STEP 7
  certificate  stage=STEP 7  complete  reason=continue_stage_ii  wall=1.250000e-06s  cpu=2.000000e-06s  provider=0  solves=0  iterations=0

STEP 4
  STAGE II STEP 4  major=43  upper=-3.219708e+01  LP_primal= 1.421085e-14  LP_dual= 1.387779e-17  active_cuts=48  certified
  certificate  stage=STEP 4  complete  reason=step4_complete  wall=3.770380e-04s  cpu=3.770000e-04s  provider=0  solves=1  iterations=1

STEP 5
  certificate  stage=STEP 5 LOCAL  major=43  attempt=178  accepted  reason=success  P rel.=-1.466432e-09  objective=-3.219708e+01  upper=-3.219708e+01  gap= 0.000000e+00  wall=0.000000e+00s  cpu=0.000000e+00s  provider=0  solves=0  iterations=0
  certificate  stage=STEP 5  complete  reason=step5_complete  wall=2.214295e-02s  cpu=2.214300e-02s  provider=21  solves=1  iterations=20

STEP 6
  certificate  stage=STEP 6  complete  reason=candidate_set  wall=7.870000e-06s  cpu=8.000000e-06s  provider=0  solves=0  iterations=0

STEP 8
  certificate  stage=STEP 8  complete  reason=unchanged_problem_67  wall=1.380000e-06s  cpu=1.000000e-06s  provider=0  solves=0  iterations=0

STEP 7
  certificate  stage=STEP 7  complete  reason=continue_stage_ii  wall=8.400000e-07s  cpu=1.000000e-06s  provider=0  solves=0  iterations=0

STEP 4
  STAGE II STEP 4  major=44  upper=-3.219708e+01  LP_primal= 1.421085e-14  LP_dual= 5.551115e-17  active_cuts=49  certified
  certificate  stage=STEP 4  complete  reason=step4_complete  wall=3.328980e-04s  cpu=3.330000e-04s  provider=0  solves=1  iterations=1

STEP 5
  certificate  stage=STEP 5 LOCAL  major=44  attempt=179  accepted  reason=success  P rel.= 6.378135e-14  objective=-2.930622e+01  upper=-3.219708e+01  gap=-2.890862e+00  wall=0.000000e+00s  cpu=0.000000e+00s  provider=0  solves=0  iterations=0
  certificate  stage=STEP 5 LOCAL  major=44  attempt=180  accepted  reason=success  P rel.= 4.496298e-14  objective=-2.930622e+01  upper=-3.219708e+01  gap=-2.890862e+00  wall=0.000000e+00s  cpu=0.000000e+00s  provider=0  solves=0  iterations=0
  certificate  stage=STEP 5 LOCAL  major=44  attempt=182  accepted  reason=success  P rel.= 4.553758e-14  objective=-2.930622e+01  upper=-3.219708e+01  gap=-2.890862e+00  wall=0.000000e+00s  cpu=0.000000e+00s  provider=0  solves=0  iterations=0
  certificate  stage=STEP 5 LOCAL  major=44  attempt=183  accepted  reason=success  P rel.= 6.794724e-14  objective=-2.930622e+01  upper=-3.219708e+01  gap=-2.890862e+00  wall=0.000000e+00s  cpu=0.000000e+00s  provider=0  solves=0  iterations=0
  certificate  stage=STEP 5 LOCAL  major=44  attempt=184  accepted  reason=success  P rel.= 5.070904e-14  objective=-2.930622e+01  upper=-3.219708e+01  gap=-2.890862e+00  wall=0.000000e+00s  cpu=0.000000e+00s  provider=0  solves=0  iterations=0
  certificate  stage=STEP 5 LOCAL  major=44  attempt=185  accepted  reason=success  P rel.=-1.442395e-09  objective=-3.219708e+01  upper=-3.219708e+01  gap= 0.000000e+00  wall=0.000000e+00s  cpu=0.000000e+00s  provider=0  solves=0  iterations=0
  certificate  stage=STEP 5  complete  reason=step5_complete  wall=1.679811e-01s  cpu=1.679620e-01s  provider=165  solves=7  iterations=149

STEP 6
  certificate  stage=STEP 6  complete  reason=candidate_set  wall=8.920000e-06s  cpu=9.000000e-06s  provider=0  solves=0  iterations=0

STEP 8
  certificate  stage=STEP 8  complete  reason=unchanged_problem_67  wall=1.860000e-06s  cpu=2.000000e-06s  provider=0  solves=0  iterations=0

STEP 7
  certificate  stage=STEP 7  complete  reason=continue_stage_ii  wall=9.200000e-07s  cpu=1.000000e-06s  provider=0  solves=0  iterations=0

STEP 4
  STAGE II STEP 4  major=45  upper=-3.219708e+01  LP_primal= 1.421085e-14  LP_dual= 5.551115e-17  active_cuts=50  certified
  certificate  stage=STEP 4  complete  reason=step4_complete  wall=3.729180e-04s  cpu=3.740000e-04s  provider=0  solves=1  iterations=1

STEP 5
  certificate  stage=STEP 5 LOCAL  major=45  attempt=186  accepted  reason=success  P rel.= 9.639028e-14  objective=-2.930622e+01  upper=-3.219708e+01  gap=-2.890862e+00  wall=0.000000e+00s  cpu=0.000000e+00s  provider=0  solves=0  iterations=0
  certificate  stage=STEP 5 LOCAL  major=45  attempt=187  accepted  reason=success  P rel.= 2.470809e-14  objective=-2.930622e+01  upper=-3.219708e+01  gap=-2.890862e+00  wall=0.000000e+00s  cpu=0.000000e+00s  provider=0  solves=0  iterations=0
  certificate  stage=STEP 5 LOCAL  major=45  attempt=188  accepted  reason=success  P rel.=-1.447202e-09  objective=-3.219708e+01  upper=-3.219708e+01  gap= 7.105427e-15  wall=0.000000e+00s  cpu=0.000000e+00s  provider=0  solves=0  iterations=0
  certificate  stage=STEP 5  complete  reason=step5_complete  wall=7.770455e-02s  cpu=7.770600e-02s  provider=76  solves=3  iterations=71

STEP 6
  certificate  stage=STEP 6  complete  reason=candidate_set  wall=1.063000e-05s  cpu=1.100000e-05s  provider=0  solves=0  iterations=0

STEP 8
  certificate  stage=STEP 8  complete  reason=unchanged_problem_67  wall=2.310000e-06s  cpu=2.000000e-06s  provider=0  solves=0  iterations=0

STEP 7
  certificate  stage=STEP 7  complete  reason=continue_stage_ii  wall=9.500000e-07s  cpu=1.000000e-06s  provider=0  solves=0  iterations=0

STEP 4
  STAGE II STEP 4  major=46  upper=-3.219708e+01  LP_primal= 1.421085e-14  LP_dual= 5.551115e-17  active_cuts=51  certified
  certificate  stage=STEP 4  complete  reason=step4_complete  wall=3.913180e-04s  cpu=3.920000e-04s  provider=0  solves=1  iterations=1

STEP 5
  certificate  stage=STEP 5 LOCAL  major=46  attempt=189  accepted  reason=success  P rel.= 4.826696e-14  objective=-2.930622e+01  upper=-3.219708e+01  gap=-2.890862e+00  wall=0.000000e+00s  cpu=0.000000e+00s  provider=0  solves=0  iterations=0
  certificate  stage=STEP 5 LOCAL  major=46  attempt=190  accepted  reason=success  P rel.= 4.826696e-14  objective=-2.930622e+01  upper=-3.219708e+01  gap=-2.890862e+00  wall=0.000000e+00s  cpu=0.000000e+00s  provider=0  solves=0  iterations=0
  certificate  stage=STEP 5 LOCAL  major=46  attempt=191  accepted  reason=success  P rel.= 2.598659e-13  objective=-2.930622e+01  upper=-3.219708e+01  gap=-2.890862e+00  wall=0.000000e+00s  cpu=0.000000e+00s  provider=0  solves=0  iterations=0
  certificate  stage=STEP 5 LOCAL  major=46  attempt=192  accepted  reason=success  P rel.= 6.378135e-14  objective=-2.930622e+01  upper=-3.219708e+01  gap=-2.890862e+00  wall=0.000000e+00s  cpu=0.000000e+00s  provider=0  solves=0  iterations=0
  certificate  stage=STEP 5 LOCAL  major=46  attempt=193  accepted  reason=success  P rel.= 6.378135e-14  objective=-2.930622e+01  upper=-3.219708e+01  gap=-2.890862e+00  wall=0.000000e+00s  cpu=0.000000e+00s  provider=0  solves=0  iterations=0
  certificate  stage=STEP 5 LOCAL  major=46  attempt=194  accepted  reason=success  P rel.=-1.467455e-09  objective=-3.219708e+01  upper=-3.219708e+01  gap= 0.000000e+00  wall=0.000000e+00s  cpu=0.000000e+00s  provider=0  solves=0  iterations=0
  certificate  stage=STEP 5  complete  reason=step5_complete  wall=1.653981e-01s  cpu=1.653370e-01s  provider=155  solves=6  iterations=143

STEP 6
  certificate  stage=STEP 6  complete  reason=candidate_set  wall=1.076900e-05s  cpu=1.100000e-05s  provider=0  solves=0  iterations=0

STEP 8
  certificate  stage=STEP 8  complete  reason=unchanged_problem_67  wall=1.960000e-06s  cpu=2.000000e-06s  provider=0  solves=0  iterations=0

STEP 7
  certificate  stage=STEP 7  complete  reason=continue_stage_ii  wall=9.100000e-07s  cpu=1.000000e-06s  provider=0  solves=0  iterations=0

STEP 4
  STAGE II STEP 4  major=47  upper=-3.219708e+01  LP_primal= 1.421085e-14  LP_dual= 5.551115e-17  active_cuts=52  certified
  certificate  stage=STEP 4  complete  reason=step4_complete  wall=3.814880e-04s  cpu=3.810000e-04s  provider=0  solves=1  iterations=1

STEP 5
  certificate  stage=STEP 5 LOCAL  major=47  attempt=195  accepted  reason=success  P rel.= 4.208994e-14  objective=-2.930622e+01  upper=-3.219708e+01  gap=-2.890862e+00  wall=0.000000e+00s  cpu=0.000000e+00s  provider=0  solves=0  iterations=0
  certificate  stage=STEP 5 LOCAL  major=47  attempt=196  accepted  reason=success  P rel.= 8.317432e-14  objective=-2.930622e+01  upper=-3.219708e+01  gap=-2.890862e+00  wall=0.000000e+00s  cpu=0.000000e+00s  provider=0  solves=0  iterations=0
  certificate  stage=STEP 5 LOCAL  major=47  attempt=197  accepted  reason=success  P rel.=-9.489241e-09  objective=-3.219708e+01  upper=-3.219708e+01  gap= 0.000000e+00  wall=0.000000e+00s  cpu=0.000000e+00s  provider=0  solves=0  iterations=0
  certificate  stage=STEP 5  complete  reason=step5_complete  wall=7.853761e-02s  cpu=7.853900e-02s  provider=77  solves=3  iterations=70

STEP 6
  certificate  stage=STEP 6  complete  reason=candidate_set  wall=1.191000e-05s  cpu=1.200000e-05s  provider=0  solves=0  iterations=0

STEP 8
  certificate  stage=STEP 8  complete  reason=unchanged_problem_67  wall=2.290000e-06s  cpu=2.000000e-06s  provider=0  solves=0  iterations=0

STEP 7
  certificate  stage=STEP 7  complete  reason=continue_stage_ii  wall=9.500000e-07s  cpu=1.000000e-06s  provider=0  solves=0  iterations=0

STEP 4
  STAGE II STEP 4  major=48  upper=-3.219708e+01  LP_primal= 7.105427e-15  LP_dual= 1.387779e-17  active_cuts=53  certified
  certificate  stage=STEP 4  complete  reason=step4_complete  wall=3.814280e-04s  cpu=3.820000e-04s  provider=0  solves=1  iterations=1

STEP 5
  certificate  stage=STEP 5 LOCAL  major=48  attempt=198  accepted  reason=success  P rel.=-1.451876e-09  objective=-3.219708e+01  upper=-3.219708e+01  gap=-7.105427e-15  wall=0.000000e+00s  cpu=0.000000e+00s  provider=0  solves=0  iterations=0
  certificate  stage=STEP 5  complete  reason=step5_complete  wall=3.030347e-02s  cpu=3.030400e-02s  provider=28  solves=1  iterations=25

STEP 6
  certificate  stage=STEP 6  complete  reason=candidate_set  wall=1.592000e-05s  cpu=1.600000e-05s  provider=0  solves=0  iterations=0

STEP 8
  certificate  stage=STEP 8  complete  reason=unchanged_problem_67  wall=1.850000e-06s  cpu=2.000000e-06s  provider=0  solves=0  iterations=0

STEP 7
  certificate  stage=STEP 7  complete  reason=continue_stage_ii  wall=9.300000e-07s  cpu=1.000000e-06s  provider=0  solves=0  iterations=0

STEP 4
  STAGE II STEP 4  major=49  upper=-3.219708e+01  LP_primal= 7.105427e-15  LP_dual= 1.387779e-17  active_cuts=54  certified
  certificate  stage=STEP 4  complete  reason=step4_complete  wall=4.655170e-04s  cpu=4.660000e-04s  provider=0  solves=1  iterations=1

STEP 5
  certificate  stage=STEP 5 LOCAL  major=49  attempt=199  accepted  reason=success  P rel.=-1.458553e-09  objective=-3.219708e+01  upper=-3.219708e+01  gap=-7.105427e-15  wall=0.000000e+00s  cpu=0.000000e+00s  provider=0  solves=0  iterations=0
  certificate  stage=STEP 5  complete  reason=step5_complete  wall=2.186827e-02s  cpu=2.186900e-02s  provider=21  solves=1  iterations=18

STEP 6
  certificate  stage=STEP 6  complete  reason=candidate_set  wall=1.395000e-05s  cpu=1.400000e-05s  provider=0  solves=0  iterations=0

STEP 8
  certificate  stage=STEP 8  complete  reason=unchanged_problem_67  wall=1.990000e-06s  cpu=2.000000e-06s  provider=0  solves=0  iterations=0

STEP 7
  certificate  stage=STEP 7  complete  reason=continue_stage_ii  wall=9.400000e-07s  cpu=1.000000e-06s  provider=0  solves=0  iterations=0

STEP 4
  STAGE II STEP 4  major=50  upper=-3.219708e+01  LP_primal= 7.105427e-15  LP_dual= 1.387779e-17  active_cuts=55  certified
  certificate  stage=STEP 4  complete  reason=step4_complete  wall=4.480470e-04s  cpu=4.480000e-04s  provider=0  solves=1  iterations=1

STEP 5
  certificate  stage=STEP 5 LOCAL  major=50  attempt=200  accepted  reason=success  P rel.= 6.794724e-14  objective=-2.930622e+01  upper=-3.219708e+01  gap=-2.890862e+00  wall=0.000000e+00s  cpu=0.000000e+00s  provider=0  solves=0  iterations=0
  certificate  stage=STEP 5 LOCAL  major=50  attempt=201  accepted  reason=success  P rel.=-1.450941e-09  objective=-3.219708e+01  upper=-3.219708e+01  gap= 0.000000e+00  wall=0.000000e+00s  cpu=0.000000e+00s  provider=0  solves=0  iterations=0
  certificate  stage=STEP 5  complete  reason=step5_complete  wall=7.424529e-02s  cpu=7.424700e-02s  provider=51  solves=2  iterations=47

STEP 6
  certificate  stage=STEP 6  complete  reason=candidate_set  wall=1.729000e-05s  cpu=1.800000e-05s  provider=0  solves=0  iterations=0

STEP 8
  certificate  stage=STEP 8  complete  reason=unchanged_problem_67  wall=2.520000e-06s  cpu=2.000000e-06s  provider=0  solves=0  iterations=0

STEP 7
  certificate  stage=STEP 7  complete  reason=continue_stage_ii  wall=1.020000e-06s  cpu=1.000000e-06s  provider=0  solves=0  iterations=0

STEP 4
  STAGE II STEP 4  major=51  upper=-3.219708e+01  LP_primal= 7.105427e-15  LP_dual= 1.387779e-17  active_cuts=56  certified
  certificate  stage=STEP 4  complete  reason=step4_complete  wall=5.391370e-04s  cpu=5.400000e-04s  provider=0  solves=1  iterations=1

STEP 5
  certificate  stage=STEP 5 LOCAL  major=51  attempt=202  accepted  reason=success  P rel.= 4.208994e-14  objective=-2.930622e+01  upper=-3.219708e+01  gap=-2.890862e+00  wall=0.000000e+00s  cpu=0.000000e+00s  provider=0  solves=0  iterations=0
  certificate  stage=STEP 5 LOCAL  major=51  attempt=203  accepted  reason=success  P rel.= 6.511731e-13  objective=-2.930622e+01  upper=-3.219708e+01  gap=-2.890862e+00  wall=0.000000e+00s  cpu=0.000000e+00s  provider=0  solves=0  iterations=0
  certificate  stage=STEP 5 LOCAL  major=51  attempt=204  accepted  reason=success  P rel.= 9.093151e-14  objective=-2.930622e+01  upper=-3.219708e+01  gap=-2.890862e+00  wall=0.000000e+00s  cpu=0.000000e+00s  provider=0  solves=0  iterations=0
  certificate  stage=STEP 5 LOCAL  major=51  attempt=206  accepted  reason=success  P rel.= 6.378135e-14  objective=-2.930622e+01  upper=-3.219708e+01  gap=-2.890862e+00  wall=0.000000e+00s  cpu=0.000000e+00s  provider=0  solves=0  iterations=0
  certificate  stage=STEP 5 LOCAL  major=51  attempt=207  accepted  reason=success  P rel.= 6.378135e-14  objective=-2.930622e+01  upper=-3.219708e+01  gap=-2.890862e+00  wall=0.000000e+00s  cpu=0.000000e+00s  provider=0  solves=0  iterations=0
  certificate  stage=STEP 5 LOCAL  major=51  attempt=208  accepted  reason=success  P rel.=-6.570223e-08  objective=-3.221018e+01  upper=-3.219708e+01  gap= 1.310188e-02  wall=0.000000e+00s  cpu=0.000000e+00s  provider=0  solves=0  iterations=0
  certificate  stage=STEP 5  complete  reason=step5_complete  wall=1.731564e-01s  cpu=1.731420e-01s  provider=152  solves=7  iterations=142

STEP 6
  certificate  stage=STEP 6  complete  reason=candidate_set  wall=1.170000e-05s  cpu=1.100000e-05s  provider=0  solves=0  iterations=0

STEP 8
  certificate  stage=STEP 8  complete  reason=unchanged_problem_67  wall=1.990000e-06s  cpu=2.000000e-06s  provider=0  solves=0  iterations=0

STEP 7
  certificate  stage=STEP 7  complete  reason=continue_stage_ii  wall=9.200000e-07s  cpu=1.000000e-06s  provider=0  solves=0  iterations=0

STEP 4
  STAGE II STEP 4  major=52  upper=-3.219739e+01  LP_primal= 7.105427e-15  LP_dual= 5.551115e-17  active_cuts=57  certified
  certificate  stage=STEP 4  complete  reason=step4_complete  wall=4.169670e-04s  cpu=4.180000e-04s  provider=0  solves=1  iterations=1

STEP 5
  certificate  stage=STEP 5 LOCAL  major=52  attempt=209  accepted  reason=success  P rel.= 1.636193e-13  objective=-2.926716e+01  upper=-3.219739e+01  gap=-2.930229e+00  wall=0.000000e+00s  cpu=0.000000e+00s  provider=0  solves=0  iterations=0
  certificate  stage=STEP 5 LOCAL  major=52  attempt=210  accepted  reason=success  P rel.=-1.565563e-09  objective=-3.220020e+01  upper=-3.219739e+01  gap= 2.814895e-03  wall=0.000000e+00s  cpu=0.000000e+00s  provider=0  solves=0  iterations=0
  certificate  stage=STEP 5  complete  reason=step5_complete  wall=5.060304e-02s  cpu=5.059300e-02s  provider=51  solves=2  iterations=44

STEP 6
  certificate  stage=STEP 6  complete  reason=candidate_set  wall=1.557000e-05s  cpu=1.500000e-05s  provider=0  solves=0  iterations=0

STEP 8
  certificate  stage=STEP 8  complete  reason=step8_complete  wall=9.525487e-02s  cpu=9.524900e-02s  provider=210  solves=2  iterations=15

STEP 9
  certificate  stage=STEP 9  failed  objective=-3.219842e+01  upper=-3.219739e+01  gap= 1.032275e-03  wall=0.000000e+00s  cpu=0.000000e+00s  provider=0  solves=0  iterations=0
  certificate  stage=STEP 9  complete  reason=paper_free_energy_convergence_failed  wall=2.259188e-03s  cpu=2.259000e-03s  provider=3  solves=0  iterations=0

STEP 7
  certificate  stage=STEP 7  complete  reason=continue_stage_ii  wall=1.080000e-06s  cpu=1.000000e-06s  provider=0  solves=0  iterations=0

STEP 4
  STAGE II STEP 4  major=53  upper=-3.219817e+01  LP_primal= 0.000000e+00  LP_dual= 5.551115e-17  active_cuts=58  certified
  certificate  stage=STEP 4  complete  reason=step4_complete  wall=3.334580e-04s  cpu=3.340000e-04s  provider=0  solves=1  iterations=1

STEP 5
  certificate  stage=STEP 5 LOCAL  major=53  attempt=211  accepted  reason=success  P rel.= 6.335039e-14  objective=-2.926794e+01  upper=-3.219817e+01  gap=-2.930229e+00  wall=0.000000e+00s  cpu=0.000000e+00s  provider=0  solves=0  iterations=0
  certificate  stage=STEP 5 LOCAL  major=53  attempt=212  accepted  reason=success  P rel.= 8.346163e-14  objective=-2.926794e+01  upper=-3.219817e+01  gap=-2.930229e+00  wall=0.000000e+00s  cpu=0.000000e+00s  provider=0  solves=0  iterations=0
  certificate  stage=STEP 5 LOCAL  major=53  attempt=213  accepted  reason=success  P rel.= 7.139489e-14  objective=-2.926794e+01  upper=-3.219817e+01  gap=-2.930229e+00  wall=0.000000e+00s  cpu=0.000000e+00s  provider=0  solves=0  iterations=0
  certificate  stage=STEP 5 LOCAL  major=53  attempt=214  accepted  reason=success  P rel.= 3.591292e-14  objective=-2.926794e+01  upper=-3.219817e+01  gap=-2.930229e+00  wall=0.000000e+00s  cpu=0.000000e+00s  provider=0  solves=0  iterations=0
  certificate  stage=STEP 5 LOCAL  major=53  attempt=215  accepted  reason=success  P rel.= 5.142730e-14  objective=-2.926794e+01  upper=-3.219817e+01  gap=-2.930229e+00  wall=0.000000e+00s  cpu=0.000000e+00s  provider=0  solves=0  iterations=0
  certificate  stage=STEP 5 LOCAL  major=53  attempt=216  accepted  reason=success  P rel.= 5.616781e-14  objective=-2.926794e+01  upper=-3.219817e+01  gap=-2.930229e+00  wall=0.000000e+00s  cpu=0.000000e+00s  provider=0  solves=0  iterations=0
  certificate  stage=STEP 5 LOCAL  major=53  attempt=217  accepted  reason=success  P rel.= 2.426277e-13  objective=-2.926794e+01  upper=-3.219817e+01  gap=-2.930229e+00  wall=0.000000e+00s  cpu=0.000000e+00s  provider=0  solves=0  iterations=0
  certificate  stage=STEP 5 LOCAL  major=53  attempt=218  accepted  reason=success  P rel.= 3.979152e-14  objective=-2.926794e+01  upper=-3.219817e+01  gap=-2.930229e+00  wall=0.000000e+00s  cpu=0.000000e+00s  provider=0  solves=0  iterations=0
  certificate  stage=STEP 5 LOCAL  major=53  attempt=219  accepted  reason=success  P rel.= 5.214556e-14  objective=-2.926794e+01  upper=-3.219817e+01  gap=-2.930229e+00  wall=0.000000e+00s  cpu=0.000000e+00s  provider=0  solves=0  iterations=0
  certificate  stage=STEP 5 LOCAL  major=53  attempt=220  accepted  reason=success  P rel.= 6.148292e-14  objective=-2.926794e+01  upper=-3.219817e+01  gap=-2.930229e+00  wall=0.000000e+00s  cpu=0.000000e+00s  provider=0  solves=0  iterations=0
  certificate  stage=STEP 5 LOCAL  major=53  attempt=221  accepted  reason=success  P rel.= 1.241151e-13  objective=-2.926794e+01  upper=-3.219817e+01  gap=-2.930229e+00  wall=0.000000e+00s  cpu=0.000000e+00s  provider=0  solves=0  iterations=0
  certificate  stage=STEP 5 LOCAL  major=53  attempt=222  accepted  reason=success  P rel.= 5.208810e-13  objective=-2.926794e+01  upper=-3.219817e+01  gap=-2.930229e+00  wall=0.000000e+00s  cpu=0.000000e+00s  provider=0  solves=0  iterations=0
  certificate  stage=STEP 5 LOCAL  major=53  attempt=223  accepted  reason=success  P rel.= 5.789163e-14  objective=-2.926794e+01  upper=-3.219817e+01  gap=-2.930229e+00  wall=0.000000e+00s  cpu=0.000000e+00s  provider=0  solves=0  iterations=0
  certificate  stage=STEP 5 LOCAL  major=53  attempt=224  accepted  reason=success  P rel.= 1.863162e-13  objective=-2.926794e+01  upper=-3.219817e+01  gap=-2.930229e+00  wall=0.000000e+00s  cpu=0.000000e+00s  provider=0  solves=0  iterations=0
  certificate  stage=STEP 5 LOCAL  major=53  attempt=225  accepted  reason=success  P rel.= 6.392500e-14  objective=-2.926794e+01  upper=-3.219817e+01  gap=-2.930229e+00  wall=0.000000e+00s  cpu=0.000000e+00s  provider=0  solves=0  iterations=0
  certificate  stage=STEP 5 LOCAL  major=53  attempt=226  accepted  reason=success  P rel.= 5.631146e-14  objective=-2.926794e+01  upper=-3.219817e+01  gap=-2.930229e+00  wall=0.000000e+00s  cpu=0.000000e+00s  provider=0  solves=0  iterations=0
  certificate  stage=STEP 5 LOCAL  major=53  attempt=228  accepted  reason=success  P rel.= 6.823455e-14  objective=-2.926794e+01  upper=-3.219817e+01  gap=-2.930229e+00  wall=0.000000e+00s  cpu=0.000000e+00s  provider=0  solves=0  iterations=0
  certificate  stage=STEP 5 LOCAL  major=53  attempt=229  accepted  reason=success  P rel.= 4.711775e-14  objective=-2.926794e+01  upper=-3.219817e+01  gap=-2.930229e+00  wall=0.000000e+00s  cpu=0.000000e+00s  provider=0  solves=0  iterations=0
  certificate  stage=STEP 5 LOCAL  major=53  attempt=230  accepted  reason=success  P rel.= 5.315112e-14  objective=-2.926794e+01  upper=-3.219817e+01  gap=-2.930229e+00  wall=0.000000e+00s  cpu=0.000000e+00s  provider=0  solves=0  iterations=0
  certificate  stage=STEP 5 LOCAL  major=53  attempt=231  accepted  reason=success  P rel.= 5.559320e-14  objective=-2.926794e+01  upper=-3.219817e+01  gap=-2.930229e+00  wall=0.000000e+00s  cpu=0.000000e+00s  provider=0  solves=0  iterations=0
  certificate  stage=STEP 5 LOCAL  major=53  attempt=232  accepted  reason=success  P rel.= 5.286382e-14  objective=-2.926794e+01  upper=-3.219817e+01  gap=-2.930229e+00  wall=0.000000e+00s  cpu=0.000000e+00s  provider=0  solves=0  iterations=0
  certificate  stage=STEP 5 LOCAL  major=53  attempt=233  accepted  reason=success  P rel.= 6.033371e-14  objective=-2.926794e+01  upper=-3.219817e+01  gap=-2.930229e+00  wall=0.000000e+00s  cpu=0.000000e+00s  provider=0  solves=0  iterations=0
  certificate  stage=STEP 5 LOCAL  major=53  attempt=235  accepted  reason=success  P rel.= 8.461084e-14  objective=-2.926794e+01  upper=-3.219817e+01  gap=-2.930229e+00  wall=0.000000e+00s  cpu=0.000000e+00s  provider=0  solves=0  iterations=0
  certificate  stage=STEP 5 LOCAL  major=53  attempt=236  accepted  reason=success  P rel.= 6.033371e-14  objective=-2.926794e+01  upper=-3.219817e+01  gap=-2.930229e+00  wall=0.000000e+00s  cpu=0.000000e+00s  provider=0  solves=0  iterations=0
  certificate  stage=STEP 5 LOCAL  major=53  attempt=237  accepted  reason=success  P rel.= 4.927253e-14  objective=-2.926794e+01  upper=-3.219817e+01  gap=-2.930229e+00  wall=0.000000e+00s  cpu=0.000000e+00s  provider=0  solves=0  iterations=0
  certificate  stage=STEP 5 LOCAL  major=53  attempt=238  accepted  reason=success  P rel.= 5.172897e-13  objective=-2.926794e+01  upper=-3.219817e+01  gap=-2.930229e+00  wall=0.000000e+00s  cpu=0.000000e+00s  provider=0  solves=0  iterations=0
  certificate  stage=STEP 5 LOCAL  major=53  attempt=239  accepted  reason=success  P rel.= 3.892961e-14  objective=-2.926794e+01  upper=-3.219817e+01  gap=-2.930229e+00  wall=0.000000e+00s  cpu=0.000000e+00s  provider=0  solves=0  iterations=0
  certificate  stage=STEP 5 LOCAL  major=53  attempt=240  accepted  reason=success  P rel.=-1.577092e-09  objective=-3.219817e+01  upper=-3.219817e+01  gap= 3.242671e-06  wall=0.000000e+00s  cpu=0.000000e+00s  provider=0  solves=0  iterations=0
  certificate  stage=STEP 5  complete  reason=step5_complete  wall=7.145398e-01s  cpu=7.144820e-01s  provider=703  solves=30  iterations=659

STEP 6
  certificate  stage=STEP 6  complete  reason=candidate_set  wall=1.725000e-05s  cpu=1.800000e-05s  provider=0  solves=0  iterations=0

STEP 8
  certificate  stage=STEP 8  complete  reason=step8_complete  wall=9.073249e-02s  cpu=9.071400e-02s  provider=230  solves=2  iterations=20

STEP 9
  certificate  stage=STEP 9  failed  objective=-3.219842e+01  upper=-3.219817e+01  gap= 2.493313e-04  wall=0.000000e+00s  cpu=0.000000e+00s  provider=0  solves=0  iterations=0
  certificate  stage=STEP 9  complete  reason=paper_free_energy_convergence_failed  wall=2.262927e-03s  cpu=2.263000e-03s  provider=3  solves=0  iterations=0

STEP 7
  certificate  stage=STEP 7  complete  reason=continue_stage_ii  wall=1.210000e-06s  cpu=1.000000e-06s  provider=0  solves=0  iterations=0

STEP 4
  STAGE II STEP 4  major=54  upper=-3.219817e+01  LP_primal= 0.000000e+00  LP_dual= 1.387779e-17  active_cuts=59  certified
  certificate  stage=STEP 4  complete  reason=step4_complete  wall=3.255880e-04s  cpu=3.260000e-04s  provider=0  solves=1  iterations=1

STEP 5
  certificate  stage=STEP 5 LOCAL  major=54  attempt=241  accepted  reason=success  P rel.= 4.826696e-14  objective=-2.926794e+01  upper=-3.219817e+01  gap=-2.930229e+00  wall=0.000000e+00s  cpu=0.000000e+00s  provider=0  solves=0  iterations=0
  certificate  stage=STEP 5 LOCAL  major=54  attempt=242  accepted  reason=success  P rel.= 2.206490e-13  objective=-2.926794e+01  upper=-3.219817e+01  gap=-2.930229e+00  wall=0.000000e+00s  cpu=0.000000e+00s  provider=0  solves=0  iterations=0
  certificate  stage=STEP 5 LOCAL  major=54  attempt=243  accepted  reason=success  P rel.=-1.564138e-09  objective=-3.219817e+01  upper=-3.219817e+01  gap= 4.341416e-12  wall=0.000000e+00s  cpu=0.000000e+00s  provider=0  solves=0  iterations=0
  certificate  stage=STEP 5  complete  reason=step5_complete  wall=7.321014e-02s  cpu=7.320400e-02s  provider=72  solves=3  iterations=66

STEP 6
  certificate  stage=STEP 6  complete  reason=candidate_set  wall=1.620000e-05s  cpu=1.600000e-05s  provider=0  solves=0  iterations=0

STEP 8
  certificate  stage=STEP 8  complete  reason=step8_complete  wall=5.303579e-02s  cpu=5.303600e-02s  provider=108  solves=1  iterations=13

STEP 9
  certificate  stage=STEP 9  failed  objective=-3.219842e+01  upper=-3.219817e+01  gap= 2.484273e-04  wall=0.000000e+00s  cpu=0.000000e+00s  provider=0  solves=0  iterations=0
  certificate  stage=STEP 9  complete  reason=paper_free_energy_convergence_failed  wall=2.262987e-03s  cpu=2.263000e-03s  provider=3  solves=0  iterations=0

STEP 7
  certificate  stage=STEP 7  complete  reason=continue_stage_ii  wall=1.160000e-06s  cpu=1.000000e-06s  provider=0  solves=0  iterations=0

STEP 4
  STAGE II STEP 4  major=55  upper=-3.219817e+01  LP_primal= 4.341416e-12  LP_dual= 1.387779e-17  active_cuts=60  certified
  certificate  stage=STEP 4  complete  reason=step4_complete  wall=3.434380e-04s  cpu=3.430000e-04s  provider=0  solves=1  iterations=1

STEP 5
  certificate  stage=STEP 5 LOCAL  major=55  attempt=244  accepted  reason=success  P rel.= 3.332719e-13  objective=-2.926794e+01  upper=-3.219817e+01  gap=-2.930229e+00  wall=0.000000e+00s  cpu=0.000000e+00s  provider=0  solves=0  iterations=0
  certificate  stage=STEP 5 LOCAL  major=55  attempt=245  accepted  reason=success  P rel.= 5.573685e-14  objective=-2.926794e+01  upper=-3.219817e+01  gap=-2.930229e+00  wall=0.000000e+00s  cpu=0.000000e+00s  provider=0  solves=0  iterations=0
  certificate  stage=STEP 5 LOCAL  major=55  attempt=246  accepted  reason=success  P rel.= 4.711775e-14  objective=-2.926794e+01  upper=-3.219817e+01  gap=-2.930229e+00  wall=0.000000e+00s  cpu=0.000000e+00s  provider=0  solves=0  iterations=0
  certificate  stage=STEP 5 LOCAL  major=55  attempt=247  accepted  reason=success  P rel.= 5.789163e-14  objective=-2.926794e+01  upper=-3.219817e+01  gap=-2.930229e+00  wall=0.000000e+00s  cpu=0.000000e+00s  provider=0  solves=0  iterations=0
  certificate  stage=STEP 5 LOCAL  major=55  attempt=248  accepted  reason=success  P rel.=-3.028371e-08  objective=-3.220141e+01  upper=-3.219817e+01  gap= 3.243261e-03  wall=0.000000e+00s  cpu=0.000000e+00s  provider=0  solves=0  iterations=0
  certificate  stage=STEP 5  complete  reason=step5_complete  wall=1.360185e-01s  cpu=1.360010e-01s  provider=133  solves=5  iterations=116

STEP 6
  certificate  stage=STEP 6  complete  reason=candidate_set  wall=1.849000e-05s  cpu=1.800000e-05s  provider=0  solves=0  iterations=0

STEP 8
  certificate  stage=STEP 8  complete  reason=step8_complete  wall=7.710762e-02s  cpu=7.710900e-02s  provider=186  solves=2  iterations=16

STEP 9
  certificate  stage=STEP 9  failed  objective=-3.219928e+01  upper=-3.219817e+01  gap= 1.113865e-03  wall=0.000000e+00s  cpu=0.000000e+00s  provider=0  solves=0  iterations=0
  certificate  stage=STEP 9  complete  reason=paper_free_energy_convergence_failed  wall=2.241447e-03s  cpu=2.242000e-03s  provider=3  solves=0  iterations=0

STEP 7
  certificate  stage=STEP 7  complete  reason=continue_stage_ii  wall=1.060000e-06s  cpu=1.000000e-06s  provider=0  solves=0  iterations=0

STEP 4
  STAGE II STEP 4  major=56  upper=-3.219914e+01  LP_primal= 0.000000e+00  LP_dual= 1.387779e-17  active_cuts=61  certified
  certificate  stage=STEP 4  complete  reason=step4_complete  wall=3.479980e-04s  cpu=3.490000e-04s  provider=0  solves=1  iterations=1

STEP 5
  certificate  stage=STEP 5 LOCAL  major=56  attempt=249  accepted  reason=success  P rel.= 2.384618e-14  objective=-2.925168e+01  upper=-3.219914e+01  gap=-2.947454e+00  wall=0.000000e+00s  cpu=0.000000e+00s  provider=0  solves=0  iterations=0
  certificate  stage=STEP 5 LOCAL  major=56  attempt=250  accepted  reason=success  P rel.= 3.734944e-14  objective=-2.925168e+01  upper=-3.219914e+01  gap=-2.947454e+00  wall=0.000000e+00s  cpu=0.000000e+00s  provider=0  solves=0  iterations=0
  certificate  stage=STEP 5 LOCAL  major=56  attempt=251  accepted  reason=success  P rel.= 6.665438e-14  objective=-2.925168e+01  upper=-3.219914e+01  gap=-2.947454e+00  wall=0.000000e+00s  cpu=0.000000e+00s  provider=0  solves=0  iterations=0
  certificate  stage=STEP 5 LOCAL  major=56  attempt=253  accepted  reason=success  P rel.= 6.987218e-13  objective=-2.925168e+01  upper=-3.219914e+01  gap=-2.947454e+00  wall=0.000000e+00s  cpu=0.000000e+00s  provider=0  solves=0  iterations=0
  certificate  stage=STEP 5 LOCAL  major=56  attempt=254  accepted  reason=success  P rel.=-1.662023e-09  objective=-3.219998e+01  upper=-3.219914e+01  gap= 8.453195e-04  wall=0.000000e+00s  cpu=0.000000e+00s  provider=0  solves=0  iterations=0
  certificate  stage=STEP 5  complete  reason=step5_complete  wall=1.263305e-01s  cpu=1.263320e-01s  provider=124  solves=6  iterations=111

STEP 6
  certificate  stage=STEP 6  complete  reason=candidate_set  wall=1.829000e-05s  cpu=1.800000e-05s  provider=0  solves=0  iterations=0

STEP 8
  certificate  stage=STEP 8  complete  reason=step8_complete  wall=7.940268e-02s  cpu=7.940400e-02s  provider=194  solves=2  iterations=16

STEP 9
  certificate  stage=STEP 9  failed  objective=-3.219950e+01  upper=-3.219914e+01  gap= 3.632344e-04  wall=0.000000e+00s  cpu=0.000000e+00s  provider=0  solves=0  iterations=0
  certificate  stage=STEP 9  complete  reason=paper_free_energy_convergence_failed  wall=2.254448e-03s  cpu=2.254000e-03s  provider=3  solves=0  iterations=0

STEP 7
  certificate  stage=STEP 7  complete  reason=continue_stage_ii  wall=9.800000e-07s  cpu=1.000000e-06s  provider=0  solves=0  iterations=0

STEP 4
  STAGE II STEP 4  major=57  upper=-3.219938e+01  LP_primal= 7.105427e-15  LP_dual= 1.387779e-17  active_cuts=62  certified
  certificate  stage=STEP 4  complete  reason=step4_complete  wall=3.496680e-04s  cpu=3.500000e-04s  provider=0  solves=1  iterations=1

STEP 5
  certificate  stage=STEP 5 LOCAL  major=57  attempt=255  accepted  reason=success  P rel.=-1.645998e-09  objective=-3.219938e+01  upper=-3.219938e+01  gap= 3.296383e-07  wall=0.000000e+00s  cpu=0.000000e+00s  provider=0  solves=0  iterations=0
  certificate  stage=STEP 5  complete  reason=step5_complete  wall=2.040011e-02s  cpu=2.040100e-02s  provider=20  solves=1  iterations=18

STEP 6
  certificate  stage=STEP 6  complete  reason=candidate_set  wall=1.784000e-05s  cpu=1.700000e-05s  provider=0  solves=0  iterations=0

STEP 8
  certificate  stage=STEP 8  complete  reason=step8_complete  wall=5.663739e-02s  cpu=5.663300e-02s  provider=132  solves=1  iterations=14

STEP 9
  certificate  stage=STEP 9  failed  objective=-3.219950e+01  upper=-3.219938e+01  gap= 1.186777e-04  wall=0.000000e+00s  cpu=0.000000e+00s  provider=0  solves=0  iterations=0
  certificate  stage=STEP 9  complete  reason=paper_free_energy_convergence_failed  wall=2.269928e-03s  cpu=2.270000e-03s  provider=3  solves=0  iterations=0

STEP 7
  certificate  stage=STEP 7  complete  reason=continue_stage_ii  wall=1.100000e-06s  cpu=1.000000e-06s  provider=0  solves=0  iterations=0

STEP 4
  STAGE II STEP 4  major=58  upper=-3.219938e+01  LP_primal= 7.105427e-15  LP_dual= 6.938894e-18  active_cuts=63  certified
  certificate  stage=STEP 4  complete  reason=step4_complete  wall=3.622780e-04s  cpu=3.620000e-04s  provider=0  solves=1  iterations=1

STEP 5
  certificate  stage=STEP 5 LOCAL  major=58  attempt=258  accepted  reason=success  P rel.= 6.062101e-14  objective=-2.925193e+01  upper=-3.219938e+01  gap=-2.947454e+00  wall=0.000000e+00s  cpu=0.000000e+00s  provider=0  solves=0  iterations=0
  certificate  stage=STEP 5 LOCAL  major=58  attempt=259  accepted  reason=success  P rel.= 4.898522e-14  objective=-2.925193e+01  upper=-3.219938e+01  gap=-2.947454e+00  wall=0.000000e+00s  cpu=0.000000e+00s  provider=0  solves=0  iterations=0
  certificate  stage=STEP 5 LOCAL  major=58  attempt=260  accepted  reason=success  P rel.=-2.066204e-09  objective=-3.219938e+01  upper=-3.219938e+01  gap= 6.394885e-14  wall=0.000000e+00s  cpu=0.000000e+00s  provider=0  solves=0  iterations=0
  certificate  stage=STEP 5  complete  reason=step5_complete  wall=7.936926e-02s  cpu=7.937000e-02s  provider=80  solves=5  iterations=70

STEP 6
  certificate  stage=STEP 6  complete  reason=candidate_set  wall=1.807900e-05s  cpu=1.800000e-05s  provider=0  solves=0  iterations=0

STEP 8
  certificate  stage=STEP 8  complete  reason=step8_complete  wall=5.746416e-02s  cpu=5.746600e-02s  provider=132  solves=1  iterations=14

STEP 9
  certificate  stage=STEP 9  failed  objective=-3.219950e+01  upper=-3.219938e+01  gap= 1.185822e-04  wall=0.000000e+00s  cpu=0.000000e+00s  provider=0  solves=0  iterations=0
  certificate  stage=STEP 9  complete  reason=paper_free_energy_convergence_failed  wall=2.233728e-03s  cpu=2.233000e-03s  provider=3  solves=0  iterations=0

STEP 7
  certificate  stage=STEP 7  complete  reason=continue_stage_ii  wall=1.130000e-06s  cpu=1.000000e-06s  provider=0  solves=0  iterations=0

STEP 4
  STAGE II STEP 4  major=59  upper=-3.219938e+01  LP_primal= 6.394885e-14  LP_dual= 6.938894e-18  active_cuts=64  certified
  certificate  stage=STEP 4  complete  reason=step4_complete  wall=4.082870e-04s  cpu=4.090000e-04s  provider=0  solves=1  iterations=1

STEP 5
  certificate  stage=STEP 5 LOCAL  major=59  attempt=261  accepted  reason=success  P rel.=-1.218655e-07  objective=-3.220019e+01  upper=-3.219938e+01  gap= 8.073526e-04  wall=0.000000e+00s  cpu=0.000000e+00s  provider=0  solves=0  iterations=0
  certificate  stage=STEP 5  complete  reason=step5_complete  wall=2.525603e-02s  cpu=2.525700e-02s  provider=24  solves=1  iterations=23

STEP 6
  certificate  stage=STEP 6  complete  reason=candidate_set  wall=1.876000e-05s  cpu=1.900000e-05s  provider=0  solves=0  iterations=0

STEP 8
  certificate  stage=STEP 8  complete  reason=step8_complete  wall=8.813230e-02s  cpu=8.812600e-02s  provider=202  solves=2  iterations=19

STEP 9
  certificate  stage=STEP 9  failed  objective=-3.219987e+01  upper=-3.219938e+01  gap= 4.895704e-04  wall=0.000000e+00s  cpu=0.000000e+00s  provider=0  solves=0  iterations=0
  certificate  stage=STEP 9  complete  reason=paper_free_energy_convergence_failed  wall=2.237398e-03s  cpu=2.237000e-03s  provider=3  solves=0  iterations=0

STEP 7
  certificate  stage=STEP 7  complete  reason=continue_stage_ii  wall=1.010000e-06s  cpu=1.000000e-06s  provider=0  solves=0  iterations=0

STEP 4
  STAGE II STEP 4  major=60  upper=-3.219982e+01  LP_primal= 7.105427e-15  LP_dual= 4.163336e-17  active_cuts=65  certified
  certificate  stage=STEP 4  complete  reason=step4_complete  wall=3.478090e-04s  cpu=3.480000e-04s  provider=0  solves=1  iterations=1

STEP 5
  certificate  stage=STEP 5 LOCAL  major=60  attempt=262  accepted  reason=success  P rel.= 3.282441e-13  objective=-2.925855e+01  upper=-3.219982e+01  gap=-2.941264e+00  wall=0.000000e+00s  cpu=0.000000e+00s  provider=0  solves=0  iterations=0
  certificate  stage=STEP 5 LOCAL  major=60  attempt=263  accepted  reason=success  P rel.= 7.326236e-14  objective=-2.925855e+01  upper=-3.219982e+01  gap=-2.941264e+00  wall=0.000000e+00s  cpu=0.000000e+00s  provider=0  solves=0  iterations=0
  certificate  stage=STEP 5 LOCAL  major=60  attempt=264  accepted  reason=success  P rel.= 6.062101e-14  objective=-2.925855e+01  upper=-3.219982e+01  gap=-2.941264e+00  wall=0.000000e+00s  cpu=0.000000e+00s  provider=0  solves=0  iterations=0
  certificate  stage=STEP 5 LOCAL  major=60  attempt=265  accepted  reason=success  P rel.= 7.038932e-14  objective=-2.925855e+01  upper=-3.219982e+01  gap=-2.941264e+00  wall=0.000000e+00s  cpu=0.000000e+00s  provider=0  solves=0  iterations=0
  certificate  stage=STEP 5 LOCAL  major=60  attempt=266  accepted  reason=success  P rel.= 5.659876e-14  objective=-2.925855e+01  upper=-3.219982e+01  gap=-2.941264e+00  wall=0.000000e+00s  cpu=0.000000e+00s  provider=0  solves=0  iterations=0
  certificate  stage=STEP 5 LOCAL  major=60  attempt=267  accepted  reason=success  P rel.= 5.329477e-14  objective=-2.925855e+01  upper=-3.219982e+01  gap=-2.941264e+00  wall=0.000000e+00s  cpu=0.000000e+00s  provider=0  solves=0  iterations=0
  certificate  stage=STEP 5 LOCAL  major=60  attempt=268  accepted  reason=success  P rel.= 3.648753e-14  objective=-2.925855e+01  upper=-3.219982e+01  gap=-2.941264e+00  wall=0.000000e+00s  cpu=0.000000e+00s  provider=0  solves=0  iterations=0
  certificate  stage=STEP 5 LOCAL  major=60  attempt=269  accepted  reason=success  P rel.= 3.102876e-14  objective=-2.925855e+01  upper=-3.219982e+01  gap=-2.941264e+00  wall=0.000000e+00s  cpu=0.000000e+00s  provider=0  solves=0  iterations=0
  certificate  stage=STEP 5 LOCAL  major=60  attempt=270  accepted  reason=success  P rel.=-1.609631e-09  objective=-3.220003e+01  upper=-3.219982e+01  gap= 2.127173e-04  wall=0.000000e+00s  cpu=0.000000e+00s  provider=0  solves=0  iterations=0
  certificate  stage=STEP 5  complete  reason=step5_complete  wall=2.376151e-01s  cpu=2.375500e-01s  provider=236  solves=9  iterations=216

STEP 6
  certificate  stage=STEP 6  complete  reason=candidate_set  wall=1.897000e-05s  cpu=1.900000e-05s  provider=0  solves=0  iterations=0

STEP 8
  certificate  stage=STEP 8  complete  reason=step8_complete  wall=3.477437e-01s  cpu=3.477310e-01s  provider=1098  solves=2  iterations=88

STEP 9
  certificate  stage=STEP 9  failed  objective=-3.219991e+01  upper=-3.219982e+01  gap= 9.824221e-05  wall=0.000000e+00s  cpu=0.000000e+00s  provider=0  solves=0  iterations=0
  certificate  stage=STEP 9  complete  reason=paper_potential_convergence_failed  wall=2.272687e-03s  cpu=2.273000e-03s  provider=3  solves=0  iterations=0

STEP 7
  certificate  stage=STEP 7  complete  reason=continue_stage_ii  wall=1.200000e-06s  cpu=1.000000e-06s  provider=0  solves=0  iterations=0

STEP 4
  STAGE II STEP 4  major=61  upper=-3.219987e+01  LP_primal= 0.000000e+00  LP_dual= 1.387779e-17  active_cuts=66  certified
  certificate  stage=STEP 4  complete  reason=step4_complete  wall=3.681780e-04s  cpu=3.690000e-04s  provider=0  solves=1  iterations=1

STEP 5
  certificate  stage=STEP 5 LOCAL  major=61  attempt=271  accepted  reason=success  P rel.= 5.803528e-14  objective=-2.925916e+01  upper=-3.219987e+01  gap=-2.940716e+00  wall=0.000000e+00s  cpu=0.000000e+00s  provider=0  solves=0  iterations=0
  certificate  stage=STEP 5 LOCAL  major=61  attempt=272  accepted  reason=success  P rel.= 6.320674e-14  objective=-2.925916e+01  upper=-3.219987e+01  gap=-2.940716e+00  wall=0.000000e+00s  cpu=0.000000e+00s  provider=0  solves=0  iterations=0
  certificate  stage=STEP 5 LOCAL  major=61  attempt=273  accepted  reason=success  P rel.=-8.998490e-08  objective=-3.219988e+01  upper=-3.219987e+01  gap= 8.979624e-07  wall=0.000000e+00s  cpu=0.000000e+00s  provider=0  solves=0  iterations=0
  certificate  stage=STEP 5  complete  reason=step5_complete  wall=8.058319e-02s  cpu=8.057800e-02s  provider=80  solves=3  iterations=73

STEP 6
  certificate  stage=STEP 6  complete  reason=candidate_set  wall=2.038000e-05s  cpu=2.100000e-05s  provider=0  solves=0  iterations=0

STEP 8
  certificate  stage=STEP 8  complete  reason=step8_complete  wall=8.539814e-02s  cpu=8.538500e-02s  provider=231  solves=1  iterations=25

STEP 9
  certificate  stage=STEP 9  failed  objective=-3.219991e+01  upper=-3.219987e+01  gap= 3.944562e-05  wall=0.000000e+00s  cpu=0.000000e+00s  provider=0  solves=0  iterations=0
  certificate  stage=STEP 9  complete  reason=paper_potential_convergence_failed  wall=2.218408e-03s  cpu=2.219000e-03s  provider=3  solves=0  iterations=0

STEP 7
  certificate  stage=STEP 7  complete  reason=continue_stage_ii  wall=1.080000e-06s  cpu=1.000000e-06s  provider=0  solves=0  iterations=0

STEP 4
  STAGE II STEP 4  major=62  upper=-3.219987e+01  LP_primal= 7.105427e-15  LP_dual= 5.551115e-17  active_cuts=67  certified
  certificate  stage=STEP 4  complete  reason=step4_complete  wall=3.712980e-04s  cpu=3.720000e-04s  provider=0  solves=1  iterations=1

STEP 5
  certificate  stage=STEP 5 LOCAL  major=62  attempt=274  accepted  reason=success  P rel.= 5.746067e-14  objective=-2.925916e+01  upper=-3.219987e+01  gap=-2.940716e+00  wall=0.000000e+00s  cpu=0.000000e+00s  provider=0  solves=0  iterations=0
  certificate  stage=STEP 5 LOCAL  major=62  attempt=275  accepted  reason=success  P rel.= 4.668680e-14  objective=-2.925916e+01  upper=-3.219987e+01  gap=-2.940716e+00  wall=0.000000e+00s  cpu=0.000000e+00s  provider=0  solves=0  iterations=0
  certificate  stage=STEP 5 LOCAL  major=62  attempt=276  accepted  reason=success  P rel.=-1.622629e-09  objective=-3.219987e+01  upper=-3.219987e+01  gap= 3.552714e-13  wall=0.000000e+00s  cpu=0.000000e+00s  provider=0  solves=0  iterations=0
  certificate  stage=STEP 5  complete  reason=step5_complete  wall=8.189597e-02s  cpu=8.189100e-02s  provider=84  solves=3  iterations=71

STEP 6
  certificate  stage=STEP 6  complete  reason=candidate_set  wall=1.929000e-05s  cpu=1.900000e-05s  provider=0  solves=0  iterations=0

STEP 8
  certificate  stage=STEP 8  complete  reason=step8_complete  wall=8.518719e-02s  cpu=8.517400e-02s  provider=231  solves=1  iterations=25

STEP 9
  certificate  stage=STEP 9  failed  objective=-3.219991e+01  upper=-3.219987e+01  gap= 3.919101e-05  wall=0.000000e+00s  cpu=0.000000e+00s  provider=0  solves=0  iterations=0
  certificate  stage=STEP 9  complete  reason=paper_potential_convergence_failed  wall=2.156498e-03s  cpu=2.156000e-03s  provider=3  solves=0  iterations=0

STEP 7
  certificate  stage=STEP 7  complete  reason=continue_stage_ii  wall=1.110000e-06s  cpu=1.000000e-06s  provider=0  solves=0  iterations=0

STEP 4
  STAGE II STEP 4  major=63  upper=-3.219987e+01  LP_primal= 0.000000e+00  LP_dual= 5.551115e-17  active_cuts=68  certified
  certificate  stage=STEP 4  complete  reason=step4_complete  wall=3.837680e-04s  cpu=3.840000e-04s  provider=0  solves=1  iterations=1

STEP 5
  certificate  stage=STEP 5 LOCAL  major=63  attempt=277  accepted  reason=success  P rel.= 1.492541e-13  objective=-2.925916e+01  upper=-3.219987e+01  gap=-2.940716e+00  wall=0.000000e+00s  cpu=0.000000e+00s  provider=0  solves=0  iterations=0
  certificate  stage=STEP 5 LOCAL  major=63  attempt=278  accepted  reason=success  P rel.= 4.036612e-14  objective=-2.925916e+01  upper=-3.219987e+01  gap=-2.940716e+00  wall=0.000000e+00s  cpu=0.000000e+00s  provider=0  solves=0  iterations=0
  certificate  stage=STEP 5 LOCAL  major=63  attempt=279  accepted  reason=success  P rel.= 1.404913e-13  objective=-2.925916e+01  upper=-3.219987e+01  gap=-2.940716e+00  wall=0.000000e+00s  cpu=0.000000e+00s  provider=0  solves=0  iterations=0
  certificate  stage=STEP 5 LOCAL  major=63  attempt=280  accepted  reason=success  P rel.= 4.797966e-14  objective=-2.925916e+01  upper=-3.219987e+01  gap=-2.940716e+00  wall=0.000000e+00s  cpu=0.000000e+00s  provider=0  solves=0  iterations=0
  certificate  stage=STEP 5 LOCAL  major=63  attempt=281  accepted  reason=success  P rel.=-1.608563e-09  objective=-3.219987e+01  upper=-3.219987e+01  gap=-7.105427e-15  wall=0.000000e+00s  cpu=0.000000e+00s  provider=0  solves=0  iterations=0
  certificate  stage=STEP 5  complete  reason=step5_complete  wall=1.211166e-01s  cpu=1.211060e-01s  provider=124  solves=5  iterations=113

STEP 6
  certificate  stage=STEP 6  complete  reason=candidate_set  wall=1.858000e-05s  cpu=1.900000e-05s  provider=0  solves=0  iterations=0

STEP 8
  certificate  stage=STEP 8  complete  reason=step8_complete  wall=8.459933e-02s  cpu=8.458700e-02s  provider=231  solves=1  iterations=25

STEP 9
  certificate  stage=STEP 9  failed  objective=-3.219991e+01  upper=-3.219987e+01  gap= 3.919101e-05  wall=0.000000e+00s  cpu=0.000000e+00s  provider=0  solves=0  iterations=0
  certificate  stage=STEP 9  complete  reason=paper_potential_convergence_failed  wall=2.163258e-03s  cpu=2.164000e-03s  provider=3  solves=0  iterations=0

STEP 7
  certificate  stage=STEP 7  complete  reason=continue_stage_ii  wall=9.900000e-07s  cpu=1.000000e-06s  provider=0  solves=0  iterations=0

STEP 4
  STAGE II STEP 4  major=64  upper=-3.219987e+01  LP_primal= 0.000000e+00  LP_dual= 6.938894e-18  active_cuts=69  certified
  certificate  stage=STEP 4  complete  reason=step4_complete  wall=3.757880e-04s  cpu=3.760000e-04s  provider=0  solves=1  iterations=1

STEP 5
  certificate  stage=STEP 5 LOCAL  major=64  attempt=282  accepted  reason=success  P rel.=-1.605536e-09  objective=-3.219987e+01  upper=-3.219987e+01  gap=-7.105427e-15  wall=0.000000e+00s  cpu=0.000000e+00s  provider=0  solves=0  iterations=0
  certificate  stage=STEP 5  complete  reason=step5_complete  wall=2.024303e-02s  cpu=2.021500e-02s  provider=20  solves=1  iterations=19

STEP 6
  certificate  stage=STEP 6  complete  reason=candidate_set  wall=1.685000e-05s  cpu=1.700000e-05s  provider=0  solves=0  iterations=0

STEP 8
  certificate  stage=STEP 8  complete  reason=step8_complete  wall=8.441995e-02s  cpu=8.441400e-02s  provider=231  solves=1  iterations=25

STEP 9
  certificate  stage=STEP 9  failed  objective=-3.219991e+01  upper=-3.219987e+01  gap= 3.919101e-05  wall=0.000000e+00s  cpu=0.000000e+00s  provider=0  solves=0  iterations=0
  certificate  stage=STEP 9  complete  reason=paper_potential_convergence_failed  wall=2.195428e-03s  cpu=2.196000e-03s  provider=3  solves=0  iterations=0

STEP 7
  certificate  stage=STEP 7  complete  reason=continue_stage_ii  wall=1.020000e-06s  cpu=1.000000e-06s  provider=0  solves=0  iterations=0

STEP 4
  STAGE II STEP 4  major=65  upper=-3.219987e+01  LP_primal= 7.105427e-15  LP_dual= 1.387779e-17  active_cuts=70  certified
  certificate  stage=STEP 4  complete  reason=step4_complete  wall=3.810780e-04s  cpu=3.810000e-04s  provider=0  solves=1  iterations=1

STEP 5
  certificate  stage=STEP 5 LOCAL  major=65  attempt=283  accepted  reason=success  P rel.= 5.027809e-14  objective=-2.925916e+01  upper=-3.219987e+01  gap=-2.940716e+00  wall=0.000000e+00s  cpu=0.000000e+00s  provider=0  solves=0  iterations=0
  certificate  stage=STEP 5 LOCAL  major=65  attempt=284  accepted  reason=success  P rel.=-1.604378e-09  objective=-3.219987e+01  upper=-3.219987e+01  gap= 7.105427e-15  wall=0.000000e+00s  cpu=0.000000e+00s  provider=0  solves=0  iterations=0
  certificate  stage=STEP 5  complete  reason=step5_complete  wall=4.388566e-02s  cpu=4.387600e-02s  provider=44  solves=2  iterations=41

STEP 6
  certificate  stage=STEP 6  complete  reason=candidate_set  wall=1.939000e-05s  cpu=2.000000e-05s  provider=0  solves=0  iterations=0

STEP 8
  certificate  stage=STEP 8  complete  reason=step8_complete  wall=8.443405e-02s  cpu=8.443500e-02s  provider=231  solves=1  iterations=25

STEP 9
  certificate  stage=STEP 9  failed  objective=-3.219991e+01  upper=-3.219987e+01  gap= 3.919101e-05  wall=0.000000e+00s  cpu=0.000000e+00s  provider=0  solves=0  iterations=0
  certificate  stage=STEP 9  complete  reason=paper_potential_convergence_failed  wall=2.147498e-03s  cpu=2.148000e-03s  provider=3  solves=0  iterations=0

STEP 7
  certificate  stage=STEP 7  complete  reason=continue_stage_ii  wall=9.500000e-07s  cpu=1.000000e-06s  provider=0  solves=0  iterations=0

STEP 4
  STAGE II STEP 4  major=66  upper=-3.219987e+01  LP_primal= 7.105427e-15  LP_dual= 1.387779e-17  active_cuts=71  certified
  certificate  stage=STEP 4  complete  reason=step4_complete  wall=3.769280e-04s  cpu=3.770000e-04s  provider=0  solves=1  iterations=1

STEP 5
  certificate  stage=STEP 5 LOCAL  major=66  attempt=285  accepted  reason=success  P rel.=-1.620492e-09  objective=-3.219987e+01  upper=-3.219987e+01  gap= 7.105427e-15  wall=0.000000e+00s  cpu=0.000000e+00s  provider=0  solves=0  iterations=0
  certificate  stage=STEP 5  complete  reason=step5_complete  wall=2.278160e-02s  cpu=2.278200e-02s  provider=23  solves=1  iterations=20

STEP 6
  certificate  stage=STEP 6  complete  reason=candidate_set  wall=1.880000e-05s  cpu=1.900000e-05s  provider=0  solves=0  iterations=0

STEP 8
  certificate  stage=STEP 8  complete  reason=step8_complete  wall=8.478721e-02s  cpu=8.478800e-02s  provider=231  solves=1  iterations=25

STEP 9
  certificate  stage=STEP 9  failed  objective=-3.219991e+01  upper=-3.219987e+01  gap= 3.919101e-05  wall=0.000000e+00s  cpu=0.000000e+00s  provider=0  solves=0  iterations=0
  certificate  stage=STEP 9  complete  reason=paper_potential_convergence_failed  wall=2.126508e-03s  cpu=2.126000e-03s  provider=3  solves=0  iterations=0

STEP 7
  certificate  stage=STEP 7  complete  reason=continue_stage_ii  wall=1.080000e-06s  cpu=2.000000e-06s  provider=0  solves=0  iterations=0

STEP 4
  STAGE II STEP 4  major=67  upper=-3.219987e+01  LP_primal= 7.105427e-15  LP_dual= 1.387779e-17  active_cuts=72  certified
  certificate  stage=STEP 4  complete  reason=step4_complete  wall=3.957480e-04s  cpu=3.960000e-04s  provider=0  solves=1  iterations=1

STEP 5
  certificate  stage=STEP 5 LOCAL  major=67  attempt=287  accepted  reason=success  P rel.= 3.095694e-13  objective=-2.925916e+01  upper=-3.219987e+01  gap=-2.940716e+00  wall=0.000000e+00s  cpu=0.000000e+00s  provider=0  solves=0  iterations=0
  certificate  stage=STEP 5 LOCAL  major=67  attempt=288  accepted  reason=success  P rel.=-1.593651e-09  objective=-3.219987e+01  upper=-3.219987e+01  gap= 0.000000e+00  wall=0.000000e+00s  cpu=0.000000e+00s  provider=0  solves=0  iterations=0
  certificate  stage=STEP 5  complete  reason=step5_complete  wall=4.601593e-02s  cpu=4.601700e-02s  provider=50  solves=3  iterations=42

STEP 6
  certificate  stage=STEP 6  complete  reason=candidate_set  wall=2.092900e-05s  cpu=2.100000e-05s  provider=0  solves=0  iterations=0

STEP 8
  certificate  stage=STEP 8  complete  reason=step8_complete  wall=8.502289e-02s  cpu=8.502400e-02s  provider=231  solves=1  iterations=25

STEP 9
  certificate  stage=STEP 9  failed  objective=-3.219991e+01  upper=-3.219987e+01  gap= 3.919101e-05  wall=0.000000e+00s  cpu=0.000000e+00s  provider=0  solves=0  iterations=0
  certificate  stage=STEP 9  complete  reason=paper_potential_convergence_failed  wall=2.181547e-03s  cpu=2.182000e-03s  provider=3  solves=0  iterations=0

STEP 7
  certificate  stage=STEP 7  complete  reason=continue_stage_ii  wall=8.800000e-07s  cpu=1.000000e-06s  provider=0  solves=0  iterations=0

STEP 4
  STAGE II STEP 4  major=68  upper=-3.219987e+01  LP_primal= 7.105427e-15  LP_dual= 1.387779e-17  active_cuts=73  certified
  certificate  stage=STEP 4  complete  reason=step4_complete  wall=3.641080e-04s  cpu=3.650000e-04s  provider=0  solves=1  iterations=1

STEP 5
  certificate  stage=STEP 5 LOCAL  major=68  attempt=289  accepted  reason=success  P rel.= 6.320674e-14  objective=-2.925916e+01  upper=-3.219987e+01  gap=-2.940716e+00  wall=0.000000e+00s  cpu=0.000000e+00s  provider=0  solves=0  iterations=0
  certificate  stage=STEP 5 LOCAL  major=68  attempt=290  accepted  reason=success  P rel.= 6.564882e-14  objective=-2.925916e+01  upper=-3.219987e+01  gap=-2.940716e+00  wall=0.000000e+00s  cpu=0.000000e+00s  provider=0  solves=0  iterations=0
  certificate  stage=STEP 5 LOCAL  major=68  attempt=291  accepted  reason=success  P rel.=-1.594140e-09  objective=-3.219987e+01  upper=-3.219987e+01  gap= 7.105427e-15  wall=0.000000e+00s  cpu=0.000000e+00s  provider=0  solves=0  iterations=0
  certificate  stage=STEP 5  complete  reason=step5_complete  wall=7.119453e-02s  cpu=7.119500e-02s  provider=72  solves=3  iterations=65

STEP 6
  certificate  stage=STEP 6  complete  reason=candidate_set  wall=2.045000e-05s  cpu=2.000000e-05s  provider=0  solves=0  iterations=0

STEP 8
  certificate  stage=STEP 8  complete  reason=step8_complete  wall=8.581372e-02s  cpu=8.578800e-02s  provider=231  solves=1  iterations=25

STEP 9
  certificate  stage=STEP 9  failed  objective=-3.219991e+01  upper=-3.219987e+01  gap= 3.919101e-05  wall=0.000000e+00s  cpu=0.000000e+00s  provider=0  solves=0  iterations=0
  certificate  stage=STEP 9  complete  reason=paper_potential_convergence_failed  wall=2.191228e-03s  cpu=2.191000e-03s  provider=3  solves=0  iterations=0

STEP 7
  certificate  stage=STEP 7  complete  reason=continue_stage_ii  wall=1.020000e-06s  cpu=1.000000e-06s  provider=0  solves=0  iterations=0

STEP 4
  STAGE II STEP 4  major=69  upper=-3.219987e+01  LP_primal= 7.105427e-15  LP_dual= 1.387779e-17  active_cuts=74  certified
  certificate  stage=STEP 4  complete  reason=step4_complete  wall=3.832180e-04s  cpu=3.840000e-04s  provider=0  solves=1  iterations=1

STEP 5
  certificate  stage=STEP 5 LOCAL  major=69  attempt=292  accepted  reason=success  P rel.= 4.410107e-14  objective=-2.925916e+01  upper=-3.219987e+01  gap=-2.940716e+00  wall=0.000000e+00s  cpu=0.000000e+00s  provider=0  solves=0  iterations=0
  certificate  stage=STEP 5 LOCAL  major=69  attempt=293  accepted  reason=success  P rel.=-1.606292e-09  objective=-3.219987e+01  upper=-3.219987e+01  gap= 7.105427e-15  wall=0.000000e+00s  cpu=0.000000e+00s  provider=0  solves=0  iterations=0
  certificate  stage=STEP 5  complete  reason=step5_complete  wall=4.608908e-02s  cpu=4.608900e-02s  provider=46  solves=2  iterations=44

STEP 6
  certificate  stage=STEP 6  complete  reason=candidate_set  wall=1.980900e-05s  cpu=2.000000e-05s  provider=0  solves=0  iterations=0

STEP 8
  certificate  stage=STEP 8  complete  reason=step8_complete  wall=8.526216e-02s  cpu=8.526300e-02s  provider=231  solves=1  iterations=25

STEP 9
  certificate  stage=STEP 9  failed  objective=-3.219991e+01  upper=-3.219987e+01  gap= 3.919101e-05  wall=0.000000e+00s  cpu=0.000000e+00s  provider=0  solves=0  iterations=0
  certificate  stage=STEP 9  complete  reason=paper_potential_convergence_failed  wall=2.222157e-03s  cpu=2.222000e-03s  provider=3  solves=0  iterations=0

STEP 7
  certificate  stage=STEP 7  complete  reason=continue_stage_ii  wall=1.180000e-06s  cpu=1.000000e-06s  provider=0  solves=0  iterations=0

STEP 4
  STAGE II STEP 4  major=70  upper=-3.219987e+01  LP_primal= 7.105427e-15  LP_dual= 1.387779e-17  active_cuts=75  certified
  certificate  stage=STEP 4  complete  reason=step4_complete  wall=3.744180e-04s  cpu=3.750000e-04s  provider=0  solves=1  iterations=1

STEP 5
  certificate  stage=STEP 5 LOCAL  major=70  attempt=294  accepted  reason=success  P rel.= 1.416406e-13  objective=-2.925916e+01  upper=-3.219987e+01  gap=-2.940716e+00  wall=0.000000e+00s  cpu=0.000000e+00s  provider=0  solves=0  iterations=0
  certificate  stage=STEP 5 LOCAL  major=70  attempt=295  accepted  reason=success  P rel.=-3.004548e-08  objective=-3.220008e+01  upper=-3.219987e+01  gap= 2.023372e-04  wall=0.000000e+00s  cpu=0.000000e+00s  provider=0  solves=0  iterations=0
  certificate  stage=STEP 5  complete  reason=step5_complete  wall=4.407920e-02s  cpu=4.408000e-02s  provider=44  solves=2  iterations=42

STEP 6
  certificate  stage=STEP 6  complete  reason=candidate_set  wall=2.075000e-05s  cpu=2.100000e-05s  provider=0  solves=0  iterations=0

STEP 8
  certificate  stage=STEP 8  complete  reason=step8_complete  wall=1.012269e-01s  cpu=1.012200e-01s  provider=226  solves=2  iterations=24

STEP 9
  certificate  stage=STEP 9  failed  objective=-3.219991e+01  upper=-3.219987e+01  gap= 3.919101e-05  wall=0.000000e+00s  cpu=0.000000e+00s  provider=0  solves=0  iterations=0
  certificate  stage=STEP 9  complete  reason=paper_potential_convergence_failed  wall=2.191398e-03s  cpu=2.192000e-03s  provider=3  solves=0  iterations=0

STEP 7
  certificate  stage=STEP 7  complete  reason=continue_stage_ii  wall=8.900000e-07s  cpu=1.000000e-06s  provider=0  solves=0  iterations=0

STEP 4
  STAGE II STEP 4  major=71  upper=-3.219989e+01  LP_primal= 0.000000e+00  LP_dual= 1.387779e-17  active_cuts=76  certified
  certificate  stage=STEP 4  complete  reason=step4_complete  wall=3.569980e-04s  cpu=3.570000e-04s  provider=0  solves=1  iterations=1

STEP 5
  certificate  stage=STEP 5 LOCAL  major=71  attempt=297  accepted  reason=success  P rel.= 5.042174e-13  objective=-2.925533e+01  upper=-3.219989e+01  gap=-2.944552e+00  wall=0.000000e+00s  cpu=0.000000e+00s  provider=0  solves=0  iterations=0
  certificate  stage=STEP 5 LOCAL  major=71  attempt=298  accepted  reason=success  P rel.= 5.386938e-14  objective=-2.925533e+01  upper=-3.219989e+01  gap=-2.944552e+00  wall=0.000000e+00s  cpu=0.000000e+00s  provider=0  solves=0  iterations=0
  certificate  stage=STEP 5 LOCAL  major=71  attempt=299  accepted  reason=success  P rel.=-1.648402e-09  objective=-3.219993e+01  upper=-3.219989e+01  gap= 4.540066e-05  wall=0.000000e+00s  cpu=0.000000e+00s  provider=0  solves=0  iterations=0
  certificate  stage=STEP 5  complete  reason=step5_complete  wall=6.775628e-02s  cpu=6.775700e-02s  provider=70  solves=4  iterations=63

STEP 6
  certificate  stage=STEP 6  complete  reason=candidate_set  wall=2.168000e-05s  cpu=2.100000e-05s  provider=0  solves=0  iterations=0

STEP 8
  certificate  stage=STEP 8  complete  reason=step8_complete  wall=1.108241e-01s  cpu=1.107640e-01s  provider=270  solves=2  iterations=27

STEP 9
  certificate  stage=STEP 9  failed  objective=-3.219992e+01  upper=-3.219989e+01  gap= 3.547789e-05  wall=0.000000e+00s  cpu=0.000000e+00s  provider=0  solves=0  iterations=0
  certificate  stage=STEP 9  complete  reason=paper_potential_convergence_failed  wall=2.193367e-03s  cpu=2.193000e-03s  provider=3  solves=0  iterations=0

STEP 7
  certificate  stage=STEP 7  complete  reason=continue_stage_ii  wall=1.010000e-06s  cpu=1.000000e-06s  provider=0  solves=0  iterations=0

STEP 4
  STAGE II STEP 4  major=72  upper=-3.219990e+01  LP_primal= 0.000000e+00  LP_dual= 0.000000e+00  active_cuts=77  certified
  certificate  stage=STEP 4  complete  reason=step4_complete  wall=3.761780e-04s  cpu=3.770000e-04s  provider=0  solves=1  iterations=1

STEP 5
  certificate  stage=STEP 5 LOCAL  major=72  attempt=300  accepted  reason=success  P rel.= 6.794724e-14  objective=-2.925535e+01  upper=-3.219990e+01  gap=-2.944552e+00  wall=0.000000e+00s  cpu=0.000000e+00s  provider=0  solves=0  iterations=0
  certificate  stage=STEP 5 LOCAL  major=72  attempt=301  accepted  reason=success  P rel.= 7.053298e-14  objective=-2.925535e+01  upper=-3.219990e+01  gap=-2.944552e+00  wall=0.000000e+00s  cpu=0.000000e+00s  provider=0  solves=0  iterations=0
  certificate  stage=STEP 5 LOCAL  major=72  attempt=302  accepted  reason=success  P rel.= 6.780359e-14  objective=-2.925535e+01  upper=-3.219990e+01  gap=-2.944552e+00  wall=0.000000e+00s  cpu=0.000000e+00s  provider=0  solves=0  iterations=0
  certificate  stage=STEP 5 LOCAL  major=72  attempt=304  accepted  reason=success  P rel.= 5.315112e-14  objective=-2.925535e+01  upper=-3.219990e+01  gap=-2.944552e+00  wall=0.000000e+00s  cpu=0.000000e+00s  provider=0  solves=0  iterations=0
  certificate  stage=STEP 5 LOCAL  major=72  attempt=305  accepted  reason=success  P rel.= 4.726140e-14  objective=-2.925535e+01  upper=-3.219990e+01  gap=-2.944552e+00  wall=0.000000e+00s  cpu=0.000000e+00s  provider=0  solves=0  iterations=0
  certificate  stage=STEP 5 LOCAL  major=72  attempt=307  accepted  reason=success  P rel.=-1.628237e-09  objective=-3.219990e+01  upper=-3.219990e+01  gap= 9.234284e-10  wall=0.000000e+00s  cpu=0.000000e+00s  provider=0  solves=0  iterations=0
  certificate  stage=STEP 5  complete  reason=step5_complete  wall=1.568502e-01s  cpu=1.568310e-01s  provider=163  solves=8  iterations=139

STEP 6
  certificate  stage=STEP 6  complete  reason=candidate_set  wall=2.357000e-05s  cpu=2.400000e-05s  provider=0  solves=0  iterations=0

STEP 8
  certificate  stage=STEP 8  complete  reason=step8_complete  wall=8.142330e-02s  cpu=8.140300e-02s  provider=189  solves=1  iterations=24

STEP 9
  certificate  stage=STEP 9  failed  objective=-3.219992e+01  upper=-3.219990e+01  gap= 2.247705e-05  wall=0.000000e+00s  cpu=0.000000e+00s  provider=0  solves=0  iterations=0
  certificate  stage=STEP 9  complete  reason=paper_potential_convergence_failed  wall=2.202478e-03s  cpu=2.203000e-03s  provider=3  solves=0  iterations=0

STEP 7
  certificate  stage=STEP 7  complete  reason=continue_stage_ii  wall=1.540000e-06s  cpu=2.000000e-06s  provider=0  solves=0  iterations=0

STEP 4
  STAGE II STEP 4  major=73  upper=-3.219990e+01  LP_primal= 7.105427e-15  LP_dual= 5.551115e-17  active_cuts=78  certified
  certificate  stage=STEP 4  complete  reason=step4_complete  wall=4.544380e-04s  cpu=4.550000e-04s  provider=0  solves=1  iterations=1

STEP 5
  certificate  stage=STEP 5 LOCAL  major=73  attempt=308  accepted  reason=success  P rel.= 9.164977e-14  objective=-2.925535e+01  upper=-3.219990e+01  gap=-2.944552e+00  wall=0.000000e+00s  cpu=0.000000e+00s  provider=0  solves=0  iterations=0
  certificate  stage=STEP 5 LOCAL  major=73  attempt=309  accepted  reason=success  P rel.= 4.869792e-14  objective=-2.925535e+01  upper=-3.219990e+01  gap=-2.944552e+00  wall=0.000000e+00s  cpu=0.000000e+00s  provider=0  solves=0  iterations=0
  certificate  stage=STEP 5 LOCAL  major=73  attempt=310  accepted  reason=success  P rel.= 4.453202e-14  objective=-2.925535e+01  upper=-3.219990e+01  gap=-2.944552e+00  wall=0.000000e+00s  cpu=0.000000e+00s  provider=0  solves=0  iterations=0
  certificate  stage=STEP 5 LOCAL  major=73  attempt=311  accepted  reason=success  P rel.= 7.757191e-14  objective=-2.925535e+01  upper=-3.219990e+01  gap=-2.944552e+00  wall=0.000000e+00s  cpu=0.000000e+00s  provider=0  solves=0  iterations=0
  certificate  stage=STEP 5 LOCAL  major=73  attempt=312  accepted  reason=success  P rel.= 6.909646e-14  objective=-2.925535e+01  upper=-3.219990e+01  gap=-2.944552e+00  wall=0.000000e+00s  cpu=0.000000e+00s  provider=0  solves=0  iterations=0
  certificate  stage=STEP 5 LOCAL  major=73  attempt=313  accepted  reason=success  P rel.=-1.630463e-09  objective=-3.219990e+01  upper=-3.219990e+01  gap= 1.421085e-14  wall=0.000000e+00s  cpu=0.000000e+00s  provider=0  solves=0  iterations=0
  certificate  stage=STEP 5  complete  reason=step5_complete  wall=1.490598e-01s  cpu=1.490470e-01s  provider=149  solves=6  iterations=143

STEP 6
  certificate  stage=STEP 6  complete  reason=candidate_set  wall=2.223000e-05s  cpu=2.200000e-05s  provider=0  solves=0  iterations=0

STEP 8
  certificate  stage=STEP 8  complete  reason=step8_complete  wall=8.087132e-02s  cpu=8.086500e-02s  provider=189  solves=1  iterations=24

STEP 9
  certificate  stage=STEP 9  failed  objective=-3.219992e+01  upper=-3.219990e+01  gap= 2.247678e-05  wall=0.000000e+00s  cpu=0.000000e+00s  provider=0  solves=0  iterations=0
  certificate  stage=STEP 9  complete  reason=paper_potential_convergence_failed  wall=2.194498e-03s  cpu=2.195000e-03s  provider=3  solves=0  iterations=0

STEP 7
  certificate  stage=STEP 7  complete  reason=continue_stage_ii  wall=1.130000e-06s  cpu=1.000000e-06s  provider=0  solves=0  iterations=0

STEP 4
  STAGE II STEP 4  major=74  upper=-3.219990e+01  LP_primal= 7.105427e-15  LP_dual= 1.387779e-17  active_cuts=79  certified
  certificate  stage=STEP 4  complete  reason=step4_complete  wall=3.849870e-04s  cpu=3.860000e-04s  provider=0  solves=1  iterations=1

STEP 5
  certificate  stage=STEP 5 LOCAL  major=74  attempt=314  accepted  reason=success  P rel.= 3.964786e-14  objective=-2.925535e+01  upper=-3.219990e+01  gap=-2.944552e+00  wall=0.000000e+00s  cpu=0.000000e+00s  provider=0  solves=0  iterations=0
  certificate  stage=STEP 5 LOCAL  major=74  attempt=315  accepted  reason=success  P rel.= 6.220118e-14  objective=-2.925535e+01  upper=-3.219990e+01  gap=-2.944552e+00  wall=0.000000e+00s  cpu=0.000000e+00s  provider=0  solves=0  iterations=0
  certificate  stage=STEP 5 LOCAL  major=74  attempt=316  accepted  reason=success  P rel.= 2.427713e-14  objective=-2.925535e+01  upper=-3.219990e+01  gap=-2.944552e+00  wall=0.000000e+00s  cpu=0.000000e+00s  provider=0  solves=0  iterations=0
  certificate  stage=STEP 5 LOCAL  major=74  attempt=317  accepted  reason=success  P rel.= 5.731702e-14  objective=-2.925535e+01  upper=-3.219990e+01  gap=-2.944552e+00  wall=0.000000e+00s  cpu=0.000000e+00s  provider=0  solves=0  iterations=0
  certificate  stage=STEP 5 LOCAL  major=74  attempt=318  accepted  reason=success  P rel.= 6.636708e-14  objective=-2.925535e+01  upper=-3.219990e+01  gap=-2.944552e+00  wall=0.000000e+00s  cpu=0.000000e+00s  provider=0  solves=0  iterations=0
  certificate  stage=STEP 5 LOCAL  major=74  attempt=319  accepted  reason=success  P rel.= 5.128365e-14  objective=-2.925535e+01  upper=-3.219990e+01  gap=-2.944552e+00  wall=0.000000e+00s  cpu=0.000000e+00s  provider=0  solves=0  iterations=0
  certificate  stage=STEP 5 LOCAL  major=74  attempt=320  accepted  reason=success  P rel.= 6.234483e-14  objective=-2.925535e+01  upper=-3.219990e+01  gap=-2.944552e+00  wall=0.000000e+00s  cpu=0.000000e+00s  provider=0  solves=0  iterations=0
  certificate  stage=STEP 5 LOCAL  major=74  attempt=321  accepted  reason=success  P rel.= 5.932814e-13  objective=-2.925535e+01  upper=-3.219990e+01  gap=-2.944552e+00  wall=0.000000e+00s  cpu=0.000000e+00s  provider=0  solves=0  iterations=0
  certificate  stage=STEP 5 LOCAL  major=74  attempt=322  accepted  reason=success  P rel.= 5.659876e-14  objective=-2.925535e+01  upper=-3.219990e+01  gap=-2.944552e+00  wall=0.000000e+00s  cpu=0.000000e+00s  provider=0  solves=0  iterations=0
  certificate  stage=STEP 5 LOCAL  major=74  attempt=323  accepted  reason=success  P rel.= 5.315112e-14  objective=-2.925535e+01  upper=-3.219990e+01  gap=-2.944552e+00  wall=0.000000e+00s  cpu=0.000000e+00s  provider=0  solves=0  iterations=0
  certificate  stage=STEP 5 LOCAL  major=74  attempt=324  accepted  reason=success  P rel.=-1.648090e-09  objective=-3.219990e+01  upper=-3.219990e+01  gap= 0.000000e+00  wall=0.000000e+00s  cpu=0.000000e+00s  provider=0  solves=0  iterations=0
  certificate  stage=STEP 5  complete  reason=step5_complete  wall=2.667404e-01s  cpu=2.667160e-01s  provider=271  solves=11  iterations=249

STEP 6
  certificate  stage=STEP 6  complete  reason=candidate_set  wall=2.370000e-05s  cpu=2.300000e-05s  provider=0  solves=0  iterations=0

STEP 8
  certificate  stage=STEP 8  complete  reason=step8_complete  wall=7.983840e-02s  cpu=7.982400e-02s  provider=189  solves=1  iterations=24

STEP 9
  certificate  stage=STEP 9  failed  objective=-3.219992e+01  upper=-3.219990e+01  gap= 2.247678e-05  wall=0.000000e+00s  cpu=0.000000e+00s  provider=0  solves=0  iterations=0
  certificate  stage=STEP 9  complete  reason=paper_potential_convergence_failed  wall=2.169688e-03s  cpu=2.170000e-03s  provider=3  solves=0  iterations=0

STEP 7
  certificate  stage=STEP 7  complete  reason=continue_stage_ii  wall=1.090000e-06s  cpu=1.000000e-06s  provider=0  solves=0  iterations=0

STEP 4
  STAGE II STEP 4  major=75  upper=-3.219990e+01  LP_primal= 0.000000e+00  LP_dual= 2.081668e-17  active_cuts=80  certified
  certificate  stage=STEP 4  complete  reason=step4_complete  wall=4.643180e-04s  cpu=4.640000e-04s  provider=0  solves=1  iterations=1

STEP 5
  certificate  stage=STEP 5 LOCAL  major=75  attempt=325  accepted  reason=success  P rel.= 7.067663e-14  objective=-2.925535e+01  upper=-3.219990e+01  gap=-2.944552e+00  wall=0.000000e+00s  cpu=0.000000e+00s  provider=0  solves=0  iterations=0
  certificate  stage=STEP 5 LOCAL  major=75  attempt=326  accepted  reason=success  P rel.= 6.622342e-14  objective=-2.925535e+01  upper=-3.219990e+01  gap=-2.944552e+00  wall=0.000000e+00s  cpu=0.000000e+00s  provider=0  solves=0  iterations=0
  certificate  stage=STEP 5 LOCAL  major=75  attempt=327  accepted  reason=success  P rel.=-1.621294e-09  objective=-3.219990e+01  upper=-3.219990e+01  gap=-1.421085e-14  wall=0.000000e+00s  cpu=0.000000e+00s  provider=0  solves=0  iterations=0
  certificate  stage=STEP 5  complete  reason=step5_complete  wall=7.339179e-02s  cpu=7.338500e-02s  provider=74  solves=3  iterations=67

STEP 6
  certificate  stage=STEP 6  complete  reason=candidate_set  wall=2.375000e-05s  cpu=2.400000e-05s  provider=0  solves=0  iterations=0

STEP 8
  certificate  stage=STEP 8  complete  reason=step8_complete  wall=8.089640e-02s  cpu=8.088100e-02s  provider=189  solves=1  iterations=24

STEP 9
  certificate  stage=STEP 9  failed  objective=-3.219992e+01  upper=-3.219990e+01  gap= 2.247678e-05  wall=0.000000e+00s  cpu=0.000000e+00s  provider=0  solves=0  iterations=0
  certificate  stage=STEP 9  complete  reason=paper_potential_convergence_failed  wall=2.210318e-03s  cpu=2.210000e-03s  provider=3  solves=0  iterations=0

STEP 7
  certificate  stage=STEP 7  complete  reason=continue_stage_ii  wall=1.070000e-06s  cpu=1.000000e-06s  provider=0  solves=0  iterations=0

STEP 4
  STAGE II STEP 4  major=76  upper=-3.219990e+01  LP_primal= 7.105427e-15  LP_dual= 0.000000e+00  active_cuts=81  certified
  certificate  stage=STEP 4  complete  reason=step4_complete  wall=4.438580e-04s  cpu=4.440000e-04s  provider=0  solves=1  iterations=1

STEP 5
  certificate  stage=STEP 5 LOCAL  major=76  attempt=328  accepted  reason=success  P rel.=-1.292442e-08  objective=-3.219990e+01  upper=-3.219990e+01  gap= 7.105427e-15  wall=0.000000e+00s  cpu=0.000000e+00s  provider=0  solves=0  iterations=0
  certificate  stage=STEP 5  complete  reason=step5_complete  wall=2.451910e-02s  cpu=2.452000e-02s  provider=24  solves=1  iterations=21

STEP 6
  certificate  stage=STEP 6  complete  reason=candidate_set  wall=2.282000e-05s  cpu=2.300000e-05s  provider=0  solves=0  iterations=0

STEP 8
  certificate  stage=STEP 8  complete  reason=step8_complete  wall=8.122679e-02s  cpu=8.121300e-02s  provider=189  solves=1  iterations=24

STEP 9
  certificate  stage=STEP 9  failed  objective=-3.219992e+01  upper=-3.219990e+01  gap= 2.247678e-05  wall=0.000000e+00s  cpu=0.000000e+00s  provider=0  solves=0  iterations=0
  certificate  stage=STEP 9  complete  reason=paper_potential_convergence_failed  wall=2.189147e-03s  cpu=2.189000e-03s  provider=3  solves=0  iterations=0

STEP 7
  certificate  stage=STEP 7  complete  reason=continue_stage_ii  wall=1.100000e-06s  cpu=1.000000e-06s  provider=0  solves=0  iterations=0

STEP 4
  STAGE II STEP 4  major=77  upper=-3.219990e+01  LP_primal= 0.000000e+00  LP_dual= 1.387779e-17  active_cuts=82  certified
  certificate  stage=STEP 4  complete  reason=step4_complete  wall=4.253480e-04s  cpu=4.260000e-04s  provider=0  solves=1  iterations=1

STEP 5
  certificate  stage=STEP 5 LOCAL  major=77  attempt=329  accepted  reason=success  P rel.= 4.812331e-14  objective=-2.925535e+01  upper=-3.219990e+01  gap=-2.944552e+00  wall=0.000000e+00s  cpu=0.000000e+00s  provider=0  solves=0  iterations=0
  certificate  stage=STEP 5 LOCAL  major=77  attempt=330  accepted  reason=success  P rel.= 6.564882e-14  objective=-2.925535e+01  upper=-3.219990e+01  gap=-2.944552e+00  wall=0.000000e+00s  cpu=0.000000e+00s  provider=0  solves=0  iterations=0
  certificate  stage=STEP 5 LOCAL  major=77  attempt=331  accepted  reason=success  P rel.= 4.467567e-14  objective=-2.925535e+01  upper=-3.219990e+01  gap=-2.944552e+00  wall=0.000000e+00s  cpu=0.000000e+00s  provider=0  solves=0  iterations=0
  certificate  stage=STEP 5 LOCAL  major=77  attempt=332  accepted  reason=success  P rel.= 1.904821e-13  objective=-2.925535e+01  upper=-3.219990e+01  gap=-2.944552e+00  wall=0.000000e+00s  cpu=0.000000e+00s  provider=0  solves=0  iterations=0
  certificate  stage=STEP 5 LOCAL  major=77  attempt=333  accepted  reason=success  P rel.= 5.588050e-14  objective=-2.925535e+01  upper=-3.219990e+01  gap=-2.944552e+00  wall=0.000000e+00s  cpu=0.000000e+00s  provider=0  solves=0  iterations=0
  certificate  stage=STEP 5 LOCAL  major=77  attempt=334  accepted  reason=success  P rel.= 2.039854e-13  objective=-2.925535e+01  upper=-3.219990e+01  gap=-2.944552e+00  wall=0.000000e+00s  cpu=0.000000e+00s  provider=0  solves=0  iterations=0
  certificate  stage=STEP 5 LOCAL  major=77  attempt=335  accepted  reason=success  P rel.= 5.171460e-14  objective=-2.925535e+01  upper=-3.219990e+01  gap=-2.944552e+00  wall=0.000000e+00s  cpu=0.000000e+00s  provider=0  solves=0  iterations=0
  certificate  stage=STEP 5 LOCAL  major=77  attempt=336  accepted  reason=success  P rel.= 6.133927e-14  objective=-2.925535e+01  upper=-3.219990e+01  gap=-2.944552e+00  wall=0.000000e+00s  cpu=0.000000e+00s  provider=0  solves=0  iterations=0
  certificate  stage=STEP 5 LOCAL  major=77  attempt=337  accepted  reason=success  P rel.= 3.993517e-14  objective=-2.925535e+01  upper=-3.219990e+01  gap=-2.944552e+00  wall=0.000000e+00s  cpu=0.000000e+00s  provider=0  solves=0  iterations=0
  certificate  stage=STEP 5 LOCAL  major=77  attempt=338  accepted  reason=success  P rel.= 4.810895e-13  objective=-2.925535e+01  upper=-3.219990e+01  gap=-2.944552e+00  wall=0.000000e+00s  cpu=0.000000e+00s  provider=0  solves=0  iterations=0
  certificate  stage=STEP 5 LOCAL  major=77  attempt=339  accepted  reason=success  P rel.= 4.496298e-14  objective=-2.925535e+01  upper=-3.219990e+01  gap=-2.944552e+00  wall=0.000000e+00s  cpu=0.000000e+00s  provider=0  solves=0  iterations=0
  certificate  stage=STEP 5 LOCAL  major=77  attempt=340  accepted  reason=success  P rel.= 6.191387e-14  objective=-2.925535e+01  upper=-3.219990e+01  gap=-2.944552e+00  wall=0.000000e+00s  cpu=0.000000e+00s  provider=0  solves=0  iterations=0
  certificate  stage=STEP 5 LOCAL  major=77  attempt=341  accepted  reason=success  P rel.= 4.481932e-14  objective=-2.925535e+01  upper=-3.219990e+01  gap=-2.944552e+00  wall=0.000000e+00s  cpu=0.000000e+00s  provider=0  solves=0  iterations=0
  certificate  stage=STEP 5 LOCAL  major=77  attempt=342  accepted  reason=success  P rel.= 4.754871e-14  objective=-2.925535e+01  upper=-3.219990e+01  gap=-2.944552e+00  wall=0.000000e+00s  cpu=0.000000e+00s  provider=0  solves=0  iterations=0
  certificate  stage=STEP 5 LOCAL  major=77  attempt=343  accepted  reason=success  P rel.= 1.251206e-13  objective=-2.925535e+01  upper=-3.219990e+01  gap=-2.944552e+00  wall=0.000000e+00s  cpu=0.000000e+00s  provider=0  solves=0  iterations=0
  certificate  stage=STEP 5 LOCAL  major=77  attempt=344  accepted  reason=success  P rel.= 6.076466e-14  objective=-2.925535e+01  upper=-3.219990e+01  gap=-2.944552e+00  wall=0.000000e+00s  cpu=0.000000e+00s  provider=0  solves=0  iterations=0
  certificate  stage=STEP 5 LOCAL  major=77  attempt=345  accepted  reason=success  P rel.=-1.611679e-09  objective=-3.219990e+01  upper=-3.219990e+01  gap=-7.105427e-15  wall=0.000000e+00s  cpu=0.000000e+00s  provider=0  solves=0  iterations=0
  certificate  stage=STEP 5  complete  reason=step5_complete  wall=4.209751e-01s  cpu=4.209670e-01s  provider=417  solves=17  iterations=394

STEP 6
  certificate  stage=STEP 6  complete  reason=candidate_set  wall=2.448000e-05s  cpu=2.500000e-05s  provider=0  solves=0  iterations=0

STEP 8
  certificate  stage=STEP 8  complete  reason=step8_complete  wall=7.949944e-02s  cpu=7.950000e-02s  provider=189  solves=1  iterations=24

STEP 9
  certificate  stage=STEP 9  failed  objective=-3.219992e+01  upper=-3.219990e+01  gap= 2.247678e-05  wall=0.000000e+00s  cpu=0.000000e+00s  provider=0  solves=0  iterations=0
  certificate  stage=STEP 9  complete  reason=paper_potential_convergence_failed  wall=2.164918e-03s  cpu=2.165000e-03s  provider=3  solves=0  iterations=0

STEP 7
  certificate  stage=STEP 7  complete  reason=continue_stage_ii  wall=9.600000e-07s  cpu=1.000000e-06s  provider=0  solves=0  iterations=0

STEP 4
  STAGE II STEP 4  major=78  upper=-3.219990e+01  LP_primal= 0.000000e+00  LP_dual= 1.387779e-17  active_cuts=83  certified
  certificate  stage=STEP 4  complete  reason=step4_complete  wall=3.958780e-04s  cpu=3.960000e-04s  provider=0  solves=1  iterations=1

STEP 5
  certificate  stage=STEP 5 LOCAL  major=78  attempt=346  accepted  reason=success  P rel.= 6.392500e-14  objective=-2.925535e+01  upper=-3.219990e+01  gap=-2.944552e+00  wall=0.000000e+00s  cpu=0.000000e+00s  provider=0  solves=0  iterations=0
  certificate  stage=STEP 5 LOCAL  major=78  attempt=347  accepted  reason=success  P rel.= 5.487494e-14  objective=-2.925535e+01  upper=-3.219990e+01  gap=-2.944552e+00  wall=0.000000e+00s  cpu=0.000000e+00s  provider=0  solves=0  iterations=0
  certificate  stage=STEP 5 LOCAL  major=78  attempt=348  accepted  reason=success  P rel.= 3.835500e-14  objective=-2.925535e+01  upper=-3.219990e+01  gap=-2.944552e+00  wall=0.000000e+00s  cpu=0.000000e+00s  provider=0  solves=0  iterations=0
  certificate  stage=STEP 5 LOCAL  major=78  attempt=349  accepted  reason=success  P rel.= 3.174702e-14  objective=-2.925535e+01  upper=-3.219990e+01  gap=-2.944552e+00  wall=0.000000e+00s  cpu=0.000000e+00s  provider=0  solves=0  iterations=0
  certificate  stage=STEP 5 LOCAL  major=78  attempt=350  accepted  reason=success  P rel.=-1.639010e-09  objective=-3.219990e+01  upper=-3.219990e+01  gap=-7.105427e-15  wall=0.000000e+00s  cpu=0.000000e+00s  provider=0  solves=0  iterations=0
  certificate  stage=STEP 5  complete  reason=step5_complete  wall=1.131365e-01s  cpu=1.131380e-01s  provider=115  solves=5  iterations=108

STEP 6
  certificate  stage=STEP 6  complete  reason=candidate_set  wall=2.264900e-05s  cpu=2.300000e-05s  provider=0  solves=0  iterations=0

STEP 8
  certificate  stage=STEP 8  complete  reason=step8_complete  wall=7.950787e-02s  cpu=7.949500e-02s  provider=189  solves=1  iterations=24

STEP 9
  certificate  stage=STEP 9  failed  objective=-3.219992e+01  upper=-3.219990e+01  gap= 2.247678e-05  wall=0.000000e+00s  cpu=0.000000e+00s  provider=0  solves=0  iterations=0
  certificate  stage=STEP 9  complete  reason=paper_potential_convergence_failed  wall=2.171688e-03s  cpu=2.171000e-03s  provider=3  solves=0  iterations=0

STEP 7
  certificate  stage=STEP 7  complete  reason=continue_stage_ii  wall=1.220000e-06s  cpu=1.000000e-06s  provider=0  solves=0  iterations=0

STEP 4
  STAGE II STEP 4  major=79  upper=-3.219990e+01  LP_primal= 0.000000e+00  LP_dual= 1.387779e-17  active_cuts=84  certified
  certificate  stage=STEP 4  complete  reason=step4_complete  wall=4.183870e-04s  cpu=4.190000e-04s  provider=0  solves=1  iterations=1

STEP 5
  certificate  stage=STEP 5 LOCAL  major=79  attempt=351  accepted  reason=success  P rel.= 5.588050e-14  objective=-2.925535e+01  upper=-3.219990e+01  gap=-2.944552e+00  wall=0.000000e+00s  cpu=0.000000e+00s  provider=0  solves=0  iterations=0
  certificate  stage=STEP 5 LOCAL  major=79  attempt=352  accepted  reason=success  P rel.= 1.458065e-13  objective=-2.925535e+01  upper=-3.219990e+01  gap=-2.944552e+00  wall=0.000000e+00s  cpu=0.000000e+00s  provider=0  solves=0  iterations=0
  certificate  stage=STEP 5 LOCAL  major=79  attempt=353  accepted  reason=success  P rel.= 5.358208e-14  objective=-2.925535e+01  upper=-3.219990e+01  gap=-2.944552e+00  wall=0.000000e+00s  cpu=0.000000e+00s  provider=0  solves=0  iterations=0
  certificate  stage=STEP 5 LOCAL  major=79  attempt=354  accepted  reason=success  P rel.= 5.338096e-13  objective=-2.925535e+01  upper=-3.219990e+01  gap=-2.944552e+00  wall=0.000000e+00s  cpu=0.000000e+00s  provider=0  solves=0  iterations=0
  certificate  stage=STEP 5 LOCAL  major=79  attempt=355  accepted  reason=success  P rel.= 7.570444e-14  objective=-2.925535e+01  upper=-3.219990e+01  gap=-2.944552e+00  wall=0.000000e+00s  cpu=0.000000e+00s  provider=0  solves=0  iterations=0
  certificate  stage=STEP 5 LOCAL  major=79  attempt=356  accepted  reason=success  P rel.= 6.909646e-14  objective=-2.925535e+01  upper=-3.219990e+01  gap=-2.944552e+00  wall=0.000000e+00s  cpu=0.000000e+00s  provider=0  solves=0  iterations=0
  certificate  stage=STEP 5 LOCAL  major=79  attempt=357  accepted  reason=success  P rel.= 8.101955e-14  objective=-2.925535e+01  upper=-3.219990e+01  gap=-2.944552e+00  wall=0.000000e+00s  cpu=0.000000e+00s  provider=0  solves=0  iterations=0
  certificate  stage=STEP 5 LOCAL  major=79  attempt=358  accepted  reason=success  P rel.= 4.955983e-14  objective=-2.925535e+01  upper=-3.219990e+01  gap=-2.944552e+00  wall=0.000000e+00s  cpu=0.000000e+00s  provider=0  solves=0  iterations=0
  certificate  stage=STEP 5 LOCAL  major=79  attempt=359  accepted  reason=success  P rel.= 2.390364e-13  objective=-2.925535e+01  upper=-3.219990e+01  gap=-2.944552e+00  wall=0.000000e+00s  cpu=0.000000e+00s  provider=0  solves=0  iterations=0
  certificate  stage=STEP 5 LOCAL  major=79  attempt=360  accepted  reason=success  P rel.= 6.277578e-14  objective=-2.925535e+01  upper=-3.219990e+01  gap=-2.944552e+00  wall=0.000000e+00s  cpu=0.000000e+00s  provider=0  solves=0  iterations=0
  certificate  stage=STEP 5 LOCAL  major=79  attempt=361  accepted  reason=success  P rel.= 5.161405e-13  objective=-2.925535e+01  upper=-3.219990e+01  gap=-2.944552e+00  wall=0.000000e+00s  cpu=0.000000e+00s  provider=0  solves=0  iterations=0
  certificate  stage=STEP 5 LOCAL  major=79  attempt=362  accepted  reason=success  P rel.= 2.308483e-13  objective=-2.925535e+01  upper=-3.219990e+01  gap=-2.944552e+00  wall=0.000000e+00s  cpu=0.000000e+00s  provider=0  solves=0  iterations=0
  certificate  stage=STEP 5 LOCAL  major=79  attempt=363  accepted  reason=success  P rel.=-1.629751e-09  objective=-3.219990e+01  upper=-3.219990e+01  gap= 0.000000e+00  wall=0.000000e+00s  cpu=0.000000e+00s  provider=0  solves=0  iterations=0
  certificate  stage=STEP 5  complete  reason=step5_complete  wall=3.076347e-01s  cpu=3.075730e-01s  provider=312  solves=13  iterations=292

STEP 6
  certificate  stage=STEP 6  complete  reason=candidate_set  wall=2.676000e-05s  cpu=2.700000e-05s  provider=0  solves=0  iterations=0

STEP 8
  certificate  stage=STEP 8  complete  reason=step8_complete  wall=8.352069e-02s  cpu=8.350600e-02s  provider=189  solves=1  iterations=24

STEP 9
  certificate  stage=STEP 9  failed  objective=-3.219992e+01  upper=-3.219990e+01  gap= 2.247678e-05  wall=0.000000e+00s  cpu=0.000000e+00s  provider=0  solves=0  iterations=0
  certificate  stage=STEP 9  complete  reason=paper_potential_convergence_failed  wall=2.226417e-03s  cpu=2.227000e-03s  provider=3  solves=0  iterations=0

STEP 7
  certificate  stage=STEP 7  indeterminate  reason=stage_ii_major_iteration_limit  wall=1.240000e-06s  cpu=1.000000e-06s  provider=0  solves=0  iterations=0
