HELD2.0  case=installed-held2-paper-rewrite  T=2.981500e+02 K  P=1.013000e+05 Pa

STEP 1
  certificate  stage=STEP 1  complete  reason=step1_complete  wall=2.429000e-05s  cpu=2.300000e-05s  provider=1  solves=0  iterations=0

STEP 2

REFERENCE PRESSURE ROOTS
  root   0  V= 3.016303e-05  P rel.=-6.976554e-09  G/RT=-4.222497e+01  strict_stable
  root   1  V= 6.422764e-04  P rel.=-5.861563e-12  G/RT=-3.784307e+01  unstable
  root   2  V= 2.126569e-02  P rel.= 1.749160e-11  G/RT=-3.899690e+01  strict_stable
  selected root 0  status=selected
  eval     1  TPD=-1.672161e-01  P rel.= 2.232178e-09  V= 4.684854e-05  certified
  certificate  stage=STEP 2  complete  reason=negative_tpd_witness  wall=4.036983e-01s  cpu=4.036370e-01s  provider=548  solves=1  iterations=1

STEP 3
  certificate  stage=STEP 3  complete  reason=step3_complete  wall=8.549177e-01s  cpu=8.548560e-01s  provider=4  solves=0  iterations=0

STEP 4
  STAGE II STEP 4  major=0  upper=-4.225769e+01  LP_primal= 0.000000e+00  LP_dual= 1.387779e-17  active_cuts=5  certified
  certificate  stage=STEP 4  complete  reason=step4_complete  wall=3.752480e-04s  cpu=3.750000e-04s  provider=0  solves=1  iterations=1

STEP 5
  certificate  stage=STEP 5 LOCAL  major=0  attempt=0  accepted  reason=success  P rel.=-9.890773e-04  objective=-4.296468e+01  upper=-4.225769e+01  gap= 7.069959e-01  wall=0.000000e+00s  cpu=0.000000e+00s  provider=0  solves=0  iterations=0
  certificate  stage=STEP 5  complete  reason=step5_complete  wall=2.979243e-02s  cpu=2.979300e-02s  provider=155  solves=1  iterations=23

STEP 6
  certificate  stage=STEP 6  complete  reason=insufficient_candidates  wall=2.000000e-06s  cpu=2.000000e-06s  provider=0  solves=0  iterations=0

STEP 7
  certificate  stage=STEP 7  complete  reason=continue_stage_ii  wall=9.100000e-07s  cpu=1.000000e-06s  provider=0  solves=0  iterations=0

STEP 4
  STAGE II STEP 4  major=1  upper=-4.232413e+01  LP_primal= 0.000000e+00  LP_dual= 2.775558e-17  active_cuts=6  certified
  certificate  stage=STEP 4  complete  reason=step4_complete  wall=2.384690e-04s  cpu=2.390000e-04s  provider=0  solves=1  iterations=1

STEP 5
  certificate  stage=STEP 5 LOCAL  major=1  attempt=1  accepted  reason=success  P rel.=-9.640287e-08  objective=-4.279107e+01  upper=-4.232413e+01  gap= 4.669409e-01  wall=0.000000e+00s  cpu=0.000000e+00s  provider=0  solves=0  iterations=0
  certificate  stage=STEP 5  complete  reason=step5_complete  wall=2.572459e-02s  cpu=2.572500e-02s  provider=24  solves=1  iterations=23

STEP 6
  certificate  stage=STEP 6  complete  reason=insufficient_candidates  wall=1.600000e-06s  cpu=1.000000e-06s  provider=0  solves=0  iterations=0

STEP 7
  certificate  stage=STEP 7  complete  reason=continue_stage_ii  wall=1.180000e-06s  cpu=2.000000e-06s  provider=0  solves=0  iterations=0

STEP 4
  STAGE II STEP 4  major=2  upper=-4.252936e+01  LP_primal= 1.421085e-14  LP_dual= 1.387779e-17  active_cuts=7  certified
  certificate  stage=STEP 4  complete  reason=step4_complete  wall=2.664290e-04s  cpu=2.670000e-04s  provider=0  solves=1  iterations=1

STEP 5
  certificate  stage=STEP 5 LOCAL  major=2  attempt=2  accepted  reason=success  P rel.= 6.220118e-14  objective=-3.971197e+01  upper=-4.252936e+01  gap=-2.817392e+00  wall=0.000000e+00s  cpu=0.000000e+00s  provider=0  solves=0  iterations=0
  certificate  stage=STEP 5 LOCAL  major=2  attempt=3  accepted  reason=success  P rel.= 7.570444e-14  objective=-3.971197e+01  upper=-4.252936e+01  gap=-2.817392e+00  wall=0.000000e+00s  cpu=0.000000e+00s  provider=0  solves=0  iterations=0
  certificate  stage=STEP 5 LOCAL  major=2  attempt=4  accepted  reason=success  P rel.=-1.794940e-09  objective=-4.280011e+01  upper=-4.252936e+01  gap= 2.707497e-01  wall=0.000000e+00s  cpu=0.000000e+00s  provider=0  solves=0  iterations=0
  certificate  stage=STEP 5  complete  reason=step5_complete  wall=7.928025e-02s  cpu=7.928200e-02s  provider=72  solves=3  iterations=66

STEP 6
  certificate  stage=STEP 6  complete  reason=insufficient_candidates  wall=2.810000e-06s  cpu=3.000000e-06s  provider=0  solves=0  iterations=0

STEP 7
  certificate  stage=STEP 7  complete  reason=continue_stage_ii  wall=9.600000e-07s  cpu=1.000000e-06s  provider=0  solves=0  iterations=0

STEP 4
  STAGE II STEP 4  major=3  upper=-4.259704e+01  LP_primal= 0.000000e+00  LP_dual= 4.163336e-17  active_cuts=8  certified
  certificate  stage=STEP 4  complete  reason=step4_complete  wall=3.123580e-04s  cpu=3.130000e-04s  provider=0  solves=1  iterations=1

STEP 5
  certificate  stage=STEP 5 LOCAL  major=3  attempt=5  accepted  reason=success  P rel.= 6.493056e-14  objective=-3.975191e+01  upper=-4.259704e+01  gap=-2.845129e+00  wall=0.000000e+00s  cpu=0.000000e+00s  provider=0  solves=0  iterations=0
  certificate  stage=STEP 5 LOCAL  major=3  attempt=6  accepted  reason=success  P rel.=-1.232247e-09  objective=-4.267886e+01  upper=-4.259704e+01  gap= 8.181874e-02  wall=0.000000e+00s  cpu=0.000000e+00s  provider=0  solves=0  iterations=0
  certificate  stage=STEP 5  complete  reason=step5_complete  wall=4.704909e-02s  cpu=4.705000e-02s  provider=45  solves=2  iterations=41

STEP 6
  certificate  stage=STEP 6  complete  reason=insufficient_candidates  wall=2.710000e-06s  cpu=2.000000e-06s  provider=0  solves=0  iterations=0

STEP 7
  certificate  stage=STEP 7  complete  reason=continue_stage_ii  wall=9.700000e-07s  cpu=1.000000e-06s  provider=0  solves=0  iterations=0

STEP 4
  STAGE II STEP 4  major=4  upper=-4.260442e+01  LP_primal= 7.105427e-15  LP_dual= 6.938894e-17  active_cuts=9  certified
  certificate  stage=STEP 4  complete  reason=step4_complete  wall=2.951890e-04s  cpu=2.950000e-04s  provider=0  solves=1  iterations=1

STEP 5
  certificate  stage=STEP 5 LOCAL  major=4  attempt=7  accepted  reason=success  P rel.=-1.473776e-09  objective=-4.262332e+01  upper=-4.260442e+01  gap= 1.889814e-02  wall=0.000000e+00s  cpu=0.000000e+00s  provider=0  solves=0  iterations=0
  certificate  stage=STEP 5  complete  reason=step5_complete  wall=2.330659e-02s  cpu=2.330800e-02s  provider=22  solves=1  iterations=19

STEP 6
  certificate  stage=STEP 6  complete  reason=insufficient_candidates  wall=3.000000e-06s  cpu=3.000000e-06s  provider=0  solves=0  iterations=0

STEP 7
  certificate  stage=STEP 7  complete  reason=continue_stage_ii  wall=1.010000e-06s  cpu=1.000000e-06s  provider=0  solves=0  iterations=0

STEP 4
  STAGE II STEP 4  major=5  upper=-4.260775e+01  LP_primal= 0.000000e+00  LP_dual= 6.938894e-18  active_cuts=10  certified
  certificate  stage=STEP 4  complete  reason=step4_complete  wall=3.016780e-04s  cpu=3.020000e-04s  provider=0  solves=1  iterations=1

STEP 5
  certificate  stage=STEP 5 LOCAL  major=5  attempt=8  accepted  reason=success  P rel.= 3.720579e-14  objective=-3.976267e+01  upper=-4.260775e+01  gap=-2.845074e+00  wall=0.000000e+00s  cpu=0.000000e+00s  provider=0  solves=0  iterations=0
  certificate  stage=STEP 5 LOCAL  major=5  attempt=9  accepted  reason=success  P rel.= 2.272570e-13  objective=-3.976267e+01  upper=-4.260775e+01  gap=-2.845074e+00  wall=0.000000e+00s  cpu=0.000000e+00s  provider=0  solves=0  iterations=0
  certificate  stage=STEP 5 LOCAL  major=5  attempt=10  accepted  reason=success  P rel.= 7.455522e-14  objective=-3.976267e+01  upper=-4.260775e+01  gap=-2.845074e+00  wall=0.000000e+00s  cpu=0.000000e+00s  provider=0  solves=0  iterations=0
  certificate  stage=STEP 5 LOCAL  major=5  attempt=11  accepted  reason=success  P rel.= 5.635455e-13  objective=-3.976267e+01  upper=-4.260775e+01  gap=-2.845074e+00  wall=0.000000e+00s  cpu=0.000000e+00s  provider=0  solves=0  iterations=0
  certificate  stage=STEP 5 LOCAL  major=5  attempt=12  accepted  reason=success  P rel.= 5.616781e-14  objective=-3.976267e+01  upper=-4.260775e+01  gap=-2.845074e+00  wall=0.000000e+00s  cpu=0.000000e+00s  provider=0  solves=0  iterations=0
  certificate  stage=STEP 5 LOCAL  major=5  attempt=13  accepted  reason=success  P rel.=-1.610477e-09  objective=-4.261259e+01  upper=-4.260775e+01  gap= 4.846425e-03  wall=0.000000e+00s  cpu=0.000000e+00s  provider=0  solves=0  iterations=0
  certificate  stage=STEP 5  complete  reason=step5_complete  wall=1.519292e-01s  cpu=1.519030e-01s  provider=148  solves=6  iterations=136

STEP 6
  certificate  stage=STEP 6  complete  reason=candidate_set  wall=3.780000e-06s  cpu=4.000000e-06s  provider=0  solves=0  iterations=0

STEP 8
  certificate  stage=STEP 8  complete  reason=problem_67_infeasible  wall=1.462290e-04s  cpu=1.470000e-04s  provider=3  solves=1  iterations=0

STEP 7
  certificate  stage=STEP 7  complete  reason=continue_stage_ii  wall=9.700000e-07s  cpu=1.000000e-06s  provider=0  solves=0  iterations=0

STEP 4
  STAGE II STEP 4  major=6  upper=-4.260892e+01  LP_primal= 7.105427e-15  LP_dual= 2.775558e-17  active_cuts=11  certified
  certificate  stage=STEP 4  complete  reason=step4_complete  wall=2.679080e-04s  cpu=2.680000e-04s  provider=0  solves=1  iterations=1

STEP 5
  certificate  stage=STEP 5 LOCAL  major=6  attempt=14  accepted  reason=success  P rel.= 3.892961e-14  objective=-3.976384e+01  upper=-4.260892e+01  gap=-2.845082e+00  wall=0.000000e+00s  cpu=0.000000e+00s  provider=0  solves=0  iterations=0
  certificate  stage=STEP 5 LOCAL  major=6  attempt=15  accepted  reason=success  P rel.= 7.958303e-14  objective=-3.976384e+01  upper=-4.260892e+01  gap=-2.845082e+00  wall=0.000000e+00s  cpu=0.000000e+00s  provider=0  solves=0  iterations=0
  certificate  stage=STEP 5 LOCAL  major=6  attempt=16  accepted  reason=success  P rel.=-1.556705e-09  objective=-4.261015e+01  upper=-4.260892e+01  gap= 1.234535e-03  wall=0.000000e+00s  cpu=0.000000e+00s  provider=0  solves=0  iterations=0
  certificate  stage=STEP 5  complete  reason=step5_complete  wall=7.033555e-02s  cpu=7.033000e-02s  provider=69  solves=3  iterations=62

STEP 6
  certificate  stage=STEP 6  complete  reason=candidate_set  wall=3.500000e-06s  cpu=3.000000e-06s  provider=0  solves=0  iterations=0

STEP 8
  certificate  stage=STEP 8  complete  reason=problem_67_infeasible  wall=1.280590e-04s  cpu=1.280000e-04s  provider=4  solves=1  iterations=0

STEP 7
  certificate  stage=STEP 7  complete  reason=continue_stage_ii  wall=9.700000e-07s  cpu=1.000000e-06s  provider=0  solves=0  iterations=0

STEP 4
  STAGE II STEP 4  major=7  upper=-4.260907e+01  LP_primal= 0.000000e+00  LP_dual= 3.469447e-18  active_cuts=12  certified
  certificate  stage=STEP 4  complete  reason=step4_complete  wall=2.481980e-04s  cpu=2.480000e-04s  provider=0  solves=1  iterations=1

STEP 5
  certificate  stage=STEP 5 LOCAL  major=7  attempt=17  accepted  reason=success  P rel.= 5.401303e-14  objective=-3.976399e+01  upper=-4.260907e+01  gap=-2.845078e+00  wall=0.000000e+00s  cpu=0.000000e+00s  provider=0  solves=0  iterations=0
  certificate  stage=STEP 5 LOCAL  major=7  attempt=18  accepted  reason=success  P rel.= 5.458764e-14  objective=-3.976399e+01  upper=-4.260907e+01  gap=-2.845078e+00  wall=0.000000e+00s  cpu=0.000000e+00s  provider=0  solves=0  iterations=0
  certificate  stage=STEP 5 LOCAL  major=7  attempt=19  accepted  reason=success  P rel.=-1.578205e-09  objective=-4.260937e+01  upper=-4.260907e+01  gap= 3.060818e-04  wall=0.000000e+00s  cpu=0.000000e+00s  provider=0  solves=0  iterations=0
  certificate  stage=STEP 5  complete  reason=step5_complete  wall=6.615952e-02s  cpu=6.616000e-02s  provider=65  solves=3  iterations=57

STEP 6
  certificate  stage=STEP 6  complete  reason=candidate_set  wall=3.890000e-06s  cpu=4.000000e-06s  provider=0  solves=0  iterations=0

STEP 8
  certificate  stage=STEP 8  complete  reason=problem_67_infeasible  wall=1.518990e-04s  cpu=1.520000e-04s  provider=5  solves=1  iterations=0

STEP 7
  certificate  stage=STEP 7  complete  reason=continue_stage_ii  wall=9.600000e-07s  cpu=1.000000e-06s  provider=0  solves=0  iterations=0

STEP 4
  STAGE II STEP 4  major=8  upper=-4.260914e+01  LP_primal= 0.000000e+00  LP_dual= 5.551115e-17  active_cuts=13  certified
  certificate  stage=STEP 4  complete  reason=step4_complete  wall=2.566280e-04s  cpu=2.570000e-04s  provider=0  solves=1  iterations=1

STEP 5
  certificate  stage=STEP 5 LOCAL  major=8  attempt=20  accepted  reason=success  P rel.= 5.329477e-14  objective=-3.976406e+01  upper=-4.260914e+01  gap=-2.845076e+00  wall=0.000000e+00s  cpu=0.000000e+00s  provider=0  solves=0  iterations=0
  certificate  stage=STEP 5 LOCAL  major=8  attempt=23  accepted  reason=success  P rel.= 3.648753e-14  objective=-3.976406e+01  upper=-4.260914e+01  gap=-2.845076e+00  wall=0.000000e+00s  cpu=0.000000e+00s  provider=0  solves=0  iterations=0
  certificate  stage=STEP 5 LOCAL  major=8  attempt=24  accepted  reason=success  P rel.=-1.610299e-09  objective=-4.260922e+01  upper=-4.260914e+01  gap= 7.633390e-05  wall=0.000000e+00s  cpu=0.000000e+00s  provider=0  solves=0  iterations=0
  certificate  stage=STEP 5  complete  reason=step5_complete  wall=7.382659e-02s  cpu=7.382800e-02s  provider=74  solves=5  iterations=61

STEP 6
  certificate  stage=STEP 6  complete  reason=candidate_set  wall=3.930000e-06s  cpu=4.000000e-06s  provider=0  solves=0  iterations=0

STEP 8
  certificate  stage=STEP 8  complete  reason=problem_67_infeasible  wall=1.323790e-04s  cpu=1.330000e-04s  provider=6  solves=1  iterations=0

STEP 7
  certificate  stage=STEP 7  complete  reason=continue_stage_ii  wall=9.300000e-07s  cpu=1.000000e-06s  provider=0  solves=0  iterations=0

STEP 4
  STAGE II STEP 4  major=9  upper=-4.260915e+01  LP_primal= 7.105427e-15  LP_dual= 2.775558e-17  active_cuts=14  certified
  certificate  stage=STEP 4  complete  reason=step4_complete  wall=2.498380e-04s  cpu=2.510000e-04s  provider=0  solves=1  iterations=1

STEP 5
  certificate  stage=STEP 5 LOCAL  major=9  attempt=25  accepted  reason=success  P rel.= 5.401303e-14  objective=-3.976407e+01  upper=-4.260915e+01  gap=-2.845077e+00  wall=0.000000e+00s  cpu=0.000000e+00s  provider=0  solves=0  iterations=0
  certificate  stage=STEP 5 LOCAL  major=9  attempt=26  accepted  reason=success  P rel.=-1.605447e-09  objective=-4.260917e+01  upper=-4.260915e+01  gap= 1.912384e-05  wall=0.000000e+00s  cpu=0.000000e+00s  provider=0  solves=0  iterations=0
  certificate  stage=STEP 5  complete  reason=step5_complete  wall=4.925057e-02s  cpu=4.925100e-02s  provider=48  solves=2  iterations=43

STEP 6
  certificate  stage=STEP 6  complete  reason=candidate_set  wall=4.110000e-06s  cpu=4.000000e-06s  provider=0  solves=0  iterations=0

STEP 8
  certificate  stage=STEP 8  complete  reason=problem_67_infeasible  wall=1.339290e-04s  cpu=1.340000e-04s  provider=7  solves=1  iterations=0

STEP 7
  certificate  stage=STEP 7  complete  reason=continue_stage_ii  wall=9.500000e-07s  cpu=0.000000e+00s  provider=0  solves=0  iterations=0

STEP 4
  STAGE II STEP 4  major=10  upper=-4.260915e+01  LP_primal= 7.105427e-15  LP_dual= 1.387779e-17  active_cuts=15  certified
  certificate  stage=STEP 4  complete  reason=step4_complete  wall=2.470190e-04s  cpu=2.470000e-04s  provider=0  solves=1  iterations=1

STEP 5
  certificate  stage=STEP 5 LOCAL  major=10  attempt=27  accepted  reason=success  P rel.= 7.053298e-14  objective=-3.976408e+01  upper=-4.260915e+01  gap=-2.845077e+00  wall=0.000000e+00s  cpu=0.000000e+00s  provider=0  solves=0  iterations=0
  certificate  stage=STEP 5 LOCAL  major=10  attempt=28  accepted  reason=success  P rel.= 5.501859e-14  objective=-3.976408e+01  upper=-4.260915e+01  gap=-2.845077e+00  wall=0.000000e+00s  cpu=0.000000e+00s  provider=0  solves=0  iterations=0
  certificate  stage=STEP 5 LOCAL  major=10  attempt=29  accepted  reason=success  P rel.= 6.148292e-14  objective=-3.976408e+01  upper=-4.260915e+01  gap=-2.845077e+00  wall=0.000000e+00s  cpu=0.000000e+00s  provider=0  solves=0  iterations=0
  certificate  stage=STEP 5 LOCAL  major=10  attempt=30  accepted  reason=success  P rel.= 5.573685e-14  objective=-3.976408e+01  upper=-4.260915e+01  gap=-2.845077e+00  wall=0.000000e+00s  cpu=0.000000e+00s  provider=0  solves=0  iterations=0
  certificate  stage=STEP 5 LOCAL  major=10  attempt=31  accepted  reason=success  P rel.= 8.317432e-14  objective=-3.976408e+01  upper=-4.260915e+01  gap=-2.845077e+00  wall=0.000000e+00s  cpu=0.000000e+00s  provider=0  solves=0  iterations=0
  certificate  stage=STEP 5 LOCAL  major=10  attempt=32  accepted  reason=success  P rel.= 6.148292e-14  objective=-3.976408e+01  upper=-4.260915e+01  gap=-2.845077e+00  wall=0.000000e+00s  cpu=0.000000e+00s  provider=0  solves=0  iterations=0
  certificate  stage=STEP 5 LOCAL  major=10  attempt=33  accepted  reason=success  P rel.= 4.884157e-14  objective=-3.976408e+01  upper=-4.260915e+01  gap=-2.845077e+00  wall=0.000000e+00s  cpu=0.000000e+00s  provider=0  solves=0  iterations=0
  certificate  stage=STEP 5 LOCAL  major=10  attempt=34  accepted  reason=success  P rel.= 4.208994e-14  objective=-3.976408e+01  upper=-4.260915e+01  gap=-2.845077e+00  wall=0.000000e+00s  cpu=0.000000e+00s  provider=0  solves=0  iterations=0
  certificate  stage=STEP 5 LOCAL  major=10  attempt=35  accepted  reason=success  P rel.= 4.338281e-14  objective=-3.976408e+01  upper=-4.260915e+01  gap=-2.845077e+00  wall=0.000000e+00s  cpu=0.000000e+00s  provider=0  solves=0  iterations=0
  certificate  stage=STEP 5 LOCAL  major=10  attempt=36  accepted  reason=success  P rel.=-1.578294e-09  objective=-4.260916e+01  upper=-4.260915e+01  gap= 4.786518e-06  wall=0.000000e+00s  cpu=0.000000e+00s  provider=0  solves=0  iterations=0
  certificate  stage=STEP 5  complete  reason=step5_complete  wall=2.654172e-01s  cpu=2.654150e-01s  provider=256  solves=10  iterations=241

STEP 6
  certificate  stage=STEP 6  complete  reason=candidate_set  wall=5.470000e-06s  cpu=6.000000e-06s  provider=0  solves=0  iterations=0

STEP 8
  certificate  stage=STEP 8  complete  reason=problem_67_infeasible  wall=1.802990e-04s  cpu=1.810000e-04s  provider=8  solves=1  iterations=0

STEP 7
  certificate  stage=STEP 7  complete  reason=continue_stage_ii  wall=1.140000e-06s  cpu=2.000000e-06s  provider=0  solves=0  iterations=0

STEP 4
  STAGE II STEP 4  major=11  upper=-4.260916e+01  LP_primal= 0.000000e+00  LP_dual= 8.326673e-17  active_cuts=16  certified
  certificate  stage=STEP 4  complete  reason=step4_complete  wall=2.990480e-04s  cpu=3.000000e-04s  provider=0  solves=1  iterations=1

STEP 5
  certificate  stage=STEP 5 LOCAL  major=11  attempt=37  accepted  reason=success  P rel.=-1.587152e-09  objective=-4.260916e+01  upper=-4.260916e+01  gap= 1.196000e-06  wall=0.000000e+00s  cpu=0.000000e+00s  provider=0  solves=0  iterations=0
  certificate  stage=STEP 5  complete  reason=step5_complete  wall=2.430919e-02s  cpu=2.431000e-02s  provider=24  solves=1  iterations=19

STEP 6
  certificate  stage=STEP 6  complete  reason=candidate_set  wall=7.740000e-06s  cpu=8.000000e-06s  provider=0  solves=0  iterations=0

STEP 8
  certificate  stage=STEP 8  complete  reason=unchanged_problem_67  wall=1.960000e-06s  cpu=2.000000e-06s  provider=0  solves=0  iterations=0

STEP 7
  certificate  stage=STEP 7  complete  reason=continue_stage_ii  wall=9.400000e-07s  cpu=0.000000e+00s  provider=0  solves=0  iterations=0

STEP 4
  STAGE II STEP 4  major=12  upper=-4.260916e+01  LP_primal= 0.000000e+00  LP_dual= 8.326673e-17  active_cuts=17  certified
  certificate  stage=STEP 4  complete  reason=step4_complete  wall=3.128480e-04s  cpu=3.130000e-04s  provider=0  solves=1  iterations=1

STEP 5
  certificate  stage=STEP 5 LOCAL  major=12  attempt=38  accepted  reason=success  P rel.= 3.763674e-14  objective=-3.976408e+01  upper=-4.260916e+01  gap=-2.845077e+00  wall=0.000000e+00s  cpu=0.000000e+00s  provider=0  solves=0  iterations=0
  certificate  stage=STEP 5 LOCAL  major=12  attempt=39  accepted  reason=success  P rel.= 3.763674e-14  objective=-3.976408e+01  upper=-4.260916e+01  gap=-2.845077e+00  wall=0.000000e+00s  cpu=0.000000e+00s  provider=0  solves=0  iterations=0
  certificate  stage=STEP 5 LOCAL  major=12  attempt=40  accepted  reason=success  P rel.= 4.467567e-14  objective=-3.976408e+01  upper=-4.260916e+01  gap=-2.845077e+00  wall=0.000000e+00s  cpu=0.000000e+00s  provider=0  solves=0  iterations=0
  certificate  stage=STEP 5 LOCAL  major=12  attempt=41  accepted  reason=success  P rel.= 8.231241e-14  objective=-3.976408e+01  upper=-4.260916e+01  gap=-2.845077e+00  wall=0.000000e+00s  cpu=0.000000e+00s  provider=0  solves=0  iterations=0
  certificate  stage=STEP 5 LOCAL  major=12  attempt=42  accepted  reason=success  P rel.= 6.478691e-14  objective=-3.976408e+01  upper=-4.260916e+01  gap=-2.845077e+00  wall=0.000000e+00s  cpu=0.000000e+00s  provider=0  solves=0  iterations=0
  certificate  stage=STEP 5 LOCAL  major=12  attempt=43  accepted  reason=success  P rel.=-1.587508e-09  objective=-4.260916e+01  upper=-4.260916e+01  gap= 2.989234e-07  wall=0.000000e+00s  cpu=0.000000e+00s  provider=0  solves=0  iterations=0
  certificate  stage=STEP 5  complete  reason=step5_complete  wall=1.602660e-01s  cpu=1.602680e-01s  provider=153  solves=6  iterations=140

STEP 6
  certificate  stage=STEP 6  complete  reason=candidate_set  wall=8.290000e-06s  cpu=8.000000e-06s  provider=0  solves=0  iterations=0

STEP 8
  certificate  stage=STEP 8  complete  reason=unchanged_problem_67  wall=2.120000e-06s  cpu=3.000000e-06s  provider=0  solves=0  iterations=0

STEP 7
  certificate  stage=STEP 7  complete  reason=continue_stage_ii  wall=8.900000e-07s  cpu=1.000000e-06s  provider=0  solves=0  iterations=0

STEP 4
  STAGE II STEP 4  major=13  upper=-4.260916e+01  LP_primal= 0.000000e+00  LP_dual= 6.938894e-18  active_cuts=18  certified
  certificate  stage=STEP 4  complete  reason=step4_complete  wall=3.442280e-04s  cpu=3.450000e-04s  provider=0  solves=1  iterations=1

STEP 5
  certificate  stage=STEP 5 LOCAL  major=13  attempt=44  accepted  reason=success  P rel.= 7.843382e-14  objective=-3.976408e+01  upper=-4.260916e+01  gap=-2.845077e+00  wall=0.000000e+00s  cpu=0.000000e+00s  provider=0  solves=0  iterations=0
  certificate  stage=STEP 5 LOCAL  major=13  attempt=45  accepted  reason=success  P rel.= 6.291944e-14  objective=-3.976408e+01  upper=-4.260916e+01  gap=-2.845077e+00  wall=0.000000e+00s  cpu=0.000000e+00s  provider=0  solves=0  iterations=0
  certificate  stage=STEP 5 LOCAL  major=13  attempt=47  accepted  reason=success  P rel.=-1.577670e-09  objective=-4.260916e+01  upper=-4.260916e+01  gap= 7.474068e-08  wall=0.000000e+00s  cpu=0.000000e+00s  provider=0  solves=0  iterations=0
  certificate  stage=STEP 5  complete  reason=step5_complete  wall=7.892302e-02s  cpu=7.892400e-02s  provider=77  solves=4  iterations=67

STEP 6
  certificate  stage=STEP 6  complete  reason=candidate_set  wall=6.320000e-06s  cpu=6.000000e-06s  provider=0  solves=0  iterations=0

STEP 8
  certificate  stage=STEP 8  complete  reason=unchanged_problem_67  wall=1.610000e-06s  cpu=1.000000e-06s  provider=0  solves=0  iterations=0

STEP 7
  certificate  stage=STEP 7  complete  reason=continue_stage_ii  wall=9.100000e-07s  cpu=1.000000e-06s  provider=0  solves=0  iterations=0

STEP 4
  STAGE II STEP 4  major=14  upper=-4.260916e+01  LP_primal= 0.000000e+00  LP_dual= 2.775558e-17  active_cuts=19  certified
  certificate  stage=STEP 4  complete  reason=step4_complete  wall=3.323580e-04s  cpu=3.330000e-04s  provider=0  solves=1  iterations=1

STEP 5
  certificate  stage=STEP 5 LOCAL  major=14  attempt=48  accepted  reason=success  P rel.= 4.276511e-13  objective=-3.976408e+01  upper=-4.260916e+01  gap=-2.845077e+00  wall=0.000000e+00s  cpu=0.000000e+00s  provider=0  solves=0  iterations=0
  certificate  stage=STEP 5 LOCAL  major=14  attempt=49  accepted  reason=success  P rel.= 4.481932e-14  objective=-3.976408e+01  upper=-4.260916e+01  gap=-2.845077e+00  wall=0.000000e+00s  cpu=0.000000e+00s  provider=0  solves=0  iterations=0
  certificate  stage=STEP 5 LOCAL  major=14  attempt=50  accepted  reason=success  P rel.= 4.912887e-14  objective=-3.976408e+01  upper=-4.260916e+01  gap=-2.845077e+00  wall=0.000000e+00s  cpu=0.000000e+00s  provider=0  solves=0  iterations=0
  certificate  stage=STEP 5 LOCAL  major=14  attempt=51  accepted  reason=success  P rel.= 5.961545e-14  objective=-3.976408e+01  upper=-4.260916e+01  gap=-2.845077e+00  wall=0.000000e+00s  cpu=0.000000e+00s  provider=0  solves=0  iterations=0
  certificate  stage=STEP 5 LOCAL  major=14  attempt=52  accepted  reason=success  P rel.= 4.639949e-14  objective=-3.976408e+01  upper=-4.260916e+01  gap=-2.845077e+00  wall=0.000000e+00s  cpu=0.000000e+00s  provider=0  solves=0  iterations=0
  certificate  stage=STEP 5 LOCAL  major=14  attempt=53  accepted  reason=success  P rel.= 4.912887e-14  objective=-3.976408e+01  upper=-4.260916e+01  gap=-2.845077e+00  wall=0.000000e+00s  cpu=0.000000e+00s  provider=0  solves=0  iterations=0
  certificate  stage=STEP 5 LOCAL  major=14  attempt=54  accepted  reason=success  P rel.= 4.237725e-14  objective=-3.976408e+01  upper=-4.260916e+01  gap=-2.845077e+00  wall=0.000000e+00s  cpu=0.000000e+00s  provider=0  solves=0  iterations=0
  certificate  stage=STEP 5 LOCAL  major=14  attempt=55  accepted  reason=success  P rel.= 5.450145e-13  objective=-3.976408e+01  upper=-4.260916e+01  gap=-2.845077e+00  wall=0.000000e+00s  cpu=0.000000e+00s  provider=0  solves=0  iterations=0
  certificate  stage=STEP 5 LOCAL  major=14  attempt=56  accepted  reason=success  P rel.= 3.473498e-13  objective=-3.976408e+01  upper=-4.260916e+01  gap=-2.845077e+00  wall=0.000000e+00s  cpu=0.000000e+00s  provider=0  solves=0  iterations=0
  certificate  stage=STEP 5 LOCAL  major=14  attempt=57  accepted  reason=success  P rel.= 4.912887e-14  objective=-3.976408e+01  upper=-4.260916e+01  gap=-2.845077e+00  wall=0.000000e+00s  cpu=0.000000e+00s  provider=0  solves=0  iterations=0
  certificate  stage=STEP 5 LOCAL  major=14  attempt=59  accepted  reason=success  P rel.= 6.115252e-13  objective=-3.976408e+01  upper=-4.260916e+01  gap=-2.845077e+00  wall=0.000000e+00s  cpu=0.000000e+00s  provider=0  solves=0  iterations=0
  certificate  stage=STEP 5 LOCAL  major=14  attempt=60  accepted  reason=success  P rel.= 7.053298e-14  objective=-3.976408e+01  upper=-4.260916e+01  gap=-2.845077e+00  wall=0.000000e+00s  cpu=0.000000e+00s  provider=0  solves=0  iterations=0
  certificate  stage=STEP 5 LOCAL  major=14  attempt=61  accepted  reason=success  P rel.= 5.961545e-14  objective=-3.976408e+01  upper=-4.260916e+01  gap=-2.845077e+00  wall=0.000000e+00s  cpu=0.000000e+00s  provider=0  solves=0  iterations=0
  certificate  stage=STEP 5 LOCAL  major=14  attempt=62  accepted  reason=success  P rel.=-1.597612e-09  objective=-4.260916e+01  upper=-4.260916e+01  gap= 1.868395e-08  wall=0.000000e+00s  cpu=0.000000e+00s  provider=0  solves=0  iterations=0
  certificate  stage=STEP 5  complete  reason=step5_complete  wall=3.782149e-01s  cpu=3.781410e-01s  provider=368  solves=15  iterations=336

STEP 6
  certificate  stage=STEP 6  complete  reason=candidate_set  wall=8.210000e-06s  cpu=8.000000e-06s  provider=0  solves=0  iterations=0

STEP 8
  certificate  stage=STEP 8  complete  reason=unchanged_problem_67  wall=1.960000e-06s  cpu=2.000000e-06s  provider=0  solves=0  iterations=0

STEP 7
  certificate  stage=STEP 7  complete  reason=continue_stage_ii  wall=9.100000e-07s  cpu=1.000000e-06s  provider=0  solves=0  iterations=0

STEP 4
  STAGE II STEP 4  major=15  upper=-4.260916e+01  LP_primal= 7.105427e-15  LP_dual= 8.326673e-17  active_cuts=20  certified
  certificate  stage=STEP 4  complete  reason=step4_complete  wall=3.418880e-04s  cpu=3.420000e-04s  provider=0  solves=1  iterations=1

STEP 5
  certificate  stage=STEP 5 LOCAL  major=15  attempt=63  accepted  reason=success  P rel.=-1.588532e-09  objective=-4.260916e+01  upper=-4.260916e+01  gap= 4.670838e-09  wall=0.000000e+00s  cpu=0.000000e+00s  provider=0  solves=0  iterations=0
  certificate  stage=STEP 5  complete  reason=step5_complete  wall=2.092960e-02s  cpu=2.093000e-02s  provider=21  solves=1  iterations=18

STEP 6
  certificate  stage=STEP 6  complete  reason=candidate_set  wall=6.810000e-06s  cpu=7.000000e-06s  provider=0  solves=0  iterations=0

STEP 8
  certificate  stage=STEP 8  complete  reason=unchanged_problem_67  wall=1.470000e-06s  cpu=1.000000e-06s  provider=0  solves=0  iterations=0

STEP 7
  certificate  stage=STEP 7  complete  reason=continue_stage_ii  wall=8.900000e-07s  cpu=1.000000e-06s  provider=0  solves=0  iterations=0

STEP 4
  STAGE II STEP 4  major=16  upper=-4.260916e+01  LP_primal= 0.000000e+00  LP_dual= 8.326673e-17  active_cuts=21  certified
  certificate  stage=STEP 4  complete  reason=step4_complete  wall=3.453880e-04s  cpu=3.460000e-04s  provider=0  solves=1  iterations=1

STEP 5
  certificate  stage=STEP 5 LOCAL  major=16  attempt=64  accepted  reason=success  P rel.=-2.725401e-09  objective=-4.260916e+01  upper=-4.260916e+01  gap= 1.167727e-09  wall=0.000000e+00s  cpu=0.000000e+00s  provider=0  solves=0  iterations=0
  certificate  stage=STEP 5  complete  reason=step5_complete  wall=2.106937e-02s  cpu=2.107000e-02s  provider=20  solves=1  iterations=19

STEP 6
  certificate  stage=STEP 6  complete  reason=candidate_set  wall=6.790000e-06s  cpu=6.000000e-06s  provider=0  solves=0  iterations=0

STEP 8
  certificate  stage=STEP 8  complete  reason=unchanged_problem_67  wall=1.530000e-06s  cpu=2.000000e-06s  provider=0  solves=0  iterations=0

STEP 7
  certificate  stage=STEP 7  complete  reason=continue_stage_ii  wall=9.100000e-07s  cpu=1.000000e-06s  provider=0  solves=0  iterations=0

STEP 4
  STAGE II STEP 4  major=17  upper=-4.260916e+01  LP_primal= 0.000000e+00  LP_dual= 1.110223e-16  active_cuts=22  certified
  certificate  stage=STEP 4  complete  reason=step4_complete  wall=3.334380e-04s  cpu=3.330000e-04s  provider=0  solves=1  iterations=1

STEP 5
  certificate  stage=STEP 5 LOCAL  major=17  attempt=65  accepted  reason=success  P rel.= 6.579247e-14  objective=-3.976408e+01  upper=-4.260916e+01  gap=-2.845077e+00  wall=0.000000e+00s  cpu=0.000000e+00s  provider=0  solves=0  iterations=0
  certificate  stage=STEP 5 LOCAL  major=17  attempt=66  accepted  reason=success  P rel.= 4.984713e-14  objective=-3.976408e+01  upper=-4.260916e+01  gap=-2.845077e+00  wall=0.000000e+00s  cpu=0.000000e+00s  provider=0  solves=0  iterations=0
  certificate  stage=STEP 5 LOCAL  major=17  attempt=67  accepted  reason=success  P rel.= 5.228921e-14  objective=-3.976408e+01  upper=-4.260916e+01  gap=-2.845077e+00  wall=0.000000e+00s  cpu=0.000000e+00s  provider=0  solves=0  iterations=0
  certificate  stage=STEP 5 LOCAL  major=17  attempt=68  accepted  reason=success  P rel.= 6.435595e-14  objective=-3.976408e+01  upper=-4.260916e+01  gap=-2.845077e+00  wall=0.000000e+00s  cpu=0.000000e+00s  provider=0  solves=0  iterations=0
  certificate  stage=STEP 5 LOCAL  major=17  attempt=69  accepted  reason=success  P rel.= 3.174702e-14  objective=-3.976408e+01  upper=-4.260916e+01  gap=-2.845077e+00  wall=0.000000e+00s  cpu=0.000000e+00s  provider=0  solves=0  iterations=0
  certificate  stage=STEP 5 LOCAL  major=17  attempt=70  accepted  reason=success  P rel.=-1.594496e-09  objective=-4.260916e+01  upper=-4.260916e+01  gap= 2.919194e-10  wall=0.000000e+00s  cpu=0.000000e+00s  provider=0  solves=0  iterations=0
  certificate  stage=STEP 5  complete  reason=step5_complete  wall=1.776278e-01s  cpu=1.776130e-01s  provider=151  solves=6  iterations=145

STEP 6
  certificate  stage=STEP 6  complete  reason=candidate_set  wall=9.860000e-06s  cpu=9.000000e-06s  provider=0  solves=0  iterations=0

STEP 8
  certificate  stage=STEP 8  complete  reason=unchanged_problem_67  wall=2.070000e-06s  cpu=3.000000e-06s  provider=0  solves=0  iterations=0

STEP 7
  certificate  stage=STEP 7  complete  reason=continue_stage_ii  wall=8.300000e-07s  cpu=1.000000e-06s  provider=0  solves=0  iterations=0

STEP 4
  STAGE II STEP 4  major=18  upper=-4.260916e+01  LP_primal= 0.000000e+00  LP_dual= 6.938894e-18  active_cuts=23  certified
  certificate  stage=STEP 4  complete  reason=step4_complete  wall=3.650580e-04s  cpu=3.650000e-04s  provider=0  solves=1  iterations=1

STEP 5
  certificate  stage=STEP 5 LOCAL  major=18  attempt=71  accepted  reason=success  P rel.= 5.573685e-14  objective=-3.976408e+01  upper=-4.260916e+01  gap=-2.845077e+00  wall=0.000000e+00s  cpu=0.000000e+00s  provider=0  solves=0  iterations=0
  certificate  stage=STEP 5 LOCAL  major=18  attempt=72  accepted  reason=success  P rel.= 5.904084e-14  objective=-3.976408e+01  upper=-4.260916e+01  gap=-2.845077e+00  wall=0.000000e+00s  cpu=0.000000e+00s  provider=0  solves=0  iterations=0
  certificate  stage=STEP 5 LOCAL  major=18  attempt=73  accepted  reason=success  P rel.= 2.207926e-13  objective=-3.976408e+01  upper=-4.260916e+01  gap=-2.845077e+00  wall=0.000000e+00s  cpu=0.000000e+00s  provider=0  solves=0  iterations=0
  certificate  stage=STEP 5 LOCAL  major=18  attempt=74  accepted  reason=success  P rel.= 2.317102e-13  objective=-3.976408e+01  upper=-4.260916e+01  gap=-2.845077e+00  wall=0.000000e+00s  cpu=0.000000e+00s  provider=0  solves=0  iterations=0
  certificate  stage=STEP 5 LOCAL  major=18  attempt=75  accepted  reason=success  P rel.= 6.909646e-14  objective=-3.976408e+01  upper=-4.260916e+01  gap=-2.845077e+00  wall=0.000000e+00s  cpu=0.000000e+00s  provider=0  solves=0  iterations=0
  certificate  stage=STEP 5 LOCAL  major=18  attempt=76  accepted  reason=success  P rel.= 6.725772e-13  objective=-3.976408e+01  upper=-4.260916e+01  gap=-2.845077e+00  wall=0.000000e+00s  cpu=0.000000e+00s  provider=0  solves=0  iterations=0
  certificate  stage=STEP 5 LOCAL  major=18  attempt=77  accepted  reason=success  P rel.= 2.463626e-13  objective=-3.976408e+01  upper=-4.260916e+01  gap=-2.845077e+00  wall=0.000000e+00s  cpu=0.000000e+00s  provider=0  solves=0  iterations=0
  certificate  stage=STEP 5 LOCAL  major=18  attempt=78  accepted  reason=success  P rel.= 6.320674e-14  objective=-3.976408e+01  upper=-4.260916e+01  gap=-2.845077e+00  wall=0.000000e+00s  cpu=0.000000e+00s  provider=0  solves=0  iterations=0
  certificate  stage=STEP 5 LOCAL  major=18  attempt=79  accepted  reason=success  P rel.= 3.936056e-14  objective=-3.976408e+01  upper=-4.260916e+01  gap=-2.845077e+00  wall=0.000000e+00s  cpu=0.000000e+00s  provider=0  solves=0  iterations=0
  certificate  stage=STEP 5 LOCAL  major=18  attempt=80  accepted  reason=success  P rel.= 6.148292e-14  objective=-3.976408e+01  upper=-4.260916e+01  gap=-2.845077e+00  wall=0.000000e+00s  cpu=0.000000e+00s  provider=0  solves=0  iterations=0
  certificate  stage=STEP 5 LOCAL  major=18  attempt=81  accepted  reason=success  P rel.= 1.528454e-13  objective=-3.976408e+01  upper=-4.260916e+01  gap=-2.845077e+00  wall=0.000000e+00s  cpu=0.000000e+00s  provider=0  solves=0  iterations=0
  certificate  stage=STEP 5 LOCAL  major=18  attempt=82  accepted  reason=success  P rel.= 6.148292e-14  objective=-3.976408e+01  upper=-4.260916e+01  gap=-2.845077e+00  wall=0.000000e+00s  cpu=0.000000e+00s  provider=0  solves=0  iterations=0
  certificate  stage=STEP 5 LOCAL  major=18  attempt=83  accepted  reason=success  P rel.= 5.157095e-14  objective=-3.976408e+01  upper=-4.260916e+01  gap=-2.845077e+00  wall=0.000000e+00s  cpu=0.000000e+00s  provider=0  solves=0  iterations=0
  certificate  stage=STEP 5 LOCAL  major=18  attempt=84  accepted  reason=success  P rel.= 6.320674e-14  objective=-3.976408e+01  upper=-4.260916e+01  gap=-2.845077e+00  wall=0.000000e+00s  cpu=0.000000e+00s  provider=0  solves=0  iterations=0
  certificate  stage=STEP 5 LOCAL  major=18  attempt=85  accepted  reason=success  P rel.= 5.157095e-14  objective=-3.976408e+01  upper=-4.260916e+01  gap=-2.845077e+00  wall=0.000000e+00s  cpu=0.000000e+00s  provider=0  solves=0  iterations=0
  certificate  stage=STEP 5 LOCAL  major=18  attempt=87  accepted  reason=success  P rel.= 7.326236e-14  objective=-3.976408e+01  upper=-4.260916e+01  gap=-2.845077e+00  wall=0.000000e+00s  cpu=0.000000e+00s  provider=0  solves=0  iterations=0
  certificate  stage=STEP 5 LOCAL  major=18  attempt=88  accepted  reason=success  P rel.= 5.128365e-14  objective=-3.976408e+01  upper=-4.260916e+01  gap=-2.845077e+00  wall=0.000000e+00s  cpu=0.000000e+00s  provider=0  solves=0  iterations=0
  certificate  stage=STEP 5 LOCAL  major=18  attempt=89  accepted  reason=success  P rel.=-1.592315e-09  objective=-4.260916e+01  upper=-4.260916e+01  gap= 7.297984e-11  wall=0.000000e+00s  cpu=0.000000e+00s  provider=0  solves=0  iterations=0
  certificate  stage=STEP 5  complete  reason=step5_complete  wall=4.634376e-01s  cpu=4.633910e-01s  provider=449  solves=19  iterations=421

STEP 6
  certificate  stage=STEP 6  complete  reason=candidate_set  wall=1.029000e-05s  cpu=1.000000e-05s  provider=0  solves=0  iterations=0

STEP 8
  certificate  stage=STEP 8  complete  reason=unchanged_problem_67  wall=2.110000e-06s  cpu=2.000000e-06s  provider=0  solves=0  iterations=0

STEP 7
  certificate  stage=STEP 7  complete  reason=continue_stage_ii  wall=9.100000e-07s  cpu=0.000000e+00s  provider=0  solves=0  iterations=0

STEP 4
  STAGE II STEP 4  major=19  upper=-4.260916e+01  LP_primal= 7.297984e-11  LP_dual= 6.938894e-18  active_cuts=24  certified
  certificate  stage=STEP 4  complete  reason=step4_complete  wall=3.746580e-04s  cpu=3.750000e-04s  provider=0  solves=1  iterations=1

STEP 5
  certificate  stage=STEP 5 LOCAL  major=19  attempt=90  accepted  reason=success  P rel.= 5.774798e-14  objective=-3.976408e+01  upper=-4.260916e+01  gap=-2.845077e+00  wall=0.000000e+00s  cpu=0.000000e+00s  provider=0  solves=0  iterations=0
  certificate  stage=STEP 5 LOCAL  major=19  attempt=91  accepted  reason=success  P rel.= 3.390180e-14  objective=-3.976408e+01  upper=-4.260916e+01  gap=-2.845077e+00  wall=0.000000e+00s  cpu=0.000000e+00s  provider=0  solves=0  iterations=0
  certificate  stage=STEP 5 LOCAL  major=19  attempt=92  accepted  reason=success  P rel.= 7.326236e-14  objective=-3.976408e+01  upper=-4.260916e+01  gap=-2.845077e+00  wall=0.000000e+00s  cpu=0.000000e+00s  provider=0  solves=0  iterations=0
  certificate  stage=STEP 5 LOCAL  major=19  attempt=93  accepted  reason=success  P rel.= 6.803344e-13  objective=-3.976408e+01  upper=-4.260916e+01  gap=-2.845077e+00  wall=0.000000e+00s  cpu=0.000000e+00s  provider=0  solves=0  iterations=0
  certificate  stage=STEP 5 LOCAL  major=19  attempt=94  accepted  reason=success  P rel.= 5.128365e-14  objective=-3.976408e+01  upper=-4.260916e+01  gap=-2.845077e+00  wall=0.000000e+00s  cpu=0.000000e+00s  provider=0  solves=0  iterations=0
  certificate  stage=STEP 5 LOCAL  major=19  attempt=95  accepted  reason=success  P rel.=-1.572240e-09  objective=-4.260916e+01  upper=-4.260916e+01  gap= 7.298695e-11  wall=0.000000e+00s  cpu=0.000000e+00s  provider=0  solves=0  iterations=0
  certificate  stage=STEP 5  complete  reason=step5_complete  wall=1.604343e-01s  cpu=1.604190e-01s  provider=154  solves=6  iterations=145

STEP 6
  certificate  stage=STEP 6  complete  reason=candidate_set  wall=9.240000e-06s  cpu=9.000000e-06s  provider=0  solves=0  iterations=0

STEP 8
  certificate  stage=STEP 8  complete  reason=unchanged_problem_67  wall=1.550000e-06s  cpu=1.000000e-06s  provider=0  solves=0  iterations=0

STEP 7
  certificate  stage=STEP 7  complete  reason=continue_stage_ii  wall=8.300000e-07s  cpu=1.000000e-06s  provider=0  solves=0  iterations=0

STEP 4
  STAGE II STEP 4  major=20  upper=-4.260916e+01  LP_primal= 7.298695e-11  LP_dual= 6.938894e-18  active_cuts=25  certified
  certificate  stage=STEP 4  complete  reason=step4_complete  wall=3.537780e-04s  cpu=3.540000e-04s  provider=0  solves=1  iterations=1

STEP 5
  certificate  stage=STEP 5 LOCAL  major=20  attempt=96  accepted  reason=success  P rel.=-4.334245e-09  objective=-4.260916e+01  upper=-4.260916e+01  gap= 7.298695e-11  wall=0.000000e+00s  cpu=0.000000e+00s  provider=0  solves=0  iterations=0
  certificate  stage=STEP 5  complete  reason=step5_complete  wall=2.203982e-02s  cpu=2.204000e-02s  provider=21  solves=1  iterations=20

STEP 6
  certificate  stage=STEP 6  complete  reason=candidate_set  wall=8.670000e-06s  cpu=9.000000e-06s  provider=0  solves=0  iterations=0

STEP 8
  certificate  stage=STEP 8  complete  reason=unchanged_problem_67  wall=1.330000e-06s  cpu=1.000000e-06s  provider=0  solves=0  iterations=0

STEP 7
  certificate  stage=STEP 7  complete  reason=continue_stage_ii  wall=8.400000e-07s  cpu=1.000000e-06s  provider=0  solves=0  iterations=0

STEP 4
  STAGE II STEP 4  major=21  upper=-4.260916e+01  LP_primal= 0.000000e+00  LP_dual= 5.551115e-17  active_cuts=26  certified
  certificate  stage=STEP 4  complete  reason=step4_complete  wall=3.309180e-04s  cpu=3.310000e-04s  provider=0  solves=1  iterations=1

STEP 5
  certificate  stage=STEP 5 LOCAL  major=21  attempt=97  accepted  reason=success  P rel.=-1.583101e-09  objective=-4.260916e+01  upper=-4.260916e+01  gap= 1.811173e-11  wall=0.000000e+00s  cpu=0.000000e+00s  provider=0  solves=0  iterations=0
  certificate  stage=STEP 5  complete  reason=step5_complete  wall=1.690095e-02s  cpu=1.689600e-02s  provider=16  solves=1  iterations=15

STEP 6
  certificate  stage=STEP 6  complete  reason=candidate_set  wall=8.880000e-06s  cpu=9.000000e-06s  provider=0  solves=0  iterations=0

STEP 8
  certificate  stage=STEP 8  complete  reason=unchanged_problem_67  wall=1.320000e-06s  cpu=1.000000e-06s  provider=0  solves=0  iterations=0

STEP 7
  certificate  stage=STEP 7  complete  reason=continue_stage_ii  wall=8.290000e-07s  cpu=0.000000e+00s  provider=0  solves=0  iterations=0

STEP 4
  STAGE II STEP 4  major=22  upper=-4.260916e+01  LP_primal= 1.811173e-11  LP_dual= 5.551115e-17  active_cuts=27  certified
  certificate  stage=STEP 4  complete  reason=step4_complete  wall=3.536680e-04s  cpu=3.540000e-04s  provider=0  solves=1  iterations=1

STEP 5
  certificate  stage=STEP 5 LOCAL  major=22  attempt=98  accepted  reason=success  P rel.= 5.975910e-14  objective=-3.976408e+01  upper=-4.260916e+01  gap=-2.845077e+00  wall=0.000000e+00s  cpu=0.000000e+00s  provider=0  solves=0  iterations=0
  certificate  stage=STEP 5 LOCAL  major=22  attempt=99  accepted  reason=success  P rel.= 5.875354e-14  objective=-3.976408e+01  upper=-4.260916e+01  gap=-2.845077e+00  wall=0.000000e+00s  cpu=0.000000e+00s  provider=0  solves=0  iterations=0
  certificate  stage=STEP 5 LOCAL  major=22  attempt=100  accepted  reason=success  P rel.= 3.476371e-14  objective=-3.976408e+01  upper=-4.260916e+01  gap=-2.845077e+00  wall=0.000000e+00s  cpu=0.000000e+00s  provider=0  solves=0  iterations=0
  certificate  stage=STEP 5 LOCAL  major=22  attempt=102  accepted  reason=success  P rel.= 5.501859e-14  objective=-3.976408e+01  upper=-4.260916e+01  gap=-2.845077e+00  wall=0.000000e+00s  cpu=0.000000e+00s  provider=0  solves=0  iterations=0
  certificate  stage=STEP 5 LOCAL  major=22  attempt=103  accepted  reason=success  P rel.= 6.708533e-14  objective=-3.976408e+01  upper=-4.260916e+01  gap=-2.845077e+00  wall=0.000000e+00s  cpu=0.000000e+00s  provider=0  solves=0  iterations=0
  certificate  stage=STEP 5 LOCAL  major=22  attempt=104  accepted  reason=success  P rel.=-1.571038e-09  objective=-4.260916e+01  upper=-4.260916e+01  gap= 1.811884e-11  wall=0.000000e+00s  cpu=0.000000e+00s  provider=0  solves=0  iterations=0
  certificate  stage=STEP 5  complete  reason=step5_complete  wall=1.580188e-01s  cpu=1.580200e-01s  provider=153  solves=7  iterations=141

STEP 6
  certificate  stage=STEP 6  complete  reason=candidate_set  wall=1.005000e-05s  cpu=1.000000e-05s  provider=0  solves=0  iterations=0

STEP 8
  certificate  stage=STEP 8  complete  reason=unchanged_problem_67  wall=1.820000e-06s  cpu=2.000000e-06s  provider=0  solves=0  iterations=0

STEP 7
  certificate  stage=STEP 7  complete  reason=continue_stage_ii  wall=9.000000e-07s  cpu=1.000000e-06s  provider=0  solves=0  iterations=0

STEP 4
  STAGE II STEP 4  major=23  upper=-4.260916e+01  LP_primal= 1.811884e-11  LP_dual= 5.551115e-17  active_cuts=28  certified
  certificate  stage=STEP 4  complete  reason=step4_complete  wall=3.811180e-04s  cpu=3.810000e-04s  provider=0  solves=1  iterations=1

STEP 5
  certificate  stage=STEP 5 LOCAL  major=23  attempt=105  accepted  reason=success  P rel.= 7.038932e-14  objective=-3.976408e+01  upper=-4.260916e+01  gap=-2.845077e+00  wall=0.000000e+00s  cpu=0.000000e+00s  provider=0  solves=0  iterations=0
  certificate  stage=STEP 5 LOCAL  major=23  attempt=106  accepted  reason=success  P rel.= 2.097315e-14  objective=-3.976408e+01  upper=-4.260916e+01  gap=-2.845077e+00  wall=0.000000e+00s  cpu=0.000000e+00s  provider=0  solves=0  iterations=0
  certificate  stage=STEP 5 LOCAL  major=23  attempt=107  accepted  reason=success  P rel.= 4.503480e-13  objective=-3.976408e+01  upper=-4.260916e+01  gap=-2.845077e+00  wall=0.000000e+00s  cpu=0.000000e+00s  provider=0  solves=0  iterations=0
  certificate  stage=STEP 5 LOCAL  major=23  attempt=108  accepted  reason=success  P rel.= 4.252090e-13  objective=-3.976408e+01  upper=-4.260916e+01  gap=-2.845077e+00  wall=0.000000e+00s  cpu=0.000000e+00s  provider=0  solves=0  iterations=0
  certificate  stage=STEP 5 LOCAL  major=23  attempt=109  accepted  reason=success  P rel.=-1.591203e-09  objective=-4.260916e+01  upper=-4.260916e+01  gap= 1.811884e-11  wall=0.000000e+00s  cpu=0.000000e+00s  provider=0  solves=0  iterations=0
  certificate  stage=STEP 5  complete  reason=step5_complete  wall=1.372937e-01s  cpu=1.372950e-01s  provider=134  solves=5  iterations=123

STEP 6
  certificate  stage=STEP 6  complete  reason=candidate_set  wall=9.990000e-06s  cpu=1.000000e-05s  provider=0  solves=0  iterations=0

STEP 8
  certificate  stage=STEP 8  complete  reason=unchanged_problem_67  wall=1.540000e-06s  cpu=2.000000e-06s  provider=0  solves=0  iterations=0

STEP 7
  certificate  stage=STEP 7  complete  reason=continue_stage_ii  wall=9.200000e-07s  cpu=1.000000e-06s  provider=0  solves=0  iterations=0

STEP 4
  STAGE II STEP 4  major=24  upper=-4.260916e+01  LP_primal= 1.811884e-11  LP_dual= 5.551115e-17  active_cuts=29  certified
  certificate  stage=STEP 4  complete  reason=step4_complete  wall=3.783980e-04s  cpu=3.790000e-04s  provider=0  solves=1  iterations=1

STEP 5
  certificate  stage=STEP 5 LOCAL  major=24  attempt=110  accepted  reason=success  P rel.= 5.746067e-14  objective=-3.976408e+01  upper=-4.260916e+01  gap=-2.845077e+00  wall=0.000000e+00s  cpu=0.000000e+00s  provider=0  solves=0  iterations=0
  certificate  stage=STEP 5 LOCAL  major=24  attempt=111  accepted  reason=success  P rel.= 5.501859e-14  objective=-3.976408e+01  upper=-4.260916e+01  gap=-2.845077e+00  wall=0.000000e+00s  cpu=0.000000e+00s  provider=0  solves=0  iterations=0
  certificate  stage=STEP 5 LOCAL  major=24  attempt=112  accepted  reason=success  P rel.= 6.708533e-14  objective=-3.976408e+01  upper=-4.260916e+01  gap=-2.845077e+00  wall=0.000000e+00s  cpu=0.000000e+00s  provider=0  solves=0  iterations=0
  certificate  stage=STEP 5 LOCAL  major=24  attempt=113  accepted  reason=success  P rel.= 4.740505e-14  objective=-3.976408e+01  upper=-4.260916e+01  gap=-2.845077e+00  wall=0.000000e+00s  cpu=0.000000e+00s  provider=0  solves=0  iterations=0
  certificate  stage=STEP 5 LOCAL  major=24  attempt=114  accepted  reason=success  P rel.= 3.907326e-14  objective=-3.976408e+01  upper=-4.260916e+01  gap=-2.845077e+00  wall=0.000000e+00s  cpu=0.000000e+00s  provider=0  solves=0  iterations=0
  certificate  stage=STEP 5 LOCAL  major=24  attempt=115  accepted  reason=success  P rel.= 4.596854e-14  objective=-3.976408e+01  upper=-4.260916e+01  gap=-2.845077e+00  wall=0.000000e+00s  cpu=0.000000e+00s  provider=0  solves=0  iterations=0
  certificate  stage=STEP 5 LOCAL  major=24  attempt=116  accepted  reason=success  P rel.=-1.605046e-09  objective=-4.260916e+01  upper=-4.260916e+01  gap= 1.812595e-11  wall=0.000000e+00s  cpu=0.000000e+00s  provider=0  solves=0  iterations=0
  certificate  stage=STEP 5  complete  reason=step5_complete  wall=1.757790e-01s  cpu=1.757700e-01s  provider=172  solves=7  iterations=156

STEP 6
  certificate  stage=STEP 6  complete  reason=candidate_set  wall=1.024000e-05s  cpu=1.000000e-05s  provider=0  solves=0  iterations=0

STEP 8
  certificate  stage=STEP 8  complete  reason=unchanged_problem_67  wall=1.490000e-06s  cpu=1.000000e-06s  provider=0  solves=0  iterations=0

STEP 7
  certificate  stage=STEP 7  complete  reason=continue_stage_ii  wall=8.400000e-07s  cpu=1.000000e-06s  provider=0  solves=0  iterations=0

STEP 4
  STAGE II STEP 4  major=25  upper=-4.260916e+01  LP_primal= 1.812595e-11  LP_dual= 5.551115e-17  active_cuts=30  certified
  certificate  stage=STEP 4  complete  reason=step4_complete  wall=3.699880e-04s  cpu=3.700000e-04s  provider=0  solves=1  iterations=1

STEP 5
  certificate  stage=STEP 5 LOCAL  major=25  attempt=117  accepted  reason=success  P rel.= 6.938376e-14  objective=-3.976408e+01  upper=-4.260916e+01  gap=-2.845077e+00  wall=0.000000e+00s  cpu=0.000000e+00s  provider=0  solves=0  iterations=0
  certificate  stage=STEP 5 LOCAL  major=25  attempt=118  accepted  reason=success  P rel.= 4.119930e-13  objective=-3.976408e+01  upper=-4.260916e+01  gap=-2.845077e+00  wall=0.000000e+00s  cpu=0.000000e+00s  provider=0  solves=0  iterations=0
  certificate  stage=STEP 5 LOCAL  major=25  attempt=119  accepted  reason=success  P rel.= 6.708533e-14  objective=-3.976408e+01  upper=-4.260916e+01  gap=-2.845077e+00  wall=0.000000e+00s  cpu=0.000000e+00s  provider=0  solves=0  iterations=0
  certificate  stage=STEP 5 LOCAL  major=25  attempt=120  accepted  reason=success  P rel.= 6.507421e-13  objective=-3.976408e+01  upper=-4.260916e+01  gap=-2.845077e+00  wall=0.000000e+00s  cpu=0.000000e+00s  provider=0  solves=0  iterations=0
  certificate  stage=STEP 5 LOCAL  major=25  attempt=121  accepted  reason=success  P rel.= 2.413348e-14  objective=-3.976408e+01  upper=-4.260916e+01  gap=-2.845077e+00  wall=0.000000e+00s  cpu=0.000000e+00s  provider=0  solves=0  iterations=0
  certificate  stage=STEP 5 LOCAL  major=25  attempt=122  accepted  reason=success  P rel.=-1.589466e-09  objective=-4.260916e+01  upper=-4.260916e+01  gap= 1.811173e-11  wall=0.000000e+00s  cpu=0.000000e+00s  provider=0  solves=0  iterations=0
  certificate  stage=STEP 5  complete  reason=step5_complete  wall=1.551889e-01s  cpu=1.551900e-01s  provider=150  solves=6  iterations=143

STEP 6
  certificate  stage=STEP 6  complete  reason=candidate_set  wall=1.065900e-05s  cpu=1.000000e-05s  provider=0  solves=0  iterations=0

STEP 8
  certificate  stage=STEP 8  complete  reason=unchanged_problem_67  wall=1.910000e-06s  cpu=2.000000e-06s  provider=0  solves=0  iterations=0

STEP 7
  certificate  stage=STEP 7  complete  reason=continue_stage_ii  wall=8.300000e-07s  cpu=0.000000e+00s  provider=0  solves=0  iterations=0

STEP 4
  STAGE II STEP 4  major=26  upper=-4.260916e+01  LP_primal= 1.812595e-11  LP_dual= 5.551115e-17  active_cuts=31  certified
  certificate  stage=STEP 4  complete  reason=step4_complete  wall=3.927180e-04s  cpu=3.930000e-04s  provider=0  solves=1  iterations=1

STEP 5
  certificate  stage=STEP 5 LOCAL  major=26  attempt=123  accepted  reason=success  P rel.= 5.746067e-14  objective=-3.976408e+01  upper=-4.260916e+01  gap=-2.845077e+00  wall=0.000000e+00s  cpu=0.000000e+00s  provider=0  solves=0  iterations=0
  certificate  stage=STEP 5 LOCAL  major=26  attempt=124  accepted  reason=success  P rel.= 4.740505e-14  objective=-3.976408e+01  upper=-4.260916e+01  gap=-2.845077e+00  wall=0.000000e+00s  cpu=0.000000e+00s  provider=0  solves=0  iterations=0
  certificate  stage=STEP 5 LOCAL  major=26  attempt=125  accepted  reason=success  P rel.=-1.582923e-09  objective=-4.260916e+01  upper=-4.260916e+01  gap= 1.811884e-11  wall=0.000000e+00s  cpu=0.000000e+00s  provider=0  solves=0  iterations=0
  certificate  stage=STEP 5  complete  reason=step5_complete  wall=8.060318e-02s  cpu=8.059300e-02s  provider=78  solves=3  iterations=70

STEP 6
  certificate  stage=STEP 6  complete  reason=candidate_set  wall=1.076000e-05s  cpu=1.100000e-05s  provider=0  solves=0  iterations=0

STEP 8
  certificate  stage=STEP 8  complete  reason=unchanged_problem_67  wall=1.750000e-06s  cpu=2.000000e-06s  provider=0  solves=0  iterations=0

STEP 7
  certificate  stage=STEP 7  complete  reason=continue_stage_ii  wall=8.400000e-07s  cpu=1.000000e-06s  provider=0  solves=0  iterations=0

STEP 4
  STAGE II STEP 4  major=27  upper=-4.260916e+01  LP_primal= 1.812595e-11  LP_dual= 5.551115e-17  active_cuts=32  certified
  certificate  stage=STEP 4  complete  reason=step4_complete  wall=4.036080e-04s  cpu=4.040000e-04s  provider=0  solves=1  iterations=1

STEP 5
  certificate  stage=STEP 5 LOCAL  major=27  attempt=126  accepted  reason=success  P rel.= 5.085269e-14  objective=-3.976408e+01  upper=-4.260916e+01  gap=-2.845077e+00  wall=0.000000e+00s  cpu=0.000000e+00s  provider=0  solves=0  iterations=0
  certificate  stage=STEP 5 LOCAL  major=27  attempt=127  accepted  reason=success  P rel.= 5.329477e-14  objective=-3.976408e+01  upper=-4.260916e+01  gap=-2.845077e+00  wall=0.000000e+00s  cpu=0.000000e+00s  provider=0  solves=0  iterations=0
  certificate  stage=STEP 5 LOCAL  major=27  attempt=128  accepted  reason=success  P rel.= 6.191387e-14  objective=-3.976408e+01  upper=-4.260916e+01  gap=-2.845077e+00  wall=0.000000e+00s  cpu=0.000000e+00s  provider=0  solves=0  iterations=0
  certificate  stage=STEP 5 LOCAL  major=27  attempt=129  accepted  reason=success  P rel.=-1.573486e-09  objective=-4.260916e+01  upper=-4.260916e+01  gap= 1.811173e-11  wall=0.000000e+00s  cpu=0.000000e+00s  provider=0  solves=0  iterations=0
  certificate  stage=STEP 5  complete  reason=step5_complete  wall=9.230396e-02s  cpu=9.230600e-02s  provider=89  solves=4  iterations=83

STEP 6
  certificate  stage=STEP 6  complete  reason=candidate_set  wall=1.196000e-05s  cpu=1.200000e-05s  provider=0  solves=0  iterations=0

STEP 8
  certificate  stage=STEP 8  complete  reason=unchanged_problem_67  wall=1.950000e-06s  cpu=2.000000e-06s  provider=0  solves=0  iterations=0

STEP 7
  certificate  stage=STEP 7  complete  reason=continue_stage_ii  wall=9.100000e-07s  cpu=1.000000e-06s  provider=0  solves=0  iterations=0

STEP 4
  STAGE II STEP 4  major=28  upper=-4.260916e+01  LP_primal= 1.812595e-11  LP_dual= 5.551115e-17  active_cuts=33  certified
  certificate  stage=STEP 4  complete  reason=step4_complete  wall=4.128080e-04s  cpu=4.130000e-04s  provider=0  solves=1  iterations=1

STEP 5
  certificate  stage=STEP 5 LOCAL  major=28  attempt=130  accepted  reason=success  P rel.= 6.335039e-14  objective=-3.976408e+01  upper=-4.260916e+01  gap=-2.845077e+00  wall=0.000000e+00s  cpu=0.000000e+00s  provider=0  solves=0  iterations=0
  certificate  stage=STEP 5 LOCAL  major=28  attempt=131  accepted  reason=success  P rel.=-1.578516e-09  objective=-4.260916e+01  upper=-4.260916e+01  gap= 1.811884e-11  wall=0.000000e+00s  cpu=0.000000e+00s  provider=0  solves=0  iterations=0
  certificate  stage=STEP 5  complete  reason=step5_complete  wall=5.161246e-02s  cpu=5.160400e-02s  provider=51  solves=2  iterations=43

STEP 6
  certificate  stage=STEP 6  complete  reason=candidate_set  wall=1.184900e-05s  cpu=1.200000e-05s  provider=0  solves=0  iterations=0

STEP 8
  certificate  stage=STEP 8  complete  reason=unchanged_problem_67  wall=1.790000e-06s  cpu=2.000000e-06s  provider=0  solves=0  iterations=0

STEP 7
  certificate  stage=STEP 7  complete  reason=continue_stage_ii  wall=9.000000e-07s  cpu=1.000000e-06s  provider=0  solves=0  iterations=0

STEP 4
  STAGE II STEP 4  major=29  upper=-4.260916e+01  LP_primal= 1.812595e-11  LP_dual= 5.551115e-17  active_cuts=34  certified
  certificate  stage=STEP 4  complete  reason=step4_complete  wall=3.864480e-04s  cpu=3.870000e-04s  provider=0  solves=1  iterations=1

STEP 5
  certificate  stage=STEP 5 LOCAL  major=29  attempt=132  accepted  reason=success  P rel.= 3.246528e-14  objective=-3.976408e+01  upper=-4.260916e+01  gap=-2.845077e+00  wall=0.000000e+00s  cpu=0.000000e+00s  provider=0  solves=0  iterations=0
  certificate  stage=STEP 5 LOCAL  major=29  attempt=133  accepted  reason=success  P rel.=-1.586707e-09  objective=-4.260916e+01  upper=-4.260916e+01  gap= 1.811173e-11  wall=0.000000e+00s  cpu=0.000000e+00s  provider=0  solves=0  iterations=0
  certificate  stage=STEP 5  complete  reason=step5_complete  wall=4.401058e-02s  cpu=4.400300e-02s  provider=43  solves=2  iterations=38

STEP 6
  certificate  stage=STEP 6  complete  reason=candidate_set  wall=1.177000e-05s  cpu=1.200000e-05s  provider=0  solves=0  iterations=0

STEP 8
  certificate  stage=STEP 8  complete  reason=unchanged_problem_67  wall=1.860000e-06s  cpu=2.000000e-06s  provider=0  solves=0  iterations=0

STEP 7
  certificate  stage=STEP 7  complete  reason=continue_stage_ii  wall=8.800000e-07s  cpu=1.000000e-06s  provider=0  solves=0  iterations=0

STEP 4
  STAGE II STEP 4  major=30  upper=-4.260916e+01  LP_primal= 1.812595e-11  LP_dual= 5.551115e-17  active_cuts=35  certified
  certificate  stage=STEP 4  complete  reason=step4_complete  wall=3.818480e-04s  cpu=3.820000e-04s  provider=0  solves=1  iterations=1

STEP 5
  certificate  stage=STEP 5 LOCAL  major=30  attempt=134  accepted  reason=success  P rel.= 5.157095e-14  objective=-3.976408e+01  upper=-4.260916e+01  gap=-2.845077e+00  wall=0.000000e+00s  cpu=0.000000e+00s  provider=0  solves=0  iterations=0
  certificate  stage=STEP 5 LOCAL  major=30  attempt=135  accepted  reason=success  P rel.=-1.578249e-09  objective=-4.260916e+01  upper=-4.260916e+01  gap= 1.811173e-11  wall=0.000000e+00s  cpu=0.000000e+00s  provider=0  solves=0  iterations=0
  certificate  stage=STEP 5  complete  reason=step5_complete  wall=4.651965e-02s  cpu=4.652000e-02s  provider=45  solves=2  iterations=41

STEP 6
  certificate  stage=STEP 6  complete  reason=candidate_set  wall=1.221900e-05s  cpu=1.200000e-05s  provider=0  solves=0  iterations=0

STEP 8
  certificate  stage=STEP 8  complete  reason=unchanged_problem_67  wall=1.680000e-06s  cpu=2.000000e-06s  provider=0  solves=0  iterations=0

STEP 7
  certificate  stage=STEP 7  complete  reason=continue_stage_ii  wall=9.000000e-07s  cpu=1.000000e-06s  provider=0  solves=0  iterations=0

STEP 4
  STAGE II STEP 4  major=31  upper=-4.260916e+01  LP_primal= 1.812595e-11  LP_dual= 5.551115e-17  active_cuts=36  certified
  certificate  stage=STEP 4  complete  reason=step4_complete  wall=4.029780e-04s  cpu=4.030000e-04s  provider=0  solves=1  iterations=1

STEP 5
  certificate  stage=STEP 5 LOCAL  major=31  attempt=137  accepted  reason=success  P rel.= 5.717337e-14  objective=-3.976408e+01  upper=-4.260916e+01  gap=-2.845077e+00  wall=0.000000e+00s  cpu=0.000000e+00s  provider=0  solves=0  iterations=0
  certificate  stage=STEP 5 LOCAL  major=31  attempt=138  accepted  reason=success  P rel.= 6.247412e-13  objective=-3.976408e+01  upper=-4.260916e+01  gap=-2.845077e+00  wall=0.000000e+00s  cpu=0.000000e+00s  provider=0  solves=0  iterations=0
  certificate  stage=STEP 5 LOCAL  major=31  attempt=139  accepted  reason=success  P rel.= 3.476371e-14  objective=-3.976408e+01  upper=-4.260916e+01  gap=-2.845077e+00  wall=0.000000e+00s  cpu=0.000000e+00s  provider=0  solves=0  iterations=0
  certificate  stage=STEP 5 LOCAL  major=31  attempt=141  accepted  reason=success  P rel.= 6.335039e-14  objective=-3.976408e+01  upper=-4.260916e+01  gap=-2.845077e+00  wall=0.000000e+00s  cpu=0.000000e+00s  provider=0  solves=0  iterations=0
  certificate  stage=STEP 5 LOCAL  major=31  attempt=142  accepted  reason=success  P rel.= 4.007882e-14  objective=-3.976408e+01  upper=-4.260916e+01  gap=-2.845077e+00  wall=0.000000e+00s  cpu=0.000000e+00s  provider=0  solves=0  iterations=0
  certificate  stage=STEP 5 LOCAL  major=31  attempt=143  accepted  reason=success  P rel.= 4.424472e-14  objective=-3.976408e+01  upper=-4.260916e+01  gap=-2.845077e+00  wall=0.000000e+00s  cpu=0.000000e+00s  provider=0  solves=0  iterations=0
  certificate  stage=STEP 5 LOCAL  major=31  attempt=144  accepted  reason=success  P rel.=-1.597879e-09  objective=-4.260916e+01  upper=-4.260916e+01  gap= 1.811173e-11  wall=0.000000e+00s  cpu=0.000000e+00s  provider=0  solves=0  iterations=0
  certificate  stage=STEP 5  complete  reason=step5_complete  wall=1.678436e-01s  cpu=1.678070e-01s  provider=167  solves=9  iterations=152

STEP 6
  certificate  stage=STEP 6  complete  reason=candidate_set  wall=1.135000e-05s  cpu=1.100000e-05s  provider=0  solves=0  iterations=0

STEP 8
  certificate  stage=STEP 8  complete  reason=unchanged_problem_67  wall=1.450000e-06s  cpu=2.000000e-06s  provider=0  solves=0  iterations=0

STEP 7
  certificate  stage=STEP 7  complete  reason=continue_stage_ii  wall=8.300000e-07s  cpu=0.000000e+00s  provider=0  solves=0  iterations=0

STEP 4
  STAGE II STEP 4  major=32  upper=-4.260916e+01  LP_primal= 1.812595e-11  LP_dual= 5.551115e-17  active_cuts=37  certified
  certificate  stage=STEP 4  complete  reason=step4_complete  wall=3.462880e-04s  cpu=3.470000e-04s  provider=0  solves=1  iterations=1

STEP 5
  certificate  stage=STEP 5 LOCAL  major=32  attempt=145  accepted  reason=success  P rel.= 5.688607e-14  objective=-3.976408e+01  upper=-4.260916e+01  gap=-2.845077e+00  wall=0.000000e+00s  cpu=0.000000e+00s  provider=0  solves=0  iterations=0
  certificate  stage=STEP 5 LOCAL  major=32  attempt=146  accepted  reason=success  P rel.=-1.598146e-09  objective=-4.260916e+01  upper=-4.260916e+01  gap= 1.811173e-11  wall=0.000000e+00s  cpu=0.000000e+00s  provider=0  solves=0  iterations=0
  certificate  stage=STEP 5  complete  reason=step5_complete  wall=4.493617e-02s  cpu=4.493000e-02s  provider=43  solves=2  iterations=41

STEP 6
  certificate  stage=STEP 6  complete  reason=candidate_set  wall=9.550000e-06s  cpu=9.000000e-06s  provider=0  solves=0  iterations=0

STEP 8
  certificate  stage=STEP 8  complete  reason=unchanged_problem_67  wall=1.370000e-06s  cpu=1.000000e-06s  provider=0  solves=0  iterations=0

STEP 7
  certificate  stage=STEP 7  complete  reason=continue_stage_ii  wall=8.300000e-07s  cpu=1.000000e-06s  provider=0  solves=0  iterations=0

STEP 4
  STAGE II STEP 4  major=33  upper=-4.260916e+01  LP_primal= 1.812595e-11  LP_dual= 5.551115e-17  active_cuts=38  certified
  certificate  stage=STEP 4  complete  reason=step4_complete  wall=3.474680e-04s  cpu=3.470000e-04s  provider=0  solves=1  iterations=1

STEP 5
  certificate  stage=STEP 5 LOCAL  major=33  attempt=147  accepted  reason=success  P rel.= 5.875354e-14  objective=-3.976408e+01  upper=-4.260916e+01  gap=-2.845077e+00  wall=0.000000e+00s  cpu=0.000000e+00s  provider=0  solves=0  iterations=0
  certificate  stage=STEP 5 LOCAL  major=33  attempt=148  accepted  reason=success  P rel.= 5.102508e-13  objective=-3.976408e+01  upper=-4.260916e+01  gap=-2.845077e+00  wall=0.000000e+00s  cpu=0.000000e+00s  provider=0  solves=0  iterations=0
  certificate  stage=STEP 5 LOCAL  major=33  attempt=149  accepted  reason=success  P rel.=-1.584525e-09  objective=-4.260916e+01  upper=-4.260916e+01  gap= 1.811173e-11  wall=0.000000e+00s  cpu=0.000000e+00s  provider=0  solves=0  iterations=0
  certificate  stage=STEP 5  complete  reason=step5_complete  wall=7.945734e-02s  cpu=7.945000e-02s  provider=77  solves=3  iterations=73

STEP 6
  certificate  stage=STEP 6  complete  reason=candidate_set  wall=1.165000e-05s  cpu=1.100000e-05s  provider=0  solves=0  iterations=0

STEP 8
  certificate  stage=STEP 8  complete  reason=unchanged_problem_67  wall=1.380000e-06s  cpu=1.000000e-06s  provider=0  solves=0  iterations=0

STEP 7
  certificate  stage=STEP 7  complete  reason=continue_stage_ii  wall=8.200000e-07s  cpu=1.000000e-06s  provider=0  solves=0  iterations=0

STEP 4
  STAGE II STEP 4  major=34  upper=-4.260916e+01  LP_primal= 1.812595e-11  LP_dual= 5.551115e-17  active_cuts=39  certified
  certificate  stage=STEP 4  complete  reason=step4_complete  wall=3.480880e-04s  cpu=3.480000e-04s  provider=0  solves=1  iterations=1

STEP 5
  certificate  stage=STEP 5 LOCAL  major=34  attempt=151  accepted  reason=success  P rel.= 7.038932e-14  objective=-3.976408e+01  upper=-4.260916e+01  gap=-2.845077e+00  wall=0.000000e+00s  cpu=0.000000e+00s  provider=0  solves=0  iterations=0
  certificate  stage=STEP 5 LOCAL  major=34  attempt=152  accepted  reason=success  P rel.=-1.601930e-09  objective=-4.260916e+01  upper=-4.260916e+01  gap= 1.811173e-11  wall=0.000000e+00s  cpu=0.000000e+00s  provider=0  solves=0  iterations=0
  certificate  stage=STEP 5  complete  reason=step5_complete  wall=5.648263e-02s  cpu=5.647500e-02s  provider=57  solves=3  iterations=48

STEP 6
  certificate  stage=STEP 6  complete  reason=candidate_set  wall=1.180000e-05s  cpu=1.100000e-05s  provider=0  solves=0  iterations=0

STEP 8
  certificate  stage=STEP 8  complete  reason=unchanged_problem_67  wall=1.350000e-06s  cpu=1.000000e-06s  provider=0  solves=0  iterations=0

STEP 7
  certificate  stage=STEP 7  complete  reason=continue_stage_ii  wall=8.600000e-07s  cpu=0.000000e+00s  provider=0  solves=0  iterations=0

STEP 4
  STAGE II STEP 4  major=35  upper=-4.260916e+01  LP_primal= 1.812595e-11  LP_dual= 5.551115e-17  active_cuts=40  certified
  certificate  stage=STEP 4  complete  reason=step4_complete  wall=3.495280e-04s  cpu=3.490000e-04s  provider=0  solves=1  iterations=1

STEP 5
  certificate  stage=STEP 5 LOCAL  major=35  attempt=153  accepted  reason=success  P rel.= 3.476371e-14  objective=-3.976408e+01  upper=-4.260916e+01  gap=-2.845077e+00  wall=0.000000e+00s  cpu=0.000000e+00s  provider=0  solves=0  iterations=0
  certificate  stage=STEP 5 LOCAL  major=35  attempt=154  accepted  reason=success  P rel.=-1.583947e-09  objective=-4.260916e+01  upper=-4.260916e+01  gap= 1.811884e-11  wall=0.000000e+00s  cpu=0.000000e+00s  provider=0  solves=0  iterations=0
  certificate  stage=STEP 5  complete  reason=step5_complete  wall=4.644286e-02s  cpu=4.643100e-02s  provider=45  solves=2  iterations=42

STEP 6
  certificate  stage=STEP 6  complete  reason=candidate_set  wall=1.141000e-05s  cpu=1.100000e-05s  provider=0  solves=0  iterations=0

STEP 8
  certificate  stage=STEP 8  complete  reason=unchanged_problem_67  wall=1.290000e-06s  cpu=2.000000e-06s  provider=0  solves=0  iterations=0

STEP 7
  certificate  stage=STEP 7  complete  reason=continue_stage_ii  wall=8.300000e-07s  cpu=1.000000e-06s  provider=0  solves=0  iterations=0

STEP 4
  STAGE II STEP 4  major=36  upper=-4.260916e+01  LP_primal= 1.812595e-11  LP_dual= 5.551115e-17  active_cuts=41  certified
  certificate  stage=STEP 4  complete  reason=step4_complete  wall=3.452480e-04s  cpu=3.460000e-04s  provider=0  solves=1  iterations=1

STEP 5
  certificate  stage=STEP 5 LOCAL  major=36  attempt=155  accepted  reason=success  P rel.= 5.875354e-14  objective=-3.976408e+01  upper=-4.260916e+01  gap=-2.845077e+00  wall=0.000000e+00s  cpu=0.000000e+00s  provider=0  solves=0  iterations=0
  certificate  stage=STEP 5 LOCAL  major=36  attempt=156  accepted  reason=success  P rel.= 2.097315e-14  objective=-3.976408e+01  upper=-4.260916e+01  gap=-2.845077e+00  wall=0.000000e+00s  cpu=0.000000e+00s  provider=0  solves=0  iterations=0
  certificate  stage=STEP 5 LOCAL  major=36  attempt=157  accepted  reason=success  P rel.= 8.202511e-14  objective=-3.976408e+01  upper=-4.260916e+01  gap=-2.845077e+00  wall=0.000000e+00s  cpu=0.000000e+00s  provider=0  solves=0  iterations=0
  certificate  stage=STEP 5 LOCAL  major=36  attempt=158  accepted  reason=success  P rel.= 4.740505e-14  objective=-3.976408e+01  upper=-4.260916e+01  gap=-2.845077e+00  wall=0.000000e+00s  cpu=0.000000e+00s  provider=0  solves=0  iterations=0
  certificate  stage=STEP 5 LOCAL  major=36  attempt=159  accepted  reason=success  P rel.=-7.201920e-08  objective=-4.267890e+01  upper=-4.260916e+01  gap= 6.974131e-02  wall=0.000000e+00s  cpu=0.000000e+00s  provider=0  solves=0  iterations=0
  certificate  stage=STEP 5  complete  reason=step5_complete  wall=1.284574e-01s  cpu=1.284010e-01s  provider=125  solves=5  iterations=117

STEP 6
  certificate  stage=STEP 6  complete  reason=candidate_set  wall=1.185000e-05s  cpu=1.100000e-05s  provider=0  solves=0  iterations=0

STEP 8
  certificate  stage=STEP 8  complete  reason=unchanged_problem_67  wall=1.320000e-06s  cpu=1.000000e-06s  provider=0  solves=0  iterations=0

STEP 7
  certificate  stage=STEP 7  complete  reason=continue_stage_ii  wall=8.400000e-07s  cpu=1.000000e-06s  provider=0  solves=0  iterations=0

STEP 4
  STAGE II STEP 4  major=37  upper=-4.261793e+01  LP_primal= 2.131628e-14  LP_dual= 5.551115e-17  active_cuts=42  certified
  certificate  stage=STEP 4  complete  reason=step4_complete  wall=2.973180e-04s  cpu=2.980000e-04s  provider=0  solves=1  iterations=1

STEP 5
  certificate  stage=STEP 5 LOCAL  major=37  attempt=160  accepted  reason=success  P rel.= 6.105196e-14  objective=-3.977281e+01  upper=-4.261793e+01  gap=-2.845121e+00  wall=0.000000e+00s  cpu=0.000000e+00s  provider=0  solves=0  iterations=0
  certificate  stage=STEP 5 LOCAL  major=37  attempt=161  accepted  reason=success  P rel.=-1.271285e-09  objective=-4.261883e+01  upper=-4.261793e+01  gap= 9.053670e-04  wall=0.000000e+00s  cpu=0.000000e+00s  provider=0  solves=0  iterations=0
  certificate  stage=STEP 5  complete  reason=step5_complete  wall=4.609363e-02s  cpu=4.609400e-02s  provider=45  solves=2  iterations=41

STEP 6
  certificate  stage=STEP 6  complete  reason=candidate_set  wall=6.150000e-06s  cpu=6.000000e-06s  provider=0  solves=0  iterations=0

STEP 8
  certificate  stage=STEP 8  complete  reason=problem_67_infeasible  wall=9.882900e-05s  cpu=9.900000e-05s  provider=2  solves=1  iterations=0

STEP 7
  certificate  stage=STEP 7  complete  reason=continue_stage_ii  wall=9.700000e-07s  cpu=1.000000e-06s  provider=0  solves=0  iterations=0

STEP 4
  STAGE II STEP 4  major=38  upper=-4.261815e+01  LP_primal= 7.105427e-15  LP_dual= 1.387779e-17  active_cuts=43  certified
  certificate  stage=STEP 4  complete  reason=step4_complete  wall=2.927880e-04s  cpu=2.930000e-04s  provider=0  solves=1  iterations=1

STEP 5
  certificate  stage=STEP 5 LOCAL  major=38  attempt=162  accepted  reason=success  P rel.= 3.907326e-14  objective=-3.977303e+01  upper=-4.261815e+01  gap=-2.845121e+00  wall=0.000000e+00s  cpu=0.000000e+00s  provider=0  solves=0  iterations=0
  certificate  stage=STEP 5 LOCAL  major=38  attempt=163  accepted  reason=success  P rel.= 1.370437e-13  objective=-3.977303e+01  upper=-4.261815e+01  gap=-2.845121e+00  wall=0.000000e+00s  cpu=0.000000e+00s  provider=0  solves=0  iterations=0
  certificate  stage=STEP 5 LOCAL  major=38  attempt=164  accepted  reason=success  P rel.= 5.530590e-14  objective=-3.977303e+01  upper=-4.261815e+01  gap=-2.845121e+00  wall=0.000000e+00s  cpu=0.000000e+00s  provider=0  solves=0  iterations=0
  certificate  stage=STEP 5 LOCAL  major=38  attempt=165  accepted  reason=success  P rel.= 4.467567e-14  objective=-3.977303e+01  upper=-4.261815e+01  gap=-2.845121e+00  wall=0.000000e+00s  cpu=0.000000e+00s  provider=0  solves=0  iterations=0
  certificate  stage=STEP 5 LOCAL  major=38  attempt=166  accepted  reason=success  P rel.= 4.665807e-13  objective=-3.977303e+01  upper=-4.261815e+01  gap=-2.845121e+00  wall=0.000000e+00s  cpu=0.000000e+00s  provider=0  solves=0  iterations=0
  certificate  stage=STEP 5 LOCAL  major=38  attempt=167  accepted  reason=success  P rel.=-1.284951e-09  objective=-4.261815e+01  upper=-4.261815e+01  gap= 1.760256e-07  wall=0.000000e+00s  cpu=0.000000e+00s  provider=0  solves=0  iterations=0
  certificate  stage=STEP 5  complete  reason=step5_complete  wall=1.583242e-01s  cpu=1.582980e-01s  provider=154  solves=6  iterations=144

STEP 6
  certificate  stage=STEP 6  complete  reason=candidate_set  wall=6.450000e-06s  cpu=6.000000e-06s  provider=0  solves=0  iterations=0

STEP 8
  certificate  stage=STEP 8  complete  reason=unchanged_problem_67  wall=2.040000e-06s  cpu=2.000000e-06s  provider=0  solves=0  iterations=0

STEP 7
  certificate  stage=STEP 7  complete  reason=continue_stage_ii  wall=8.400000e-07s  cpu=1.000000e-06s  provider=0  solves=0  iterations=0

STEP 4
  STAGE II STEP 4  major=39  upper=-4.261815e+01  LP_primal= 7.105427e-15  LP_dual= 5.551115e-17  active_cuts=44  certified
  certificate  stage=STEP 4  complete  reason=step4_complete  wall=3.575180e-04s  cpu=3.580000e-04s  provider=0  solves=1  iterations=1

STEP 5
  certificate  stage=STEP 5 LOCAL  major=39  attempt=169  accepted  reason=success  P rel.= 6.550517e-14  objective=-3.977303e+01  upper=-4.261815e+01  gap=-2.845121e+00  wall=0.000000e+00s  cpu=0.000000e+00s  provider=0  solves=0  iterations=0
  certificate  stage=STEP 5 LOCAL  major=39  attempt=170  accepted  reason=success  P rel.=-1.271018e-09  objective=-4.261815e+01  upper=-4.261815e+01  gap=-7.105427e-15  wall=0.000000e+00s  cpu=0.000000e+00s  provider=0  solves=0  iterations=0
  certificate  stage=STEP 5  complete  reason=step5_complete  wall=4.683202e-02s  cpu=4.682400e-02s  provider=47  solves=3  iterations=43

STEP 6
  certificate  stage=STEP 6  complete  reason=candidate_set  wall=6.850000e-06s  cpu=7.000000e-06s  provider=0  solves=0  iterations=0

STEP 8
  certificate  stage=STEP 8  complete  reason=unchanged_problem_67  wall=1.390000e-06s  cpu=1.000000e-06s  provider=0  solves=0  iterations=0

STEP 7
  certificate  stage=STEP 7  complete  reason=continue_stage_ii  wall=8.300000e-07s  cpu=0.000000e+00s  provider=0  solves=0  iterations=0

STEP 4
  STAGE II STEP 4  major=40  upper=-4.261815e+01  LP_primal= 7.105427e-15  LP_dual= 5.551115e-17  active_cuts=45  certified
  certificate  stage=STEP 4  complete  reason=step4_complete  wall=3.146980e-04s  cpu=3.150000e-04s  provider=0  solves=1  iterations=1

STEP 5
  certificate  stage=STEP 5 LOCAL  major=40  attempt=171  accepted  reason=success  P rel.= 4.999078e-14  objective=-3.977303e+01  upper=-4.261815e+01  gap=-2.845121e+00  wall=0.000000e+00s  cpu=0.000000e+00s  provider=0  solves=0  iterations=0
  certificate  stage=STEP 5 LOCAL  major=40  attempt=172  accepted  reason=success  P rel.= 4.869792e-14  objective=-3.977303e+01  upper=-4.261815e+01  gap=-2.845121e+00  wall=0.000000e+00s  cpu=0.000000e+00s  provider=0  solves=0  iterations=0
  certificate  stage=STEP 5 LOCAL  major=40  attempt=173  accepted  reason=success  P rel.= 6.981472e-14  objective=-3.977303e+01  upper=-4.261815e+01  gap=-2.845121e+00  wall=0.000000e+00s  cpu=0.000000e+00s  provider=0  solves=0  iterations=0
  certificate  stage=STEP 5 LOCAL  major=40  attempt=174  accepted  reason=success  P rel.=-1.270707e-09  objective=-4.261815e+01  upper=-4.261815e+01  gap= 0.000000e+00  wall=0.000000e+00s  cpu=0.000000e+00s  provider=0  solves=0  iterations=0
  certificate  stage=STEP 5  complete  reason=step5_complete  wall=9.387323e-02s  cpu=9.386900e-02s  provider=92  solves=4  iterations=83

STEP 6
  certificate  stage=STEP 6  complete  reason=candidate_set  wall=7.880000e-06s  cpu=8.000000e-06s  provider=0  solves=0  iterations=0

STEP 8
  certificate  stage=STEP 8  complete  reason=unchanged_problem_67  wall=1.630000e-06s  cpu=1.000000e-06s  provider=0  solves=0  iterations=0

STEP 7
  certificate  stage=STEP 7  complete  reason=continue_stage_ii  wall=8.400000e-07s  cpu=1.000000e-06s  provider=0  solves=0  iterations=0

STEP 4
  STAGE II STEP 4  major=41  upper=-4.261815e+01  LP_primal= 7.105427e-15  LP_dual= 5.551115e-17  active_cuts=46  certified
  certificate  stage=STEP 4  complete  reason=step4_complete  wall=3.288190e-04s  cpu=3.290000e-04s  provider=0  solves=1  iterations=1

STEP 5
  certificate  stage=STEP 5 LOCAL  major=41  attempt=175  accepted  reason=success  P rel.=-1.283171e-09  objective=-4.261815e+01  upper=-4.261815e+01  gap=-7.105427e-15  wall=0.000000e+00s  cpu=0.000000e+00s  provider=0  solves=0  iterations=0
  certificate  stage=STEP 5  complete  reason=step5_complete  wall=2.066987e-02s  cpu=2.067000e-02s  provider=21  solves=1  iterations=18

STEP 6
  certificate  stage=STEP 6  complete  reason=candidate_set  wall=7.030000e-06s  cpu=7.000000e-06s  provider=0  solves=0  iterations=0

STEP 8
  certificate  stage=STEP 8  complete  reason=unchanged_problem_67  wall=1.370000e-06s  cpu=1.000000e-06s  provider=0  solves=0  iterations=0

STEP 7
  certificate  stage=STEP 7  complete  reason=continue_stage_ii  wall=8.300000e-07s  cpu=1.000000e-06s  provider=0  solves=0  iterations=0

STEP 4
  STAGE II STEP 4  major=42  upper=-4.261815e+01  LP_primal= 7.105427e-15  LP_dual= 5.551115e-17  active_cuts=47  certified
  certificate  stage=STEP 4  complete  reason=step4_complete  wall=3.105480e-04s  cpu=3.100000e-04s  provider=0  solves=1  iterations=1

STEP 5
  certificate  stage=STEP 5 LOCAL  major=42  attempt=176  accepted  reason=success  P rel.= 7.800286e-14  objective=-3.977303e+01  upper=-4.261815e+01  gap=-2.845121e+00  wall=0.000000e+00s  cpu=0.000000e+00s  provider=0  solves=0  iterations=0
  certificate  stage=STEP 5 LOCAL  major=42  attempt=177  accepted  reason=success  P rel.=-1.276271e-09  objective=-4.261815e+01  upper=-4.261815e+01  gap= 0.000000e+00  wall=0.000000e+00s  cpu=0.000000e+00s  provider=0  solves=0  iterations=0
  certificate  stage=STEP 5  complete  reason=step5_complete  wall=5.680456e-02s  cpu=5.679900e-02s  provider=56  solves=2  iterations=49

STEP 6
  certificate  stage=STEP 6  complete  reason=candidate_set  wall=7.470000e-06s  cpu=8.000000e-06s  provider=0  solves=0  iterations=0

STEP 8
  certificate  stage=STEP 8  complete  reason=unchanged_problem_67  wall=1.340000e-06s  cpu=2.000000e-06s  provider=0  solves=0  iterations=0

STEP 7
  certificate  stage=STEP 7  complete  reason=continue_stage_ii  wall=8.300000e-07s  cpu=0.000000e+00s  provider=0  solves=0  iterations=0

STEP 4
  STAGE II STEP 4  major=43  upper=-4.261815e+01  LP_primal= 7.105427e-15  LP_dual= 1.387779e-17  active_cuts=48  certified
  certificate  stage=STEP 4  complete  reason=step4_complete  wall=3.214180e-04s  cpu=3.220000e-04s  provider=0  solves=1  iterations=1

STEP 5
  certificate  stage=STEP 5 LOCAL  major=43  attempt=178  accepted  reason=success  P rel.=-1.257219e-09  objective=-4.261815e+01  upper=-4.261815e+01  gap= 7.105427e-15  wall=0.000000e+00s  cpu=0.000000e+00s  provider=0  solves=0  iterations=0
  certificate  stage=STEP 5  complete  reason=step5_complete  wall=2.090014e-02s  cpu=2.090100e-02s  provider=20  solves=1  iterations=19

STEP 6
  certificate  stage=STEP 6  complete  reason=candidate_set  wall=7.660000e-06s  cpu=8.000000e-06s  provider=0  solves=0  iterations=0

STEP 8
  certificate  stage=STEP 8  complete  reason=unchanged_problem_67  wall=1.380000e-06s  cpu=2.000000e-06s  provider=0  solves=0  iterations=0

STEP 7
  certificate  stage=STEP 7  complete  reason=continue_stage_ii  wall=8.400000e-07s  cpu=1.000000e-06s  provider=0  solves=0  iterations=0

STEP 4
  STAGE II STEP 4  major=44  upper=-4.261815e+01  LP_primal= 7.105427e-15  LP_dual= 1.387779e-17  active_cuts=49  certified
  certificate  stage=STEP 4  complete  reason=step4_complete  wall=3.137290e-04s  cpu=3.140000e-04s  provider=0  solves=1  iterations=1

STEP 5
  certificate  stage=STEP 5 LOCAL  major=44  attempt=179  accepted  reason=success  P rel.= 5.200191e-14  objective=-3.977303e+01  upper=-4.261815e+01  gap=-2.845121e+00  wall=0.000000e+00s  cpu=0.000000e+00s  provider=0  solves=0  iterations=0
  certificate  stage=STEP 5 LOCAL  major=44  attempt=180  accepted  reason=success  P rel.= 5.774798e-14  objective=-3.977303e+01  upper=-4.261815e+01  gap=-2.845121e+00  wall=0.000000e+00s  cpu=0.000000e+00s  provider=0  solves=0  iterations=0
  certificate  stage=STEP 5 LOCAL  major=44  attempt=182  accepted  reason=success  P rel.= 6.981472e-14  objective=-3.977303e+01  upper=-4.261815e+01  gap=-2.845121e+00  wall=0.000000e+00s  cpu=0.000000e+00s  provider=0  solves=0  iterations=0
  certificate  stage=STEP 5 LOCAL  major=44  attempt=183  accepted  reason=success  P rel.= 3.849865e-14  objective=-3.977303e+01  upper=-4.261815e+01  gap=-2.845121e+00  wall=0.000000e+00s  cpu=0.000000e+00s  provider=0  solves=0  iterations=0
  certificate  stage=STEP 5 LOCAL  major=44  attempt=184  accepted  reason=success  P rel.= 6.306309e-14  objective=-3.977303e+01  upper=-4.261815e+01  gap=-2.845121e+00  wall=0.000000e+00s  cpu=0.000000e+00s  provider=0  solves=0  iterations=0
  certificate  stage=STEP 5 LOCAL  major=44  attempt=185  accepted  reason=success  P rel.=-1.258199e-09  objective=-4.261815e+01  upper=-4.261815e+01  gap=-7.105427e-15  wall=0.000000e+00s  cpu=0.000000e+00s  provider=0  solves=0  iterations=0
  certificate  stage=STEP 5  complete  reason=step5_complete  wall=1.621511e-01s  cpu=1.621260e-01s  provider=158  solves=7  iterations=142

STEP 6
  certificate  stage=STEP 6  complete  reason=candidate_set  wall=1.004000e-05s  cpu=1.000000e-05s  provider=0  solves=0  iterations=0

STEP 8
  certificate  stage=STEP 8  complete  reason=unchanged_problem_67  wall=2.060000e-06s  cpu=2.000000e-06s  provider=0  solves=0  iterations=0

STEP 7
  certificate  stage=STEP 7  complete  reason=continue_stage_ii  wall=9.200000e-07s  cpu=1.000000e-06s  provider=0  solves=0  iterations=0

STEP 4
  STAGE II STEP 4  major=45  upper=-4.261815e+01  LP_primal= 7.105427e-15  LP_dual= 1.387779e-17  active_cuts=50  certified
  certificate  stage=STEP 4  complete  reason=step4_complete  wall=3.988480e-04s  cpu=3.990000e-04s  provider=0  solves=1  iterations=1

STEP 5
  certificate  stage=STEP 5 LOCAL  major=45  attempt=186  accepted  reason=success  P rel.= 7.728460e-14  objective=-3.977303e+01  upper=-4.261815e+01  gap=-2.845121e+00  wall=0.000000e+00s  cpu=0.000000e+00s  provider=0  solves=0  iterations=0
  certificate  stage=STEP 5 LOCAL  major=45  attempt=187  accepted  reason=success  P rel.= 3.591292e-14  objective=-3.977303e+01  upper=-4.261815e+01  gap=-2.845121e+00  wall=0.000000e+00s  cpu=0.000000e+00s  provider=0  solves=0  iterations=0
  certificate  stage=STEP 5 LOCAL  major=45  attempt=188  accepted  reason=success  P rel.= 6.335039e-14  objective=-3.977303e+01  upper=-4.261815e+01  gap=-2.845121e+00  wall=0.000000e+00s  cpu=0.000000e+00s  provider=0  solves=0  iterations=0
  certificate  stage=STEP 5 LOCAL  major=45  attempt=189  accepted  reason=success  P rel.= 5.904084e-14  objective=-3.977303e+01  upper=-4.261815e+01  gap=-2.845121e+00  wall=0.000000e+00s  cpu=0.000000e+00s  provider=0  solves=0  iterations=0
  certificate  stage=STEP 5 LOCAL  major=45  attempt=190  accepted  reason=success  P rel.= 6.335039e-14  objective=-3.977303e+01  upper=-4.261815e+01  gap=-2.845121e+00  wall=0.000000e+00s  cpu=0.000000e+00s  provider=0  solves=0  iterations=0
  certificate  stage=STEP 5 LOCAL  major=45  attempt=191  accepted  reason=success  P rel.= 2.534016e-13  objective=-3.977303e+01  upper=-4.261815e+01  gap=-2.845121e+00  wall=0.000000e+00s  cpu=0.000000e+00s  provider=0  solves=0  iterations=0
  certificate  stage=STEP 5 LOCAL  major=45  attempt=192  accepted  reason=success  P rel.= 3.332719e-14  objective=-3.977303e+01  upper=-4.261815e+01  gap=-2.845121e+00  wall=0.000000e+00s  cpu=0.000000e+00s  provider=0  solves=0  iterations=0
  certificate  stage=STEP 5 LOCAL  major=45  attempt=193  accepted  reason=success  P rel.= 5.315112e-14  objective=-3.977303e+01  upper=-4.261815e+01  gap=-2.845121e+00  wall=0.000000e+00s  cpu=0.000000e+00s  provider=0  solves=0  iterations=0
  certificate  stage=STEP 5 LOCAL  major=45  attempt=194  accepted  reason=success  P rel.=-1.264475e-09  objective=-4.261815e+01  upper=-4.261815e+01  gap=-7.105427e-15  wall=0.000000e+00s  cpu=0.000000e+00s  provider=0  solves=0  iterations=0
  certificate  stage=STEP 5  complete  reason=step5_complete  wall=2.418234e-01s  cpu=2.418010e-01s  provider=235  solves=9  iterations=216

STEP 6
  certificate  stage=STEP 6  complete  reason=candidate_set  wall=9.540000e-06s  cpu=1.000000e-05s  provider=0  solves=0  iterations=0

STEP 8
  certificate  stage=STEP 8  complete  reason=unchanged_problem_67  wall=2.300000e-06s  cpu=2.000000e-06s  provider=0  solves=0  iterations=0

STEP 7
  certificate  stage=STEP 7  complete  reason=continue_stage_ii  wall=9.100000e-07s  cpu=1.000000e-06s  provider=0  solves=0  iterations=0

STEP 4
  STAGE II STEP 4  major=46  upper=-4.261815e+01  LP_primal= 7.105427e-15  LP_dual= 1.387779e-17  active_cuts=51  certified
  certificate  stage=STEP 4  complete  reason=step4_complete  wall=3.847980e-04s  cpu=3.850000e-04s  provider=0  solves=1  iterations=1

STEP 5
  certificate  stage=STEP 5 LOCAL  major=46  attempt=195  accepted  reason=success  P rel.= 4.869792e-14  objective=-3.977303e+01  upper=-4.261815e+01  gap=-2.845121e+00  wall=0.000000e+00s  cpu=0.000000e+00s  provider=0  solves=0  iterations=0
  certificate  stage=STEP 5 LOCAL  major=46  attempt=196  accepted  reason=success  P rel.= 7.541713e-14  objective=-3.977303e+01  upper=-4.261815e+01  gap=-2.845121e+00  wall=0.000000e+00s  cpu=0.000000e+00s  provider=0  solves=0  iterations=0
  certificate  stage=STEP 5 LOCAL  major=46  attempt=197  accepted  reason=success  P rel.=-8.262098e-09  objective=-4.261815e+01  upper=-4.261815e+01  gap= 0.000000e+00  wall=0.000000e+00s  cpu=0.000000e+00s  provider=0  solves=0  iterations=0
  certificate  stage=STEP 5  complete  reason=step5_complete  wall=7.760761e-02s  cpu=7.755900e-02s  provider=76  solves=3  iterations=69

STEP 6
  certificate  stage=STEP 6  complete  reason=candidate_set  wall=8.490000e-06s  cpu=9.000000e-06s  provider=0  solves=0  iterations=0

STEP 8
  certificate  stage=STEP 8  complete  reason=unchanged_problem_67  wall=1.390000e-06s  cpu=1.000000e-06s  provider=0  solves=0  iterations=0

STEP 7
  certificate  stage=STEP 7  complete  reason=continue_stage_ii  wall=8.400000e-07s  cpu=1.000000e-06s  provider=0  solves=0  iterations=0

STEP 4
  STAGE II STEP 4  major=47  upper=-4.261815e+01  LP_primal= 1.421085e-14  LP_dual= 5.551115e-17  active_cuts=52  certified
  certificate  stage=STEP 4  complete  reason=step4_complete  wall=3.142880e-04s  cpu=3.150000e-04s  provider=0  solves=1  iterations=1

STEP 5
  certificate  stage=STEP 5 LOCAL  major=47  attempt=198  accepted  reason=success  P rel.=-3.270880e-08  objective=-4.263600e+01  upper=-4.261815e+01  gap= 1.784510e-02  wall=0.000000e+00s  cpu=0.000000e+00s  provider=0  solves=0  iterations=0
  certificate  stage=STEP 5  complete  reason=step5_complete  wall=2.708295e-02s  cpu=2.708300e-02s  provider=27  solves=1  iterations=24

STEP 6
  certificate  stage=STEP 6  complete  reason=candidate_set  wall=8.100000e-06s  cpu=8.000000e-06s  provider=0  solves=0  iterations=0

STEP 8
  certificate  stage=STEP 8  complete  reason=unchanged_problem_67  wall=1.390000e-06s  cpu=1.000000e-06s  provider=0  solves=0  iterations=0

STEP 7
  certificate  stage=STEP 7  complete  reason=continue_stage_ii  wall=8.200000e-07s  cpu=1.000000e-06s  provider=0  solves=0  iterations=0

STEP 4
  STAGE II STEP 4  major=48  upper=-4.262712e+01  LP_primal= 1.421085e-14  LP_dual= 2.081668e-17  active_cuts=53  certified
  certificate  stage=STEP 4  complete  reason=step4_complete  wall=3.263480e-04s  cpu=3.270000e-04s  provider=0  solves=1  iterations=1

STEP 5
  certificate  stage=STEP 5 LOCAL  major=48  attempt=199  accepted  reason=success  P rel.=-1.171976e-09  objective=-4.262888e+01  upper=-4.262712e+01  gap= 1.766494e-03  wall=0.000000e+00s  cpu=0.000000e+00s  provider=0  solves=0  iterations=0
  certificate  stage=STEP 5  complete  reason=step5_complete  wall=2.184244e-02s  cpu=2.184300e-02s  provider=22  solves=1  iterations=19

STEP 6
  certificate  stage=STEP 6  complete  reason=insufficient_candidates  wall=6.170000e-06s  cpu=6.000000e-06s  provider=0  solves=0  iterations=0

STEP 7
  certificate  stage=STEP 7  complete  reason=continue_stage_ii  wall=8.600000e-07s  cpu=1.000000e-06s  provider=0  solves=0  iterations=0

STEP 4
  STAGE II STEP 4  major=49  upper=-4.262754e+01  LP_primal= 7.105427e-15  LP_dual= 1.387779e-17  active_cuts=54  certified
  certificate  stage=STEP 4  complete  reason=step4_complete  wall=3.194580e-04s  cpu=3.200000e-04s  provider=0  solves=1  iterations=1

STEP 5
  certificate  stage=STEP 5 LOCAL  major=49  attempt=200  accepted  reason=success  P rel.= 5.688607e-14  objective=-3.978240e+01  upper=-4.262754e+01  gap=-2.845140e+00  wall=0.000000e+00s  cpu=0.000000e+00s  provider=0  solves=0  iterations=0
  certificate  stage=STEP 5 LOCAL  major=49  attempt=201  accepted  reason=success  P rel.=-1.167124e-09  objective=-4.262754e+01  upper=-4.262754e+01  gap= 5.041237e-07  wall=0.000000e+00s  cpu=0.000000e+00s  provider=0  solves=0  iterations=0
  certificate  stage=STEP 5  complete  reason=step5_complete  wall=5.320384e-02s  cpu=5.320400e-02s  provider=52  solves=2  iterations=46

STEP 6
  certificate  stage=STEP 6  complete  reason=insufficient_candidates  wall=6.540000e-06s  cpu=7.000000e-06s  provider=0  solves=0  iterations=0

STEP 7
  certificate  stage=STEP 7  complete  reason=continue_stage_ii  wall=8.000000e-07s  cpu=1.000000e-06s  provider=0  solves=0  iterations=0

STEP 4
  STAGE II STEP 4  major=50  upper=-4.262754e+01  LP_primal= 7.105427e-15  LP_dual= 2.775558e-17  active_cuts=55  certified
  certificate  stage=STEP 4  complete  reason=step4_complete  wall=3.300380e-04s  cpu=3.300000e-04s  provider=0  solves=1  iterations=1

STEP 5
  certificate  stage=STEP 5 LOCAL  major=50  attempt=202  accepted  reason=success  P rel.= 5.286382e-14  objective=-3.978240e+01  upper=-4.262754e+01  gap=-2.845140e+00  wall=0.000000e+00s  cpu=0.000000e+00s  provider=0  solves=0  iterations=0
  certificate  stage=STEP 5 LOCAL  major=50  attempt=203  accepted  reason=success  P rel.= 6.299126e-13  objective=-3.978240e+01  upper=-4.262754e+01  gap=-2.845140e+00  wall=0.000000e+00s  cpu=0.000000e+00s  provider=0  solves=0  iterations=0
  certificate  stage=STEP 5 LOCAL  major=50  attempt=204  accepted  reason=success  P rel.= 7.857747e-14  objective=-3.978240e+01  upper=-4.262754e+01  gap=-2.845140e+00  wall=0.000000e+00s  cpu=0.000000e+00s  provider=0  solves=0  iterations=0
  certificate  stage=STEP 5 LOCAL  major=50  attempt=206  accepted  reason=success  P rel.= 5.142730e-14  objective=-3.978240e+01  upper=-4.262754e+01  gap=-2.845140e+00  wall=0.000000e+00s  cpu=0.000000e+00s  provider=0  solves=0  iterations=0
  certificate  stage=STEP 5 LOCAL  major=50  attempt=207  accepted  reason=success  P rel.= 3.375814e-14  objective=-3.978240e+01  upper=-4.262754e+01  gap=-2.845140e+00  wall=0.000000e+00s  cpu=0.000000e+00s  provider=0  solves=0  iterations=0
  certificate  stage=STEP 5 LOCAL  major=50  attempt=208  accepted  reason=success  P rel.=-7.115902e-08  objective=-4.263205e+01  upper=-4.262754e+01  gap= 4.514842e-03  wall=0.000000e+00s  cpu=0.000000e+00s  provider=0  solves=0  iterations=0
  certificate  stage=STEP 5  complete  reason=step5_complete  wall=1.601835e-01s  cpu=1.601850e-01s  provider=158  solves=7  iterations=144

STEP 6
  certificate  stage=STEP 6  complete  reason=candidate_set  wall=8.490000e-06s  cpu=8.000000e-06s  provider=0  solves=0  iterations=0

STEP 8
  certificate  stage=STEP 8  complete  reason=problem_67_infeasible  wall=2.338290e-04s  cpu=2.340000e-04s  provider=2  solves=1  iterations=0

STEP 7
  certificate  stage=STEP 7  complete  reason=continue_stage_ii  wall=9.400000e-07s  cpu=1.000000e-06s  provider=0  solves=0  iterations=0

STEP 4
  STAGE II STEP 4  major=51  upper=-4.262926e+01  LP_primal= 7.105427e-15  LP_dual= 5.551115e-17  active_cuts=56  certified
  certificate  stage=STEP 4  complete  reason=step4_complete  wall=3.278990e-04s  cpu=3.280000e-04s  provider=0  solves=1  iterations=1

STEP 5
  certificate  stage=STEP 5 LOCAL  major=51  attempt=209  accepted  reason=success  P rel.= 1.531327e-13  objective=-3.977516e+01  upper=-4.262926e+01  gap=-2.854107e+00  wall=0.000000e+00s  cpu=0.000000e+00s  provider=0  solves=0  iterations=0
  certificate  stage=STEP 5 LOCAL  major=51  attempt=210  accepted  reason=success  P rel.=-1.213774e-09  objective=-4.262945e+01  upper=-4.262926e+01  gap= 1.865577e-04  wall=0.000000e+00s  cpu=0.000000e+00s  provider=0  solves=0  iterations=0
  certificate  stage=STEP 5  complete  reason=step5_complete  wall=5.109731e-02s  cpu=5.109800e-02s  provider=50  solves=2  iterations=45

STEP 6
  certificate  stage=STEP 6  complete  reason=candidate_set  wall=7.690000e-06s  cpu=7.000000e-06s  provider=0  solves=0  iterations=0

STEP 8
  certificate  stage=STEP 8  complete  reason=problem_67_infeasible  wall=2.581580e-04s  cpu=2.590000e-04s  provider=4  solves=1  iterations=0

STEP 7
  certificate  stage=STEP 7  complete  reason=continue_stage_ii  wall=9.000000e-07s  cpu=1.000000e-06s  provider=0  solves=0  iterations=0

STEP 4
  STAGE II STEP 4  major=52  upper=-4.262931e+01  LP_primal= 7.105427e-15  LP_dual= 5.551115e-17  active_cuts=57  certified
  certificate  stage=STEP 4  complete  reason=step4_complete  wall=3.230880e-04s  cpu=3.240000e-04s  provider=0  solves=1  iterations=1

STEP 5
  certificate  stage=STEP 5 LOCAL  major=52  attempt=211  accepted  reason=success  P rel.= 3.303989e-14  objective=-3.977520e+01  upper=-4.262931e+01  gap=-2.854107e+00  wall=0.000000e+00s  cpu=0.000000e+00s  provider=0  solves=0  iterations=0
  certificate  stage=STEP 5 LOCAL  major=52  attempt=212  accepted  reason=success  P rel.= 4.367011e-14  objective=-3.977520e+01  upper=-4.262931e+01  gap=-2.854107e+00  wall=0.000000e+00s  cpu=0.000000e+00s  provider=0  solves=0  iterations=0
  certificate  stage=STEP 5 LOCAL  major=52  attempt=213  accepted  reason=success  P rel.= 4.237725e-14  objective=-3.977520e+01  upper=-4.262931e+01  gap=-2.854107e+00  wall=0.000000e+00s  cpu=0.000000e+00s  provider=0  solves=0  iterations=0
  certificate  stage=STEP 5 LOCAL  major=52  attempt=214  accepted  reason=success  P rel.= 3.088511e-14  objective=-3.977520e+01  upper=-4.262931e+01  gap=-2.854107e+00  wall=0.000000e+00s  cpu=0.000000e+00s  provider=0  solves=0  iterations=0
  certificate  stage=STEP 5 LOCAL  major=52  attempt=215  accepted  reason=success  P rel.= 3.303989e-14  objective=-3.977520e+01  upper=-4.262931e+01  gap=-2.854107e+00  wall=0.000000e+00s  cpu=0.000000e+00s  provider=0  solves=0  iterations=0
  certificate  stage=STEP 5 LOCAL  major=52  attempt=216  accepted  reason=success  P rel.= 3.849865e-14  objective=-3.977520e+01  upper=-4.262931e+01  gap=-2.854107e+00  wall=0.000000e+00s  cpu=0.000000e+00s  provider=0  solves=0  iterations=0
  certificate  stage=STEP 5 LOCAL  major=52  attempt=217  accepted  reason=success  P rel.= 2.439206e-13  objective=-3.977520e+01  upper=-4.262931e+01  gap=-2.854107e+00  wall=0.000000e+00s  cpu=0.000000e+00s  provider=0  solves=0  iterations=0
  certificate  stage=STEP 5 LOCAL  major=52  attempt=218  accepted  reason=success  P rel.= 4.266455e-14  objective=-3.977520e+01  upper=-4.262931e+01  gap=-2.854107e+00  wall=0.000000e+00s  cpu=0.000000e+00s  provider=0  solves=0  iterations=0
  certificate  stage=STEP 5 LOCAL  major=52  attempt=219  accepted  reason=success  P rel.= 3.260893e-14  objective=-3.977520e+01  upper=-4.262931e+01  gap=-2.854107e+00  wall=0.000000e+00s  cpu=0.000000e+00s  provider=0  solves=0  iterations=0
  certificate  stage=STEP 5 LOCAL  major=52  attempt=220  accepted  reason=success  P rel.= 3.303989e-14  objective=-3.977520e+01  upper=-4.262931e+01  gap=-2.854107e+00  wall=0.000000e+00s  cpu=0.000000e+00s  provider=0  solves=0  iterations=0
  certificate  stage=STEP 5 LOCAL  major=52  attempt=221  accepted  reason=success  P rel.= 8.360528e-14  objective=-3.977520e+01  upper=-4.262931e+01  gap=-2.854107e+00  wall=0.000000e+00s  cpu=0.000000e+00s  provider=0  solves=0  iterations=0
  certificate  stage=STEP 5 LOCAL  major=52  attempt=222  accepted  reason=success  P rel.= 4.835316e-13  objective=-3.977520e+01  upper=-4.262931e+01  gap=-2.854107e+00  wall=0.000000e+00s  cpu=0.000000e+00s  provider=0  solves=0  iterations=0
  certificate  stage=STEP 5 LOCAL  major=52  attempt=223  accepted  reason=success  P rel.= 5.817893e-14  objective=-3.977520e+01  upper=-4.262931e+01  gap=-2.854107e+00  wall=0.000000e+00s  cpu=0.000000e+00s  provider=0  solves=0  iterations=0
  certificate  stage=STEP 5 LOCAL  major=52  attempt=224  accepted  reason=success  P rel.= 1.988139e-13  objective=-3.977520e+01  upper=-4.262931e+01  gap=-2.854107e+00  wall=0.000000e+00s  cpu=0.000000e+00s  provider=0  solves=0  iterations=0
  certificate  stage=STEP 5 LOCAL  major=52  attempt=225  accepted  reason=success  P rel.= 6.119562e-14  objective=-3.977520e+01  upper=-4.262931e+01  gap=-2.854107e+00  wall=0.000000e+00s  cpu=0.000000e+00s  provider=0  solves=0  iterations=0
  certificate  stage=STEP 5 LOCAL  major=52  attempt=226  accepted  reason=success  P rel.= 7.527348e-14  objective=-3.977520e+01  upper=-4.262931e+01  gap=-2.854107e+00  wall=0.000000e+00s  cpu=0.000000e+00s  provider=0  solves=0  iterations=0
  certificate  stage=STEP 5 LOCAL  major=52  attempt=228  accepted  reason=success  P rel.= 2.657556e-14  objective=-3.977520e+01  upper=-4.262931e+01  gap=-2.854107e+00  wall=0.000000e+00s  cpu=0.000000e+00s  provider=0  solves=0  iterations=0
  certificate  stage=STEP 5 LOCAL  major=52  attempt=229  accepted  reason=success  P rel.= 6.464326e-14  objective=-3.977520e+01  upper=-4.262931e+01  gap=-2.854107e+00  wall=0.000000e+00s  cpu=0.000000e+00s  provider=0  solves=0  iterations=0
  certificate  stage=STEP 5 LOCAL  major=52  attempt=230  accepted  reason=success  P rel.= 2.657556e-14  objective=-3.977520e+01  upper=-4.262931e+01  gap=-2.854107e+00  wall=0.000000e+00s  cpu=0.000000e+00s  provider=0  solves=0  iterations=0
  certificate  stage=STEP 5 LOCAL  major=52  attempt=231  accepted  reason=success  P rel.= 5.042174e-14  objective=-3.977520e+01  upper=-4.262931e+01  gap=-2.854107e+00  wall=0.000000e+00s  cpu=0.000000e+00s  provider=0  solves=0  iterations=0
  certificate  stage=STEP 5 LOCAL  major=52  attempt=232  accepted  reason=success  P rel.= 6.119562e-14  objective=-3.977520e+01  upper=-4.262931e+01  gap=-2.854107e+00  wall=0.000000e+00s  cpu=0.000000e+00s  provider=0  solves=0  iterations=0
  certificate  stage=STEP 5 LOCAL  major=52  attempt=233  accepted  reason=success  P rel.= 5.990275e-14  objective=-3.977520e+01  upper=-4.262931e+01  gap=-2.854107e+00  wall=0.000000e+00s  cpu=0.000000e+00s  provider=0  solves=0  iterations=0
  certificate  stage=STEP 5 LOCAL  major=52  attempt=235  accepted  reason=success  P rel.= 8.130685e-14  objective=-3.977520e+01  upper=-4.262931e+01  gap=-2.854107e+00  wall=0.000000e+00s  cpu=0.000000e+00s  provider=0  solves=0  iterations=0
  certificate  stage=STEP 5 LOCAL  major=52  attempt=236  accepted  reason=success  P rel.= 4.424472e-14  objective=-3.977520e+01  upper=-4.262931e+01  gap=-2.854107e+00  wall=0.000000e+00s  cpu=0.000000e+00s  provider=0  solves=0  iterations=0
  certificate  stage=STEP 5 LOCAL  major=52  attempt=237  accepted  reason=success  P rel.= 6.363769e-14  objective=-3.977520e+01  upper=-4.262931e+01  gap=-2.854107e+00  wall=0.000000e+00s  cpu=0.000000e+00s  provider=0  solves=0  iterations=0
  certificate  stage=STEP 5 LOCAL  major=52  attempt=238  accepted  reason=success  P rel.= 4.654314e-13  objective=-3.977520e+01  upper=-4.262931e+01  gap=-2.854107e+00  wall=0.000000e+00s  cpu=0.000000e+00s  provider=0  solves=0  iterations=0
  certificate  stage=STEP 5 LOCAL  major=52  attempt=239  accepted  reason=success  P rel.= 4.237725e-14  objective=-3.977520e+01  upper=-4.262931e+01  gap=-2.854107e+00  wall=0.000000e+00s  cpu=0.000000e+00s  provider=0  solves=0  iterations=0
  certificate  stage=STEP 5 LOCAL  major=52  attempt=240  accepted  reason=success  P rel.=-1.217469e-09  objective=-4.262931e+01  upper=-4.262931e+01  gap= 6.348820e-09  wall=0.000000e+00s  cpu=0.000000e+00s  provider=0  solves=0  iterations=0
  certificate  stage=STEP 5  complete  reason=step5_complete  wall=7.092202e-01s  cpu=7.090810e-01s  provider=690  solves=30  iterations=649

STEP 6
  certificate  stage=STEP 6  complete  reason=candidate_set  wall=9.650000e-06s  cpu=1.000000e-05s  provider=0  solves=0  iterations=0

STEP 8
  certificate  stage=STEP 8  complete  reason=unchanged_problem_67  wall=2.050000e-06s  cpu=2.000000e-06s  provider=0  solves=0  iterations=0

STEP 7
  certificate  stage=STEP 7  complete  reason=continue_stage_ii  wall=9.600000e-07s  cpu=1.000000e-06s  provider=0  solves=0  iterations=0

STEP 4
  STAGE II STEP 4  major=53  upper=-4.262931e+01  LP_primal= 0.000000e+00  LP_dual= 0.000000e+00  active_cuts=58  certified
  certificate  stage=STEP 4  complete  reason=step4_complete  wall=3.959970e-04s  cpu=3.970000e-04s  provider=0  solves=1  iterations=1

STEP 5
  certificate  stage=STEP 5 LOCAL  major=53  attempt=241  accepted  reason=success  P rel.= 3.648753e-14  objective=-3.977520e+01  upper=-4.262931e+01  gap=-2.854107e+00  wall=0.000000e+00s  cpu=0.000000e+00s  provider=0  solves=0  iterations=0
  certificate  stage=STEP 5 LOCAL  major=53  attempt=242  accepted  reason=success  P rel.= 2.284062e-13  objective=-3.977520e+01  upper=-4.262931e+01  gap=-2.854107e+00  wall=0.000000e+00s  cpu=0.000000e+00s  provider=0  solves=0  iterations=0
  certificate  stage=STEP 5 LOCAL  major=53  attempt=243  accepted  reason=success  P rel.=-1.231847e-09  objective=-4.262931e+01  upper=-4.262931e+01  gap= 0.000000e+00  wall=0.000000e+00s  cpu=0.000000e+00s  provider=0  solves=0  iterations=0
  certificate  stage=STEP 5  complete  reason=step5_complete  wall=7.532075e-02s  cpu=7.532100e-02s  provider=74  solves=3  iterations=68

STEP 6
  certificate  stage=STEP 6  complete  reason=candidate_set  wall=8.420000e-06s  cpu=9.000000e-06s  provider=0  solves=0  iterations=0

STEP 8
  certificate  stage=STEP 8  complete  reason=unchanged_problem_67  wall=1.350000e-06s  cpu=1.000000e-06s  provider=0  solves=0  iterations=0

STEP 7
  certificate  stage=STEP 7  complete  reason=continue_stage_ii  wall=8.900000e-07s  cpu=1.000000e-06s  provider=0  solves=0  iterations=0

STEP 4
  STAGE II STEP 4  major=54  upper=-4.262931e+01  LP_primal= 7.105427e-15  LP_dual= 1.387779e-17  active_cuts=59  certified
  certificate  stage=STEP 4  complete  reason=step4_complete  wall=3.389280e-04s  cpu=3.390000e-04s  provider=0  solves=1  iterations=1

STEP 5
  certificate  stage=STEP 5 LOCAL  major=54  attempt=244  accepted  reason=success  P rel.= 3.173266e-13  objective=-3.977520e+01  upper=-4.262931e+01  gap=-2.854107e+00  wall=0.000000e+00s  cpu=0.000000e+00s  provider=0  solves=0  iterations=0
  certificate  stage=STEP 5 LOCAL  major=54  attempt=245  accepted  reason=success  P rel.= 5.487494e-14  objective=-3.977520e+01  upper=-4.262931e+01  gap=-2.854107e+00  wall=0.000000e+00s  cpu=0.000000e+00s  provider=0  solves=0  iterations=0
  certificate  stage=STEP 5 LOCAL  major=54  attempt=246  accepted  reason=success  P rel.= 6.105196e-14  objective=-3.977520e+01  upper=-4.262931e+01  gap=-2.854107e+00  wall=0.000000e+00s  cpu=0.000000e+00s  provider=0  solves=0  iterations=0
  certificate  stage=STEP 5 LOCAL  major=54  attempt=247  accepted  reason=success  P rel.= 6.335039e-14  objective=-3.977520e+01  upper=-4.262931e+01  gap=-2.854107e+00  wall=0.000000e+00s  cpu=0.000000e+00s  provider=0  solves=0  iterations=0
  certificate  stage=STEP 5 LOCAL  major=54  attempt=248  accepted  reason=success  P rel.=-3.329940e-08  objective=-4.263043e+01  upper=-4.262931e+01  gap= 1.122038e-03  wall=0.000000e+00s  cpu=0.000000e+00s  provider=0  solves=0  iterations=0
  certificate  stage=STEP 5  complete  reason=step5_complete  wall=1.288974e-01s  cpu=1.288750e-01s  provider=127  solves=5  iterations=110

STEP 6
  certificate  stage=STEP 6  complete  reason=candidate_set  wall=1.225000e-05s  cpu=1.200000e-05s  provider=0  solves=0  iterations=0

STEP 8
  certificate  stage=STEP 8  complete  reason=step8_complete  wall=9.964847e-02s  cpu=9.965000e-02s  provider=213  solves=2  iterations=18

STEP 9
  certificate  stage=STEP 9  failed  objective=-4.263011e+01  upper=-4.262931e+01  gap= 8.018389e-04  wall=0.000000e+00s  cpu=0.000000e+00s  provider=0  solves=0  iterations=0
  certificate  stage=STEP 9  complete  reason=paper_free_energy_convergence_failed  wall=2.313857e-03s  cpu=2.314000e-03s  provider=3  solves=0  iterations=0

STEP 7
  certificate  stage=STEP 7  complete  reason=continue_stage_ii  wall=1.080000e-06s  cpu=1.000000e-06s  provider=0  solves=0  iterations=0

STEP 4
  STAGE II STEP 4  major=55  upper=-4.263003e+01  LP_primal= 0.000000e+00  LP_dual= 1.387779e-17  active_cuts=60  certified
  certificate  stage=STEP 4  complete  reason=step4_complete  wall=3.535580e-04s  cpu=3.540000e-04s  provider=0  solves=1  iterations=1

STEP 5
  certificate  stage=STEP 5 LOCAL  major=55  attempt=249  accepted  reason=success  P rel.= 5.401303e-14  objective=-3.977789e+01  upper=-4.263003e+01  gap=-2.852138e+00  wall=0.000000e+00s  cpu=0.000000e+00s  provider=0  solves=0  iterations=0
  certificate  stage=STEP 5 LOCAL  major=55  attempt=250  accepted  reason=success  P rel.= 5.401303e-14  objective=-3.977789e+01  upper=-4.263003e+01  gap=-2.852138e+00  wall=0.000000e+00s  cpu=0.000000e+00s  provider=0  solves=0  iterations=0
  certificate  stage=STEP 5 LOCAL  major=55  attempt=251  accepted  reason=success  P rel.= 4.869792e-14  objective=-3.977789e+01  upper=-4.263003e+01  gap=-2.852138e+00  wall=0.000000e+00s  cpu=0.000000e+00s  provider=0  solves=0  iterations=0
  certificate  stage=STEP 5 LOCAL  major=55  attempt=253  accepted  reason=success  P rel.= 6.537588e-13  objective=-3.977789e+01  upper=-4.263003e+01  gap=-2.852138e+00  wall=0.000000e+00s  cpu=0.000000e+00s  provider=0  solves=0  iterations=0
  certificate  stage=STEP 5 LOCAL  major=55  attempt=254  accepted  reason=success  P rel.=-1.213240e-09  objective=-4.263025e+01  upper=-4.263003e+01  gap= 2.190533e-04  wall=0.000000e+00s  cpu=0.000000e+00s  provider=0  solves=0  iterations=0
  certificate  stage=STEP 5  complete  reason=step5_complete  wall=1.264844e-01s  cpu=1.264620e-01s  provider=124  solves=6  iterations=113

STEP 6
  certificate  stage=STEP 6  complete  reason=candidate_set  wall=1.111000e-05s  cpu=1.100000e-05s  provider=0  solves=0  iterations=0

STEP 8
  certificate  stage=STEP 8  complete  reason=step8_complete  wall=1.271659e-01s  cpu=1.271520e-01s  provider=438  solves=2  iterations=27

STEP 9
  certificate  stage=STEP 9  failed  objective=-4.263013e+01  upper=-4.263003e+01  gap= 1.003753e-04  wall=0.000000e+00s  cpu=0.000000e+00s  provider=0  solves=0  iterations=0
  certificate  stage=STEP 9  complete  reason=paper_free_energy_convergence_failed  wall=2.344787e-03s  cpu=2.345000e-03s  provider=3  solves=0  iterations=0

STEP 7
  certificate  stage=STEP 7  complete  reason=continue_stage_ii  wall=1.120000e-06s  cpu=1.000000e-06s  provider=0  solves=0  iterations=0

STEP 4
  STAGE II STEP 4  major=56  upper=-4.263008e+01  LP_primal= 0.000000e+00  LP_dual= 2.775558e-17  active_cuts=61  certified
  certificate  stage=STEP 4  complete  reason=step4_complete  wall=3.701280e-04s  cpu=3.710000e-04s  provider=0  solves=1  iterations=1

STEP 5
  certificate  stage=STEP 5 LOCAL  major=56  attempt=255  accepted  reason=success  P rel.=-1.192230e-09  objective=-4.263008e+01  upper=-4.263008e+01  gap= 1.111189e-06  wall=0.000000e+00s  cpu=0.000000e+00s  provider=0  solves=0  iterations=0
  certificate  stage=STEP 5  complete  reason=step5_complete  wall=2.176079e-02s  cpu=2.176100e-02s  provider=21  solves=1  iterations=18

STEP 6
  certificate  stage=STEP 6  complete  reason=candidate_set  wall=1.077900e-05s  cpu=1.100000e-05s  provider=0  solves=0  iterations=0

STEP 8
  certificate  stage=STEP 8  complete  reason=step8_complete  wall=9.045258e-02s  cpu=9.044400e-02s  provider=216  solves=1  iterations=25

STEP 9
  certificate  stage=STEP 9  failed  objective=-4.263013e+01  upper=-4.263008e+01  gap= 4.949035e-05  wall=0.000000e+00s  cpu=0.000000e+00s  provider=0  solves=0  iterations=0
  certificate  stage=STEP 9  complete  reason=paper_potential_convergence_failed  wall=2.353077e-03s  cpu=2.353000e-03s  provider=3  solves=0  iterations=0

STEP 7
  certificate  stage=STEP 7  complete  reason=continue_stage_ii  wall=1.090000e-06s  cpu=1.000000e-06s  provider=0  solves=0  iterations=0

STEP 4
  STAGE II STEP 4  major=57  upper=-4.263008e+01  LP_primal= 0.000000e+00  LP_dual= 2.775558e-17  active_cuts=62  certified
  certificate  stage=STEP 4  complete  reason=step4_complete  wall=4.269270e-04s  cpu=4.270000e-04s  provider=0  solves=1  iterations=1

STEP 5
  certificate  stage=STEP 5 LOCAL  major=57  attempt=258  accepted  reason=success  P rel.= 4.237725e-14  objective=-3.977819e+01  upper=-4.263008e+01  gap=-2.851888e+00  wall=0.000000e+00s  cpu=0.000000e+00s  provider=0  solves=0  iterations=0
  certificate  stage=STEP 5 LOCAL  major=57  attempt=259  accepted  reason=success  P rel.= 6.737264e-14  objective=-3.977819e+01  upper=-4.263008e+01  gap=-2.851888e+00  wall=0.000000e+00s  cpu=0.000000e+00s  provider=0  solves=0  iterations=0
  certificate  stage=STEP 5 LOCAL  major=57  attempt=260  accepted  reason=success  P rel.=-1.518067e-09  objective=-4.263008e+01  upper=-4.263008e+01  gap= 2.131628e-13  wall=0.000000e+00s  cpu=0.000000e+00s  provider=0  solves=0  iterations=0
  certificate  stage=STEP 5  complete  reason=step5_complete  wall=8.058381e-02s  cpu=8.058500e-02s  provider=79  solves=5  iterations=70

STEP 6
  certificate  stage=STEP 6  complete  reason=candidate_set  wall=1.035000e-05s  cpu=1.100000e-05s  provider=0  solves=0  iterations=0

STEP 8
  certificate  stage=STEP 8  complete  reason=step8_complete  wall=9.032834e-02s  cpu=9.033000e-02s  provider=216  solves=1  iterations=25

STEP 9
  certificate  stage=STEP 9  failed  objective=-4.263013e+01  upper=-4.263008e+01  gap= 4.922227e-05  wall=0.000000e+00s  cpu=0.000000e+00s  provider=0  solves=0  iterations=0
  certificate  stage=STEP 9  complete  reason=paper_potential_convergence_failed  wall=2.346806e-03s  cpu=2.346000e-03s  provider=3  solves=0  iterations=0

STEP 7
  certificate  stage=STEP 7  complete  reason=continue_stage_ii  wall=1.130000e-06s  cpu=1.000000e-06s  provider=0  solves=0  iterations=0

STEP 4
  STAGE II STEP 4  major=58  upper=-4.263008e+01  LP_primal= 0.000000e+00  LP_dual= 2.775558e-17  active_cuts=63  certified
  certificate  stage=STEP 4  complete  reason=step4_complete  wall=4.742770e-04s  cpu=4.750000e-04s  provider=0  solves=1  iterations=1

STEP 5
  certificate  stage=STEP 5 LOCAL  major=58  attempt=261  accepted  reason=success  P rel.=-1.364016e-07  objective=-4.263036e+01  upper=-4.263008e+01  gap= 2.813413e-04  wall=0.000000e+00s  cpu=0.000000e+00s  provider=0  solves=0  iterations=0
  certificate  stage=STEP 5  complete  reason=step5_complete  wall=2.832797e-02s  cpu=2.832800e-02s  provider=27  solves=1  iterations=24

STEP 6
  certificate  stage=STEP 6  complete  reason=candidate_set  wall=1.408000e-05s  cpu=1.400000e-05s  provider=0  solves=0  iterations=0

STEP 8
  certificate  stage=STEP 8  complete  reason=step8_complete  wall=1.125429e-01s  cpu=1.125200e-01s  provider=230  solves=2  iterations=25

STEP 9
  certificate  stage=STEP 9  failed  objective=-4.263013e+01  upper=-4.263008e+01  gap= 4.922227e-05  wall=0.000000e+00s  cpu=0.000000e+00s  provider=0  solves=0  iterations=0
  certificate  stage=STEP 9  complete  reason=paper_potential_convergence_failed  wall=2.332927e-03s  cpu=2.333000e-03s  provider=3  solves=0  iterations=0

STEP 7
  certificate  stage=STEP 7  complete  reason=continue_stage_ii  wall=1.110000e-06s  cpu=2.000000e-06s  provider=0  solves=0  iterations=0

STEP 4
  STAGE II STEP 4  major=59  upper=-4.263010e+01  LP_primal= 7.105427e-15  LP_dual= 4.163336e-17  active_cuts=64  certified
  certificate  stage=STEP 4  complete  reason=step4_complete  wall=3.717680e-04s  cpu=3.730000e-04s  provider=0  solves=1  iterations=1

STEP 5
  certificate  stage=STEP 5 LOCAL  major=59  attempt=262  accepted  reason=success  P rel.= 3.337029e-13  objective=-3.977653e+01  upper=-4.263010e+01  gap=-2.853561e+00  wall=0.000000e+00s  cpu=0.000000e+00s  provider=0  solves=0  iterations=0
  certificate  stage=STEP 5 LOCAL  major=59  attempt=263  accepted  reason=success  P rel.= 4.668680e-14  objective=-3.977653e+01  upper=-4.263010e+01  gap=-2.853561e+00  wall=0.000000e+00s  cpu=0.000000e+00s  provider=0  solves=0  iterations=0
  certificate  stage=STEP 5 LOCAL  major=59  attempt=264  accepted  reason=success  P rel.= 7.857747e-14  objective=-3.977653e+01  upper=-4.263010e+01  gap=-2.853561e+00  wall=0.000000e+00s  cpu=0.000000e+00s  provider=0  solves=0  iterations=0
  certificate  stage=STEP 5 LOCAL  major=59  attempt=265  accepted  reason=success  P rel.= 5.056539e-14  objective=-3.977653e+01  upper=-4.263010e+01  gap=-2.853561e+00  wall=0.000000e+00s  cpu=0.000000e+00s  provider=0  solves=0  iterations=0
  certificate  stage=STEP 5 LOCAL  major=59  attempt=266  accepted  reason=success  P rel.= 6.794724e-14  objective=-3.977653e+01  upper=-4.263010e+01  gap=-2.853561e+00  wall=0.000000e+00s  cpu=0.000000e+00s  provider=0  solves=0  iterations=0
  certificate  stage=STEP 5 LOCAL  major=59  attempt=267  accepted  reason=success  P rel.= 3.979152e-14  objective=-3.977653e+01  upper=-4.263010e+01  gap=-2.853561e+00  wall=0.000000e+00s  cpu=0.000000e+00s  provider=0  solves=0  iterations=0
  certificate  stage=STEP 5 LOCAL  major=59  attempt=268  accepted  reason=success  P rel.= 6.794724e-14  objective=-3.977653e+01  upper=-4.263010e+01  gap=-2.853561e+00  wall=0.000000e+00s  cpu=0.000000e+00s  provider=0  solves=0  iterations=0
  certificate  stage=STEP 5 LOCAL  major=59  attempt=269  accepted  reason=success  P rel.= 5.243286e-14  objective=-3.977653e+01  upper=-4.263010e+01  gap=-2.853561e+00  wall=0.000000e+00s  cpu=0.000000e+00s  provider=0  solves=0  iterations=0
  certificate  stage=STEP 5 LOCAL  major=59  attempt=270  accepted  reason=success  P rel.=-1.205539e-09  objective=-4.263014e+01  upper=-4.263010e+01  gap= 4.338668e-05  wall=0.000000e+00s  cpu=0.000000e+00s  provider=0  solves=0  iterations=0
  certificate  stage=STEP 5  complete  reason=step5_complete  wall=2.250529e-01s  cpu=2.250460e-01s  provider=217  solves=9  iterations=203

STEP 6
  certificate  stage=STEP 6  complete  reason=candidate_set  wall=1.242000e-05s  cpu=1.200000e-05s  provider=0  solves=0  iterations=0

STEP 8
  certificate  stage=STEP 8  complete  reason=step8_complete  wall=1.015721e-01s  cpu=1.015670e-01s  provider=220  solves=2  iterations=23

STEP 9
  certificate  stage=STEP 9  failed  objective=-4.263014e+01  upper=-4.263010e+01  gap= 4.386595e-05  wall=0.000000e+00s  cpu=0.000000e+00s  provider=0  solves=0  iterations=0
  certificate  stage=STEP 9  complete  reason=paper_potential_convergence_failed  wall=1.585081e-03s  cpu=1.586000e-03s  provider=2  solves=0  iterations=0

STEP 7
  certificate  stage=STEP 7  complete  reason=continue_stage_ii  wall=9.700000e-07s  cpu=1.000000e-06s  provider=0  solves=0  iterations=0

STEP 4
  STAGE II STEP 4  major=60  upper=-4.263011e+01  LP_primal= 0.000000e+00  LP_dual= 5.551115e-17  active_cuts=65  certified
  certificate  stage=STEP 4  complete  reason=step4_complete  wall=3.510380e-04s  cpu=3.510000e-04s  provider=0  solves=1  iterations=1

STEP 5
  certificate  stage=STEP 5 LOCAL  major=60  attempt=271  accepted  reason=success  P rel.= 5.746067e-14  objective=-3.977654e+01  upper=-4.263011e+01  gap=-2.853561e+00  wall=0.000000e+00s  cpu=0.000000e+00s  provider=0  solves=0  iterations=0
  certificate  stage=STEP 5 LOCAL  major=60  attempt=272  accepted  reason=success  P rel.= 4.826696e-14  objective=-3.977654e+01  upper=-4.263011e+01  gap=-2.853561e+00  wall=0.000000e+00s  cpu=0.000000e+00s  provider=0  solves=0  iterations=0
  certificate  stage=STEP 5 LOCAL  major=60  attempt=273  accepted  reason=success  P rel.=-6.755843e-08  objective=-4.263011e+01  upper=-4.263011e+01  gap= 3.320793e-10  wall=0.000000e+00s  cpu=0.000000e+00s  provider=0  solves=0  iterations=0
  certificate  stage=STEP 5  complete  reason=step5_complete  wall=7.649884e-02s  cpu=7.649600e-02s  provider=73  solves=3  iterations=70

STEP 6
  certificate  stage=STEP 6  complete  reason=candidate_set  wall=1.215000e-05s  cpu=1.200000e-05s  provider=0  solves=0  iterations=0

STEP 8
  certificate  stage=STEP 8  complete  reason=step8_complete  wall=5.958994e-02s  cpu=5.958100e-02s  provider=112  solves=1  iterations=23

STEP 9
  certificate  stage=STEP 9  failed  objective=-4.263014e+01  upper=-4.263011e+01  gap= 3.333140e-05  wall=0.000000e+00s  cpu=0.000000e+00s  provider=0  solves=0  iterations=0
  certificate  stage=STEP 9  complete  reason=paper_potential_convergence_failed  wall=1.578631e-03s  cpu=1.578000e-03s  provider=2  solves=0  iterations=0

STEP 7
  certificate  stage=STEP 7  complete  reason=continue_stage_ii  wall=8.800000e-07s  cpu=1.000000e-06s  provider=0  solves=0  iterations=0

STEP 4
  STAGE II STEP 4  major=61  upper=-4.263011e+01  LP_primal= 0.000000e+00  LP_dual= 0.000000e+00  active_cuts=66  certified
  certificate  stage=STEP 4  complete  reason=step4_complete  wall=3.810980e-04s  cpu=3.820000e-04s  provider=0  solves=1  iterations=1

STEP 5
  certificate  stage=STEP 5 LOCAL  major=61  attempt=274  accepted  reason=success  P rel.= 4.539393e-14  objective=-3.977654e+01  upper=-4.263011e+01  gap=-2.853561e+00  wall=0.000000e+00s  cpu=0.000000e+00s  provider=0  solves=0  iterations=0
  certificate  stage=STEP 5 LOCAL  major=61  attempt=275  accepted  reason=success  P rel.= 5.128365e-14  objective=-3.977654e+01  upper=-4.263011e+01  gap=-2.853561e+00  wall=0.000000e+00s  cpu=0.000000e+00s  provider=0  solves=0  iterations=0
  certificate  stage=STEP 5 LOCAL  major=61  attempt=276  accepted  reason=success  P rel.=-1.207898e-09  objective=-4.263011e+01  upper=-4.263011e+01  gap= 7.105427e-15  wall=0.000000e+00s  cpu=0.000000e+00s  provider=0  solves=0  iterations=0
  certificate  stage=STEP 5  complete  reason=step5_complete  wall=7.461611e-02s  cpu=7.461100e-02s  provider=72  solves=3  iterations=65

STEP 6
  certificate  stage=STEP 6  complete  reason=candidate_set  wall=1.417000e-05s  cpu=1.400000e-05s  provider=0  solves=0  iterations=0

STEP 8
  certificate  stage=STEP 8  complete  reason=step8_complete  wall=6.007542e-02s  cpu=6.006900e-02s  provider=112  solves=1  iterations=23

STEP 9
  certificate  stage=STEP 9  failed  objective=-4.263014e+01  upper=-4.263011e+01  gap= 3.333132e-05  wall=0.000000e+00s  cpu=0.000000e+00s  provider=0  solves=0  iterations=0
  certificate  stage=STEP 9  complete  reason=paper_potential_convergence_failed  wall=1.602061e-03s  cpu=1.603000e-03s  provider=2  solves=0  iterations=0

STEP 7
  certificate  stage=STEP 7  complete  reason=continue_stage_ii  wall=1.090000e-06s  cpu=1.000000e-06s  provider=0  solves=0  iterations=0

STEP 4
  STAGE II STEP 4  major=62  upper=-4.263011e+01  LP_primal= 7.105427e-15  LP_dual= 8.326673e-17  active_cuts=67  certified
  certificate  stage=STEP 4  complete  reason=step4_complete  wall=4.376780e-04s  cpu=4.380000e-04s  provider=0  solves=1  iterations=1

STEP 5
  certificate  stage=STEP 5 LOCAL  major=62  attempt=277  accepted  reason=success  P rel.= 1.396294e-13  objective=-3.977654e+01  upper=-4.263011e+01  gap=-2.853561e+00  wall=0.000000e+00s  cpu=0.000000e+00s  provider=0  solves=0  iterations=0
  certificate  stage=STEP 5 LOCAL  major=62  attempt=278  accepted  reason=success  P rel.= 3.591292e-14  objective=-3.977654e+01  upper=-4.263011e+01  gap=-2.853561e+00  wall=0.000000e+00s  cpu=0.000000e+00s  provider=0  solves=0  iterations=0
  certificate  stage=STEP 5 LOCAL  major=62  attempt=279  accepted  reason=success  P rel.= 1.448009e-13  objective=-3.977654e+01  upper=-4.263011e+01  gap=-2.853561e+00  wall=0.000000e+00s  cpu=0.000000e+00s  provider=0  solves=0  iterations=0
  certificate  stage=STEP 5 LOCAL  major=62  attempt=280  accepted  reason=success  P rel.= 5.588050e-14  objective=-3.977654e+01  upper=-4.263011e+01  gap=-2.853561e+00  wall=0.000000e+00s  cpu=0.000000e+00s  provider=0  solves=0  iterations=0
  certificate  stage=STEP 5 LOCAL  major=62  attempt=281  accepted  reason=success  P rel.=-1.224279e-09  objective=-4.263011e+01  upper=-4.263011e+01  gap= 7.105427e-15  wall=0.000000e+00s  cpu=0.000000e+00s  provider=0  solves=0  iterations=0
  certificate  stage=STEP 5  complete  reason=step5_complete  wall=1.276999e-01s  cpu=1.276770e-01s  provider=123  solves=5  iterations=115

STEP 6
  certificate  stage=STEP 6  complete  reason=candidate_set  wall=1.503000e-05s  cpu=1.500000e-05s  provider=0  solves=0  iterations=0

STEP 8
  certificate  stage=STEP 8  complete  reason=step8_complete  wall=5.985485e-02s  cpu=5.984600e-02s  provider=112  solves=1  iterations=23

STEP 9
  certificate  stage=STEP 9  failed  objective=-4.263014e+01  upper=-4.263011e+01  gap= 3.333132e-05  wall=0.000000e+00s  cpu=0.000000e+00s  provider=0  solves=0  iterations=0
  certificate  stage=STEP 9  complete  reason=paper_potential_convergence_failed  wall=1.607841e-03s  cpu=1.608000e-03s  provider=2  solves=0  iterations=0

STEP 7
  certificate  stage=STEP 7  complete  reason=continue_stage_ii  wall=9.600000e-07s  cpu=1.000000e-06s  provider=0  solves=0  iterations=0

STEP 4
  STAGE II STEP 4  major=63  upper=-4.263011e+01  LP_primal= 0.000000e+00  LP_dual= 8.326673e-17  active_cuts=68  certified
  certificate  stage=STEP 4  complete  reason=step4_complete  wall=3.688580e-04s  cpu=3.700000e-04s  provider=0  solves=1  iterations=1

STEP 5
  certificate  stage=STEP 5 LOCAL  major=63  attempt=282  accepted  reason=success  P rel.=-1.208210e-09  objective=-4.263011e+01  upper=-4.263011e+01  gap=-7.105427e-15  wall=0.000000e+00s  cpu=0.000000e+00s  provider=0  solves=0  iterations=0
  certificate  stage=STEP 5  complete  reason=step5_complete  wall=2.133138e-02s  cpu=2.132300e-02s  provider=20  solves=1  iterations=19

STEP 6
  certificate  stage=STEP 6  complete  reason=candidate_set  wall=1.133000e-05s  cpu=1.100000e-05s  provider=0  solves=0  iterations=0

STEP 8
  certificate  stage=STEP 8  complete  reason=step8_complete  wall=5.980075e-02s  cpu=5.980200e-02s  provider=112  solves=1  iterations=23

STEP 9
  certificate  stage=STEP 9  failed  objective=-4.263014e+01  upper=-4.263011e+01  gap= 3.333132e-05  wall=0.000000e+00s  cpu=0.000000e+00s  provider=0  solves=0  iterations=0
  certificate  stage=STEP 9  complete  reason=paper_potential_convergence_failed  wall=1.583051e-03s  cpu=1.583000e-03s  provider=2  solves=0  iterations=0

STEP 7
  certificate  stage=STEP 7  complete  reason=continue_stage_ii  wall=9.200000e-07s  cpu=1.000000e-06s  provider=0  solves=0  iterations=0

STEP 4
  STAGE II STEP 4  major=64  upper=-4.263011e+01  LP_primal= 1.421085e-14  LP_dual= 2.775558e-17  active_cuts=69  certified
  certificate  stage=STEP 4  complete  reason=step4_complete  wall=3.749080e-04s  cpu=3.750000e-04s  provider=0  solves=1  iterations=1

STEP 5
  certificate  stage=STEP 5 LOCAL  major=64  attempt=283  accepted  reason=success  P rel.= 7.541713e-14  objective=-3.977654e+01  upper=-4.263011e+01  gap=-2.853561e+00  wall=0.000000e+00s  cpu=0.000000e+00s  provider=0  solves=0  iterations=0
  certificate  stage=STEP 5 LOCAL  major=64  attempt=284  accepted  reason=success  P rel.=-1.195123e-09  objective=-4.263011e+01  upper=-4.263011e+01  gap= 0.000000e+00  wall=0.000000e+00s  cpu=0.000000e+00s  provider=0  solves=0  iterations=0
  certificate  stage=STEP 5  complete  reason=step5_complete  wall=4.818927e-02s  cpu=4.819000e-02s  provider=47  solves=2  iterations=41

STEP 6
  certificate  stage=STEP 6  complete  reason=candidate_set  wall=1.007000e-05s  cpu=1.000000e-05s  provider=0  solves=0  iterations=0

STEP 8
  certificate  stage=STEP 8  complete  reason=step8_complete  wall=5.967696e-02s  cpu=5.962400e-02s  provider=112  solves=1  iterations=23

STEP 9
  certificate  stage=STEP 9  failed  objective=-4.263014e+01  upper=-4.263011e+01  gap= 3.333132e-05  wall=0.000000e+00s  cpu=0.000000e+00s  provider=0  solves=0  iterations=0
  certificate  stage=STEP 9  complete  reason=paper_potential_convergence_failed  wall=1.584262e-03s  cpu=1.585000e-03s  provider=2  solves=0  iterations=0

STEP 7
  certificate  stage=STEP 7  complete  reason=continue_stage_ii  wall=8.800000e-07s  cpu=1.000000e-06s  provider=0  solves=0  iterations=0

STEP 4
  STAGE II STEP 4  major=65  upper=-4.263011e+01  LP_primal= 1.421085e-14  LP_dual= 2.775558e-17  active_cuts=70  certified
  certificate  stage=STEP 4  complete  reason=step4_complete  wall=3.670180e-04s  cpu=3.670000e-04s  provider=0  solves=1  iterations=1

STEP 5
  certificate  stage=STEP 5 LOCAL  major=65  attempt=285  accepted  reason=success  P rel.=-1.216089e-09  objective=-4.263011e+01  upper=-4.263011e+01  gap= 0.000000e+00  wall=0.000000e+00s  cpu=0.000000e+00s  provider=0  solves=0  iterations=0
  certificate  stage=STEP 5  complete  reason=step5_complete  wall=2.393167e-02s  cpu=2.393200e-02s  provider=23  solves=1  iterations=20

STEP 6
  certificate  stage=STEP 6  complete  reason=candidate_set  wall=1.160000e-05s  cpu=1.200000e-05s  provider=0  solves=0  iterations=0

STEP 8
  certificate  stage=STEP 8  complete  reason=step8_complete  wall=5.951736e-02s  cpu=5.951200e-02s  provider=112  solves=1  iterations=23

STEP 9
  certificate  stage=STEP 9  failed  objective=-4.263014e+01  upper=-4.263011e+01  gap= 3.333132e-05  wall=0.000000e+00s  cpu=0.000000e+00s  provider=0  solves=0  iterations=0
  certificate  stage=STEP 9  complete  reason=paper_potential_convergence_failed  wall=1.564051e-03s  cpu=1.564000e-03s  provider=2  solves=0  iterations=0

STEP 7
  certificate  stage=STEP 7  complete  reason=continue_stage_ii  wall=1.170000e-06s  cpu=1.000000e-06s  provider=0  solves=0  iterations=0

STEP 4
  STAGE II STEP 4  major=66  upper=-4.263011e+01  LP_primal= 1.421085e-14  LP_dual= 2.775558e-17  active_cuts=71  certified
  certificate  stage=STEP 4  complete  reason=step4_complete  wall=4.305370e-04s  cpu=4.310000e-04s  provider=0  solves=1  iterations=1

STEP 5
  certificate  stage=STEP 5 LOCAL  major=66  attempt=287  accepted  reason=success  P rel.= 2.739438e-13  objective=-3.977654e+01  upper=-4.263011e+01  gap=-2.853561e+00  wall=0.000000e+00s  cpu=0.000000e+00s  provider=0  solves=0  iterations=0
  certificate  stage=STEP 5 LOCAL  major=66  attempt=288  accepted  reason=success  P rel.=-1.216400e-09  objective=-4.263011e+01  upper=-4.263011e+01  gap= 7.105427e-15  wall=0.000000e+00s  cpu=0.000000e+00s  provider=0  solves=0  iterations=0
  certificate  stage=STEP 5  complete  reason=step5_complete  wall=4.696221e-02s  cpu=4.696300e-02s  provider=48  solves=3  iterations=41

STEP 6
  certificate  stage=STEP 6  complete  reason=candidate_set  wall=1.350000e-05s  cpu=1.400000e-05s  provider=0  solves=0  iterations=0

STEP 8
  certificate  stage=STEP 8  complete  reason=step8_complete  wall=5.940629e-02s  cpu=5.940200e-02s  provider=112  solves=1  iterations=23

STEP 9
  certificate  stage=STEP 9  failed  objective=-4.263014e+01  upper=-4.263011e+01  gap= 3.333132e-05  wall=0.000000e+00s  cpu=0.000000e+00s  provider=0  solves=0  iterations=0
  certificate  stage=STEP 9  complete  reason=paper_potential_convergence_failed  wall=1.579921e-03s  cpu=1.580000e-03s  provider=2  solves=0  iterations=0

STEP 7
  certificate  stage=STEP 7  complete  reason=continue_stage_ii  wall=1.260000e-06s  cpu=1.000000e-06s  provider=0  solves=0  iterations=0

STEP 4
  STAGE II STEP 4  major=67  upper=-4.263011e+01  LP_primal= 1.421085e-14  LP_dual= 2.775558e-17  active_cuts=72  certified
  certificate  stage=STEP 4  complete  reason=step4_complete  wall=4.550970e-04s  cpu=4.550000e-04s  provider=0  solves=1  iterations=1

STEP 5
  certificate  stage=STEP 5 LOCAL  major=67  attempt=289  accepted  reason=success  P rel.= 3.979152e-14  objective=-3.977654e+01  upper=-4.263011e+01  gap=-2.853561e+00  wall=0.000000e+00s  cpu=0.000000e+00s  provider=0  solves=0  iterations=0
  certificate  stage=STEP 5 LOCAL  major=67  attempt=290  accepted  reason=success  P rel.= 4.079708e-14  objective=-3.977654e+01  upper=-4.263011e+01  gap=-2.853561e+00  wall=0.000000e+00s  cpu=0.000000e+00s  provider=0  solves=0  iterations=0
  certificate  stage=STEP 5 LOCAL  major=67  attempt=291  accepted  reason=success  P rel.=-1.220629e-09  objective=-4.263011e+01  upper=-4.263011e+01  gap= 7.105427e-15  wall=0.000000e+00s  cpu=0.000000e+00s  provider=0  solves=0  iterations=0
  certificate  stage=STEP 5  complete  reason=step5_complete  wall=7.360323e-02s  cpu=7.360500e-02s  provider=72  solves=3  iterations=64

STEP 6
  certificate  stage=STEP 6  complete  reason=candidate_set  wall=1.625900e-05s  cpu=1.600000e-05s  provider=0  solves=0  iterations=0

STEP 8
  certificate  stage=STEP 8  complete  reason=step8_complete  wall=5.949662e-02s  cpu=5.949100e-02s  provider=112  solves=1  iterations=23

STEP 9
  certificate  stage=STEP 9  failed  objective=-4.263014e+01  upper=-4.263011e+01  gap= 3.333132e-05  wall=0.000000e+00s  cpu=0.000000e+00s  provider=0  solves=0  iterations=0
  certificate  stage=STEP 9  complete  reason=paper_potential_convergence_failed  wall=1.578621e-03s  cpu=1.579000e-03s  provider=2  solves=0  iterations=0

STEP 7
  certificate  stage=STEP 7  complete  reason=continue_stage_ii  wall=1.090000e-06s  cpu=1.000000e-06s  provider=0  solves=0  iterations=0

STEP 4
  STAGE II STEP 4  major=68  upper=-4.263011e+01  LP_primal= 1.421085e-14  LP_dual= 2.775558e-17  active_cuts=73  certified
  certificate  stage=STEP 4  complete  reason=step4_complete  wall=4.042770e-04s  cpu=4.050000e-04s  provider=0  solves=1  iterations=1

STEP 5
  certificate  stage=STEP 5 LOCAL  major=68  attempt=292  accepted  reason=success  P rel.= 5.588050e-14  objective=-3.977654e+01  upper=-4.263011e+01  gap=-2.853561e+00  wall=0.000000e+00s  cpu=0.000000e+00s  provider=0  solves=0  iterations=0
  certificate  stage=STEP 5 LOCAL  major=68  attempt=293  accepted  reason=success  P rel.=-1.219873e-09  objective=-4.263011e+01  upper=-4.263011e+01  gap= 0.000000e+00  wall=0.000000e+00s  cpu=0.000000e+00s  provider=0  solves=0  iterations=0
  certificate  stage=STEP 5  complete  reason=step5_complete  wall=4.816161e-02s  cpu=4.814700e-02s  provider=46  solves=2  iterations=44

STEP 6
  certificate  stage=STEP 6  complete  reason=candidate_set  wall=1.415900e-05s  cpu=1.400000e-05s  provider=0  solves=0  iterations=0

STEP 8
  certificate  stage=STEP 8  complete  reason=step8_complete  wall=5.898926e-02s  cpu=5.898200e-02s  provider=112  solves=1  iterations=23

STEP 9
  certificate  stage=STEP 9  failed  objective=-4.263014e+01  upper=-4.263011e+01  gap= 3.333132e-05  wall=0.000000e+00s  cpu=0.000000e+00s  provider=0  solves=0  iterations=0
  certificate  stage=STEP 9  complete  reason=paper_potential_convergence_failed  wall=1.616720e-03s  cpu=1.617000e-03s  provider=2  solves=0  iterations=0

STEP 7
  certificate  stage=STEP 7  complete  reason=continue_stage_ii  wall=1.020000e-06s  cpu=2.000000e-06s  provider=0  solves=0  iterations=0

STEP 4
  STAGE II STEP 4  major=69  upper=-4.263011e+01  LP_primal= 1.421085e-14  LP_dual= 2.775558e-17  active_cuts=74  certified
  certificate  stage=STEP 4  complete  reason=step4_complete  wall=3.894180e-04s  cpu=3.900000e-04s  provider=0  solves=1  iterations=1

STEP 5
  certificate  stage=STEP 5 LOCAL  major=69  attempt=294  accepted  reason=success  P rel.= 1.389112e-13  objective=-3.977654e+01  upper=-4.263011e+01  gap=-2.853561e+00  wall=0.000000e+00s  cpu=0.000000e+00s  provider=0  solves=0  iterations=0
  certificate  stage=STEP 5 LOCAL  major=69  attempt=295  accepted  reason=success  P rel.=-3.334605e-08  objective=-4.263018e+01  upper=-4.263011e+01  gap= 7.023116e-05  wall=0.000000e+00s  cpu=0.000000e+00s  provider=0  solves=0  iterations=0
  certificate  stage=STEP 5  complete  reason=step5_complete  wall=5.122856e-02s  cpu=5.122100e-02s  provider=49  solves=2  iterations=47

STEP 6
  certificate  stage=STEP 6  complete  reason=candidate_set  wall=1.313000e-05s  cpu=1.300000e-05s  provider=0  solves=0  iterations=0

STEP 8
  certificate  stage=STEP 8  complete  reason=step8_complete  wall=1.038281e-01s  cpu=1.038200e-01s  provider=207  solves=1  iterations=30

STEP 9
  certificate  stage=STEP 9  failed  objective=-4.263014e+01  upper=-4.263011e+01  gap= 3.404165e-05  wall=0.000000e+00s  cpu=0.000000e+00s  provider=0  solves=0  iterations=0
  certificate  stage=STEP 9  complete  reason=paper_potential_convergence_failed  wall=2.294927e-03s  cpu=2.295000e-03s  provider=3  solves=0  iterations=0

STEP 7
  certificate  stage=STEP 7  complete  reason=continue_stage_ii  wall=1.210000e-06s  cpu=1.000000e-06s  provider=0  solves=0  iterations=0

STEP 4
  STAGE II STEP 4  major=70  upper=-4.263012e+01  LP_primal= 7.105427e-15  LP_dual= 1.734723e-17  active_cuts=75  certified
  certificate  stage=STEP 4  complete  reason=step4_complete  wall=4.521070e-04s  cpu=4.520000e-04s  provider=0  solves=1  iterations=1

STEP 5
  certificate  stage=STEP 5 LOCAL  major=70  attempt=297  accepted  reason=success  P rel.= 4.851117e-13  objective=-3.977573e+01  upper=-4.263012e+01  gap=-2.854395e+00  wall=0.000000e+00s  cpu=0.000000e+00s  provider=0  solves=0  iterations=0
  certificate  stage=STEP 5 LOCAL  major=70  attempt=298  accepted  reason=success  P rel.= 4.050977e-14  objective=-3.977573e+01  upper=-4.263012e+01  gap=-2.854395e+00  wall=0.000000e+00s  cpu=0.000000e+00s  provider=0  solves=0  iterations=0
  certificate  stage=STEP 5 LOCAL  major=70  attempt=299  accepted  reason=success  P rel.=-1.227173e-09  objective=-4.263014e+01  upper=-4.263012e+01  gap= 1.490871e-05  wall=0.000000e+00s  cpu=0.000000e+00s  provider=0  solves=0  iterations=0
  certificate  stage=STEP 5  complete  reason=step5_complete  wall=7.166013e-02s  cpu=7.165200e-02s  provider=71  solves=4  iterations=64

STEP 6
  certificate  stage=STEP 6  complete  reason=candidate_set  wall=1.400000e-05s  cpu=1.400000e-05s  provider=0  solves=0  iterations=0

STEP 8
  certificate  stage=STEP 8  complete  reason=step8_complete  wall=1.602669e-01s  cpu=1.602690e-01s  provider=518  solves=2  iterations=36

STEP 9
  certificate  stage=STEP 9  failed  objective=-4.263014e+01  upper=-4.263012e+01  gap= 1.629891e-05  wall=0.000000e+00s  cpu=0.000000e+00s  provider=0  solves=0  iterations=0
  certificate  stage=STEP 9  complete  reason=paper_potential_convergence_failed  wall=2.328366e-03s  cpu=2.329000e-03s  provider=3  solves=0  iterations=0

STEP 7
  certificate  stage=STEP 7  complete  reason=continue_stage_ii  wall=1.190000e-06s  cpu=1.000000e-06s  provider=0  solves=0  iterations=0

STEP 4
  STAGE II STEP 4  major=71  upper=-4.263013e+01  LP_primal= 0.000000e+00  LP_dual= 2.775558e-17  active_cuts=76  certified
  certificate  stage=STEP 4  complete  reason=step4_complete  wall=3.877780e-04s  cpu=3.880000e-04s  provider=0  solves=1  iterations=1

STEP 5
  certificate  stage=STEP 5 LOCAL  major=71  attempt=300  accepted  reason=success  P rel.= 5.142730e-14  objective=-3.977573e+01  upper=-4.263013e+01  gap=-2.854395e+00  wall=0.000000e+00s  cpu=0.000000e+00s  provider=0  solves=0  iterations=0
  certificate  stage=STEP 5 LOCAL  major=71  attempt=301  accepted  reason=success  P rel.= 3.677483e-14  objective=-3.977573e+01  upper=-4.263013e+01  gap=-2.854395e+00  wall=0.000000e+00s  cpu=0.000000e+00s  provider=0  solves=0  iterations=0
  certificate  stage=STEP 5 LOCAL  major=71  attempt=302  accepted  reason=success  P rel.= 8.834578e-14  objective=-3.977573e+01  upper=-4.263013e+01  gap=-2.854395e+00  wall=0.000000e+00s  cpu=0.000000e+00s  provider=0  solves=0  iterations=0
  certificate  stage=STEP 5 LOCAL  major=71  attempt=304  accepted  reason=success  P rel.= 5.358208e-14  objective=-3.977573e+01  upper=-4.263013e+01  gap=-2.854395e+00  wall=0.000000e+00s  cpu=0.000000e+00s  provider=0  solves=0  iterations=0
  certificate  stage=STEP 5 LOCAL  major=71  attempt=305  accepted  reason=success  P rel.= 5.659876e-14  objective=-3.977573e+01  upper=-4.263013e+01  gap=-2.854395e+00  wall=0.000000e+00s  cpu=0.000000e+00s  provider=0  solves=0  iterations=0
  certificate  stage=STEP 5 LOCAL  major=71  attempt=307  accepted  reason=success  P rel.=-1.206474e-09  objective=-4.263013e+01  upper=-4.263013e+01  gap= 3.981881e-11  wall=0.000000e+00s  cpu=0.000000e+00s  provider=0  solves=0  iterations=0
  certificate  stage=STEP 5  complete  reason=step5_complete  wall=1.611997e-01s  cpu=1.611800e-01s  provider=159  solves=8  iterations=144

STEP 6
  certificate  stage=STEP 6  complete  reason=candidate_set  wall=2.333000e-05s  cpu=2.300000e-05s  provider=0  solves=0  iterations=0

STEP 8
  certificate  stage=STEP 8  complete  reason=step8_complete  wall=7.117020e-02s  cpu=7.117100e-02s  provider=204  solves=1  iterations=18

STEP 9
  certificate  stage=STEP 9  failed  objective=-4.263014e+01  upper=-4.263013e+01  gap= 1.266956e-05  wall=0.000000e+00s  cpu=0.000000e+00s  provider=0  solves=0  iterations=0
  certificate  stage=STEP 9  complete  reason=paper_potential_convergence_failed  wall=2.302887e-03s  cpu=2.303000e-03s  provider=3  solves=0  iterations=0

STEP 7
  certificate  stage=STEP 7  complete  reason=continue_stage_ii  wall=9.300000e-07s  cpu=1.000000e-06s  provider=0  solves=0  iterations=0

STEP 4
  STAGE II STEP 4  major=72  upper=-4.263013e+01  LP_primal= 7.105427e-15  LP_dual= 1.387779e-17  active_cuts=77  certified
  certificate  stage=STEP 4  complete  reason=step4_complete  wall=3.822980e-04s  cpu=3.830000e-04s  provider=0  solves=1  iterations=1

STEP 5
  certificate  stage=STEP 5 LOCAL  major=72  attempt=308  accepted  reason=success  P rel.= 7.714095e-14  objective=-3.977573e+01  upper=-4.263013e+01  gap=-2.854395e+00  wall=0.000000e+00s  cpu=0.000000e+00s  provider=0  solves=0  iterations=0
  certificate  stage=STEP 5 LOCAL  major=72  attempt=309  accepted  reason=success  P rel.= 2.916129e-14  objective=-3.977573e+01  upper=-4.263013e+01  gap=-2.854395e+00  wall=0.000000e+00s  cpu=0.000000e+00s  provider=0  solves=0  iterations=0
  certificate  stage=STEP 5 LOCAL  major=72  attempt=310  accepted  reason=success  P rel.= 5.315112e-14  objective=-3.977573e+01  upper=-4.263013e+01  gap=-2.854395e+00  wall=0.000000e+00s  cpu=0.000000e+00s  provider=0  solves=0  iterations=0
  certificate  stage=STEP 5 LOCAL  major=72  attempt=311  accepted  reason=success  P rel.= 4.367011e-14  objective=-3.977573e+01  upper=-4.263013e+01  gap=-2.854395e+00  wall=0.000000e+00s  cpu=0.000000e+00s  provider=0  solves=0  iterations=0
  certificate  stage=STEP 5 LOCAL  major=72  attempt=312  accepted  reason=success  P rel.= 4.424472e-14  objective=-3.977573e+01  upper=-4.263013e+01  gap=-2.854395e+00  wall=0.000000e+00s  cpu=0.000000e+00s  provider=0  solves=0  iterations=0
  certificate  stage=STEP 5 LOCAL  major=72  attempt=313  accepted  reason=success  P rel.=-1.211771e-09  objective=-4.263013e+01  upper=-4.263013e+01  gap= 7.105427e-15  wall=0.000000e+00s  cpu=0.000000e+00s  provider=0  solves=0  iterations=0
  certificate  stage=STEP 5  complete  reason=step5_complete  wall=1.544327e-01s  cpu=1.544340e-01s  provider=149  solves=6  iterations=141

STEP 6
  certificate  stage=STEP 6  complete  reason=candidate_set  wall=1.358000e-05s  cpu=1.400000e-05s  provider=0  solves=0  iterations=0

STEP 8
  certificate  stage=STEP 8  complete  reason=step8_complete  wall=7.093382e-02s  cpu=7.093500e-02s  provider=204  solves=1  iterations=18

STEP 9
  certificate  stage=STEP 9  failed  objective=-4.263014e+01  upper=-4.263013e+01  gap= 1.266955e-05  wall=0.000000e+00s  cpu=0.000000e+00s  provider=0  solves=0  iterations=0
  certificate  stage=STEP 9  complete  reason=paper_potential_convergence_failed  wall=2.291097e-03s  cpu=2.291000e-03s  provider=3  solves=0  iterations=0

STEP 7
  certificate  stage=STEP 7  complete  reason=continue_stage_ii  wall=8.700000e-07s  cpu=1.000000e-06s  provider=0  solves=0  iterations=0

STEP 4
  STAGE II STEP 4  major=73  upper=-4.263013e+01  LP_primal= 7.105427e-15  LP_dual= 5.551115e-17  active_cuts=78  certified
  certificate  stage=STEP 4  complete  reason=step4_complete  wall=3.816780e-04s  cpu=3.820000e-04s  provider=0  solves=1  iterations=1

STEP 5
  certificate  stage=STEP 5 LOCAL  major=73  attempt=314  accepted  reason=success  P rel.= 4.884157e-14  objective=-3.977573e+01  upper=-4.263013e+01  gap=-2.854395e+00  wall=0.000000e+00s  cpu=0.000000e+00s  provider=0  solves=0  iterations=0
  certificate  stage=STEP 5 LOCAL  major=73  attempt=315  accepted  reason=success  P rel.= 7.843382e-14  objective=-3.977573e+01  upper=-4.263013e+01  gap=-2.854395e+00  wall=0.000000e+00s  cpu=0.000000e+00s  provider=0  solves=0  iterations=0
  certificate  stage=STEP 5 LOCAL  major=73  attempt=316  accepted  reason=success  P rel.= 4.424472e-14  objective=-3.977573e+01  upper=-4.263013e+01  gap=-2.854395e+00  wall=0.000000e+00s  cpu=0.000000e+00s  provider=0  solves=0  iterations=0
  certificate  stage=STEP 5 LOCAL  major=73  attempt=317  accepted  reason=success  P rel.= 4.999078e-14  objective=-3.977573e+01  upper=-4.263013e+01  gap=-2.854395e+00  wall=0.000000e+00s  cpu=0.000000e+00s  provider=0  solves=0  iterations=0
  certificate  stage=STEP 5 LOCAL  major=73  attempt=318  accepted  reason=success  P rel.= 4.007882e-14  objective=-3.977573e+01  upper=-4.263013e+01  gap=-2.854395e+00  wall=0.000000e+00s  cpu=0.000000e+00s  provider=0  solves=0  iterations=0
  certificate  stage=STEP 5 LOCAL  major=73  attempt=319  accepted  reason=success  P rel.= 6.536151e-14  objective=-3.977573e+01  upper=-4.263013e+01  gap=-2.854395e+00  wall=0.000000e+00s  cpu=0.000000e+00s  provider=0  solves=0  iterations=0
  certificate  stage=STEP 5 LOCAL  major=73  attempt=320  accepted  reason=success  P rel.= 5.559320e-14  objective=-3.977573e+01  upper=-4.263013e+01  gap=-2.854395e+00  wall=0.000000e+00s  cpu=0.000000e+00s  provider=0  solves=0  iterations=0
  certificate  stage=STEP 5 LOCAL  major=73  attempt=321  accepted  reason=success  P rel.= 5.477439e-13  objective=-3.977573e+01  upper=-4.263013e+01  gap=-2.854395e+00  wall=0.000000e+00s  cpu=0.000000e+00s  provider=0  solves=0  iterations=0
  certificate  stage=STEP 5 LOCAL  major=73  attempt=322  accepted  reason=success  P rel.= 3.131607e-14  objective=-3.977573e+01  upper=-4.263013e+01  gap=-2.854395e+00  wall=0.000000e+00s  cpu=0.000000e+00s  provider=0  solves=0  iterations=0
  certificate  stage=STEP 5 LOCAL  major=73  attempt=323  accepted  reason=success  P rel.= 4.237725e-14  objective=-3.977573e+01  upper=-4.263013e+01  gap=-2.854395e+00  wall=0.000000e+00s  cpu=0.000000e+00s  provider=0  solves=0  iterations=0
  certificate  stage=STEP 5 LOCAL  major=73  attempt=324  accepted  reason=success  P rel.=-1.219962e-09  objective=-4.263013e+01  upper=-4.263013e+01  gap= 7.105427e-15  wall=0.000000e+00s  cpu=0.000000e+00s  provider=0  solves=0  iterations=0
  certificate  stage=STEP 5  complete  reason=step5_complete  wall=2.861666e-01s  cpu=2.861090e-01s  provider=279  solves=11  iterations=253

STEP 6
  certificate  stage=STEP 6  complete  reason=candidate_set  wall=1.586000e-05s  cpu=1.600000e-05s  provider=0  solves=0  iterations=0

STEP 8
  certificate  stage=STEP 8  complete  reason=step8_complete  wall=7.091684e-02s  cpu=7.090100e-02s  provider=204  solves=1  iterations=18

STEP 9
  certificate  stage=STEP 9  failed  objective=-4.263014e+01  upper=-4.263013e+01  gap= 1.266955e-05  wall=0.000000e+00s  cpu=0.000000e+00s  provider=0  solves=0  iterations=0
  certificate  stage=STEP 9  complete  reason=paper_potential_convergence_failed  wall=2.320277e-03s  cpu=2.321000e-03s  provider=3  solves=0  iterations=0

STEP 7
  certificate  stage=STEP 7  complete  reason=continue_stage_ii  wall=8.800000e-07s  cpu=1.000000e-06s  provider=0  solves=0  iterations=0

STEP 4
  STAGE II STEP 4  major=74  upper=-4.263013e+01  LP_primal= 0.000000e+00  LP_dual= 5.551115e-17  active_cuts=79  certified
  certificate  stage=STEP 4  complete  reason=step4_complete  wall=3.955670e-04s  cpu=3.960000e-04s  provider=0  solves=1  iterations=1

STEP 5
  certificate  stage=STEP 5 LOCAL  major=74  attempt=325  accepted  reason=success  P rel.= 6.148292e-14  objective=-3.977573e+01  upper=-4.263013e+01  gap=-2.854395e+00  wall=0.000000e+00s  cpu=0.000000e+00s  provider=0  solves=0  iterations=0
  certificate  stage=STEP 5 LOCAL  major=74  attempt=326  accepted  reason=success  P rel.= 4.884157e-14  objective=-3.977573e+01  upper=-4.263013e+01  gap=-2.854395e+00  wall=0.000000e+00s  cpu=0.000000e+00s  provider=0  solves=0  iterations=0
  certificate  stage=STEP 5 LOCAL  major=74  attempt=327  accepted  reason=success  P rel.=-1.219428e-09  objective=-4.263013e+01  upper=-4.263013e+01  gap=-7.105427e-15  wall=0.000000e+00s  cpu=0.000000e+00s  provider=0  solves=0  iterations=0
  certificate  stage=STEP 5  complete  reason=step5_complete  wall=7.641637e-02s  cpu=7.640200e-02s  provider=74  solves=3  iterations=68

STEP 6
  certificate  stage=STEP 6  complete  reason=candidate_set  wall=1.810000e-05s  cpu=1.800000e-05s  provider=0  solves=0  iterations=0

STEP 8
  certificate  stage=STEP 8  complete  reason=step8_complete  wall=7.186639e-02s  cpu=7.186800e-02s  provider=204  solves=1  iterations=18

STEP 9
  certificate  stage=STEP 9  failed  objective=-4.263014e+01  upper=-4.263013e+01  gap= 1.266955e-05  wall=0.000000e+00s  cpu=0.000000e+00s  provider=0  solves=0  iterations=0
  certificate  stage=STEP 9  complete  reason=paper_potential_convergence_failed  wall=2.327157e-03s  cpu=2.327000e-03s  provider=3  solves=0  iterations=0

STEP 7
  certificate  stage=STEP 7  complete  reason=continue_stage_ii  wall=1.180000e-06s  cpu=1.000000e-06s  provider=0  solves=0  iterations=0

STEP 4
  STAGE II STEP 4  major=75  upper=-4.263013e+01  LP_primal= 0.000000e+00  LP_dual= 5.551115e-17  active_cuts=80  certified
  certificate  stage=STEP 4  complete  reason=step4_complete  wall=4.572870e-04s  cpu=4.580000e-04s  provider=0  solves=1  iterations=1

STEP 5
  certificate  stage=STEP 5 LOCAL  major=75  attempt=328  accepted  reason=success  P rel.=-9.575151e-09  objective=-4.263013e+01  upper=-4.263013e+01  gap= 0.000000e+00  wall=0.000000e+00s  cpu=0.000000e+00s  provider=0  solves=0  iterations=0
  certificate  stage=STEP 5  complete  reason=step5_complete  wall=2.441409e-02s  cpu=2.441400e-02s  provider=23  solves=1  iterations=22

STEP 6
  certificate  stage=STEP 6  complete  reason=candidate_set  wall=1.534000e-05s  cpu=1.500000e-05s  provider=0  solves=0  iterations=0

STEP 8
  certificate  stage=STEP 8  complete  reason=step8_complete  wall=7.114906e-02s  cpu=7.114400e-02s  provider=204  solves=1  iterations=18

STEP 9
  certificate  stage=STEP 9  failed  objective=-4.263014e+01  upper=-4.263013e+01  gap= 1.266955e-05  wall=0.000000e+00s  cpu=0.000000e+00s  provider=0  solves=0  iterations=0
  certificate  stage=STEP 9  complete  reason=paper_potential_convergence_failed  wall=2.279377e-03s  cpu=2.280000e-03s  provider=3  solves=0  iterations=0

STEP 7
  certificate  stage=STEP 7  complete  reason=continue_stage_ii  wall=1.030000e-06s  cpu=1.000000e-06s  provider=0  solves=0  iterations=0

STEP 4
  STAGE II STEP 4  major=76  upper=-4.263013e+01  LP_primal= 0.000000e+00  LP_dual= 1.387779e-17  active_cuts=81  certified
  certificate  stage=STEP 4  complete  reason=step4_complete  wall=4.039180e-04s  cpu=4.040000e-04s  provider=0  solves=1  iterations=1

STEP 5
  certificate  stage=STEP 5 LOCAL  major=76  attempt=329  accepted  reason=success  P rel.= 4.884157e-14  objective=-3.977573e+01  upper=-4.263013e+01  gap=-2.854395e+00  wall=0.000000e+00s  cpu=0.000000e+00s  provider=0  solves=0  iterations=0
  certificate  stage=STEP 5 LOCAL  major=76  attempt=330  accepted  reason=success  P rel.= 4.999078e-14  objective=-3.977573e+01  upper=-4.263013e+01  gap=-2.854395e+00  wall=0.000000e+00s  cpu=0.000000e+00s  provider=0  solves=0  iterations=0
  certificate  stage=STEP 5 LOCAL  major=76  attempt=331  accepted  reason=success  P rel.= 7.570444e-14  objective=-3.977573e+01  upper=-4.263013e+01  gap=-2.854395e+00  wall=0.000000e+00s  cpu=0.000000e+00s  provider=0  solves=0  iterations=0
  certificate  stage=STEP 5 LOCAL  major=76  attempt=332  accepted  reason=success  P rel.= 1.960845e-13  objective=-3.977573e+01  upper=-4.263013e+01  gap=-2.854395e+00  wall=0.000000e+00s  cpu=0.000000e+00s  provider=0  solves=0  iterations=0
  certificate  stage=STEP 5 LOCAL  major=76  attempt=333  accepted  reason=success  P rel.= 4.999078e-14  objective=-3.977573e+01  upper=-4.263013e+01  gap=-2.854395e+00  wall=0.000000e+00s  cpu=0.000000e+00s  provider=0  solves=0  iterations=0
  certificate  stage=STEP 5 LOCAL  major=76  attempt=334  accepted  reason=success  P rel.= 2.143283e-13  objective=-3.977573e+01  upper=-4.263013e+01  gap=-2.854395e+00  wall=0.000000e+00s  cpu=0.000000e+00s  provider=0  solves=0  iterations=0
  certificate  stage=STEP 5 LOCAL  major=76  attempt=335  accepted  reason=success  P rel.= 4.553758e-14  objective=-3.977573e+01  upper=-4.263013e+01  gap=-2.854395e+00  wall=0.000000e+00s  cpu=0.000000e+00s  provider=0  solves=0  iterations=0
  certificate  stage=STEP 5 LOCAL  major=76  attempt=336  accepted  reason=success  P rel.= 4.955983e-14  objective=-3.977573e+01  upper=-4.263013e+01  gap=-2.854395e+00  wall=0.000000e+00s  cpu=0.000000e+00s  provider=0  solves=0  iterations=0
  certificate  stage=STEP 5 LOCAL  major=76  attempt=337  accepted  reason=success  P rel.= 2.916129e-14  objective=-3.977573e+01  upper=-4.263013e+01  gap=-2.854395e+00  wall=0.000000e+00s  cpu=0.000000e+00s  provider=0  solves=0  iterations=0
  certificate  stage=STEP 5 LOCAL  major=76  attempt=338  accepted  reason=success  P rel.= 4.736196e-13  objective=-3.977573e+01  upper=-4.263013e+01  gap=-2.854395e+00  wall=0.000000e+00s  cpu=0.000000e+00s  provider=0  solves=0  iterations=0
  certificate  stage=STEP 5 LOCAL  major=76  attempt=339  accepted  reason=success  P rel.= 5.171460e-14  objective=-3.977573e+01  upper=-4.263013e+01  gap=-2.854395e+00  wall=0.000000e+00s  cpu=0.000000e+00s  provider=0  solves=0  iterations=0
  certificate  stage=STEP 5 LOCAL  major=76  attempt=340  accepted  reason=success  P rel.= 5.214556e-14  objective=-3.977573e+01  upper=-4.263013e+01  gap=-2.854395e+00  wall=0.000000e+00s  cpu=0.000000e+00s  provider=0  solves=0  iterations=0
  certificate  stage=STEP 5 LOCAL  major=76  attempt=341  accepted  reason=success  P rel.= 6.564882e-14  objective=-3.977573e+01  upper=-4.263013e+01  gap=-2.854395e+00  wall=0.000000e+00s  cpu=0.000000e+00s  provider=0  solves=0  iterations=0
  certificate  stage=STEP 5 LOCAL  major=76  attempt=342  accepted  reason=success  P rel.= 6.205753e-14  objective=-3.977573e+01  upper=-4.263013e+01  gap=-2.854395e+00  wall=0.000000e+00s  cpu=0.000000e+00s  provider=0  solves=0  iterations=0
  certificate  stage=STEP 5 LOCAL  major=76  attempt=343  accepted  reason=success  P rel.= 1.103245e-13  objective=-3.977573e+01  upper=-4.263013e+01  gap=-2.854395e+00  wall=0.000000e+00s  cpu=0.000000e+00s  provider=0  solves=0  iterations=0
  certificate  stage=STEP 5 LOCAL  major=76  attempt=344  accepted  reason=success  P rel.= 4.237725e-14  objective=-3.977573e+01  upper=-4.263013e+01  gap=-2.854395e+00  wall=0.000000e+00s  cpu=0.000000e+00s  provider=0  solves=0  iterations=0
  certificate  stage=STEP 5 LOCAL  major=76  attempt=345  accepted  reason=success  P rel.=-1.211326e-09  objective=-4.263013e+01  upper=-4.263013e+01  gap=-7.105427e-15  wall=0.000000e+00s  cpu=0.000000e+00s  provider=0  solves=0  iterations=0
  certificate  stage=STEP 5  complete  reason=step5_complete  wall=4.558756e-01s  cpu=4.558560e-01s  provider=423  solves=17  iterations=399

STEP 6
  certificate  stage=STEP 6  complete  reason=candidate_set  wall=1.824000e-05s  cpu=1.900000e-05s  provider=0  solves=0  iterations=0

STEP 8
  certificate  stage=STEP 8  complete  reason=step8_complete  wall=7.093516e-02s  cpu=7.093700e-02s  provider=204  solves=1  iterations=18

STEP 9
  certificate  stage=STEP 9  failed  objective=-4.263014e+01  upper=-4.263013e+01  gap= 1.266955e-05  wall=0.000000e+00s  cpu=0.000000e+00s  provider=0  solves=0  iterations=0
  certificate  stage=STEP 9  complete  reason=paper_potential_convergence_failed  wall=2.301517e-03s  cpu=2.302000e-03s  provider=3  solves=0  iterations=0

STEP 7
  certificate  stage=STEP 7  complete  reason=continue_stage_ii  wall=1.090000e-06s  cpu=1.000000e-06s  provider=0  solves=0  iterations=0

STEP 4
  STAGE II STEP 4  major=77  upper=-4.263013e+01  LP_primal= 0.000000e+00  LP_dual= 1.387779e-17  active_cuts=82  certified
  certificate  stage=STEP 4  complete  reason=step4_complete  wall=4.360970e-04s  cpu=4.360000e-04s  provider=0  solves=1  iterations=1

STEP 5
  certificate  stage=STEP 5 LOCAL  major=77  attempt=346  accepted  reason=success  P rel.= 4.999078e-14  objective=-3.977573e+01  upper=-4.263013e+01  gap=-2.854395e+00  wall=0.000000e+00s  cpu=0.000000e+00s  provider=0  solves=0  iterations=0
  certificate  stage=STEP 5 LOCAL  major=77  attempt=347  accepted  reason=success  P rel.= 4.237725e-14  objective=-3.977573e+01  upper=-4.263013e+01  gap=-2.854395e+00  wall=0.000000e+00s  cpu=0.000000e+00s  provider=0  solves=0  iterations=0
  certificate  stage=STEP 5 LOCAL  major=77  attempt=348  accepted  reason=success  P rel.= 6.047736e-14  objective=-3.977573e+01  upper=-4.263013e+01  gap=-2.854395e+00  wall=0.000000e+00s  cpu=0.000000e+00s  provider=0  solves=0  iterations=0
  certificate  stage=STEP 5 LOCAL  major=77  attempt=349  accepted  reason=success  P rel.= 2.916129e-14  objective=-3.977573e+01  upper=-4.263013e+01  gap=-2.854395e+00  wall=0.000000e+00s  cpu=0.000000e+00s  provider=0  solves=0  iterations=0
  certificate  stage=STEP 5 LOCAL  major=77  attempt=350  accepted  reason=success  P rel.=-1.200687e-09  objective=-4.263013e+01  upper=-4.263013e+01  gap= 0.000000e+00  wall=0.000000e+00s  cpu=0.000000e+00s  provider=0  solves=0  iterations=0
  certificate  stage=STEP 5  complete  reason=step5_complete  wall=1.206720e-01s  cpu=1.206310e-01s  provider=118  solves=5  iterations=107

STEP 6
  certificate  stage=STEP 6  complete  reason=candidate_set  wall=1.864900e-05s  cpu=1.800000e-05s  provider=0  solves=0  iterations=0

STEP 8
  certificate  stage=STEP 8  complete  reason=step8_complete  wall=7.056833e-02s  cpu=7.056900e-02s  provider=204  solves=1  iterations=18

STEP 9
  certificate  stage=STEP 9  failed  objective=-4.263014e+01  upper=-4.263013e+01  gap= 1.266955e-05  wall=0.000000e+00s  cpu=0.000000e+00s  provider=0  solves=0  iterations=0
  certificate  stage=STEP 9  complete  reason=paper_potential_convergence_failed  wall=2.293757e-03s  cpu=2.293000e-03s  provider=3  solves=0  iterations=0

STEP 7
  certificate  stage=STEP 7  complete  reason=continue_stage_ii  wall=1.020000e-06s  cpu=1.000000e-06s  provider=0  solves=0  iterations=0

STEP 4
  STAGE II STEP 4  major=78  upper=-4.263013e+01  LP_primal= 0.000000e+00  LP_dual= 1.387779e-17  active_cuts=83  certified
  certificate  stage=STEP 4  complete  reason=step4_complete  wall=4.001480e-04s  cpu=4.000000e-04s  provider=0  solves=1  iterations=1

STEP 5
  certificate  stage=STEP 5 LOCAL  major=78  attempt=351  accepted  reason=success  P rel.= 4.237725e-14  objective=-3.977573e+01  upper=-4.263013e+01  gap=-2.854395e+00  wall=0.000000e+00s  cpu=0.000000e+00s  provider=0  solves=0  iterations=0
  certificate  stage=STEP 5 LOCAL  major=78  attempt=352  accepted  reason=success  P rel.= 1.529890e-13  objective=-3.977573e+01  upper=-4.263013e+01  gap=-2.854395e+00  wall=0.000000e+00s  cpu=0.000000e+00s  provider=0  solves=0  iterations=0
  certificate  stage=STEP 5 LOCAL  major=78  attempt=353  accepted  reason=success  P rel.= 5.214556e-14  objective=-3.977573e+01  upper=-4.263013e+01  gap=-2.854395e+00  wall=0.000000e+00s  cpu=0.000000e+00s  provider=0  solves=0  iterations=0
  certificate  stage=STEP 5 LOCAL  major=78  attempt=354  accepted  reason=success  P rel.= 5.496113e-13  objective=-3.977573e+01  upper=-4.263013e+01  gap=-2.854395e+00  wall=0.000000e+00s  cpu=0.000000e+00s  provider=0  solves=0  iterations=0
  certificate  stage=STEP 5 LOCAL  major=78  attempt=355  accepted  reason=success  P rel.= 8.389258e-14  objective=-3.977573e+01  upper=-4.263013e+01  gap=-2.854395e+00  wall=0.000000e+00s  cpu=0.000000e+00s  provider=0  solves=0  iterations=0
  certificate  stage=STEP 5 LOCAL  major=78  attempt=356  accepted  reason=success  P rel.= 5.214556e-14  objective=-3.977573e+01  upper=-4.263013e+01  gap=-2.854395e+00  wall=0.000000e+00s  cpu=0.000000e+00s  provider=0  solves=0  iterations=0
  certificate  stage=STEP 5 LOCAL  major=78  attempt=357  accepted  reason=success  P rel.= 7.570444e-14  objective=-3.977573e+01  upper=-4.263013e+01  gap=-2.854395e+00  wall=0.000000e+00s  cpu=0.000000e+00s  provider=0  solves=0  iterations=0
  certificate  stage=STEP 5 LOCAL  major=78  attempt=358  accepted  reason=success  P rel.= 1.896202e-14  objective=-3.977573e+01  upper=-4.263013e+01  gap=-2.854395e+00  wall=0.000000e+00s  cpu=0.000000e+00s  provider=0  solves=0  iterations=0
  certificate  stage=STEP 5 LOCAL  major=78  attempt=359  accepted  reason=success  P rel.= 2.275443e-13  objective=-3.977573e+01  upper=-4.263013e+01  gap=-2.854395e+00  wall=0.000000e+00s  cpu=0.000000e+00s  provider=0  solves=0  iterations=0
  certificate  stage=STEP 5 LOCAL  major=78  attempt=360  accepted  reason=success  P rel.= 5.171460e-14  objective=-3.977573e+01  upper=-4.263013e+01  gap=-2.854395e+00  wall=0.000000e+00s  cpu=0.000000e+00s  provider=0  solves=0  iterations=0
  certificate  stage=STEP 5 LOCAL  major=78  attempt=361  accepted  reason=success  P rel.= 4.838189e-13  objective=-3.977573e+01  upper=-4.263013e+01  gap=-2.854395e+00  wall=0.000000e+00s  cpu=0.000000e+00s  provider=0  solves=0  iterations=0
  certificate  stage=STEP 5 LOCAL  major=78  attempt=362  accepted  reason=success  P rel.= 2.272570e-13  objective=-3.977573e+01  upper=-4.263013e+01  gap=-2.854395e+00  wall=0.000000e+00s  cpu=0.000000e+00s  provider=0  solves=0  iterations=0
  certificate  stage=STEP 5 LOCAL  major=78  attempt=363  accepted  reason=success  P rel.=-1.221609e-09  objective=-4.263013e+01  upper=-4.263013e+01  gap= 0.000000e+00  wall=0.000000e+00s  cpu=0.000000e+00s  provider=0  solves=0  iterations=0
  certificate  stage=STEP 5  complete  reason=step5_complete  wall=3.408199e-01s  cpu=3.408160e-01s  provider=321  solves=13  iterations=307

STEP 6
  certificate  stage=STEP 6  complete  reason=candidate_set  wall=1.682000e-05s  cpu=1.600000e-05s  provider=0  solves=0  iterations=0

STEP 8
  certificate  stage=STEP 8  complete  reason=step8_complete  wall=7.077274e-02s  cpu=7.077400e-02s  provider=204  solves=1  iterations=18

STEP 9
  certificate  stage=STEP 9  failed  objective=-4.263014e+01  upper=-4.263013e+01  gap= 1.266955e-05  wall=0.000000e+00s  cpu=0.000000e+00s  provider=0  solves=0  iterations=0
  certificate  stage=STEP 9  complete  reason=paper_potential_convergence_failed  wall=2.273897e-03s  cpu=2.274000e-03s  provider=3  solves=0  iterations=0

STEP 7
  certificate  stage=STEP 7  complete  reason=continue_stage_ii  wall=1.030000e-06s  cpu=1.000000e-06s  provider=0  solves=0  iterations=0

STEP 4
  STAGE II STEP 4  major=79  upper=-4.263013e+01  LP_primal= 0.000000e+00  LP_dual= 1.387779e-17  active_cuts=84  certified
  certificate  stage=STEP 4  complete  reason=step4_complete  wall=4.028870e-04s  cpu=4.040000e-04s  provider=0  solves=1  iterations=1

STEP 5
  certificate  stage=STEP 5 LOCAL  major=79  attempt=364  accepted  reason=success  P rel.= 5.214556e-14  objective=-3.977573e+01  upper=-4.263013e+01  gap=-2.854395e+00  wall=0.000000e+00s  cpu=0.000000e+00s  provider=0  solves=0  iterations=0
  certificate  stage=STEP 5 LOCAL  major=79  attempt=365  accepted  reason=success  P rel.= 4.897086e-13  objective=-3.977573e+01  upper=-4.263013e+01  gap=-2.854395e+00  wall=0.000000e+00s  cpu=0.000000e+00s  provider=0  solves=0  iterations=0
  certificate  stage=STEP 5 LOCAL  major=79  attempt=366  accepted  reason=success  P rel.= 5.501859e-14  objective=-3.977573e+01  upper=-4.263013e+01  gap=-2.854395e+00  wall=0.000000e+00s  cpu=0.000000e+00s  provider=0  solves=0  iterations=0
  certificate  stage=STEP 5 LOCAL  major=79  attempt=367  accepted  reason=success  P rel.= 6.536151e-14  objective=-3.977573e+01  upper=-4.263013e+01  gap=-2.854395e+00  wall=0.000000e+00s  cpu=0.000000e+00s  provider=0  solves=0  iterations=0
  certificate  stage=STEP 5 LOCAL  major=79  attempt=368  accepted  reason=success  P rel.=-1.220273e-09  objective=-4.263013e+01  upper=-4.263013e+01  gap=-1.421085e-14  wall=0.000000e+00s  cpu=0.000000e+00s  provider=0  solves=0  iterations=0
  certificate  stage=STEP 5  complete  reason=step5_complete  wall=1.249329e-01s  cpu=1.249340e-01s  provider=122  solves=5  iterations=111

STEP 6
  certificate  stage=STEP 6  complete  reason=candidate_set  wall=1.503000e-05s  cpu=1.500000e-05s  provider=0  solves=0  iterations=0

STEP 8
  certificate  stage=STEP 8  complete  reason=step8_complete  wall=7.031120e-02s  cpu=7.031200e-02s  provider=204  solves=1  iterations=18

STEP 9
  certificate  stage=STEP 9  failed  objective=-4.263014e+01  upper=-4.263013e+01  gap= 1.266955e-05  wall=0.000000e+00s  cpu=0.000000e+00s  provider=0  solves=0  iterations=0
  certificate  stage=STEP 9  complete  reason=paper_potential_convergence_failed  wall=2.272957e-03s  cpu=2.273000e-03s  provider=3  solves=0  iterations=0

STEP 7
  certificate  stage=STEP 7  indeterminate  reason=stage_ii_major_iteration_limit  wall=9.500000e-07s  cpu=1.000000e-06s  provider=0  solves=0  iterations=0
