HELD2.0  case=installed-held2-paper-rewrite  T=2.981500e+02 K  P=1.013000e+05 Pa

STEP 1
  certificate  stage=STEP 1  complete  reason=step1_complete  wall=2.719000e-05s  cpu=2.600000e-05s  provider=1  solves=0  iterations=0

STEP 2

REFERENCE PRESSURE ROOTS
  root   0  V= 2.933018e-05  P rel.=-4.594559e-09  G/RT=-2.530831e+01  strict_stable
  root   1  V= 5.683899e-04  P rel.=-8.423787e-09  G/RT=-2.080975e+01  unstable
  root   2  V= 2.251142e-02  P rel.=-3.095027e-10  G/RT=-2.218501e+01  strict_stable
  selected root 0  status=selected
  eval     1  TPD= 1.376359e-01  P rel.=-6.133651e-09  V= 4.695210e-05  certified
  eval     2  TPD=-2.089451e-01  P rel.= 5.231305e-09  V= 5.716482e-05  certified
  certificate  stage=STEP 2  complete  reason=negative_tpd_witness  wall=6.260232e-01s  cpu=6.241630e-01s  provider=822  solves=1  iterations=2

STEP 3
  certificate  stage=STEP 3  complete  reason=step3_complete  wall=8.151746e-01s  cpu=8.125600e-01s  provider=4  solves=0  iterations=0

STEP 4
  STAGE II STEP 4  major=0  upper=-2.535116e+01  LP_primal= 0.000000e+00  LP_dual= 0.000000e+00  active_cuts=5  certified
  certificate  stage=STEP 4  complete  reason=step4_complete  wall=3.810780e-04s  cpu=3.810000e-04s  provider=0  solves=1  iterations=1

STEP 5
  certificate  stage=STEP 5 LOCAL  major=0  attempt=0  accepted  reason=success  P rel.=-1.741740e-03  objective=-2.550258e+01  upper=-2.535116e+01  gap= 1.514182e-01  wall=0.000000e+00s  cpu=0.000000e+00s  provider=0  solves=0  iterations=0
  certificate  stage=STEP 5  complete  reason=step5_complete  wall=2.873486e-02s  cpu=2.864500e-02s  provider=155  solves=1  iterations=22

STEP 6
  certificate  stage=STEP 6  complete  reason=insufficient_candidates  wall=2.430000e-06s  cpu=2.000000e-06s  provider=0  solves=0  iterations=0

STEP 7
  certificate  stage=STEP 7  complete  reason=continue_stage_ii  wall=9.300000e-07s  cpu=1.000000e-06s  provider=0  solves=0  iterations=0

STEP 4
  STAGE II STEP 4  major=1  upper=-2.537569e+01  LP_primal= 0.000000e+00  LP_dual= 8.326673e-17  active_cuts=6  certified
  certificate  stage=STEP 4  complete  reason=step4_complete  wall=2.417780e-04s  cpu=2.420000e-04s  provider=0  solves=1  iterations=1

STEP 5
  certificate  stage=STEP 5 LOCAL  major=1  attempt=1  accepted  reason=success  P rel.=-8.787323e-08  objective=-2.564603e+01  upper=-2.537569e+01  gap= 2.703363e-01  wall=0.000000e+00s  cpu=0.000000e+00s  provider=0  solves=0  iterations=0
  certificate  stage=STEP 5  complete  reason=step5_complete  wall=3.321754e-02s  cpu=3.310200e-02s  provider=32  solves=1  iterations=26

STEP 6
  certificate  stage=STEP 6  complete  reason=insufficient_candidates  wall=3.110000e-06s  cpu=3.000000e-06s  provider=0  solves=0  iterations=0

STEP 7
  certificate  stage=STEP 7  complete  reason=continue_stage_ii  wall=1.020000e-06s  cpu=1.000000e-06s  provider=0  solves=0  iterations=0

STEP 4
  STAGE II STEP 4  major=2  upper=-2.543669e+01  LP_primal= 0.000000e+00  LP_dual= 1.387779e-17  active_cuts=7  certified
  certificate  stage=STEP 4  complete  reason=step4_complete  wall=3.344080e-04s  cpu=3.340000e-04s  provider=0  solves=1  iterations=1

STEP 5
  certificate  stage=STEP 5 LOCAL  major=2  attempt=2  accepted  reason=success  P rel.= 8.518545e-14  objective=-2.249064e+01  upper=-2.543669e+01  gap=-2.946047e+00  wall=0.000000e+00s  cpu=0.000000e+00s  provider=0  solves=0  iterations=0
  certificate  stage=STEP 5 LOCAL  major=2  attempt=3  accepted  reason=success  P rel.= 3.174702e-14  objective=-2.249064e+01  upper=-2.543669e+01  gap=-2.946047e+00  wall=0.000000e+00s  cpu=0.000000e+00s  provider=0  solves=0  iterations=0
  certificate  stage=STEP 5 LOCAL  major=2  attempt=4  accepted  reason=success  P rel.=-3.010954e-09  objective=-2.553916e+01  upper=-2.543669e+01  gap= 1.024760e-01  wall=0.000000e+00s  cpu=0.000000e+00s  provider=0  solves=0  iterations=0
  certificate  stage=STEP 5  complete  reason=step5_complete  wall=8.499644e-02s  cpu=8.478500e-02s  provider=77  solves=3  iterations=70

STEP 6
  certificate  stage=STEP 6  complete  reason=candidate_set  wall=3.910000e-06s  cpu=4.000000e-06s  provider=0  solves=0  iterations=0

STEP 8
  certificate  stage=STEP 8  complete  reason=problem_67_infeasible  wall=2.585380e-04s  cpu=2.580000e-04s  provider=2  solves=1  iterations=0

STEP 7
  certificate  stage=STEP 7  complete  reason=continue_stage_ii  wall=9.300000e-07s  cpu=1.000000e-06s  provider=0  solves=0  iterations=0

STEP 4
  STAGE II STEP 4  major=3  upper=-2.548040e+01  LP_primal= 0.000000e+00  LP_dual= 1.387779e-17  active_cuts=8  certified
  certificate  stage=STEP 4  complete  reason=step4_complete  wall=2.244280e-04s  cpu=2.250000e-04s  provider=0  solves=1  iterations=1

STEP 5
  certificate  stage=STEP 5 LOCAL  major=3  attempt=5  accepted  reason=success  P rel.= 7.139489e-14  objective=-2.255333e+01  upper=-2.548040e+01  gap=-2.927071e+00  wall=0.000000e+00s  cpu=0.000000e+00s  provider=0  solves=0  iterations=0
  certificate  stage=STEP 5 LOCAL  major=3  attempt=6  accepted  reason=success  P rel.=-2.619544e-08  objective=-2.562744e+01  upper=-2.548040e+01  gap= 1.470336e-01  wall=0.000000e+00s  cpu=0.000000e+00s  provider=0  solves=0  iterations=0
  certificate  stage=STEP 5  complete  reason=step5_complete  wall=4.978557e-02s  cpu=4.975600e-02s  provider=47  solves=2  iterations=40

STEP 6
  certificate  stage=STEP 6  complete  reason=insufficient_candidates  wall=3.080000e-06s  cpu=3.000000e-06s  provider=0  solves=0  iterations=0

STEP 7
  certificate  stage=STEP 7  complete  reason=continue_stage_ii  wall=9.300000e-07s  cpu=1.000000e-06s  provider=0  solves=0  iterations=0

STEP 4
  STAGE II STEP 4  major=4  upper=-2.549209e+01  LP_primal= 0.000000e+00  LP_dual= 4.163336e-17  active_cuts=9  certified
  certificate  stage=STEP 4  complete  reason=step4_complete  wall=3.029680e-04s  cpu=3.030000e-04s  provider=0  solves=1  iterations=1

STEP 5
  certificate  stage=STEP 5 LOCAL  major=4  attempt=7  accepted  reason=success  P rel.=-2.366045e-09  objective=-2.550514e+01  upper=-2.549209e+01  gap= 1.304475e-02  wall=0.000000e+00s  cpu=0.000000e+00s  provider=0  solves=0  iterations=0
  certificate  stage=STEP 5  complete  reason=step5_complete  wall=2.310292e-02s  cpu=2.310400e-02s  provider=22  solves=1  iterations=19

STEP 6
  certificate  stage=STEP 6  complete  reason=candidate_set  wall=4.270000e-06s  cpu=4.000000e-06s  provider=0  solves=0  iterations=0

STEP 8
  certificate  stage=STEP 8  complete  reason=problem_67_infeasible  wall=2.427790e-04s  cpu=2.430000e-04s  provider=2  solves=1  iterations=0

STEP 7
  certificate  stage=STEP 7  complete  reason=continue_stage_ii  wall=1.020000e-06s  cpu=1.000000e-06s  provider=0  solves=0  iterations=0

STEP 4
  STAGE II STEP 4  major=5  upper=-2.549702e+01  LP_primal= 7.105427e-15  LP_dual= 0.000000e+00  active_cuts=10  certified
  certificate  stage=STEP 4  complete  reason=step4_complete  wall=2.389390e-04s  cpu=2.400000e-04s  provider=0  solves=1  iterations=1

STEP 5
  certificate  stage=STEP 5 LOCAL  major=5  attempt=8  accepted  reason=success  P rel.= 6.938376e-14  objective=-2.254798e+01  upper=-2.549702e+01  gap=-2.949047e+00  wall=0.000000e+00s  cpu=0.000000e+00s  provider=0  solves=0  iterations=0
  certificate  stage=STEP 5 LOCAL  major=5  attempt=9  accepted  reason=success  P rel.= 2.561309e-13  objective=-2.254798e+01  upper=-2.549702e+01  gap=-2.949047e+00  wall=0.000000e+00s  cpu=0.000000e+00s  provider=0  solves=0  iterations=0
  certificate  stage=STEP 5 LOCAL  major=5  attempt=10  accepted  reason=success  P rel.= 6.737264e-14  objective=-2.254798e+01  upper=-2.549702e+01  gap=-2.949047e+00  wall=0.000000e+00s  cpu=0.000000e+00s  provider=0  solves=0  iterations=0
  certificate  stage=STEP 5 LOCAL  major=5  attempt=11  accepted  reason=success  P rel.= 6.274705e-13  objective=-2.254798e+01  upper=-2.549702e+01  gap=-2.949047e+00  wall=0.000000e+00s  cpu=0.000000e+00s  provider=0  solves=0  iterations=0
  certificate  stage=STEP 5 LOCAL  major=5  attempt=12  accepted  reason=success  P rel.= 7.556078e-14  objective=-2.254798e+01  upper=-2.549702e+01  gap=-2.949047e+00  wall=0.000000e+00s  cpu=0.000000e+00s  provider=0  solves=0  iterations=0
  certificate  stage=STEP 5 LOCAL  major=5  attempt=13  accepted  reason=success  P rel.=-2.454627e-09  objective=-2.549717e+01  upper=-2.549702e+01  gap= 1.469631e-04  wall=0.000000e+00s  cpu=0.000000e+00s  provider=0  solves=0  iterations=0
  certificate  stage=STEP 5  complete  reason=step5_complete  wall=1.484648e-01s  cpu=1.484620e-01s  provider=138  solves=6  iterations=126

STEP 6
  certificate  stage=STEP 6  complete  reason=candidate_set  wall=3.900000e-06s  cpu=4.000000e-06s  provider=0  solves=0  iterations=0

STEP 8
  certificate  stage=STEP 8  complete  reason=problem_67_infeasible  wall=3.798470e-04s  cpu=3.810000e-04s  provider=3  solves=1  iterations=0

STEP 7
  certificate  stage=STEP 7  complete  reason=continue_stage_ii  wall=1.180000e-06s  cpu=1.000000e-06s  provider=0  solves=0  iterations=0

STEP 4
  STAGE II STEP 4  major=6  upper=-2.549708e+01  LP_primal= 3.552714e-15  LP_dual= 5.551115e-17  active_cuts=11  certified
  certificate  stage=STEP 4  complete  reason=step4_complete  wall=2.318690e-04s  cpu=2.330000e-04s  provider=0  solves=1  iterations=1

STEP 5
  certificate  stage=STEP 5 LOCAL  major=6  attempt=14  accepted  reason=success  P rel.= 5.487494e-14  objective=-2.254803e+01  upper=-2.549708e+01  gap=-2.949047e+00  wall=0.000000e+00s  cpu=0.000000e+00s  provider=0  solves=0  iterations=0
  certificate  stage=STEP 5 LOCAL  major=6  attempt=15  accepted  reason=success  P rel.= 6.981472e-14  objective=-2.254803e+01  upper=-2.549708e+01  gap=-2.949047e+00  wall=0.000000e+00s  cpu=0.000000e+00s  provider=0  solves=0  iterations=0
  certificate  stage=STEP 5 LOCAL  major=6  attempt=16  accepted  reason=success  P rel.=-2.427296e-09  objective=-2.549708e+01  upper=-2.549708e+01  gap= 1.959148e-08  wall=0.000000e+00s  cpu=0.000000e+00s  provider=0  solves=0  iterations=0
  certificate  stage=STEP 5  complete  reason=step5_complete  wall=6.799199e-02s  cpu=6.799300e-02s  provider=63  solves=3  iterations=55

STEP 6
  certificate  stage=STEP 6  complete  reason=candidate_set  wall=4.330000e-06s  cpu=4.000000e-06s  provider=0  solves=0  iterations=0

STEP 8
  certificate  stage=STEP 8  complete  reason=unchanged_problem_67  wall=2.110000e-06s  cpu=2.000000e-06s  provider=0  solves=0  iterations=0

STEP 7
  certificate  stage=STEP 7  complete  reason=continue_stage_ii  wall=9.500000e-07s  cpu=1.000000e-06s  provider=0  solves=0  iterations=0

STEP 4
  STAGE II STEP 4  major=7  upper=-2.549708e+01  LP_primal= 3.552714e-15  LP_dual= 6.938894e-18  active_cuts=12  certified
  certificate  stage=STEP 4  complete  reason=step4_complete  wall=3.133380e-04s  cpu=3.140000e-04s  provider=0  solves=1  iterations=1

STEP 5
  certificate  stage=STEP 5 LOCAL  major=7  attempt=17  accepted  reason=success  P rel.= 4.927253e-14  objective=-2.254803e+01  upper=-2.549708e+01  gap=-2.949047e+00  wall=0.000000e+00s  cpu=0.000000e+00s  provider=0  solves=0  iterations=0
  certificate  stage=STEP 5 LOCAL  major=7  attempt=18  accepted  reason=success  P rel.= 6.449960e-14  objective=-2.254803e+01  upper=-2.549708e+01  gap=-2.949047e+00  wall=0.000000e+00s  cpu=0.000000e+00s  provider=0  solves=0  iterations=0
  certificate  stage=STEP 5 LOCAL  major=7  attempt=19  accepted  reason=success  P rel.=-2.442163e-09  objective=-2.549708e+01  upper=-2.549708e+01  gap=-1.065814e-14  wall=0.000000e+00s  cpu=0.000000e+00s  provider=0  solves=0  iterations=0
  certificate  stage=STEP 5  complete  reason=step5_complete  wall=6.680784e-02s  cpu=6.680900e-02s  provider=63  solves=3  iterations=56

STEP 6
  certificate  stage=STEP 6  complete  reason=candidate_set  wall=5.250000e-06s  cpu=5.000000e-06s  provider=0  solves=0  iterations=0

STEP 8
  certificate  stage=STEP 8  complete  reason=unchanged_problem_67  wall=2.140000e-06s  cpu=3.000000e-06s  provider=0  solves=0  iterations=0

STEP 7
  certificate  stage=STEP 7  complete  reason=continue_stage_ii  wall=9.500000e-07s  cpu=1.000000e-06s  provider=0  solves=0  iterations=0

STEP 4
  STAGE II STEP 4  major=8  upper=-2.549708e+01  LP_primal= 3.552714e-15  LP_dual= 6.938894e-18  active_cuts=13  certified
  certificate  stage=STEP 4  complete  reason=step4_complete  wall=3.262980e-04s  cpu=3.270000e-04s  provider=0  solves=1  iterations=1

STEP 5
  certificate  stage=STEP 5 LOCAL  major=8  attempt=20  accepted  reason=success  P rel.= 5.947180e-14  objective=-2.254803e+01  upper=-2.549708e+01  gap=-2.949047e+00  wall=0.000000e+00s  cpu=0.000000e+00s  provider=0  solves=0  iterations=0
  certificate  stage=STEP 5 LOCAL  major=8  attempt=23  accepted  reason=success  P rel.= 4.898522e-14  objective=-2.254803e+01  upper=-2.549708e+01  gap=-2.949047e+00  wall=0.000000e+00s  cpu=0.000000e+00s  provider=0  solves=0  iterations=0
  certificate  stage=STEP 5 LOCAL  major=8  attempt=24  accepted  reason=success  P rel.=-2.432370e-09  objective=-2.549708e+01  upper=-2.549708e+01  gap=-3.552714e-15  wall=0.000000e+00s  cpu=0.000000e+00s  provider=0  solves=0  iterations=0
  certificate  stage=STEP 5  complete  reason=step5_complete  wall=7.340721e-02s  cpu=7.340900e-02s  provider=70  solves=5  iterations=58

STEP 6
  certificate  stage=STEP 6  complete  reason=candidate_set  wall=4.750000e-06s  cpu=5.000000e-06s  provider=0  solves=0  iterations=0

STEP 8
  certificate  stage=STEP 8  complete  reason=unchanged_problem_67  wall=2.110000e-06s  cpu=2.000000e-06s  provider=0  solves=0  iterations=0

STEP 7
  certificate  stage=STEP 7  complete  reason=continue_stage_ii  wall=9.300000e-07s  cpu=1.000000e-06s  provider=0  solves=0  iterations=0

STEP 4
  STAGE II STEP 4  major=9  upper=-2.549708e+01  LP_primal= 3.552714e-15  LP_dual= 5.551115e-17  active_cuts=14  certified
  certificate  stage=STEP 4  complete  reason=step4_complete  wall=3.421580e-04s  cpu=3.430000e-04s  provider=0  solves=1  iterations=1

STEP 5
  certificate  stage=STEP 5 LOCAL  major=9  attempt=25  accepted  reason=success  P rel.= 6.909646e-14  objective=-2.254803e+01  upper=-2.549708e+01  gap=-2.949047e+00  wall=0.000000e+00s  cpu=0.000000e+00s  provider=0  solves=0  iterations=0
  certificate  stage=STEP 5 LOCAL  major=9  attempt=26  accepted  reason=success  P rel.=-2.420975e-09  objective=-2.549708e+01  upper=-2.549708e+01  gap=-3.552714e-15  wall=0.000000e+00s  cpu=0.000000e+00s  provider=0  solves=0  iterations=0
  certificate  stage=STEP 5  complete  reason=step5_complete  wall=5.188023e-02s  cpu=5.188200e-02s  provider=48  solves=2  iterations=43

STEP 6
  certificate  stage=STEP 6  complete  reason=candidate_set  wall=5.419000e-06s  cpu=6.000000e-06s  provider=0  solves=0  iterations=0

STEP 8
  certificate  stage=STEP 8  complete  reason=unchanged_problem_67  wall=2.140000e-06s  cpu=2.000000e-06s  provider=0  solves=0  iterations=0

STEP 7
  certificate  stage=STEP 7  complete  reason=continue_stage_ii  wall=9.200000e-07s  cpu=1.000000e-06s  provider=0  solves=0  iterations=0

STEP 4
  STAGE II STEP 4  major=10  upper=-2.549708e+01  LP_primal= 3.552714e-15  LP_dual= 5.551115e-17  active_cuts=15  certified
  certificate  stage=STEP 4  complete  reason=step4_complete  wall=3.302780e-04s  cpu=3.300000e-04s  provider=0  solves=1  iterations=1

STEP 5
  certificate  stage=STEP 5 LOCAL  major=10  attempt=27  accepted  reason=success  P rel.= 2.355888e-14  objective=-2.254803e+01  upper=-2.549708e+01  gap=-2.949047e+00  wall=0.000000e+00s  cpu=0.000000e+00s  provider=0  solves=0  iterations=0
  certificate  stage=STEP 5 LOCAL  major=10  attempt=28  accepted  reason=success  P rel.= 2.844303e-14  objective=-2.254803e+01  upper=-2.549708e+01  gap=-2.949047e+00  wall=0.000000e+00s  cpu=0.000000e+00s  provider=0  solves=0  iterations=0
  certificate  stage=STEP 5 LOCAL  major=10  attempt=29  accepted  reason=success  P rel.= 5.789163e-14  objective=-2.254803e+01  upper=-2.549708e+01  gap=-2.949047e+00  wall=0.000000e+00s  cpu=0.000000e+00s  provider=0  solves=0  iterations=0
  certificate  stage=STEP 5 LOCAL  major=10  attempt=30  accepted  reason=success  P rel.= 4.180264e-14  objective=-2.254803e+01  upper=-2.549708e+01  gap=-2.949047e+00  wall=0.000000e+00s  cpu=0.000000e+00s  provider=0  solves=0  iterations=0
  certificate  stage=STEP 5 LOCAL  major=10  attempt=31  accepted  reason=success  P rel.= 6.435595e-14  objective=-2.254803e+01  upper=-2.549708e+01  gap=-2.949047e+00  wall=0.000000e+00s  cpu=0.000000e+00s  provider=0  solves=0  iterations=0
  certificate  stage=STEP 5 LOCAL  major=10  attempt=32  accepted  reason=success  P rel.= 4.266455e-14  objective=-2.254803e+01  upper=-2.549708e+01  gap=-2.949047e+00  wall=0.000000e+00s  cpu=0.000000e+00s  provider=0  solves=0  iterations=0
  certificate  stage=STEP 5 LOCAL  major=10  attempt=33  accepted  reason=success  P rel.= 4.970348e-14  objective=-2.254803e+01  upper=-2.549708e+01  gap=-2.949047e+00  wall=0.000000e+00s  cpu=0.000000e+00s  provider=0  solves=0  iterations=0
  certificate  stage=STEP 5 LOCAL  major=10  attempt=34  accepted  reason=success  P rel.= 6.665438e-14  objective=-2.254803e+01  upper=-2.549708e+01  gap=-2.949047e+00  wall=0.000000e+00s  cpu=0.000000e+00s  provider=0  solves=0  iterations=0
  certificate  stage=STEP 5 LOCAL  major=10  attempt=35  accepted  reason=success  P rel.= 6.651073e-14  objective=-2.254803e+01  upper=-2.549708e+01  gap=-2.949047e+00  wall=0.000000e+00s  cpu=0.000000e+00s  provider=0  solves=0  iterations=0
  certificate  stage=STEP 5 LOCAL  major=10  attempt=36  accepted  reason=success  P rel.=-2.446080e-09  objective=-2.549708e+01  upper=-2.549708e+01  gap= 7.105427e-15  wall=0.000000e+00s  cpu=0.000000e+00s  provider=0  solves=0  iterations=0
  certificate  stage=STEP 5  complete  reason=step5_complete  wall=2.397369e-01s  cpu=2.394350e-01s  provider=223  solves=10  iterations=211

STEP 6
  certificate  stage=STEP 6  complete  reason=candidate_set  wall=5.660000e-06s  cpu=6.000000e-06s  provider=0  solves=0  iterations=0

STEP 8
  certificate  stage=STEP 8  complete  reason=unchanged_problem_67  wall=2.210000e-06s  cpu=3.000000e-06s  provider=0  solves=0  iterations=0

STEP 7
  certificate  stage=STEP 7  complete  reason=continue_stage_ii  wall=9.700000e-07s  cpu=1.000000e-06s  provider=0  solves=0  iterations=0

STEP 4
  STAGE II STEP 4  major=11  upper=-2.549708e+01  LP_primal= 7.105427e-15  LP_dual= 5.551115e-17  active_cuts=16  certified
  certificate  stage=STEP 4  complete  reason=step4_complete  wall=3.337180e-04s  cpu=3.340000e-04s  provider=0  solves=1  iterations=1

STEP 5
  certificate  stage=STEP 5 LOCAL  major=11  attempt=37  accepted  reason=success  P rel.=-2.411182e-09  objective=-2.549708e+01  upper=-2.549708e+01  gap=-3.552714e-15  wall=0.000000e+00s  cpu=0.000000e+00s  provider=0  solves=0  iterations=0
  certificate  stage=STEP 5  complete  reason=step5_complete  wall=2.325569e-02s  cpu=2.316200e-02s  provider=22  solves=1  iterations=20

STEP 6
  certificate  stage=STEP 6  complete  reason=candidate_set  wall=7.290000e-06s  cpu=7.000000e-06s  provider=0  solves=0  iterations=0

STEP 8
  certificate  stage=STEP 8  complete  reason=unchanged_problem_67  wall=2.060000e-06s  cpu=2.000000e-06s  provider=0  solves=0  iterations=0

STEP 7
  certificate  stage=STEP 7  complete  reason=continue_stage_ii  wall=9.200000e-07s  cpu=1.000000e-06s  provider=0  solves=0  iterations=0

STEP 4
  STAGE II STEP 4  major=12  upper=-2.549708e+01  LP_primal= 7.105427e-15  LP_dual= 5.551115e-17  active_cuts=17  certified
  certificate  stage=STEP 4  complete  reason=step4_complete  wall=3.185180e-04s  cpu=3.190000e-04s  provider=0  solves=1  iterations=1

STEP 5
  certificate  stage=STEP 5 LOCAL  major=12  attempt=38  accepted  reason=success  P rel.= 5.918449e-14  objective=-2.254803e+01  upper=-2.549708e+01  gap=-2.949047e+00  wall=0.000000e+00s  cpu=0.000000e+00s  provider=0  solves=0  iterations=0
  certificate  stage=STEP 5 LOCAL  major=12  attempt=39  accepted  reason=success  P rel.= 6.765994e-14  objective=-2.254803e+01  upper=-2.549708e+01  gap=-2.949047e+00  wall=0.000000e+00s  cpu=0.000000e+00s  provider=0  solves=0  iterations=0
  certificate  stage=STEP 5 LOCAL  major=12  attempt=40  accepted  reason=success  P rel.= 4.079708e-14  objective=-2.254803e+01  upper=-2.549708e+01  gap=-2.949047e+00  wall=0.000000e+00s  cpu=0.000000e+00s  provider=0  solves=0  iterations=0
  certificate  stage=STEP 5 LOCAL  major=12  attempt=41  accepted  reason=success  P rel.= 3.806770e-14  objective=-2.254803e+01  upper=-2.549708e+01  gap=-2.949047e+00  wall=0.000000e+00s  cpu=0.000000e+00s  provider=0  solves=0  iterations=0
  certificate  stage=STEP 5 LOCAL  major=12  attempt=42  accepted  reason=success  P rel.= 6.995837e-14  objective=-2.254803e+01  upper=-2.549708e+01  gap=-2.949047e+00  wall=0.000000e+00s  cpu=0.000000e+00s  provider=0  solves=0  iterations=0
  certificate  stage=STEP 5 LOCAL  major=12  attempt=43  accepted  reason=success  P rel.=-2.452312e-09  objective=-2.549708e+01  upper=-2.549708e+01  gap= 3.552714e-15  wall=0.000000e+00s  cpu=0.000000e+00s  provider=0  solves=0  iterations=0
  certificate  stage=STEP 5  complete  reason=step5_complete  wall=1.398093e-01s  cpu=1.393110e-01s  provider=133  solves=6  iterations=123

STEP 6
  certificate  stage=STEP 6  complete  reason=candidate_set  wall=8.550000e-06s  cpu=8.000000e-06s  provider=0  solves=0  iterations=0

STEP 8
  certificate  stage=STEP 8  complete  reason=unchanged_problem_67  wall=2.130000e-06s  cpu=2.000000e-06s  provider=0  solves=0  iterations=0

STEP 7
  certificate  stage=STEP 7  complete  reason=continue_stage_ii  wall=9.300000e-07s  cpu=1.000000e-06s  provider=0  solves=0  iterations=0

STEP 4
  STAGE II STEP 4  major=13  upper=-2.549708e+01  LP_primal= 7.105427e-15  LP_dual= 5.551115e-17  active_cuts=18  certified
  certificate  stage=STEP 4  complete  reason=step4_complete  wall=3.370880e-04s  cpu=3.380000e-04s  provider=0  solves=1  iterations=1

STEP 5
  certificate  stage=STEP 5 LOCAL  major=13  attempt=44  accepted  reason=success  P rel.= 7.872112e-14  objective=-2.254803e+01  upper=-2.549708e+01  gap=-2.949047e+00  wall=0.000000e+00s  cpu=0.000000e+00s  provider=0  solves=0  iterations=0
  certificate  stage=STEP 5 LOCAL  major=13  attempt=45  accepted  reason=success  P rel.= 7.067663e-14  objective=-2.254803e+01  upper=-2.549708e+01  gap=-2.949047e+00  wall=0.000000e+00s  cpu=0.000000e+00s  provider=0  solves=0  iterations=0
  certificate  stage=STEP 5 LOCAL  major=13  attempt=47  accepted  reason=success  P rel.=-2.477329e-09  objective=-2.549708e+01  upper=-2.549708e+01  gap= 7.105427e-15  wall=0.000000e+00s  cpu=0.000000e+00s  provider=0  solves=0  iterations=0
  certificate  stage=STEP 5  complete  reason=step5_complete  wall=7.538535e-02s  cpu=7.509900e-02s  provider=74  solves=4  iterations=61

STEP 6
  certificate  stage=STEP 6  complete  reason=candidate_set  wall=9.240000e-06s  cpu=9.000000e-06s  provider=0  solves=0  iterations=0

STEP 8
  certificate  stage=STEP 8  complete  reason=unchanged_problem_67  wall=2.320000e-06s  cpu=2.000000e-06s  provider=0  solves=0  iterations=0

STEP 7
  certificate  stage=STEP 7  complete  reason=continue_stage_ii  wall=9.300000e-07s  cpu=0.000000e+00s  provider=0  solves=0  iterations=0

STEP 4
  STAGE II STEP 4  major=14  upper=-2.549708e+01  LP_primal= 7.105427e-15  LP_dual= 5.551115e-17  active_cuts=19  certified
  certificate  stage=STEP 4  complete  reason=step4_complete  wall=3.427480e-04s  cpu=3.430000e-04s  provider=0  solves=1  iterations=1

STEP 5
  certificate  stage=STEP 5 LOCAL  major=14  attempt=48  accepted  reason=success  P rel.= 4.983277e-13  objective=-2.254803e+01  upper=-2.549708e+01  gap=-2.949047e+00  wall=0.000000e+00s  cpu=0.000000e+00s  provider=0  solves=0  iterations=0
  certificate  stage=STEP 5 LOCAL  major=14  attempt=49  accepted  reason=success  P rel.= 3.835500e-14  objective=-2.254803e+01  upper=-2.549708e+01  gap=-2.949047e+00  wall=0.000000e+00s  cpu=0.000000e+00s  provider=0  solves=0  iterations=0
  certificate  stage=STEP 5 LOCAL  major=14  attempt=50  accepted  reason=success  P rel.= 3.059781e-14  objective=-2.254803e+01  upper=-2.549708e+01  gap=-2.949047e+00  wall=0.000000e+00s  cpu=0.000000e+00s  provider=0  solves=0  iterations=0
  certificate  stage=STEP 5 LOCAL  major=14  attempt=51  accepted  reason=success  P rel.= 5.315112e-14  objective=-2.254803e+01  upper=-2.549708e+01  gap=-2.949047e+00  wall=0.000000e+00s  cpu=0.000000e+00s  provider=0  solves=0  iterations=0
  certificate  stage=STEP 5 LOCAL  major=14  attempt=52  accepted  reason=success  P rel.= 3.849865e-14  objective=-2.254803e+01  upper=-2.549708e+01  gap=-2.949047e+00  wall=0.000000e+00s  cpu=0.000000e+00s  provider=0  solves=0  iterations=0
  certificate  stage=STEP 5 LOCAL  major=14  attempt=53  accepted  reason=success  P rel.= 8.920769e-14  objective=-2.254803e+01  upper=-2.549708e+01  gap=-2.949047e+00  wall=0.000000e+00s  cpu=0.000000e+00s  provider=0  solves=0  iterations=0
  certificate  stage=STEP 5 LOCAL  major=14  attempt=54  accepted  reason=success  P rel.= 6.162657e-14  objective=-2.254803e+01  upper=-2.549708e+01  gap=-2.949047e+00  wall=0.000000e+00s  cpu=0.000000e+00s  provider=0  solves=0  iterations=0
  certificate  stage=STEP 5 LOCAL  major=14  attempt=55  accepted  reason=success  P rel.= 6.362333e-13  objective=-2.254803e+01  upper=-2.549708e+01  gap=-2.949047e+00  wall=0.000000e+00s  cpu=0.000000e+00s  provider=0  solves=0  iterations=0
  certificate  stage=STEP 5 LOCAL  major=14  attempt=56  accepted  reason=success  P rel.= 3.765111e-13  objective=-2.254803e+01  upper=-2.549708e+01  gap=-2.949047e+00  wall=0.000000e+00s  cpu=0.000000e+00s  provider=0  solves=0  iterations=0
  certificate  stage=STEP 5 LOCAL  major=14  attempt=57  accepted  reason=success  P rel.= 5.803528e-14  objective=-2.254803e+01  upper=-2.549708e+01  gap=-2.949047e+00  wall=0.000000e+00s  cpu=0.000000e+00s  provider=0  solves=0  iterations=0
  certificate  stage=STEP 5 LOCAL  major=14  attempt=59  accepted  reason=success  P rel.= 7.069099e-13  objective=-2.254803e+01  upper=-2.549708e+01  gap=-2.949047e+00  wall=0.000000e+00s  cpu=0.000000e+00s  provider=0  solves=0  iterations=0
  certificate  stage=STEP 5 LOCAL  major=14  attempt=60  accepted  reason=success  P rel.= 3.921691e-14  objective=-2.254803e+01  upper=-2.549708e+01  gap=-2.949047e+00  wall=0.000000e+00s  cpu=0.000000e+00s  provider=0  solves=0  iterations=0
  certificate  stage=STEP 5 LOCAL  major=14  attempt=61  accepted  reason=success  P rel.= 7.196949e-14  objective=-2.254803e+01  upper=-2.549708e+01  gap=-2.949047e+00  wall=0.000000e+00s  cpu=0.000000e+00s  provider=0  solves=0  iterations=0
  certificate  stage=STEP 5 LOCAL  major=14  attempt=62  accepted  reason=success  P rel.=-2.437712e-09  objective=-2.549708e+01  upper=-2.549708e+01  gap= 1.065814e-14  wall=0.000000e+00s  cpu=0.000000e+00s  provider=0  solves=0  iterations=0
  certificate  stage=STEP 5  complete  reason=step5_complete  wall=3.728531e-01s  cpu=3.699980e-01s  provider=311  solves=15  iterations=286

STEP 6
  certificate  stage=STEP 6  complete  reason=candidate_set  wall=1.077000e-05s  cpu=1.100000e-05s  provider=0  solves=0  iterations=0

STEP 8
  certificate  stage=STEP 8  complete  reason=unchanged_problem_67  wall=2.030000e-06s  cpu=2.000000e-06s  provider=0  solves=0  iterations=0

STEP 7
  certificate  stage=STEP 7  complete  reason=continue_stage_ii  wall=9.200000e-07s  cpu=1.000000e-06s  provider=0  solves=0  iterations=0

STEP 4
  STAGE II STEP 4  major=15  upper=-2.549708e+01  LP_primal= 1.065814e-14  LP_dual= 5.551115e-17  active_cuts=20  certified
  certificate  stage=STEP 4  complete  reason=step4_complete  wall=3.527680e-04s  cpu=3.530000e-04s  provider=0  solves=1  iterations=1

STEP 5
  certificate  stage=STEP 5 LOCAL  major=15  attempt=63  accepted  reason=success  P rel.=-2.420975e-09  objective=-2.549708e+01  upper=-2.549708e+01  gap=-3.552714e-15  wall=0.000000e+00s  cpu=0.000000e+00s  provider=0  solves=0  iterations=0
  certificate  stage=STEP 5  complete  reason=step5_complete  wall=2.538784e-02s  cpu=2.522300e-02s  provider=23  solves=1  iterations=19

STEP 6
  certificate  stage=STEP 6  complete  reason=candidate_set  wall=9.850000e-06s  cpu=9.000000e-06s  provider=0  solves=0  iterations=0

STEP 8
  certificate  stage=STEP 8  complete  reason=unchanged_problem_67  wall=2.350000e-06s  cpu=2.000000e-06s  provider=0  solves=0  iterations=0

STEP 7
  certificate  stage=STEP 7  complete  reason=continue_stage_ii  wall=9.400000e-07s  cpu=1.000000e-06s  provider=0  solves=0  iterations=0

STEP 4
  STAGE II STEP 4  major=16  upper=-2.549708e+01  LP_primal= 1.065814e-14  LP_dual= 5.551115e-17  active_cuts=21  certified
  certificate  stage=STEP 4  complete  reason=step4_complete  wall=3.660180e-04s  cpu=3.660000e-04s  provider=0  solves=1  iterations=1

STEP 5
  certificate  stage=STEP 5 LOCAL  major=16  attempt=64  accepted  reason=success  P rel.=-4.164293e-09  objective=-2.549708e+01  upper=-2.549708e+01  gap= 0.000000e+00  wall=0.000000e+00s  cpu=0.000000e+00s  provider=0  solves=0  iterations=0
  certificate  stage=STEP 5  complete  reason=step5_complete  wall=2.271759e-02s  cpu=2.259000e-02s  provider=20  solves=1  iterations=19

STEP 6
  certificate  stage=STEP 6  complete  reason=candidate_set  wall=8.469000e-06s  cpu=8.000000e-06s  provider=0  solves=0  iterations=0

STEP 8
  certificate  stage=STEP 8  complete  reason=unchanged_problem_67  wall=2.010000e-06s  cpu=2.000000e-06s  provider=0  solves=0  iterations=0

STEP 7
  certificate  stage=STEP 7  complete  reason=continue_stage_ii  wall=9.500000e-07s  cpu=1.000000e-06s  provider=0  solves=0  iterations=0

STEP 4
  STAGE II STEP 4  major=17  upper=-2.549708e+01  LP_primal= 7.105427e-15  LP_dual= 5.551115e-17  active_cuts=22  certified
  certificate  stage=STEP 4  complete  reason=step4_complete  wall=4.084870e-04s  cpu=3.790000e-04s  provider=0  solves=1  iterations=1

STEP 5
  certificate  stage=STEP 5 LOCAL  major=17  attempt=65  accepted  reason=success  P rel.= 5.631146e-14  objective=-2.254803e+01  upper=-2.549708e+01  gap=-2.949047e+00  wall=0.000000e+00s  cpu=0.000000e+00s  provider=0  solves=0  iterations=0
  certificate  stage=STEP 5 LOCAL  major=17  attempt=66  accepted  reason=success  P rel.= 4.884157e-14  objective=-2.254803e+01  upper=-2.549708e+01  gap=-2.949047e+00  wall=0.000000e+00s  cpu=0.000000e+00s  provider=0  solves=0  iterations=0
  certificate  stage=STEP 5 LOCAL  major=17  attempt=67  accepted  reason=success  P rel.= 5.616781e-14  objective=-2.254803e+01  upper=-2.549708e+01  gap=-2.949047e+00  wall=0.000000e+00s  cpu=0.000000e+00s  provider=0  solves=0  iterations=0
  certificate  stage=STEP 5 LOCAL  major=17  attempt=68  accepted  reason=success  P rel.= 5.731702e-14  objective=-2.254803e+01  upper=-2.549708e+01  gap=-2.949047e+00  wall=0.000000e+00s  cpu=0.000000e+00s  provider=0  solves=0  iterations=0
  certificate  stage=STEP 5 LOCAL  major=17  attempt=69  accepted  reason=success  P rel.= 4.481932e-14  objective=-2.254803e+01  upper=-2.549708e+01  gap=-2.949047e+00  wall=0.000000e+00s  cpu=0.000000e+00s  provider=0  solves=0  iterations=0
  certificate  stage=STEP 5 LOCAL  major=17  attempt=70  accepted  reason=success  P rel.=-2.431569e-09  objective=-2.549708e+01  upper=-2.549708e+01  gap= 3.552714e-15  wall=0.000000e+00s  cpu=0.000000e+00s  provider=0  solves=0  iterations=0
  certificate  stage=STEP 5  complete  reason=step5_complete  wall=1.472063e-01s  cpu=1.464980e-01s  provider=134  solves=6  iterations=126

STEP 6
  certificate  stage=STEP 6  complete  reason=candidate_set  wall=1.249000e-05s  cpu=1.300000e-05s  provider=0  solves=0  iterations=0

STEP 8
  certificate  stage=STEP 8  complete  reason=unchanged_problem_67  wall=2.110000e-06s  cpu=2.000000e-06s  provider=0  solves=0  iterations=0

STEP 7
  certificate  stage=STEP 7  complete  reason=continue_stage_ii  wall=9.200000e-07s  cpu=1.000000e-06s  provider=0  solves=0  iterations=0

STEP 4
  STAGE II STEP 4  major=18  upper=-2.549708e+01  LP_primal= 7.105427e-15  LP_dual= 5.551115e-17  active_cuts=23  certified
  certificate  stage=STEP 4  complete  reason=step4_complete  wall=3.666070e-04s  cpu=3.670000e-04s  provider=0  solves=1  iterations=1

STEP 5
  certificate  stage=STEP 5 LOCAL  major=18  attempt=71  accepted  reason=success  P rel.= 4.237725e-14  objective=-2.254803e+01  upper=-2.549708e+01  gap=-2.949047e+00  wall=0.000000e+00s  cpu=0.000000e+00s  provider=0  solves=0  iterations=0
  certificate  stage=STEP 5 LOCAL  major=18  attempt=72  accepted  reason=success  P rel.= 5.329477e-14  objective=-2.254803e+01  upper=-2.549708e+01  gap=-2.949047e+00  wall=0.000000e+00s  cpu=0.000000e+00s  provider=0  solves=0  iterations=0
  certificate  stage=STEP 5 LOCAL  major=18  attempt=73  accepted  reason=success  P rel.= 2.472245e-13  objective=-2.254803e+01  upper=-2.549708e+01  gap=-2.949047e+00  wall=0.000000e+00s  cpu=0.000000e+00s  provider=0  solves=0  iterations=0
  certificate  stage=STEP 5 LOCAL  major=18  attempt=74  accepted  reason=success  P rel.= 2.523960e-13  objective=-2.254803e+01  upper=-2.549708e+01  gap=-2.949047e+00  wall=0.000000e+00s  cpu=0.000000e+00s  provider=0  solves=0  iterations=0
  certificate  stage=STEP 5 LOCAL  major=18  attempt=75  accepted  reason=success  P rel.= 5.358208e-14  objective=-2.254803e+01  upper=-2.549708e+01  gap=-2.949047e+00  wall=0.000000e+00s  cpu=0.000000e+00s  provider=0  solves=0  iterations=0
  certificate  stage=STEP 5 LOCAL  major=18  attempt=76  accepted  reason=success  P rel.= 7.716968e-13  objective=-2.254803e+01  upper=-2.549708e+01  gap=-2.949047e+00  wall=0.000000e+00s  cpu=0.000000e+00s  provider=0  solves=0  iterations=0
  certificate  stage=STEP 5 LOCAL  major=18  attempt=77  accepted  reason=success  P rel.= 2.818446e-13  objective=-2.254803e+01  upper=-2.549708e+01  gap=-2.949047e+00  wall=0.000000e+00s  cpu=0.000000e+00s  provider=0  solves=0  iterations=0
  certificate  stage=STEP 5 LOCAL  major=18  attempt=78  accepted  reason=success  P rel.= 5.588050e-14  objective=-2.254803e+01  upper=-2.549708e+01  gap=-2.949047e+00  wall=0.000000e+00s  cpu=0.000000e+00s  provider=0  solves=0  iterations=0
  certificate  stage=STEP 5 LOCAL  major=18  attempt=79  accepted  reason=success  P rel.= 5.544955e-14  objective=-2.254803e+01  upper=-2.549708e+01  gap=-2.949047e+00  wall=0.000000e+00s  cpu=0.000000e+00s  provider=0  solves=0  iterations=0
  certificate  stage=STEP 5 LOCAL  major=18  attempt=80  accepted  reason=success  P rel.= 6.895281e-14  objective=-2.254803e+01  upper=-2.549708e+01  gap=-2.949047e+00  wall=0.000000e+00s  cpu=0.000000e+00s  provider=0  solves=0  iterations=0
  certificate  stage=STEP 5 LOCAL  major=18  attempt=81  accepted  reason=success  P rel.= 1.606026e-13  objective=-2.254803e+01  upper=-2.549708e+01  gap=-2.949047e+00  wall=0.000000e+00s  cpu=0.000000e+00s  provider=0  solves=0  iterations=0
  certificate  stage=STEP 5 LOCAL  major=18  attempt=82  accepted  reason=success  P rel.= 7.283140e-14  objective=-2.254803e+01  upper=-2.549708e+01  gap=-2.949047e+00  wall=0.000000e+00s  cpu=0.000000e+00s  provider=0  solves=0  iterations=0
  certificate  stage=STEP 5 LOCAL  major=18  attempt=83  accepted  reason=success  P rel.= 5.645511e-14  objective=-2.254803e+01  upper=-2.549708e+01  gap=-2.949047e+00  wall=0.000000e+00s  cpu=0.000000e+00s  provider=0  solves=0  iterations=0
  certificate  stage=STEP 5 LOCAL  major=18  attempt=84  accepted  reason=success  P rel.= 4.912887e-14  objective=-2.254803e+01  upper=-2.549708e+01  gap=-2.949047e+00  wall=0.000000e+00s  cpu=0.000000e+00s  provider=0  solves=0  iterations=0
  certificate  stage=STEP 5 LOCAL  major=18  attempt=85  accepted  reason=success  P rel.= 6.277578e-14  objective=-2.254803e+01  upper=-2.549708e+01  gap=-2.949047e+00  wall=0.000000e+00s  cpu=0.000000e+00s  provider=0  solves=0  iterations=0
  certificate  stage=STEP 5 LOCAL  major=18  attempt=87  accepted  reason=success  P rel.= 3.576927e-14  objective=-2.254803e+01  upper=-2.549708e+01  gap=-2.949047e+00  wall=0.000000e+00s  cpu=0.000000e+00s  provider=0  solves=0  iterations=0
  certificate  stage=STEP 5 LOCAL  major=18  attempt=88  accepted  reason=success  P rel.= 5.243286e-14  objective=-2.254803e+01  upper=-2.549708e+01  gap=-2.949047e+00  wall=0.000000e+00s  cpu=0.000000e+00s  provider=0  solves=0  iterations=0
  certificate  stage=STEP 5 LOCAL  major=18  attempt=89  accepted  reason=success  P rel.=-2.438157e-09  objective=-2.549708e+01  upper=-2.549708e+01  gap=-3.552714e-15  wall=0.000000e+00s  cpu=0.000000e+00s  provider=0  solves=0  iterations=0
  certificate  stage=STEP 5  complete  reason=step5_complete  wall=4.368085e-01s  cpu=4.349560e-01s  provider=401  solves=19  iterations=375

STEP 6
  certificate  stage=STEP 6  complete  reason=candidate_set  wall=9.929000e-06s  cpu=9.000000e-06s  provider=0  solves=0  iterations=0

STEP 8
  certificate  stage=STEP 8  complete  reason=unchanged_problem_67  wall=2.120000e-06s  cpu=3.000000e-06s  provider=0  solves=0  iterations=0

STEP 7
  certificate  stage=STEP 7  complete  reason=continue_stage_ii  wall=9.200000e-07s  cpu=1.000000e-06s  provider=0  solves=0  iterations=0

STEP 4
  STAGE II STEP 4  major=19  upper=-2.549708e+01  LP_primal= 7.105427e-15  LP_dual= 5.551115e-17  active_cuts=24  certified
  certificate  stage=STEP 4  complete  reason=step4_complete  wall=3.402880e-04s  cpu=3.400000e-04s  provider=0  solves=1  iterations=1

STEP 5
  certificate  stage=STEP 5 LOCAL  major=19  attempt=90  accepted  reason=success  P rel.= 4.151534e-14  objective=-2.254803e+01  upper=-2.549708e+01  gap=-2.949047e+00  wall=0.000000e+00s  cpu=0.000000e+00s  provider=0  solves=0  iterations=0
  certificate  stage=STEP 5 LOCAL  major=19  attempt=91  accepted  reason=success  P rel.= 6.162657e-14  objective=-2.254803e+01  upper=-2.549708e+01  gap=-2.949047e+00  wall=0.000000e+00s  cpu=0.000000e+00s  provider=0  solves=0  iterations=0
  certificate  stage=STEP 5 LOCAL  major=19  attempt=92  accepted  reason=success  P rel.= 6.148292e-14  objective=-2.254803e+01  upper=-2.549708e+01  gap=-2.949047e+00  wall=0.000000e+00s  cpu=0.000000e+00s  provider=0  solves=0  iterations=0
  certificate  stage=STEP 5 LOCAL  major=19  attempt=93  accepted  reason=success  P rel.= 7.438284e-13  objective=-2.254803e+01  upper=-2.549708e+01  gap=-2.949047e+00  wall=0.000000e+00s  cpu=0.000000e+00s  provider=0  solves=0  iterations=0
  certificate  stage=STEP 5 LOCAL  major=19  attempt=94  accepted  reason=success  P rel.= 4.137168e-14  objective=-2.254803e+01  upper=-2.549708e+01  gap=-2.949047e+00  wall=0.000000e+00s  cpu=0.000000e+00s  provider=0  solves=0  iterations=0
  certificate  stage=STEP 5 LOCAL  major=19  attempt=95  accepted  reason=success  P rel.=-2.463975e-09  objective=-2.549708e+01  upper=-2.549708e+01  gap= 7.105427e-15  wall=0.000000e+00s  cpu=0.000000e+00s  provider=0  solves=0  iterations=0
  certificate  stage=STEP 5  complete  reason=step5_complete  wall=1.499398e-01s  cpu=1.494380e-01s  provider=139  solves=6  iterations=129

STEP 6
  certificate  stage=STEP 6  complete  reason=candidate_set  wall=1.141000e-05s  cpu=1.100000e-05s  provider=0  solves=0  iterations=0

STEP 8
  certificate  stage=STEP 8  complete  reason=unchanged_problem_67  wall=1.990000e-06s  cpu=2.000000e-06s  provider=0  solves=0  iterations=0

STEP 7
  certificate  stage=STEP 7  complete  reason=continue_stage_ii  wall=9.300000e-07s  cpu=1.000000e-06s  provider=0  solves=0  iterations=0

STEP 4
  STAGE II STEP 4  major=20  upper=-2.549708e+01  LP_primal= 7.105427e-15  LP_dual= 5.551115e-17  active_cuts=25  certified
  certificate  stage=STEP 4  complete  reason=step4_complete  wall=3.590970e-04s  cpu=3.590000e-04s  provider=0  solves=1  iterations=1

STEP 5
  certificate  stage=STEP 5 LOCAL  major=20  attempt=96  accepted  reason=success  P rel.=-7.832264e-08  objective=-2.553482e+01  upper=-2.549708e+01  gap= 3.773662e-02  wall=0.000000e+00s  cpu=0.000000e+00s  provider=0  solves=0  iterations=0
  certificate  stage=STEP 5  complete  reason=step5_complete  wall=2.526084e-02s  cpu=2.515800e-02s  provider=23  solves=1  iterations=22

STEP 6
  certificate  stage=STEP 6  complete  reason=candidate_set  wall=9.940000e-06s  cpu=1.000000e-05s  provider=0  solves=0  iterations=0

STEP 8
  certificate  stage=STEP 8  complete  reason=unchanged_problem_67  wall=1.980000e-06s  cpu=2.000000e-06s  provider=0  solves=0  iterations=0

STEP 7
  certificate  stage=STEP 7  complete  reason=continue_stage_ii  wall=9.300000e-07s  cpu=1.000000e-06s  provider=0  solves=0  iterations=0

STEP 4
  STAGE II STEP 4  major=21  upper=-2.552040e+01  LP_primal= 0.000000e+00  LP_dual= 6.938894e-18  active_cuts=26  certified
  certificate  stage=STEP 4  complete  reason=step4_complete  wall=3.519370e-04s  cpu=3.520000e-04s  provider=0  solves=1  iterations=1

STEP 5
  certificate  stage=STEP 5 LOCAL  major=21  attempt=97  accepted  reason=success  P rel.=-2.383940e-09  objective=-2.552048e+01  upper=-2.552040e+01  gap= 7.536104e-05  wall=0.000000e+00s  cpu=0.000000e+00s  provider=0  solves=0  iterations=0
  certificate  stage=STEP 5  complete  reason=step5_complete  wall=1.914367e-02s  cpu=1.906000e-02s  provider=18  solves=1  iterations=16

STEP 6
  certificate  stage=STEP 6  complete  reason=candidate_set  wall=1.044000e-05s  cpu=1.000000e-05s  provider=0  solves=0  iterations=0

STEP 8
  certificate  stage=STEP 8  complete  reason=step8_complete  wall=7.784650e-02s  cpu=7.752500e-02s  provider=184  solves=2  iterations=17

STEP 9
  certificate  stage=STEP 9  failed  objective=-2.552049e+01  upper=-2.552040e+01  gap= 8.580228e-05  wall=0.000000e+00s  cpu=0.000000e+00s  provider=0  solves=0  iterations=0
  certificate  stage=STEP 9  complete  reason=paper_potential_convergence_failed  wall=1.559580e-03s  cpu=1.540000e-03s  provider=2  solves=0  iterations=0

STEP 7
  certificate  stage=STEP 7  complete  reason=continue_stage_ii  wall=1.070000e-06s  cpu=1.000000e-06s  provider=0  solves=0  iterations=0

STEP 4
  STAGE II STEP 4  major=22  upper=-2.552041e+01  LP_primal= 0.000000e+00  LP_dual= 2.775558e-17  active_cuts=27  certified
  certificate  stage=STEP 4  complete  reason=step4_complete  wall=3.002490e-04s  cpu=3.000000e-04s  provider=0  solves=1  iterations=1

STEP 5
  certificate  stage=STEP 5 LOCAL  major=22  attempt=98  accepted  reason=success  P rel.= 6.363769e-14  objective=-2.252523e+01  upper=-2.552041e+01  gap=-2.995188e+00  wall=0.000000e+00s  cpu=0.000000e+00s  provider=0  solves=0  iterations=0
  certificate  stage=STEP 5 LOCAL  major=22  attempt=99  accepted  reason=success  P rel.= 8.475449e-14  objective=-2.252523e+01  upper=-2.552041e+01  gap=-2.995188e+00  wall=0.000000e+00s  cpu=0.000000e+00s  provider=0  solves=0  iterations=0
  certificate  stage=STEP 5 LOCAL  major=22  attempt=100  accepted  reason=success  P rel.= 6.220118e-14  objective=-2.252523e+01  upper=-2.552041e+01  gap=-2.995188e+00  wall=0.000000e+00s  cpu=0.000000e+00s  provider=0  solves=0  iterations=0
  certificate  stage=STEP 5 LOCAL  major=22  attempt=102  accepted  reason=success  P rel.= 4.797966e-14  objective=-2.252523e+01  upper=-2.552041e+01  gap=-2.995188e+00  wall=0.000000e+00s  cpu=0.000000e+00s  provider=0  solves=0  iterations=0
  certificate  stage=STEP 5 LOCAL  major=22  attempt=103  accepted  reason=success  P rel.= 7.958303e-14  objective=-2.252523e+01  upper=-2.552041e+01  gap=-2.995188e+00  wall=0.000000e+00s  cpu=0.000000e+00s  provider=0  solves=0  iterations=0
  certificate  stage=STEP 5 LOCAL  major=22  attempt=104  accepted  reason=success  P rel.=-2.386521e-09  objective=-2.552044e+01  upper=-2.552041e+01  gap= 2.641271e-05  wall=0.000000e+00s  cpu=0.000000e+00s  provider=0  solves=0  iterations=0
  certificate  stage=STEP 5  complete  reason=step5_complete  wall=1.559156e-01s  cpu=1.553790e-01s  provider=147  solves=7  iterations=132

STEP 6
  certificate  stage=STEP 6  complete  reason=candidate_set  wall=1.050000e-05s  cpu=1.000000e-05s  provider=0  solves=0  iterations=0

STEP 8
  certificate  stage=STEP 8  complete  reason=step8_complete  wall=7.779974e-02s  cpu=7.754400e-02s  provider=180  solves=2  iterations=22

STEP 9
  certificate  stage=STEP 9  failed  objective=-2.552049e+01  upper=-2.552041e+01  gap= 7.203095e-05  wall=0.000000e+00s  cpu=0.000000e+00s  provider=0  solves=0  iterations=0
  certificate  stage=STEP 9  complete  reason=paper_potential_convergence_failed  wall=1.522170e-03s  cpu=1.522000e-03s  provider=2  solves=0  iterations=0

STEP 7
  certificate  stage=STEP 7  complete  reason=continue_stage_ii  wall=1.070000e-06s  cpu=1.000000e-06s  provider=0  solves=0  iterations=0

STEP 4
  STAGE II STEP 4  major=23  upper=-2.552042e+01  LP_primal= 0.000000e+00  LP_dual= 5.551115e-17  active_cuts=28  certified
  certificate  stage=STEP 4  complete  reason=step4_complete  wall=2.985280e-04s  cpu=2.990000e-04s  provider=0  solves=1  iterations=1

STEP 5
  certificate  stage=STEP 5 LOCAL  major=23  attempt=105  accepted  reason=success  P rel.= 3.232163e-14  objective=-2.252440e+01  upper=-2.552042e+01  gap=-2.996016e+00  wall=0.000000e+00s  cpu=0.000000e+00s  provider=0  solves=0  iterations=0
  certificate  stage=STEP 5 LOCAL  major=23  attempt=106  accepted  reason=success  P rel.= 3.892961e-14  objective=-2.252440e+01  upper=-2.552042e+01  gap=-2.996016e+00  wall=0.000000e+00s  cpu=0.000000e+00s  provider=0  solves=0  iterations=0
  certificate  stage=STEP 5 LOCAL  major=23  attempt=107  accepted  reason=success  P rel.= 4.853990e-13  objective=-2.252440e+01  upper=-2.552042e+01  gap=-2.996016e+00  wall=0.000000e+00s  cpu=0.000000e+00s  provider=0  solves=0  iterations=0
  certificate  stage=STEP 5 LOCAL  major=23  attempt=108  accepted  reason=success  P rel.= 5.042174e-13  objective=-2.252440e+01  upper=-2.552042e+01  gap=-2.996016e+00  wall=0.000000e+00s  cpu=0.000000e+00s  provider=0  solves=0  iterations=0
  certificate  stage=STEP 5 LOCAL  major=23  attempt=109  accepted  reason=success  P rel.=-2.410113e-09  objective=-2.552043e+01  upper=-2.552042e+01  gap= 6.605902e-06  wall=0.000000e+00s  cpu=0.000000e+00s  provider=0  solves=0  iterations=0
  certificate  stage=STEP 5  complete  reason=step5_complete  wall=1.157537e-01s  cpu=1.153940e-01s  provider=111  solves=5  iterations=103

STEP 6
  certificate  stage=STEP 6  complete  reason=candidate_set  wall=1.046000e-05s  cpu=1.000000e-05s  provider=0  solves=0  iterations=0

STEP 8
  certificate  stage=STEP 8  complete  reason=step8_complete  wall=5.845742e-02s  cpu=5.827200e-02s  provider=120  solves=2  iterations=16

STEP 9
  certificate  stage=STEP 9  failed  objective=-2.552049e+01  upper=-2.552042e+01  gap= 6.445733e-05  wall=0.000000e+00s  cpu=0.000000e+00s  provider=0  solves=0  iterations=0
  certificate  stage=STEP 9  complete  reason=paper_potential_convergence_failed  wall=1.531551e-03s  cpu=1.532000e-03s  provider=2  solves=0  iterations=0

STEP 7
  certificate  stage=STEP 7  complete  reason=continue_stage_ii  wall=1.030000e-06s  cpu=1.000000e-06s  provider=0  solves=0  iterations=0

STEP 4
  STAGE II STEP 4  major=24  upper=-2.552042e+01  LP_primal= 0.000000e+00  LP_dual= 6.938894e-18  active_cuts=29  certified
  certificate  stage=STEP 4  complete  reason=step4_complete  wall=2.902390e-04s  cpu=2.900000e-04s  provider=0  solves=1  iterations=1

STEP 5
  certificate  stage=STEP 5 LOCAL  major=24  attempt=110  accepted  reason=success  P rel.= 4.481932e-14  objective=-2.252482e+01  upper=-2.552042e+01  gap=-2.995599e+00  wall=0.000000e+00s  cpu=0.000000e+00s  provider=0  solves=0  iterations=0
  certificate  stage=STEP 5 LOCAL  major=24  attempt=111  accepted  reason=success  P rel.= 5.473129e-14  objective=-2.252482e+01  upper=-2.552042e+01  gap=-2.995599e+00  wall=0.000000e+00s  cpu=0.000000e+00s  provider=0  solves=0  iterations=0
  certificate  stage=STEP 5 LOCAL  major=24  attempt=112  accepted  reason=success  P rel.= 7.053298e-14  objective=-2.252482e+01  upper=-2.552042e+01  gap=-2.995599e+00  wall=0.000000e+00s  cpu=0.000000e+00s  provider=0  solves=0  iterations=0
  certificate  stage=STEP 5 LOCAL  major=24  attempt=113  accepted  reason=success  P rel.= 7.311871e-14  objective=-2.252482e+01  upper=-2.552042e+01  gap=-2.995599e+00  wall=0.000000e+00s  cpu=0.000000e+00s  provider=0  solves=0  iterations=0
  certificate  stage=STEP 5 LOCAL  major=24  attempt=114  accepted  reason=success  P rel.= 7.240045e-14  objective=-2.252482e+01  upper=-2.552042e+01  gap=-2.995599e+00  wall=0.000000e+00s  cpu=0.000000e+00s  provider=0  solves=0  iterations=0
  certificate  stage=STEP 5 LOCAL  major=24  attempt=115  accepted  reason=success  P rel.= 4.367011e-14  objective=-2.252482e+01  upper=-2.552042e+01  gap=-2.995599e+00  wall=0.000000e+00s  cpu=0.000000e+00s  provider=0  solves=0  iterations=0
  certificate  stage=STEP 5 LOCAL  major=24  attempt=116  accepted  reason=success  P rel.=-2.392486e-09  objective=-2.552042e+01  upper=-2.552042e+01  gap= 1.651147e-06  wall=0.000000e+00s  cpu=0.000000e+00s  provider=0  solves=0  iterations=0
  certificate  stage=STEP 5  complete  reason=step5_complete  wall=1.529519e-01s  cpu=1.524830e-01s  provider=148  solves=7  iterations=132

STEP 6
  certificate  stage=STEP 6  complete  reason=candidate_set  wall=1.020000e-05s  cpu=1.100000e-05s  provider=0  solves=0  iterations=0

STEP 8
  certificate  stage=STEP 8  complete  reason=step8_complete  wall=6.669347e-02s  cpu=6.650700e-02s  provider=195  solves=2  iterations=18

STEP 9
  certificate  stage=STEP 9  failed  objective=-2.552049e+01  upper=-2.552042e+01  gap= 6.314979e-05  wall=0.000000e+00s  cpu=0.000000e+00s  provider=0  solves=0  iterations=0
  certificate  stage=STEP 9  complete  reason=paper_potential_convergence_failed  wall=1.540701e-03s  cpu=1.525000e-03s  provider=2  solves=0  iterations=0

STEP 7
  certificate  stage=STEP 7  complete  reason=continue_stage_ii  wall=1.010000e-06s  cpu=1.000000e-06s  provider=0  solves=0  iterations=0

STEP 4
  STAGE II STEP 4  major=25  upper=-2.552042e+01  LP_primal= 0.000000e+00  LP_dual= 5.551115e-17  active_cuts=30  certified
  certificate  stage=STEP 4  complete  reason=step4_complete  wall=2.906490e-04s  cpu=2.910000e-04s  provider=0  solves=1  iterations=1

STEP 5
  certificate  stage=STEP 5 LOCAL  major=25  attempt=117  accepted  reason=success  P rel.= 4.955983e-14  objective=-2.252462e+01  upper=-2.552042e+01  gap=-2.995807e+00  wall=0.000000e+00s  cpu=0.000000e+00s  provider=0  solves=0  iterations=0
  certificate  stage=STEP 5 LOCAL  major=25  attempt=118  accepted  reason=success  P rel.= 4.662934e-13  objective=-2.252462e+01  upper=-2.552042e+01  gap=-2.995807e+00  wall=0.000000e+00s  cpu=0.000000e+00s  provider=0  solves=0  iterations=0
  certificate  stage=STEP 5 LOCAL  major=25  attempt=119  accepted  reason=success  P rel.= 7.872112e-14  objective=-2.252462e+01  upper=-2.552042e+01  gap=-2.995807e+00  wall=0.000000e+00s  cpu=0.000000e+00s  provider=0  solves=0  iterations=0
  certificate  stage=STEP 5 LOCAL  major=25  attempt=120  accepted  reason=success  P rel.= 7.747135e-13  objective=-2.252462e+01  upper=-2.552042e+01  gap=-2.995807e+00  wall=0.000000e+00s  cpu=0.000000e+00s  provider=0  solves=0  iterations=0
  certificate  stage=STEP 5 LOCAL  major=25  attempt=121  accepted  reason=success  P rel.= 4.553758e-14  objective=-2.252462e+01  upper=-2.552042e+01  gap=-2.995807e+00  wall=0.000000e+00s  cpu=0.000000e+00s  provider=0  solves=0  iterations=0
  certificate  stage=STEP 5 LOCAL  major=25  attempt=122  accepted  reason=success  P rel.=-2.384118e-09  objective=-2.552042e+01  upper=-2.552042e+01  gap= 4.128288e-07  wall=0.000000e+00s  cpu=0.000000e+00s  provider=0  solves=0  iterations=0
  certificate  stage=STEP 5  complete  reason=step5_complete  wall=1.435422e-01s  cpu=1.431160e-01s  provider=138  solves=6  iterations=130

STEP 6
  certificate  stage=STEP 6  complete  reason=candidate_set  wall=1.188000e-05s  cpu=1.200000e-05s  provider=0  solves=0  iterations=0

STEP 8
  certificate  stage=STEP 8  complete  reason=step8_complete  wall=9.539763e-02s  cpu=9.511800e-02s  provider=264  solves=2  iterations=28

STEP 9
  certificate  stage=STEP 9  failed  objective=-2.552049e+01  upper=-2.552042e+01  gap= 6.236318e-05  wall=0.000000e+00s  cpu=0.000000e+00s  provider=0  solves=0  iterations=0
  certificate  stage=STEP 9  complete  reason=paper_potential_convergence_failed  wall=1.539680e-03s  cpu=1.524000e-03s  provider=2  solves=0  iterations=0

STEP 7
  certificate  stage=STEP 7  complete  reason=continue_stage_ii  wall=1.110000e-06s  cpu=1.000000e-06s  provider=0  solves=0  iterations=0

STEP 4
  STAGE II STEP 4  major=26  upper=-2.552042e+01  LP_primal= 3.552714e-15  LP_dual= 6.938894e-18  active_cuts=31  certified
  certificate  stage=STEP 4  complete  reason=step4_complete  wall=2.922380e-04s  cpu=2.930000e-04s  provider=0  solves=1  iterations=1

STEP 5
  certificate  stage=STEP 5 LOCAL  major=26  attempt=123  accepted  reason=success  P rel.= 5.832258e-14  objective=-2.252472e+01  upper=-2.552042e+01  gap=-2.995703e+00  wall=0.000000e+00s  cpu=0.000000e+00s  provider=0  solves=0  iterations=0
  certificate  stage=STEP 5 LOCAL  major=26  attempt=124  accepted  reason=success  P rel.= 6.320674e-14  objective=-2.252472e+01  upper=-2.552042e+01  gap=-2.995703e+00  wall=0.000000e+00s  cpu=0.000000e+00s  provider=0  solves=0  iterations=0
  certificate  stage=STEP 5 LOCAL  major=26  attempt=125  accepted  reason=success  P rel.=-2.407532e-09  objective=-2.552042e+01  upper=-2.552042e+01  gap= 1.032020e-07  wall=0.000000e+00s  cpu=0.000000e+00s  provider=0  solves=0  iterations=0
  certificate  stage=STEP 5  complete  reason=step5_complete  wall=7.804884e-02s  cpu=7.778500e-02s  provider=74  solves=3  iterations=67

STEP 6
  certificate  stage=STEP 6  complete  reason=candidate_set  wall=1.220000e-05s  cpu=1.200000e-05s  provider=0  solves=0  iterations=0

STEP 8
  certificate  stage=STEP 8  complete  reason=step8_complete  wall=7.864574e-02s  cpu=7.840500e-02s  provider=171  solves=2  iterations=23

STEP 9
  certificate  stage=STEP 9  failed  objective=-2.552049e+01  upper=-2.552042e+01  gap= 6.233319e-05  wall=0.000000e+00s  cpu=0.000000e+00s  provider=0  solves=0  iterations=0
  certificate  stage=STEP 9  complete  reason=paper_potential_convergence_failed  wall=1.533250e-03s  cpu=1.533000e-03s  provider=2  solves=0  iterations=0

STEP 7
  certificate  stage=STEP 7  complete  reason=continue_stage_ii  wall=1.060000e-06s  cpu=1.000000e-06s  provider=0  solves=0  iterations=0

STEP 4
  STAGE II STEP 4  major=27  upper=-2.552042e+01  LP_primal= 0.000000e+00  LP_dual= 6.938894e-18  active_cuts=32  certified
  certificate  stage=STEP 4  complete  reason=step4_complete  wall=3.027480e-04s  cpu=3.030000e-04s  provider=0  solves=1  iterations=1

STEP 5
  certificate  stage=STEP 5 LOCAL  major=27  attempt=126  accepted  reason=success  P rel.= 7.024567e-14  objective=-2.252477e+01  upper=-2.552042e+01  gap=-2.995651e+00  wall=0.000000e+00s  cpu=0.000000e+00s  provider=0  solves=0  iterations=0
  certificate  stage=STEP 5 LOCAL  major=27  attempt=127  accepted  reason=success  P rel.= 5.128365e-14  objective=-2.252477e+01  upper=-2.552042e+01  gap=-2.995651e+00  wall=0.000000e+00s  cpu=0.000000e+00s  provider=0  solves=0  iterations=0
  certificate  stage=STEP 5 LOCAL  major=27  attempt=128  accepted  reason=success  P rel.= 6.780359e-14  objective=-2.252477e+01  upper=-2.552042e+01  gap=-2.995651e+00  wall=0.000000e+00s  cpu=0.000000e+00s  provider=0  solves=0  iterations=0
  certificate  stage=STEP 5 LOCAL  major=27  attempt=129  accepted  reason=success  P rel.=-2.407977e-09  objective=-2.552042e+01  upper=-2.552042e+01  gap= 2.579988e-08  wall=0.000000e+00s  cpu=0.000000e+00s  provider=0  solves=0  iterations=0
  certificate  stage=STEP 5  complete  reason=step5_complete  wall=9.160071e-02s  cpu=9.132300e-02s  provider=89  solves=4  iterations=81

STEP 6
  certificate  stage=STEP 6  complete  reason=candidate_set  wall=1.374000e-05s  cpu=1.400000e-05s  provider=0  solves=0  iterations=0

STEP 8
  certificate  stage=STEP 8  complete  reason=step8_complete  wall=5.317127e-02s  cpu=5.300600e-02s  provider=111  solves=2  iterations=14

STEP 9
  certificate  stage=STEP 9  failed  objective=-2.552049e+01  upper=-2.552042e+01  gap= 6.231819e-05  wall=0.000000e+00s  cpu=0.000000e+00s  provider=0  solves=0  iterations=0
  certificate  stage=STEP 9  complete  reason=paper_potential_convergence_failed  wall=1.507090e-03s  cpu=1.507000e-03s  provider=2  solves=0  iterations=0

STEP 7
  certificate  stage=STEP 7  complete  reason=continue_stage_ii  wall=1.130000e-06s  cpu=1.000000e-06s  provider=0  solves=0  iterations=0

STEP 4
  STAGE II STEP 4  major=28  upper=-2.552042e+01  LP_primal= 0.000000e+00  LP_dual= 5.551115e-17  active_cuts=33  certified
  certificate  stage=STEP 4  complete  reason=step4_complete  wall=3.021780e-04s  cpu=3.020000e-04s  provider=0  solves=1  iterations=1

STEP 5
  certificate  stage=STEP 5 LOCAL  major=28  attempt=130  accepted  reason=success  P rel.= 3.562562e-14  objective=-2.252480e+01  upper=-2.552042e+01  gap=-2.995625e+00  wall=0.000000e+00s  cpu=0.000000e+00s  provider=0  solves=0  iterations=0
  certificate  stage=STEP 5 LOCAL  major=28  attempt=131  accepted  reason=success  P rel.=-2.372366e-09  objective=-2.552042e+01  upper=-2.552042e+01  gap= 6.449916e-09  wall=0.000000e+00s  cpu=0.000000e+00s  provider=0  solves=0  iterations=0
  certificate  stage=STEP 5  complete  reason=step5_complete  wall=4.778381e-02s  cpu=4.763200e-02s  provider=47  solves=2  iterations=42

STEP 6
  certificate  stage=STEP 6  complete  reason=candidate_set  wall=1.106000e-05s  cpu=1.100000e-05s  provider=0  solves=0  iterations=0

STEP 8
  certificate  stage=STEP 8  complete  reason=step8_complete  wall=5.414098e-02s  cpu=5.400500e-02s  provider=111  solves=2  iterations=14

STEP 9
  certificate  stage=STEP 9  failed  objective=-2.552049e+01  upper=-2.552042e+01  gap= 6.231069e-05  wall=0.000000e+00s  cpu=0.000000e+00s  provider=0  solves=0  iterations=0
  certificate  stage=STEP 9  complete  reason=paper_potential_convergence_failed  wall=1.477561e-03s  cpu=1.478000e-03s  provider=2  solves=0  iterations=0

STEP 7
  certificate  stage=STEP 7  complete  reason=continue_stage_ii  wall=9.800000e-07s  cpu=1.000000e-06s  provider=0  solves=0  iterations=0

STEP 4
  STAGE II STEP 4  major=29  upper=-2.552042e+01  LP_primal= 0.000000e+00  LP_dual= 3.469447e-18  active_cuts=34  certified
  certificate  stage=STEP 4  complete  reason=step4_complete  wall=3.044180e-04s  cpu=3.050000e-04s  provider=0  solves=1  iterations=1

STEP 5
  certificate  stage=STEP 5 LOCAL  major=29  attempt=132  accepted  reason=success  P rel.= 4.582489e-14  objective=-2.252479e+01  upper=-2.552042e+01  gap=-2.995638e+00  wall=0.000000e+00s  cpu=0.000000e+00s  provider=0  solves=0  iterations=0
  certificate  stage=STEP 5 LOCAL  major=29  attempt=133  accepted  reason=success  P rel.=-2.379934e-09  objective=-2.552042e+01  upper=-2.552042e+01  gap= 1.612491e-09  wall=0.000000e+00s  cpu=0.000000e+00s  provider=0  solves=0  iterations=0
  certificate  stage=STEP 5  complete  reason=step5_complete  wall=4.188414e-02s  cpu=4.187700e-02s  provider=40  solves=2  iterations=38

STEP 6
  certificate  stage=STEP 6  complete  reason=candidate_set  wall=1.100000e-05s  cpu=1.100000e-05s  provider=0  solves=0  iterations=0

STEP 8
  certificate  stage=STEP 8  complete  reason=step8_complete  wall=5.334691e-02s  cpu=5.334200e-02s  provider=111  solves=2  iterations=14

STEP 9
  certificate  stage=STEP 9  failed  objective=-2.552049e+01  upper=-2.552042e+01  gap= 6.230953e-05  wall=0.000000e+00s  cpu=0.000000e+00s  provider=0  solves=0  iterations=0
  certificate  stage=STEP 9  complete  reason=paper_potential_convergence_failed  wall=1.717719e-03s  cpu=1.711000e-03s  provider=2  solves=0  iterations=0

STEP 7
  certificate  stage=STEP 7  complete  reason=continue_stage_ii  wall=1.030000e-06s  cpu=1.000000e-06s  provider=0  solves=0  iterations=0

STEP 4
  STAGE II STEP 4  major=30  upper=-2.552042e+01  LP_primal= 3.552714e-15  LP_dual= 6.938894e-18  active_cuts=35  certified
  certificate  stage=STEP 4  complete  reason=step4_complete  wall=3.036480e-04s  cpu=3.040000e-04s  provider=0  solves=1  iterations=1

STEP 5
  certificate  stage=STEP 5 LOCAL  major=30  attempt=134  accepted  reason=success  P rel.= 6.464326e-14  objective=-2.252478e+01  upper=-2.552042e+01  gap=-2.995644e+00  wall=0.000000e+00s  cpu=0.000000e+00s  provider=0  solves=0  iterations=0
  certificate  stage=STEP 5 LOCAL  major=30  attempt=135  accepted  reason=success  P rel.=-2.423467e-09  objective=-2.552042e+01  upper=-2.552042e+01  gap= 4.031264e-10  wall=0.000000e+00s  cpu=0.000000e+00s  provider=0  solves=0  iterations=0
  certificate  stage=STEP 5  complete  reason=step5_complete  wall=4.484630e-02s  cpu=4.484600e-02s  provider=43  solves=2  iterations=40

STEP 6
  certificate  stage=STEP 6  complete  reason=candidate_set  wall=1.162000e-05s  cpu=1.200000e-05s  provider=0  solves=0  iterations=0

STEP 8
  certificate  stage=STEP 8  complete  reason=step8_complete  wall=5.443052e-02s  cpu=5.441000e-02s  provider=111  solves=2  iterations=14

STEP 9
  certificate  stage=STEP 9  failed  objective=-2.552049e+01  upper=-2.552042e+01  gap= 6.230896e-05  wall=0.000000e+00s  cpu=0.000000e+00s  provider=0  solves=0  iterations=0
  certificate  stage=STEP 9  complete  reason=paper_potential_convergence_failed  wall=1.507480e-03s  cpu=1.508000e-03s  provider=2  solves=0  iterations=0

STEP 7
  certificate  stage=STEP 7  complete  reason=continue_stage_ii  wall=9.900000e-07s  cpu=1.000000e-06s  provider=0  solves=0  iterations=0

STEP 4
  STAGE II STEP 4  major=31  upper=-2.552042e+01  LP_primal= 7.105427e-15  LP_dual= 5.551115e-17  active_cuts=36  certified
  certificate  stage=STEP 4  complete  reason=step4_complete  wall=3.061380e-04s  cpu=3.060000e-04s  provider=0  solves=1  iterations=1

STEP 5
  certificate  stage=STEP 5 LOCAL  major=31  attempt=137  accepted  reason=success  P rel.= 5.702972e-14  objective=-2.252478e+01  upper=-2.552042e+01  gap=-2.995641e+00  wall=0.000000e+00s  cpu=0.000000e+00s  provider=0  solves=0  iterations=0
  certificate  stage=STEP 5 LOCAL  major=31  attempt=138  accepted  reason=success  P rel.= 7.241481e-13  objective=-2.252478e+01  upper=-2.552042e+01  gap=-2.995641e+00  wall=0.000000e+00s  cpu=0.000000e+00s  provider=0  solves=0  iterations=0
  certificate  stage=STEP 5 LOCAL  major=31  attempt=139  accepted  reason=success  P rel.= 4.726140e-14  objective=-2.252478e+01  upper=-2.552042e+01  gap=-2.995641e+00  wall=0.000000e+00s  cpu=0.000000e+00s  provider=0  solves=0  iterations=0
  certificate  stage=STEP 5 LOCAL  major=31  attempt=141  accepted  reason=success  P rel.= 5.286382e-14  objective=-2.252478e+01  upper=-2.552042e+01  gap=-2.995641e+00  wall=0.000000e+00s  cpu=0.000000e+00s  provider=0  solves=0  iterations=0
  certificate  stage=STEP 5 LOCAL  major=31  attempt=142  accepted  reason=success  P rel.= 4.309550e-14  objective=-2.252478e+01  upper=-2.552042e+01  gap=-2.995641e+00  wall=0.000000e+00s  cpu=0.000000e+00s  provider=0  solves=0  iterations=0
  certificate  stage=STEP 5 LOCAL  major=31  attempt=143  accepted  reason=success  P rel.= 6.794724e-14  objective=-2.252478e+01  upper=-2.552042e+01  gap=-2.995641e+00  wall=0.000000e+00s  cpu=0.000000e+00s  provider=0  solves=0  iterations=0
  certificate  stage=STEP 5 LOCAL  major=31  attempt=144  accepted  reason=success  P rel.=-2.373435e-09  objective=-2.552042e+01  upper=-2.552042e+01  gap= 1.007763e-10  wall=0.000000e+00s  cpu=0.000000e+00s  provider=0  solves=0  iterations=0
  certificate  stage=STEP 5  complete  reason=step5_complete  wall=1.619378e-01s  cpu=1.615140e-01s  provider=157  solves=9  iterations=141

STEP 6
  certificate  stage=STEP 6  complete  reason=candidate_set  wall=2.514000e-05s  cpu=2.500000e-05s  provider=0  solves=0  iterations=0

STEP 8
  certificate  stage=STEP 8  complete  reason=step8_complete  wall=5.578822e-02s  cpu=5.557200e-02s  provider=111  solves=2  iterations=14

STEP 9
  certificate  stage=STEP 9  failed  objective=-2.552049e+01  upper=-2.552042e+01  gap= 6.230894e-05  wall=0.000000e+00s  cpu=0.000000e+00s  provider=0  solves=0  iterations=0
  certificate  stage=STEP 9  complete  reason=paper_potential_convergence_failed  wall=1.542941e-03s  cpu=1.543000e-03s  provider=2  solves=0  iterations=0

STEP 7
  certificate  stage=STEP 7  complete  reason=continue_stage_ii  wall=1.070000e-06s  cpu=1.000000e-06s  provider=0  solves=0  iterations=0

STEP 4
  STAGE II STEP 4  major=32  upper=-2.552042e+01  LP_primal= 3.552714e-15  LP_dual= 8.673617e-18  active_cuts=37  certified
  certificate  stage=STEP 4  complete  reason=step4_complete  wall=3.577870e-04s  cpu=3.580000e-04s  provider=0  solves=1  iterations=1

STEP 5
  certificate  stage=STEP 5 LOCAL  major=32  attempt=145  accepted  reason=success  P rel.= 6.335039e-14  objective=-2.252478e+01  upper=-2.552042e+01  gap=-2.995639e+00  wall=0.000000e+00s  cpu=0.000000e+00s  provider=0  solves=0  iterations=0
  certificate  stage=STEP 5 LOCAL  major=32  attempt=146  accepted  reason=success  P rel.=-2.362395e-09  objective=-2.552042e+01  upper=-2.552042e+01  gap= 2.519585e-11  wall=0.000000e+00s  cpu=0.000000e+00s  provider=0  solves=0  iterations=0
  certificate  stage=STEP 5  complete  reason=step5_complete  wall=4.426020e-02s  cpu=4.411800e-02s  provider=41  solves=2  iterations=39

STEP 6
  certificate  stage=STEP 6  complete  reason=candidate_set  wall=1.065000e-05s  cpu=1.000000e-05s  provider=0  solves=0  iterations=0

STEP 8
  certificate  stage=STEP 8  complete  reason=step8_complete  wall=5.348558e-02s  cpu=5.330400e-02s  provider=111  solves=2  iterations=14

STEP 9
  certificate  stage=STEP 9  failed  objective=-2.552049e+01  upper=-2.552042e+01  gap= 6.230893e-05  wall=0.000000e+00s  cpu=0.000000e+00s  provider=0  solves=0  iterations=0
  certificate  stage=STEP 9  complete  reason=paper_potential_convergence_failed  wall=1.555450e-03s  cpu=1.539000e-03s  provider=2  solves=0  iterations=0

STEP 7
  certificate  stage=STEP 7  complete  reason=continue_stage_ii  wall=9.700000e-07s  cpu=1.000000e-06s  provider=0  solves=0  iterations=0

STEP 4
  STAGE II STEP 4  major=33  upper=-2.552042e+01  LP_primal= 2.519585e-11  LP_dual= 8.673617e-18  active_cuts=38  certified
  certificate  stage=STEP 4  complete  reason=step4_complete  wall=3.654070e-04s  cpu=3.650000e-04s  provider=0  solves=1  iterations=1

STEP 5
  certificate  stage=STEP 5 LOCAL  major=33  attempt=147  accepted  reason=success  P rel.= 7.182584e-14  objective=-2.252478e+01  upper=-2.552042e+01  gap=-2.995639e+00  wall=0.000000e+00s  cpu=0.000000e+00s  provider=0  solves=0  iterations=0
  certificate  stage=STEP 5 LOCAL  major=33  attempt=148  accepted  reason=success  P rel.= 5.937124e-13  objective=-2.252478e+01  upper=-2.552042e+01  gap=-2.995639e+00  wall=0.000000e+00s  cpu=0.000000e+00s  provider=0  solves=0  iterations=0
  certificate  stage=STEP 5 LOCAL  major=33  attempt=149  accepted  reason=success  P rel.=-2.398184e-09  objective=-2.552042e+01  upper=-2.552042e+01  gap= 2.519940e-11  wall=0.000000e+00s  cpu=0.000000e+00s  provider=0  solves=0  iterations=0
  certificate  stage=STEP 5  complete  reason=step5_complete  wall=7.358355e-02s  cpu=7.333000e-02s  provider=70  solves=3  iterations=65

STEP 6
  certificate  stage=STEP 6  complete  reason=candidate_set  wall=1.265000e-05s  cpu=1.300000e-05s  provider=0  solves=0  iterations=0

STEP 8
  certificate  stage=STEP 8  complete  reason=step8_complete  wall=5.410476e-02s  cpu=5.392400e-02s  provider=111  solves=2  iterations=14

STEP 9
  certificate  stage=STEP 9  failed  objective=-2.552049e+01  upper=-2.552042e+01  gap= 6.230893e-05  wall=0.000000e+00s  cpu=0.000000e+00s  provider=0  solves=0  iterations=0
  certificate  stage=STEP 9  complete  reason=paper_potential_convergence_failed  wall=1.542770e-03s  cpu=1.542000e-03s  provider=2  solves=0  iterations=0

STEP 7
  certificate  stage=STEP 7  complete  reason=continue_stage_ii  wall=1.090000e-06s  cpu=1.000000e-06s  provider=0  solves=0  iterations=0

STEP 4
  STAGE II STEP 4  major=34  upper=-2.552042e+01  LP_primal= 2.519940e-11  LP_dual= 8.673617e-18  active_cuts=39  certified
  certificate  stage=STEP 4  complete  reason=step4_complete  wall=3.655070e-04s  cpu=3.650000e-04s  provider=0  solves=1  iterations=1

STEP 5
  certificate  stage=STEP 5 LOCAL  major=34  attempt=151  accepted  reason=success  P rel.= 4.596854e-14  objective=-2.252478e+01  upper=-2.552042e+01  gap=-2.995639e+00  wall=0.000000e+00s  cpu=0.000000e+00s  provider=0  solves=0  iterations=0
  certificate  stage=STEP 5 LOCAL  major=34  attempt=152  accepted  reason=success  P rel.=-2.363464e-09  objective=-2.552042e+01  upper=-2.552042e+01  gap= 2.519940e-11  wall=0.000000e+00s  cpu=0.000000e+00s  provider=0  solves=0  iterations=0
  certificate  stage=STEP 5  complete  reason=step5_complete  wall=5.156724e-02s  cpu=5.138300e-02s  provider=51  solves=3  iterations=44

STEP 6
  certificate  stage=STEP 6  complete  reason=candidate_set  wall=1.247000e-05s  cpu=1.200000e-05s  provider=0  solves=0  iterations=0

STEP 8
  certificate  stage=STEP 8  complete  reason=step8_complete  wall=5.370237e-02s  cpu=5.353100e-02s  provider=111  solves=2  iterations=14

STEP 9
  certificate  stage=STEP 9  failed  objective=-2.552049e+01  upper=-2.552042e+01  gap= 6.230893e-05  wall=0.000000e+00s  cpu=0.000000e+00s  provider=0  solves=0  iterations=0
  certificate  stage=STEP 9  complete  reason=paper_potential_convergence_failed  wall=1.533711e-03s  cpu=1.533000e-03s  provider=2  solves=0  iterations=0

STEP 7
  certificate  stage=STEP 7  complete  reason=continue_stage_ii  wall=1.030000e-06s  cpu=1.000000e-06s  provider=0  solves=0  iterations=0

STEP 4
  STAGE II STEP 4  major=35  upper=-2.552042e+01  LP_primal= 2.519940e-11  LP_dual= 8.673617e-18  active_cuts=40  certified
  certificate  stage=STEP 4  complete  reason=step4_complete  wall=3.493880e-04s  cpu=3.500000e-04s  provider=0  solves=1  iterations=1

STEP 5
  certificate  stage=STEP 5 LOCAL  major=35  attempt=153  accepted  reason=success  P rel.= 3.260893e-14  objective=-2.252478e+01  upper=-2.552042e+01  gap=-2.995639e+00  wall=0.000000e+00s  cpu=0.000000e+00s  provider=0  solves=0  iterations=0
  certificate  stage=STEP 5 LOCAL  major=35  attempt=154  accepted  reason=success  P rel.=-2.373702e-09  objective=-2.552042e+01  upper=-2.552042e+01  gap= 2.518874e-11  wall=0.000000e+00s  cpu=0.000000e+00s  provider=0  solves=0  iterations=0
  certificate  stage=STEP 5  complete  reason=step5_complete  wall=4.268932e-02s  cpu=4.254700e-02s  provider=41  solves=2  iterations=37

STEP 6
  certificate  stage=STEP 6  complete  reason=candidate_set  wall=1.179000e-05s  cpu=1.200000e-05s  provider=0  solves=0  iterations=0

STEP 8
  certificate  stage=STEP 8  complete  reason=step8_complete  wall=5.366883e-02s  cpu=5.349300e-02s  provider=111  solves=2  iterations=14

STEP 9
  certificate  stage=STEP 9  failed  objective=-2.552049e+01  upper=-2.552042e+01  gap= 6.230893e-05  wall=0.000000e+00s  cpu=0.000000e+00s  provider=0  solves=0  iterations=0
  certificate  stage=STEP 9  complete  reason=paper_potential_convergence_failed  wall=1.521310e-03s  cpu=1.521000e-03s  provider=2  solves=0  iterations=0

STEP 7
  certificate  stage=STEP 7  complete  reason=continue_stage_ii  wall=1.010000e-06s  cpu=1.000000e-06s  provider=0  solves=0  iterations=0

STEP 4
  STAGE II STEP 4  major=36  upper=-2.552042e+01  LP_primal= 2.519940e-11  LP_dual= 8.673617e-18  active_cuts=41  certified
  certificate  stage=STEP 4  complete  reason=step4_complete  wall=3.798280e-04s  cpu=3.610000e-04s  provider=0  solves=1  iterations=1

STEP 5
  certificate  stage=STEP 5 LOCAL  major=36  attempt=155  accepted  reason=success  P rel.= 7.484253e-14  objective=-2.252478e+01  upper=-2.552042e+01  gap=-2.995639e+00  wall=0.000000e+00s  cpu=0.000000e+00s  provider=0  solves=0  iterations=0
  certificate  stage=STEP 5 LOCAL  major=36  attempt=156  accepted  reason=success  P rel.= 4.553758e-14  objective=-2.252478e+01  upper=-2.552042e+01  gap=-2.995639e+00  wall=0.000000e+00s  cpu=0.000000e+00s  provider=0  solves=0  iterations=0
  certificate  stage=STEP 5 LOCAL  major=36  attempt=157  accepted  reason=success  P rel.= 4.410107e-14  objective=-2.252478e+01  upper=-2.552042e+01  gap=-2.995639e+00  wall=0.000000e+00s  cpu=0.000000e+00s  provider=0  solves=0  iterations=0
  certificate  stage=STEP 5 LOCAL  major=36  attempt=158  accepted  reason=success  P rel.= 6.952741e-14  objective=-2.252478e+01  upper=-2.552042e+01  gap=-2.995639e+00  wall=0.000000e+00s  cpu=0.000000e+00s  provider=0  solves=0  iterations=0
  certificate  stage=STEP 5 LOCAL  major=36  attempt=159  accepted  reason=success  P rel.=-6.696338e-08  objective=-2.552080e+01  upper=-2.552042e+01  gap= 3.778414e-04  wall=0.000000e+00s  cpu=0.000000e+00s  provider=0  solves=0  iterations=0
  certificate  stage=STEP 5  complete  reason=step5_complete  wall=1.127381e-01s  cpu=1.123780e-01s  provider=108  solves=5  iterations=100

STEP 6
  certificate  stage=STEP 6  complete  reason=candidate_set  wall=1.478000e-05s  cpu=1.500000e-05s  provider=0  solves=0  iterations=0

STEP 8
  certificate  stage=STEP 8  complete  reason=step8_complete  wall=1.138939e-01s  cpu=1.138080e-01s  provider=396  solves=1  iterations=32

STEP 9
  certificate  stage=STEP 9  failed  objective=-2.552049e+01  upper=-2.552042e+01  gap= 6.755243e-05  wall=0.000000e+00s  cpu=0.000000e+00s  provider=0  solves=0  iterations=0
  certificate  stage=STEP 9  complete  reason=paper_potential_convergence_failed  wall=2.293165e-03s  cpu=2.294000e-03s  provider=3  solves=0  iterations=0

STEP 7
  certificate  stage=STEP 7  complete  reason=continue_stage_ii  wall=9.900000e-07s  cpu=1.000000e-06s  provider=0  solves=0  iterations=0

STEP 4
  STAGE II STEP 4  major=37  upper=-2.552045e+01  LP_primal= 3.552714e-15  LP_dual= 6.938894e-18  active_cuts=42  certified
  certificate  stage=STEP 4  complete  reason=step4_complete  wall=3.785780e-04s  cpu=3.790000e-04s  provider=0  solves=1  iterations=1

STEP 5
  certificate  stage=STEP 5 LOCAL  major=37  attempt=160  accepted  reason=success  P rel.= 4.984713e-14  objective=-2.252915e+01  upper=-2.552045e+01  gap=-2.991293e+00  wall=0.000000e+00s  cpu=0.000000e+00s  provider=0  solves=0  iterations=0
  certificate  stage=STEP 5 LOCAL  major=37  attempt=161  accepted  reason=success  P rel.=-2.308712e-09  objective=-2.552056e+01  upper=-2.552045e+01  gap= 1.104907e-04  wall=0.000000e+00s  cpu=0.000000e+00s  provider=0  solves=0  iterations=0
  certificate  stage=STEP 5  complete  reason=step5_complete  wall=4.404847e-02s  cpu=4.404300e-02s  provider=42  solves=2  iterations=40

STEP 6
  certificate  stage=STEP 6  complete  reason=candidate_set  wall=1.354000e-05s  cpu=1.300000e-05s  provider=0  solves=0  iterations=0

STEP 8
  certificate  stage=STEP 8  complete  reason=step8_complete  wall=1.457231e-01s  cpu=1.457080e-01s  provider=414  solves=2  iterations=34

STEP 9
  certificate  stage=STEP 9  failed  objective=-2.552052e+01  upper=-2.552045e+01  gap= 7.242693e-05  wall=0.000000e+00s  cpu=0.000000e+00s  provider=0  solves=0  iterations=0
  certificate  stage=STEP 9  complete  reason=paper_potential_convergence_failed  wall=2.312195e-03s  cpu=2.312000e-03s  provider=3  solves=0  iterations=0

STEP 7
  certificate  stage=STEP 7  complete  reason=continue_stage_ii  wall=1.090000e-06s  cpu=1.000000e-06s  provider=0  solves=0  iterations=0

STEP 4
  STAGE II STEP 4  major=38  upper=-2.552049e+01  LP_primal= 0.000000e+00  LP_dual= 6.938894e-18  active_cuts=43  certified
  certificate  stage=STEP 4  complete  reason=step4_complete  wall=3.091380e-04s  cpu=3.100000e-04s  provider=0  solves=1  iterations=1

STEP 5
  certificate  stage=STEP 5 LOCAL  major=38  attempt=162  accepted  reason=success  P rel.= 6.765994e-14  objective=-2.252919e+01  upper=-2.552049e+01  gap=-2.991293e+00  wall=0.000000e+00s  cpu=0.000000e+00s  provider=0  solves=0  iterations=0
  certificate  stage=STEP 5 LOCAL  major=38  attempt=163  accepted  reason=success  P rel.= 1.594534e-13  objective=-2.252919e+01  upper=-2.552049e+01  gap=-2.991293e+00  wall=0.000000e+00s  cpu=0.000000e+00s  provider=0  solves=0  iterations=0
  certificate  stage=STEP 5 LOCAL  major=38  attempt=164  accepted  reason=success  P rel.= 4.252090e-14  objective=-2.252919e+01  upper=-2.552049e+01  gap=-2.991293e+00  wall=0.000000e+00s  cpu=0.000000e+00s  provider=0  solves=0  iterations=0
  certificate  stage=STEP 5 LOCAL  major=38  attempt=165  accepted  reason=success  P rel.= 5.329477e-14  objective=-2.252919e+01  upper=-2.552049e+01  gap=-2.991293e+00  wall=0.000000e+00s  cpu=0.000000e+00s  provider=0  solves=0  iterations=0
  certificate  stage=STEP 5 LOCAL  major=38  attempt=166  accepted  reason=success  P rel.= 5.047920e-13  objective=-2.252919e+01  upper=-2.552049e+01  gap=-2.991293e+00  wall=0.000000e+00s  cpu=0.000000e+00s  provider=0  solves=0  iterations=0
  certificate  stage=STEP 5 LOCAL  major=38  attempt=167  accepted  reason=success  P rel.=-2.316012e-09  objective=-2.552049e+01  upper=-2.552049e+01  gap= 1.008515e-08  wall=0.000000e+00s  cpu=0.000000e+00s  provider=0  solves=0  iterations=0
  certificate  stage=STEP 5  complete  reason=step5_complete  wall=1.456784e-01s  cpu=1.456180e-01s  provider=138  solves=6  iterations=131

STEP 6
  certificate  stage=STEP 6  complete  reason=candidate_set  wall=1.508000e-05s  cpu=1.500000e-05s  provider=0  solves=0  iterations=0

STEP 8
  certificate  stage=STEP 8  complete  reason=step8_complete  wall=7.150976e-02s  cpu=7.150300e-02s  provider=150  solves=1  iterations=19

STEP 9
  certificate  stage=STEP 9  failed  objective=-2.552052e+01  upper=-2.552049e+01  gap= 3.138964e-05  wall=0.000000e+00s  cpu=0.000000e+00s  provider=0  solves=0  iterations=0
  certificate  stage=STEP 9  complete  reason=paper_potential_convergence_failed  wall=2.274196e-03s  cpu=2.275000e-03s  provider=3  solves=0  iterations=0

STEP 7
  certificate  stage=STEP 7  complete  reason=continue_stage_ii  wall=1.070000e-06s  cpu=1.000000e-06s  provider=0  solves=0  iterations=0

STEP 4
  STAGE II STEP 4  major=39  upper=-2.552049e+01  LP_primal= 0.000000e+00  LP_dual= 5.551115e-17  active_cuts=44  certified
  certificate  stage=STEP 4  complete  reason=step4_complete  wall=3.594580e-04s  cpu=3.600000e-04s  provider=0  solves=1  iterations=1

STEP 5
  certificate  stage=STEP 5 LOCAL  major=39  attempt=169  accepted  reason=success  P rel.= 6.133927e-14  objective=-2.252919e+01  upper=-2.552049e+01  gap=-2.991293e+00  wall=0.000000e+00s  cpu=0.000000e+00s  provider=0  solves=0  iterations=0
  certificate  stage=STEP 5 LOCAL  major=39  attempt=170  accepted  reason=success  P rel.=-2.326607e-09  objective=-2.552049e+01  upper=-2.552049e+01  gap= 0.000000e+00  wall=0.000000e+00s  cpu=0.000000e+00s  provider=0  solves=0  iterations=0
  certificate  stage=STEP 5  complete  reason=step5_complete  wall=4.739965e-02s  cpu=4.740100e-02s  provider=47  solves=3  iterations=40

STEP 6
  certificate  stage=STEP 6  complete  reason=candidate_set  wall=1.602000e-05s  cpu=1.600000e-05s  provider=0  solves=0  iterations=0

STEP 8
  certificate  stage=STEP 8  complete  reason=step8_complete  wall=7.162974e-02s  cpu=7.163100e-02s  provider=150  solves=1  iterations=19

STEP 9
  certificate  stage=STEP 9  failed  objective=-2.552052e+01  upper=-2.552049e+01  gap= 3.138590e-05  wall=0.000000e+00s  cpu=0.000000e+00s  provider=0  solves=0  iterations=0
  certificate  stage=STEP 9  complete  reason=paper_potential_convergence_failed  wall=2.285826e-03s  cpu=2.286000e-03s  provider=3  solves=0  iterations=0

STEP 7
  certificate  stage=STEP 7  complete  reason=continue_stage_ii  wall=1.070000e-06s  cpu=1.000000e-06s  provider=0  solves=0  iterations=0

STEP 4
  STAGE II STEP 4  major=40  upper=-2.552049e+01  LP_primal= 0.000000e+00  LP_dual= 6.938894e-18  active_cuts=45  certified
  certificate  stage=STEP 4  complete  reason=step4_complete  wall=3.754980e-04s  cpu=3.750000e-04s  provider=0  solves=1  iterations=1

STEP 5
  certificate  stage=STEP 5 LOCAL  major=40  attempt=171  accepted  reason=success  P rel.= 7.800286e-14  objective=-2.252919e+01  upper=-2.552049e+01  gap=-2.991293e+00  wall=0.000000e+00s  cpu=0.000000e+00s  provider=0  solves=0  iterations=0
  certificate  stage=STEP 5 LOCAL  major=40  attempt=172  accepted  reason=success  P rel.= 6.938376e-14  objective=-2.252919e+01  upper=-2.552049e+01  gap=-2.991293e+00  wall=0.000000e+00s  cpu=0.000000e+00s  provider=0  solves=0  iterations=0
  certificate  stage=STEP 5 LOCAL  major=40  attempt=173  accepted  reason=success  P rel.= 4.539393e-14  objective=-2.252919e+01  upper=-2.552049e+01  gap=-2.991293e+00  wall=0.000000e+00s  cpu=0.000000e+00s  provider=0  solves=0  iterations=0
  certificate  stage=STEP 5 LOCAL  major=40  attempt=174  accepted  reason=success  P rel.=-2.340050e-09  objective=-2.552049e+01  upper=-2.552049e+01  gap= 1.065814e-14  wall=0.000000e+00s  cpu=0.000000e+00s  provider=0  solves=0  iterations=0
  certificate  stage=STEP 5  complete  reason=step5_complete  wall=8.711360e-02s  cpu=8.710600e-02s  provider=84  solves=4  iterations=74

STEP 6
  certificate  stage=STEP 6  complete  reason=candidate_set  wall=1.753000e-05s  cpu=1.700000e-05s  provider=0  solves=0  iterations=0

STEP 8
  certificate  stage=STEP 8  complete  reason=step8_complete  wall=7.168762e-02s  cpu=7.168900e-02s  provider=150  solves=1  iterations=19

STEP 9
  certificate  stage=STEP 9  failed  objective=-2.552052e+01  upper=-2.552049e+01  gap= 3.138590e-05  wall=0.000000e+00s  cpu=0.000000e+00s  provider=0  solves=0  iterations=0
  certificate  stage=STEP 9  complete  reason=paper_potential_convergence_failed  wall=2.279635e-03s  cpu=2.280000e-03s  provider=3  solves=0  iterations=0

STEP 7
  certificate  stage=STEP 7  complete  reason=continue_stage_ii  wall=1.200000e-06s  cpu=1.000000e-06s  provider=0  solves=0  iterations=0

STEP 4
  STAGE II STEP 4  major=41  upper=-2.552049e+01  LP_primal= 1.065814e-14  LP_dual= 6.938894e-18  active_cuts=46  certified
  certificate  stage=STEP 4  complete  reason=step4_complete  wall=4.006280e-04s  cpu=4.010000e-04s  provider=0  solves=1  iterations=1

STEP 5
  certificate  stage=STEP 5 LOCAL  major=41  attempt=175  accepted  reason=success  P rel.=-2.320731e-09  objective=-2.552049e+01  upper=-2.552049e+01  gap= 3.552714e-15  wall=0.000000e+00s  cpu=0.000000e+00s  provider=0  solves=0  iterations=0
  certificate  stage=STEP 5  complete  reason=step5_complete  wall=2.802219e-02s  cpu=2.802300e-02s  provider=27  solves=1  iterations=21

STEP 6
  certificate  stage=STEP 6  complete  reason=candidate_set  wall=1.667000e-05s  cpu=1.700000e-05s  provider=0  solves=0  iterations=0

STEP 8
  certificate  stage=STEP 8  complete  reason=step8_complete  wall=7.350379e-02s  cpu=7.342800e-02s  provider=150  solves=1  iterations=19

STEP 9
  certificate  stage=STEP 9  failed  objective=-2.552052e+01  upper=-2.552049e+01  gap= 3.138590e-05  wall=0.000000e+00s  cpu=0.000000e+00s  provider=0  solves=0  iterations=0
  certificate  stage=STEP 9  complete  reason=paper_potential_convergence_failed  wall=2.315005e-03s  cpu=2.297000e-03s  provider=3  solves=0  iterations=0

STEP 7
  certificate  stage=STEP 7  complete  reason=continue_stage_ii  wall=1.420000e-06s  cpu=1.000000e-06s  provider=0  solves=0  iterations=0

STEP 4
  STAGE II STEP 4  major=42  upper=-2.552049e+01  LP_primal= 1.065814e-14  LP_dual= 6.938894e-18  active_cuts=47  certified
  certificate  stage=STEP 4  complete  reason=step4_complete  wall=3.910280e-04s  cpu=3.920000e-04s  provider=0  solves=1  iterations=1

STEP 5
  certificate  stage=STEP 5 LOCAL  major=42  attempt=176  accepted  reason=success  P rel.= 8.015764e-14  objective=-2.252919e+01  upper=-2.552049e+01  gap=-2.991293e+00  wall=0.000000e+00s  cpu=0.000000e+00s  provider=0  solves=0  iterations=0
  certificate  stage=STEP 5 LOCAL  major=42  attempt=177  accepted  reason=success  P rel.=-2.336310e-09  objective=-2.552049e+01  upper=-2.552049e+01  gap= 7.105427e-15  wall=0.000000e+00s  cpu=0.000000e+00s  provider=0  solves=0  iterations=0
  certificate  stage=STEP 5  complete  reason=step5_complete  wall=5.344095e-02s  cpu=5.343600e-02s  provider=51  solves=2  iterations=45

STEP 6
  certificate  stage=STEP 6  complete  reason=candidate_set  wall=1.951000e-05s  cpu=1.900000e-05s  provider=0  solves=0  iterations=0

STEP 8
  certificate  stage=STEP 8  complete  reason=step8_complete  wall=7.406707e-02s  cpu=7.394200e-02s  provider=150  solves=1  iterations=19

STEP 9
  certificate  stage=STEP 9  failed  objective=-2.552052e+01  upper=-2.552049e+01  gap= 3.138590e-05  wall=0.000000e+00s  cpu=0.000000e+00s  provider=0  solves=0  iterations=0
  certificate  stage=STEP 9  complete  reason=paper_potential_convergence_failed  wall=3.215300e-03s  cpu=3.208000e-03s  provider=3  solves=0  iterations=0

STEP 7
  certificate  stage=STEP 7  complete  reason=continue_stage_ii  wall=1.290000e-06s  cpu=1.000000e-06s  provider=0  solves=0  iterations=0

STEP 4
  STAGE II STEP 4  major=43  upper=-2.552049e+01  LP_primal= 1.065814e-14  LP_dual= 6.938894e-18  active_cuts=48  certified
  certificate  stage=STEP 4  complete  reason=step4_complete  wall=4.087570e-04s  cpu=4.090000e-04s  provider=0  solves=1  iterations=1

STEP 5
  certificate  stage=STEP 5 LOCAL  major=43  attempt=178  accepted  reason=success  P rel.=-2.317081e-09  objective=-2.552049e+01  upper=-2.552049e+01  gap= 0.000000e+00  wall=0.000000e+00s  cpu=0.000000e+00s  provider=0  solves=0  iterations=0
  certificate  stage=STEP 5  complete  reason=step5_complete  wall=2.569514e-02s  cpu=2.559200e-02s  provider=24  solves=1  iterations=21

STEP 6
  certificate  stage=STEP 6  complete  reason=candidate_set  wall=1.572000e-05s  cpu=1.600000e-05s  provider=0  solves=0  iterations=0

STEP 8
  certificate  stage=STEP 8  complete  reason=step8_complete  wall=7.248044e-02s  cpu=7.221100e-02s  provider=150  solves=1  iterations=19

STEP 9
  certificate  stage=STEP 9  failed  objective=-2.552052e+01  upper=-2.552049e+01  gap= 3.138590e-05  wall=0.000000e+00s  cpu=0.000000e+00s  provider=0  solves=0  iterations=0
  certificate  stage=STEP 9  complete  reason=paper_potential_convergence_failed  wall=2.457505e-03s  cpu=2.458000e-03s  provider=3  solves=0  iterations=0

STEP 7
  certificate  stage=STEP 7  complete  reason=continue_stage_ii  wall=1.230000e-06s  cpu=1.000000e-06s  provider=0  solves=0  iterations=0

STEP 4
  STAGE II STEP 4  major=44  upper=-2.552049e+01  LP_primal= 1.065814e-14  LP_dual= 6.938894e-18  active_cuts=49  certified
  certificate  stage=STEP 4  complete  reason=step4_complete  wall=3.912770e-04s  cpu=3.910000e-04s  provider=0  solves=1  iterations=1

STEP 5
  certificate  stage=STEP 5 LOCAL  major=44  attempt=179  accepted  reason=success  P rel.= 6.493056e-14  objective=-2.252919e+01  upper=-2.552049e+01  gap=-2.991293e+00  wall=0.000000e+00s  cpu=0.000000e+00s  provider=0  solves=0  iterations=0
  certificate  stage=STEP 5 LOCAL  major=44  attempt=180  accepted  reason=success  P rel.= 6.392500e-14  objective=-2.252919e+01  upper=-2.552049e+01  gap=-2.991293e+00  wall=0.000000e+00s  cpu=0.000000e+00s  provider=0  solves=0  iterations=0
  certificate  stage=STEP 5 LOCAL  major=44  attempt=182  accepted  reason=success  P rel.= 4.424472e-14  objective=-2.252919e+01  upper=-2.552049e+01  gap=-2.991293e+00  wall=0.000000e+00s  cpu=0.000000e+00s  provider=0  solves=0  iterations=0
  certificate  stage=STEP 5 LOCAL  major=44  attempt=183  accepted  reason=success  P rel.= 5.889719e-14  objective=-2.252919e+01  upper=-2.552049e+01  gap=-2.991293e+00  wall=0.000000e+00s  cpu=0.000000e+00s  provider=0  solves=0  iterations=0
  certificate  stage=STEP 5 LOCAL  major=44  attempt=184  accepted  reason=success  P rel.= 6.335039e-14  objective=-2.252919e+01  upper=-2.552049e+01  gap=-2.991293e+00  wall=0.000000e+00s  cpu=0.000000e+00s  provider=0  solves=0  iterations=0
  certificate  stage=STEP 5 LOCAL  major=44  attempt=185  accepted  reason=success  P rel.=-2.315211e-09  objective=-2.552049e+01  upper=-2.552049e+01  gap= 0.000000e+00  wall=0.000000e+00s  cpu=0.000000e+00s  provider=0  solves=0  iterations=0
  certificate  stage=STEP 5  complete  reason=step5_complete  wall=1.453742e-01s  cpu=1.447810e-01s  provider=136  solves=7  iterations=124

STEP 6
  certificate  stage=STEP 6  complete  reason=candidate_set  wall=1.752000e-05s  cpu=1.700000e-05s  provider=0  solves=0  iterations=0

STEP 8
  certificate  stage=STEP 8  complete  reason=step8_complete  wall=7.270939e-02s  cpu=7.242800e-02s  provider=150  solves=1  iterations=19

STEP 9
  certificate  stage=STEP 9  failed  objective=-2.552052e+01  upper=-2.552049e+01  gap= 3.138590e-05  wall=0.000000e+00s  cpu=0.000000e+00s  provider=0  solves=0  iterations=0
  certificate  stage=STEP 9  complete  reason=paper_potential_convergence_failed  wall=2.339366e-03s  cpu=2.317000e-03s  provider=3  solves=0  iterations=0

STEP 7
  certificate  stage=STEP 7  complete  reason=continue_stage_ii  wall=1.190000e-06s  cpu=1.000000e-06s  provider=0  solves=0  iterations=0

STEP 4
  STAGE II STEP 4  major=45  upper=-2.552049e+01  LP_primal= 1.065814e-14  LP_dual= 6.938894e-18  active_cuts=50  certified
  certificate  stage=STEP 4  complete  reason=step4_complete  wall=3.914080e-04s  cpu=3.920000e-04s  provider=0  solves=1  iterations=1

STEP 5
  certificate  stage=STEP 5 LOCAL  major=45  attempt=186  accepted  reason=success  P rel.= 8.676561e-14  objective=-2.252919e+01  upper=-2.552049e+01  gap=-2.991293e+00  wall=0.000000e+00s  cpu=0.000000e+00s  provider=0  solves=0  iterations=0
  certificate  stage=STEP 5 LOCAL  major=45  attempt=187  accepted  reason=success  P rel.= 5.875354e-14  objective=-2.252919e+01  upper=-2.552049e+01  gap=-2.991293e+00  wall=0.000000e+00s  cpu=0.000000e+00s  provider=0  solves=0  iterations=0
  certificate  stage=STEP 5 LOCAL  major=45  attempt=188  accepted  reason=success  P rel.= 6.478691e-14  objective=-2.252919e+01  upper=-2.552049e+01  gap=-2.991293e+00  wall=0.000000e+00s  cpu=0.000000e+00s  provider=0  solves=0  iterations=0
  certificate  stage=STEP 5 LOCAL  major=45  attempt=189  accepted  reason=success  P rel.= 5.358208e-14  objective=-2.252919e+01  upper=-2.552049e+01  gap=-2.991293e+00  wall=0.000000e+00s  cpu=0.000000e+00s  provider=0  solves=0  iterations=0
  certificate  stage=STEP 5 LOCAL  major=45  attempt=190  accepted  reason=success  P rel.= 5.860989e-14  objective=-2.252919e+01  upper=-2.552049e+01  gap=-2.991293e+00  wall=0.000000e+00s  cpu=0.000000e+00s  provider=0  solves=0  iterations=0
  certificate  stage=STEP 5 LOCAL  major=45  attempt=191  accepted  reason=success  P rel.= 2.804081e-13  objective=-2.252919e+01  upper=-2.552049e+01  gap=-2.991293e+00  wall=0.000000e+00s  cpu=0.000000e+00s  provider=0  solves=0  iterations=0
  certificate  stage=STEP 5 LOCAL  major=45  attempt=192  accepted  reason=success  P rel.= 6.607977e-14  objective=-2.252919e+01  upper=-2.552049e+01  gap=-2.991293e+00  wall=0.000000e+00s  cpu=0.000000e+00s  provider=0  solves=0  iterations=0
  certificate  stage=STEP 5 LOCAL  major=45  attempt=193  accepted  reason=success  P rel.= 7.225680e-14  objective=-2.252919e+01  upper=-2.552049e+01  gap=-2.991293e+00  wall=0.000000e+00s  cpu=0.000000e+00s  provider=0  solves=0  iterations=0
  certificate  stage=STEP 5 LOCAL  major=45  attempt=194  accepted  reason=success  P rel.=-2.324737e-09  objective=-2.552049e+01  upper=-2.552049e+01  gap= 7.105427e-15  wall=0.000000e+00s  cpu=0.000000e+00s  provider=0  solves=0  iterations=0
  certificate  stage=STEP 5  complete  reason=step5_complete  wall=2.224204e-01s  cpu=2.215370e-01s  provider=208  solves=9  iterations=192

STEP 6
  certificate  stage=STEP 6  complete  reason=candidate_set  wall=1.789000e-05s  cpu=1.800000e-05s  provider=0  solves=0  iterations=0

STEP 8
  certificate  stage=STEP 8  complete  reason=step8_complete  wall=7.251587e-02s  cpu=7.238600e-02s  provider=150  solves=1  iterations=19

STEP 9
  certificate  stage=STEP 9  failed  objective=-2.552052e+01  upper=-2.552049e+01  gap= 3.138590e-05  wall=0.000000e+00s  cpu=0.000000e+00s  provider=0  solves=0  iterations=0
  certificate  stage=STEP 9  complete  reason=paper_potential_convergence_failed  wall=2.303796e-03s  cpu=2.304000e-03s  provider=3  solves=0  iterations=0

STEP 7
  certificate  stage=STEP 7  complete  reason=continue_stage_ii  wall=1.280000e-06s  cpu=1.000000e-06s  provider=0  solves=0  iterations=0

STEP 4
  STAGE II STEP 4  major=46  upper=-2.552049e+01  LP_primal= 1.065814e-14  LP_dual= 6.938894e-18  active_cuts=51  certified
  certificate  stage=STEP 4  complete  reason=step4_complete  wall=4.005870e-04s  cpu=4.000000e-04s  provider=0  solves=1  iterations=1

STEP 5
  certificate  stage=STEP 5 LOCAL  major=46  attempt=195  accepted  reason=success  P rel.= 5.789163e-14  objective=-2.252919e+01  upper=-2.552049e+01  gap=-2.991293e+00  wall=0.000000e+00s  cpu=0.000000e+00s  provider=0  solves=0  iterations=0
  certificate  stage=STEP 5 LOCAL  major=46  attempt=196  accepted  reason=success  P rel.= 1.091753e-13  objective=-2.252919e+01  upper=-2.552049e+01  gap=-2.991293e+00  wall=0.000000e+00s  cpu=0.000000e+00s  provider=0  solves=0  iterations=0
  certificate  stage=STEP 5 LOCAL  major=46  attempt=197  accepted  reason=success  P rel.=-1.530597e-08  objective=-2.552049e+01  upper=-2.552049e+01  gap= 0.000000e+00  wall=0.000000e+00s  cpu=0.000000e+00s  provider=0  solves=0  iterations=0
  certificate  stage=STEP 5  complete  reason=step5_complete  wall=7.269536e-02s  cpu=7.267500e-02s  provider=68  solves=3  iterations=63

STEP 6
  certificate  stage=STEP 6  complete  reason=candidate_set  wall=1.503000e-05s  cpu=1.500000e-05s  provider=0  solves=0  iterations=0

STEP 8
  certificate  stage=STEP 8  complete  reason=step8_complete  wall=7.292771e-02s  cpu=7.291900e-02s  provider=150  solves=1  iterations=19

STEP 9
  certificate  stage=STEP 9  failed  objective=-2.552052e+01  upper=-2.552049e+01  gap= 3.138590e-05  wall=0.000000e+00s  cpu=0.000000e+00s  provider=0  solves=0  iterations=0
  certificate  stage=STEP 9  complete  reason=paper_potential_convergence_failed  wall=2.313745e-03s  cpu=2.314000e-03s  provider=3  solves=0  iterations=0

STEP 7
  certificate  stage=STEP 7  complete  reason=continue_stage_ii  wall=1.080000e-06s  cpu=1.000000e-06s  provider=0  solves=0  iterations=0

STEP 4
  STAGE II STEP 4  major=47  upper=-2.552049e+01  LP_primal= 3.552714e-15  LP_dual= 6.938894e-18  active_cuts=52  certified
  certificate  stage=STEP 4  complete  reason=step4_complete  wall=4.158470e-04s  cpu=4.090000e-04s  provider=0  solves=1  iterations=1

STEP 5
  certificate  stage=STEP 5 LOCAL  major=47  attempt=198  accepted  reason=success  P rel.=-2.304350e-09  objective=-2.552049e+01  upper=-2.552049e+01  gap=-3.552714e-15  wall=0.000000e+00s  cpu=0.000000e+00s  provider=0  solves=0  iterations=0
  certificate  stage=STEP 5  complete  reason=step5_complete  wall=2.687566e-02s  cpu=2.686800e-02s  provider=26  solves=1  iterations=20

STEP 6
  certificate  stage=STEP 6  complete  reason=candidate_set  wall=1.569000e-05s  cpu=1.500000e-05s  provider=0  solves=0  iterations=0

STEP 8
  certificate  stage=STEP 8  complete  reason=step8_complete  wall=7.459275e-02s  cpu=7.453800e-02s  provider=150  solves=1  iterations=19

STEP 9
  certificate  stage=STEP 9  failed  objective=-2.552052e+01  upper=-2.552049e+01  gap= 3.138590e-05  wall=0.000000e+00s  cpu=0.000000e+00s  provider=0  solves=0  iterations=0
  certificate  stage=STEP 9  complete  reason=paper_potential_convergence_failed  wall=2.327975e-03s  cpu=2.309000e-03s  provider=3  solves=0  iterations=0

STEP 7
  certificate  stage=STEP 7  complete  reason=continue_stage_ii  wall=1.090000e-06s  cpu=1.000000e-06s  provider=0  solves=0  iterations=0

STEP 4
  STAGE II STEP 4  major=48  upper=-2.552049e+01  LP_primal= 3.552714e-15  LP_dual= 6.938894e-18  active_cuts=53  certified
  certificate  stage=STEP 4  complete  reason=step4_complete  wall=3.912470e-04s  cpu=3.920000e-04s  provider=0  solves=1  iterations=1

STEP 5
  certificate  stage=STEP 5 LOCAL  major=48  attempt=199  accepted  reason=success  P rel.=-2.309781e-09  objective=-2.552049e+01  upper=-2.552049e+01  gap=-7.105427e-15  wall=0.000000e+00s  cpu=0.000000e+00s  provider=0  solves=0  iterations=0
  certificate  stage=STEP 5  complete  reason=step5_complete  wall=2.941170e-02s  cpu=2.931300e-02s  provider=23  solves=1  iterations=20

STEP 6
  certificate  stage=STEP 6  complete  reason=candidate_set  wall=2.370000e-05s  cpu=2.300000e-05s  provider=0  solves=0  iterations=0

STEP 8
  certificate  stage=STEP 8  complete  reason=step8_complete  wall=7.404318e-02s  cpu=7.378000e-02s  provider=150  solves=1  iterations=19

STEP 9
  certificate  stage=STEP 9  failed  objective=-2.552052e+01  upper=-2.552049e+01  gap= 3.138590e-05  wall=0.000000e+00s  cpu=0.000000e+00s  provider=0  solves=0  iterations=0
  certificate  stage=STEP 9  complete  reason=paper_potential_convergence_failed  wall=2.400065e-03s  cpu=2.382000e-03s  provider=3  solves=0  iterations=0

STEP 7
  certificate  stage=STEP 7  complete  reason=continue_stage_ii  wall=1.090000e-06s  cpu=1.000000e-06s  provider=0  solves=0  iterations=0

STEP 4
  STAGE II STEP 4  major=49  upper=-2.552049e+01  LP_primal= 3.552714e-15  LP_dual= 6.938894e-18  active_cuts=54  certified
  certificate  stage=STEP 4  complete  reason=step4_complete  wall=3.998270e-04s  cpu=4.000000e-04s  provider=0  solves=1  iterations=1

STEP 5
  certificate  stage=STEP 5 LOCAL  major=49  attempt=200  accepted  reason=success  P rel.= 7.053298e-14  objective=-2.252919e+01  upper=-2.552049e+01  gap=-2.991293e+00  wall=0.000000e+00s  cpu=0.000000e+00s  provider=0  solves=0  iterations=0
  certificate  stage=STEP 5 LOCAL  major=49  attempt=201  accepted  reason=success  P rel.=-2.332839e-09  objective=-2.552049e+01  upper=-2.552049e+01  gap= 0.000000e+00  wall=0.000000e+00s  cpu=0.000000e+00s  provider=0  solves=0  iterations=0
  certificate  stage=STEP 5  complete  reason=step5_complete  wall=5.263715e-02s  cpu=5.245500e-02s  provider=49  solves=2  iterations=44

STEP 6
  certificate  stage=STEP 6  complete  reason=candidate_set  wall=1.823900e-05s  cpu=1.800000e-05s  provider=0  solves=0  iterations=0

STEP 8
  certificate  stage=STEP 8  complete  reason=step8_complete  wall=7.404725e-02s  cpu=7.380900e-02s  provider=150  solves=1  iterations=19

STEP 9
  certificate  stage=STEP 9  failed  objective=-2.552052e+01  upper=-2.552049e+01  gap= 3.138590e-05  wall=0.000000e+00s  cpu=0.000000e+00s  provider=0  solves=0  iterations=0
  certificate  stage=STEP 9  complete  reason=paper_potential_convergence_failed  wall=2.395975e-03s  cpu=2.396000e-03s  provider=3  solves=0  iterations=0

STEP 7
  certificate  stage=STEP 7  complete  reason=continue_stage_ii  wall=1.070000e-06s  cpu=1.000000e-06s  provider=0  solves=0  iterations=0

STEP 4
  STAGE II STEP 4  major=50  upper=-2.552049e+01  LP_primal= 3.552714e-15  LP_dual= 6.938894e-18  active_cuts=55  certified
  certificate  stage=STEP 4  complete  reason=step4_complete  wall=4.007070e-04s  cpu=4.010000e-04s  provider=0  solves=1  iterations=1

STEP 5
  certificate  stage=STEP 5 LOCAL  major=50  attempt=202  accepted  reason=success  P rel.= 4.367011e-14  objective=-2.252919e+01  upper=-2.552049e+01  gap=-2.991293e+00  wall=0.000000e+00s  cpu=0.000000e+00s  provider=0  solves=0  iterations=0
  certificate  stage=STEP 5 LOCAL  major=50  attempt=203  accepted  reason=success  P rel.= 7.317617e-13  objective=-2.252919e+01  upper=-2.552049e+01  gap=-2.991293e+00  wall=0.000000e+00s  cpu=0.000000e+00s  provider=0  solves=0  iterations=0
  certificate  stage=STEP 5 LOCAL  major=50  attempt=204  accepted  reason=success  P rel.= 7.311871e-14  objective=-2.252919e+01  upper=-2.552049e+01  gap=-2.991293e+00  wall=0.000000e+00s  cpu=0.000000e+00s  provider=0  solves=0  iterations=0
  certificate  stage=STEP 5 LOCAL  major=50  attempt=206  accepted  reason=success  P rel.= 7.110758e-14  objective=-2.252919e+01  upper=-2.552049e+01  gap=-2.991293e+00  wall=0.000000e+00s  cpu=0.000000e+00s  provider=0  solves=0  iterations=0
  certificate  stage=STEP 5 LOCAL  major=50  attempt=207  accepted  reason=success  P rel.= 5.688607e-14  objective=-2.252919e+01  upper=-2.552049e+01  gap=-2.991293e+00  wall=0.000000e+00s  cpu=0.000000e+00s  provider=0  solves=0  iterations=0
  certificate  stage=STEP 5 LOCAL  major=50  attempt=208  accepted  reason=success  P rel.=-6.073989e-08  objective=-2.552058e+01  upper=-2.552049e+01  gap= 9.494208e-05  wall=0.000000e+00s  cpu=0.000000e+00s  provider=0  solves=0  iterations=0
  certificate  stage=STEP 5  complete  reason=step5_complete  wall=1.397739e-01s  cpu=1.392690e-01s  provider=130  solves=7  iterations=122

STEP 6
  certificate  stage=STEP 6  complete  reason=candidate_set  wall=1.887000e-05s  cpu=1.900000e-05s  provider=0  solves=0  iterations=0

STEP 8
  certificate  stage=STEP 8  complete  reason=step8_complete  wall=9.701910e-02s  cpu=9.663800e-02s  provider=244  solves=2  iterations=20

STEP 9
  certificate  stage=STEP 9  passed  objective=-2.552055e+01  upper=-2.552049e+01  gap= 5.954075e-05  wall=0.000000e+00s  cpu=0.000000e+00s  provider=0  solves=0  iterations=0
  certificate  stage=STEP 9  complete  reason=step9_complete  wall=2.338566e-03s  cpu=2.339000e-03s  provider=2  solves=0  iterations=0

STEP 10
  certificate  stage=STEP 10  passed  wall=0.000000e+00s  cpu=0.000000e+00s  provider=0  solves=0  iterations=0
  certificate  stage=STEP 10  complete  reason=trace_refinement_not_required  wall=4.648421e-03s  cpu=4.610000e-03s  provider=4  solves=0  iterations=0
