HELD2.0  case=installed-held2-paper-rewrite  T=2.981500e+02 K  P=1.013000e+05 Pa

STEP 1
  certificate  stage=STEP 1  complete  reason=step1_complete  wall=3.472000e-05s  cpu=3.400000e-05s  provider=1  solves=0  iterations=0

STEP 2

REFERENCE PRESSURE ROOTS
  root   0  V= 2.917403e-05  P rel.=-1.396190e-09  G/RT=-1.435401e+01  strict_stable
  root   1  V= 5.754689e-04  P rel.= 2.887948e-09  G/RT=-9.709784e+00  unstable
  root   2  V= 2.268169e-02  P rel.= 1.301071e-10  G/RT=-1.108761e+01  strict_stable
  selected root 0  status=selected
  eval     1  TPD= 4.872759e-01  P rel.=-6.133651e-09  V= 4.695210e-05  certified
  eval     2  TPD= 9.647396e-02  P rel.= 5.231305e-09  V= 5.716482e-05  certified
  eval     3  TPD= 9.215410e-01  P rel.=-1.101067e-09  V= 3.671236e-05  certified
  eval     4  TPD= 1.082800e+00  P rel.=-3.485021e-09  V= 6.798086e-05  certified
  eval     5  TPD= 5.254149e-02  P rel.=-6.873996e-09  V= 2.645032e-05  certified
  eval     6  TPD= 2.099380e-02  P rel.=-2.442252e-09  V= 4.745678e-05  certified
  eval     7  TPD= 4.533373e-01  P rel.=-7.462639e-09  V= 2.701759e-05  certified
  eval     8  TPD=-3.906973e-02  P rel.= 9.991735e-09  V= 5.083915e-05  certified
  certificate  stage=STEP 2  complete  reason=negative_tpd_witness  wall=1.843192e+00s  cpu=1.841637e+00s  provider=2459  solves=1  iterations=8

STEP 3
  certificate  stage=STEP 3  complete  reason=step3_complete  wall=8.458537e-01s  cpu=8.449930e-01s  provider=4  solves=0  iterations=0

STEP 4
  STAGE II STEP 4  major=0  upper=-1.436940e+01  LP_primal= 0.000000e+00  LP_dual= 3.469447e-18  active_cuts=5  certified
  certificate  stage=STEP 4  complete  reason=step4_complete  wall=3.577480e-04s  cpu=3.580000e-04s  provider=0  solves=1  iterations=1

STEP 5
  certificate  stage=STEP 5 LOCAL  major=0  attempt=0  accepted  reason=success  P rel.=-3.528877e-02  objective=-1.437996e+01  upper=-1.436940e+01  gap= 1.056141e-02  wall=0.000000e+00s  cpu=0.000000e+00s  provider=0  solves=0  iterations=0
  certificate  stage=STEP 5  complete  reason=step5_complete  wall=2.533927e-02s  cpu=2.533300e-02s  provider=151  solves=1  iterations=19

STEP 6
  certificate  stage=STEP 6  complete  reason=candidate_set  wall=3.280000e-06s  cpu=3.000000e-06s  provider=0  solves=0  iterations=0

STEP 8
  certificate  stage=STEP 8  complete  reason=problem_67_infeasible  wall=2.701480e-04s  cpu=2.710000e-04s  provider=2  solves=1  iterations=0

STEP 7
  certificate  stage=STEP 7  complete  reason=continue_stage_ii  wall=1.120000e-06s  cpu=1.000000e-06s  provider=0  solves=0  iterations=0

STEP 4
  STAGE II STEP 4  major=1  upper=-1.437323e+01  LP_primal= 1.776357e-15  LP_dual= 5.551115e-17  active_cuts=6  certified
  certificate  stage=STEP 4  complete  reason=step4_complete  wall=1.797080e-04s  cpu=1.800000e-04s  provider=0  solves=1  iterations=1

STEP 5
  certificate  stage=STEP 5 LOCAL  major=1  attempt=1  accepted  reason=success  P rel.=-7.938312e-08  objective=-1.453690e+01  upper=-1.437323e+01  gap= 1.636730e-01  wall=0.000000e+00s  cpu=0.000000e+00s  provider=0  solves=0  iterations=0
  certificate  stage=STEP 5  complete  reason=step5_complete  wall=2.679543e-02s  cpu=2.679700e-02s  provider=24  solves=1  iterations=23

STEP 6
  certificate  stage=STEP 6  complete  reason=candidate_set  wall=3.730000e-06s  cpu=4.000000e-06s  provider=0  solves=0  iterations=0

STEP 8
  certificate  stage=STEP 8  complete  reason=problem_67_infeasible  wall=2.835080e-04s  cpu=2.840000e-04s  provider=3  solves=1  iterations=0

STEP 7
  certificate  stage=STEP 7  complete  reason=continue_stage_ii  wall=1.090000e-06s  cpu=1.000000e-06s  provider=0  solves=0  iterations=0

STEP 4
  STAGE II STEP 4  major=2  upper=-1.440691e+01  LP_primal= 1.776357e-15  LP_dual= 5.551115e-17  active_cuts=7  certified
  certificate  stage=STEP 4  complete  reason=step4_complete  wall=2.158090e-04s  cpu=2.160000e-04s  provider=0  solves=1  iterations=1

STEP 5
  certificate  stage=STEP 5 LOCAL  major=2  attempt=2  accepted  reason=success  P rel.= 8.015764e-14  objective=-1.136093e+01  upper=-1.440691e+01  gap=-3.045980e+00  wall=0.000000e+00s  cpu=0.000000e+00s  provider=0  solves=0  iterations=0
  certificate  stage=STEP 5 LOCAL  major=2  attempt=3  accepted  reason=success  P rel.= 7.469887e-14  objective=-1.136093e+01  upper=-1.440691e+01  gap=-3.045980e+00  wall=0.000000e+00s  cpu=0.000000e+00s  provider=0  solves=0  iterations=0
  certificate  stage=STEP 5 LOCAL  major=2  attempt=4  accepted  reason=success  P rel.=-5.189167e-09  objective=-1.443150e+01  upper=-1.440691e+01  gap= 2.458723e-02  wall=0.000000e+00s  cpu=0.000000e+00s  provider=0  solves=0  iterations=0
  certificate  stage=STEP 5  complete  reason=step5_complete  wall=7.387375e-02s  cpu=7.382100e-02s  provider=67  solves=3  iterations=64

STEP 6
  certificate  stage=STEP 6  complete  reason=candidate_set  wall=3.990000e-06s  cpu=4.000000e-06s  provider=0  solves=0  iterations=0

STEP 8
  certificate  stage=STEP 8  complete  reason=step8_complete  wall=6.750384e-02s  cpu=6.741500e-02s  provider=138  solves=2  iterations=13

STEP 9
  certificate  stage=STEP 9  failed  objective=-1.440787e+01  upper=-1.440691e+01  gap= 9.635245e-04  wall=0.000000e+00s  cpu=0.000000e+00s  provider=0  solves=0  iterations=0
  certificate  stage=STEP 9  complete  reason=paper_free_energy_convergence_failed  wall=2.593643e-03s  cpu=2.594000e-03s  provider=3  solves=0  iterations=0

STEP 7
  certificate  stage=STEP 7  complete  reason=continue_stage_ii  wall=1.010000e-06s  cpu=1.000000e-06s  provider=0  solves=0  iterations=0

STEP 4
  STAGE II STEP 4  major=3  upper=-1.441833e+01  LP_primal= 0.000000e+00  LP_dual= 5.551115e-17  active_cuts=8  certified
  certificate  stage=STEP 4  complete  reason=step4_complete  wall=2.222980e-04s  cpu=2.230000e-04s  provider=0  solves=1  iterations=1

STEP 5
  certificate  stage=STEP 5 LOCAL  major=3  attempt=5  accepted  reason=success  P rel.= 7.570444e-14  objective=-1.137619e+01  upper=-1.441833e+01  gap=-3.042135e+00  wall=0.000000e+00s  cpu=0.000000e+00s  provider=0  solves=0  iterations=0
  certificate  stage=STEP 5 LOCAL  major=3  attempt=6  accepted  reason=success  P rel.=-4.133935e-09  objective=-1.442494e+01  upper=-1.441833e+01  gap= 6.606974e-03  wall=0.000000e+00s  cpu=0.000000e+00s  provider=0  solves=0  iterations=0
  certificate  stage=STEP 5  complete  reason=step5_complete  wall=4.413903e-02s  cpu=4.407400e-02s  provider=39  solves=2  iterations=35

STEP 6
  certificate  stage=STEP 6  complete  reason=candidate_set  wall=3.400000e-06s  cpu=4.000000e-06s  provider=0  solves=0  iterations=0

STEP 8
  certificate  stage=STEP 8  complete  reason=problem_67_infeasible  wall=2.529790e-04s  cpu=2.540000e-04s  provider=3  solves=1  iterations=0

STEP 7
  certificate  stage=STEP 7  complete  reason=continue_stage_ii  wall=1.010000e-06s  cpu=1.000000e-06s  provider=0  solves=0  iterations=0

STEP 4
  STAGE II STEP 4  major=4  upper=-1.442074e+01  LP_primal= 8.881784e-15  LP_dual= 5.551115e-17  active_cuts=9  certified
  certificate  stage=STEP 4  complete  reason=step4_complete  wall=2.096280e-04s  cpu=2.100000e-04s  provider=0  solves=1  iterations=1

STEP 5
  certificate  stage=STEP 5 LOCAL  major=4  attempt=7  accepted  reason=success  P rel.=-4.590375e-09  objective=-1.442245e+01  upper=-1.442074e+01  gap= 1.711874e-03  wall=0.000000e+00s  cpu=0.000000e+00s  provider=0  solves=0  iterations=0
  certificate  stage=STEP 5  complete  reason=step5_complete  wall=2.306715e-02s  cpu=2.302900e-02s  provider=21  solves=1  iterations=18

STEP 6
  certificate  stage=STEP 6  complete  reason=candidate_set  wall=3.940000e-06s  cpu=4.000000e-06s  provider=0  solves=0  iterations=0

STEP 8
  certificate  stage=STEP 8  complete  reason=step8_complete  wall=7.004175e-02s  cpu=7.002000e-02s  provider=150  solves=2  iterations=14

STEP 9
  certificate  stage=STEP 9  failed  objective=-1.442211e+01  upper=-1.442074e+01  gap= 1.368837e-03  wall=0.000000e+00s  cpu=0.000000e+00s  provider=0  solves=0  iterations=0
  certificate  stage=STEP 9  complete  reason=paper_free_energy_convergence_failed  wall=2.312325e-03s  cpu=2.313000e-03s  provider=3  solves=0  iterations=0

STEP 7
  certificate  stage=STEP 7  complete  reason=continue_stage_ii  wall=1.030000e-06s  cpu=1.000000e-06s  provider=0  solves=0  iterations=0

STEP 4
  STAGE II STEP 4  major=5  upper=-1.442176e+01  LP_primal= 0.000000e+00  LP_dual= 1.387779e-17  active_cuts=10  certified
  certificate  stage=STEP 4  complete  reason=step4_complete  wall=2.320290e-04s  cpu=2.330000e-04s  provider=0  solves=1  iterations=1

STEP 5
  certificate  stage=STEP 5 LOCAL  major=5  attempt=8  accepted  reason=success  P rel.= 7.800286e-14  objective=-1.137883e+01  upper=-1.442176e+01  gap=-3.042924e+00  wall=0.000000e+00s  cpu=0.000000e+00s  provider=0  solves=0  iterations=0
  certificate  stage=STEP 5 LOCAL  major=5  attempt=9  accepted  reason=success  P rel.= 2.952042e-13  objective=-1.137883e+01  upper=-1.442176e+01  gap=-3.042924e+00  wall=0.000000e+00s  cpu=0.000000e+00s  provider=0  solves=0  iterations=0
  certificate  stage=STEP 5 LOCAL  major=5  attempt=10  accepted  reason=success  P rel.= 5.631146e-14  objective=-1.137883e+01  upper=-1.442176e+01  gap=-3.042924e+00  wall=0.000000e+00s  cpu=0.000000e+00s  provider=0  solves=0  iterations=0
  certificate  stage=STEP 5 LOCAL  major=5  attempt=11  accepted  reason=success  P rel.= 7.146671e-13  objective=-1.137883e+01  upper=-1.442176e+01  gap=-3.042924e+00  wall=0.000000e+00s  cpu=0.000000e+00s  provider=0  solves=0  iterations=0
  certificate  stage=STEP 5 LOCAL  major=5  attempt=12  accepted  reason=success  P rel.= 7.972668e-14  objective=-1.137883e+01  upper=-1.442176e+01  gap=-3.042924e+00  wall=0.000000e+00s  cpu=0.000000e+00s  provider=0  solves=0  iterations=0
  certificate  stage=STEP 5 LOCAL  major=5  attempt=13  accepted  reason=success  P rel.=-4.346353e-09  objective=-1.442218e+01  upper=-1.442176e+01  gap= 4.226841e-04  wall=0.000000e+00s  cpu=0.000000e+00s  provider=0  solves=0  iterations=0
  certificate  stage=STEP 5  complete  reason=step5_complete  wall=1.278391e-01s  cpu=1.278080e-01s  provider=118  solves=6  iterations=108

STEP 6
  certificate  stage=STEP 6  complete  reason=candidate_set  wall=4.390000e-06s  cpu=5.000000e-06s  provider=0  solves=0  iterations=0

STEP 8
  certificate  stage=STEP 8  complete  reason=step8_complete  wall=5.265137e-01s  cpu=5.258840e-01s  provider=2258  solves=2  iterations=125

STEP 9
  certificate  stage=STEP 9  failed  objective=-1.442216e+01  upper=-1.442176e+01  gap= 4.071349e-04  wall=0.000000e+00s  cpu=0.000000e+00s  provider=0  solves=0  iterations=0
  certificate  stage=STEP 9  complete  reason=paper_free_energy_convergence_failed  wall=2.211976e-03s  cpu=2.196000e-03s  provider=3  solves=0  iterations=0

STEP 7
  certificate  stage=STEP 7  complete  reason=continue_stage_ii  wall=1.200000e-06s  cpu=1.000000e-06s  provider=0  solves=0  iterations=0

STEP 4
  STAGE II STEP 4  major=6  upper=-1.442182e+01  LP_primal= 7.105427e-15  LP_dual= 3.469447e-18  active_cuts=11  certified
  certificate  stage=STEP 4  complete  reason=step4_complete  wall=2.431280e-04s  cpu=2.430000e-04s  provider=0  solves=1  iterations=1

STEP 5
  certificate  stage=STEP 5 LOCAL  major=6  attempt=14  accepted  reason=success  P rel.= 7.096393e-14  objective=-1.137833e+01  upper=-1.442182e+01  gap=-3.043494e+00  wall=0.000000e+00s  cpu=0.000000e+00s  provider=0  solves=0  iterations=0
  certificate  stage=STEP 5 LOCAL  major=6  attempt=15  accepted  reason=success  P rel.= 4.252090e-14  objective=-1.137833e+01  upper=-1.442182e+01  gap=-3.043494e+00  wall=0.000000e+00s  cpu=0.000000e+00s  provider=0  solves=0  iterations=0
  certificate  stage=STEP 5 LOCAL  major=6  attempt=16  accepted  reason=success  P rel.=-4.459327e-09  objective=-1.442193e+01  upper=-1.442182e+01  gap= 1.064607e-04  wall=0.000000e+00s  cpu=0.000000e+00s  provider=0  solves=0  iterations=0
  certificate  stage=STEP 5  complete  reason=step5_complete  wall=6.044022e-02s  cpu=6.025800e-02s  provider=58  solves=3  iterations=51

STEP 6
  certificate  stage=STEP 6  complete  reason=candidate_set  wall=4.340000e-06s  cpu=4.000000e-06s  provider=0  solves=0  iterations=0

STEP 8
  certificate  stage=STEP 8  complete  reason=step8_complete  wall=6.632440e-02s  cpu=6.611600e-02s  provider=138  solves=2  iterations=13

STEP 9
  certificate  stage=STEP 9  failed  objective=-1.442219e+01  upper=-1.442182e+01  gap= 3.705407e-04  wall=0.000000e+00s  cpu=0.000000e+00s  provider=0  solves=0  iterations=0
  certificate  stage=STEP 9  complete  reason=paper_free_energy_convergence_failed  wall=2.284045e-03s  cpu=2.284000e-03s  provider=3  solves=0  iterations=0

STEP 7
  certificate  stage=STEP 7  complete  reason=continue_stage_ii  wall=1.150000e-06s  cpu=1.000000e-06s  provider=0  solves=0  iterations=0

STEP 4
  STAGE II STEP 4  major=7  upper=-1.442185e+01  LP_primal= 0.000000e+00  LP_dual= 5.551115e-17  active_cuts=12  certified
  certificate  stage=STEP 4  complete  reason=step4_complete  wall=2.552280e-04s  cpu=2.560000e-04s  provider=0  solves=1  iterations=1

STEP 5
  certificate  stage=STEP 5 LOCAL  major=7  attempt=17  accepted  reason=success  P rel.= 5.631146e-14  objective=-1.137809e+01  upper=-1.442185e+01  gap=-3.043761e+00  wall=0.000000e+00s  cpu=0.000000e+00s  provider=0  solves=0  iterations=0
  certificate  stage=STEP 5 LOCAL  major=7  attempt=18  accepted  reason=success  P rel.= 5.300747e-14  objective=-1.137809e+01  upper=-1.442185e+01  gap=-3.043761e+00  wall=0.000000e+00s  cpu=0.000000e+00s  provider=0  solves=0  iterations=0
  certificate  stage=STEP 5 LOCAL  major=7  attempt=19  accepted  reason=success  P rel.=-4.511319e-09  objective=-1.442188e+01  upper=-1.442185e+01  gap= 2.678876e-05  wall=0.000000e+00s  cpu=0.000000e+00s  provider=0  solves=0  iterations=0
  certificate  stage=STEP 5  complete  reason=step5_complete  wall=6.107467e-02s  cpu=6.087300e-02s  provider=59  solves=3  iterations=52

STEP 6
  certificate  stage=STEP 6  complete  reason=candidate_set  wall=5.090000e-06s  cpu=5.000000e-06s  provider=0  solves=0  iterations=0

STEP 8
  certificate  stage=STEP 8  complete  reason=step8_complete  wall=8.146271e-02s  cpu=8.121600e-02s  provider=184  solves=2  iterations=18

STEP 9
  certificate  stage=STEP 9  failed  objective=-1.442220e+01  upper=-1.442185e+01  gap= 3.471819e-04  wall=0.000000e+00s  cpu=0.000000e+00s  provider=0  solves=0  iterations=0
  certificate  stage=STEP 9  complete  reason=paper_free_energy_convergence_failed  wall=1.546010e-03s  cpu=1.547000e-03s  provider=2  solves=0  iterations=0

STEP 7
  certificate  stage=STEP 7  complete  reason=continue_stage_ii  wall=1.150000e-06s  cpu=1.000000e-06s  provider=0  solves=0  iterations=0

STEP 4
  STAGE II STEP 4  major=8  upper=-1.442187e+01  LP_primal= 1.776357e-15  LP_dual= 2.081668e-17  active_cuts=13  certified
  certificate  stage=STEP 4  complete  reason=step4_complete  wall=2.548780e-04s  cpu=2.550000e-04s  provider=0  solves=1  iterations=1

STEP 5
  certificate  stage=STEP 5 LOCAL  major=8  attempt=20  accepted  reason=success  P rel.= 7.527348e-14  objective=-1.137798e+01  upper=-1.442187e+01  gap=-3.043891e+00  wall=0.000000e+00s  cpu=0.000000e+00s  provider=0  solves=0  iterations=0
  certificate  stage=STEP 5 LOCAL  major=8  attempt=23  accepted  reason=success  P rel.= 6.306309e-14  objective=-1.137798e+01  upper=-1.442187e+01  gap=-3.043891e+00  wall=0.000000e+00s  cpu=0.000000e+00s  provider=0  solves=0  iterations=0
  certificate  stage=STEP 5 LOCAL  major=8  attempt=24  accepted  reason=success  P rel.=-4.592956e-09  objective=-1.442188e+01  upper=-1.442187e+01  gap= 6.793111e-06  wall=0.000000e+00s  cpu=0.000000e+00s  provider=0  solves=0  iterations=0
  certificate  stage=STEP 5  complete  reason=step5_complete  wall=6.201041e-02s  cpu=6.180000e-02s  provider=61  solves=5  iterations=50

STEP 6
  certificate  stage=STEP 6  complete  reason=candidate_set  wall=5.240000e-06s  cpu=6.000000e-06s  provider=0  solves=0  iterations=0

STEP 8
  certificate  stage=STEP 8  complete  reason=step8_complete  wall=6.274208e-02s  cpu=6.253800e-02s  provider=129  solves=2  iterations=17

STEP 9
  certificate  stage=STEP 9  failed  objective=-1.442220e+01  upper=-1.442187e+01  gap= 3.313398e-04  wall=0.000000e+00s  cpu=0.000000e+00s  provider=0  solves=0  iterations=0
  certificate  stage=STEP 9  complete  reason=paper_free_energy_convergence_failed  wall=1.503431e-03s  cpu=1.503000e-03s  provider=2  solves=0  iterations=0

STEP 7
  certificate  stage=STEP 7  complete  reason=continue_stage_ii  wall=1.220000e-06s  cpu=1.000000e-06s  provider=0  solves=0  iterations=0

STEP 4
  STAGE II STEP 4  major=9  upper=-1.442187e+01  LP_primal= 8.881784e-15  LP_dual= 2.602085e-17  active_cuts=14  certified
  certificate  stage=STEP 4  complete  reason=step4_complete  wall=2.523880e-04s  cpu=2.520000e-04s  provider=0  solves=1  iterations=1

STEP 5
  certificate  stage=STEP 5 LOCAL  major=9  attempt=25  accepted  reason=success  P rel.= 6.981472e-14  objective=-1.137804e+01  upper=-1.442187e+01  gap=-3.043825e+00  wall=0.000000e+00s  cpu=0.000000e+00s  provider=0  solves=0  iterations=0
  certificate  stage=STEP 5 LOCAL  major=9  attempt=26  accepted  reason=success  P rel.=-4.543369e-09  objective=-1.442187e+01  upper=-1.442187e+01  gap= 1.696826e-06  wall=0.000000e+00s  cpu=0.000000e+00s  provider=0  solves=0  iterations=0
  certificate  stage=STEP 5  complete  reason=step5_complete  wall=5.190453e-02s  cpu=5.174400e-02s  provider=50  solves=2  iterations=40

STEP 6
  certificate  stage=STEP 6  complete  reason=candidate_set  wall=5.440000e-06s  cpu=5.000000e-06s  provider=0  solves=0  iterations=0

STEP 8
  certificate  stage=STEP 8  complete  reason=step8_complete  wall=6.302909e-02s  cpu=6.284400e-02s  provider=141  solves=2  iterations=17

STEP 9
  certificate  stage=STEP 9  failed  objective=-1.442220e+01  upper=-1.442187e+01  gap= 3.305648e-04  wall=0.000000e+00s  cpu=0.000000e+00s  provider=0  solves=0  iterations=0
  certificate  stage=STEP 9  complete  reason=paper_free_energy_convergence_failed  wall=1.564840e-03s  cpu=1.565000e-03s  provider=2  solves=0  iterations=0

STEP 7
  certificate  stage=STEP 7  complete  reason=continue_stage_ii  wall=1.230000e-06s  cpu=2.000000e-06s  provider=0  solves=0  iterations=0

STEP 4
  STAGE II STEP 4  major=10  upper=-1.442187e+01  LP_primal= 0.000000e+00  LP_dual= 5.551115e-17  active_cuts=15  certified
  certificate  stage=STEP 4  complete  reason=step4_complete  wall=2.489990e-04s  cpu=2.500000e-04s  provider=0  solves=1  iterations=1

STEP 5
  certificate  stage=STEP 5 LOCAL  major=10  attempt=27  accepted  reason=success  P rel.= 6.062101e-14  objective=-1.137808e+01  upper=-1.442187e+01  gap=-3.043792e+00  wall=0.000000e+00s  cpu=0.000000e+00s  provider=0  solves=0  iterations=0
  certificate  stage=STEP 5 LOCAL  major=10  attempt=28  accepted  reason=success  P rel.= 8.590370e-14  objective=-1.137808e+01  upper=-1.442187e+01  gap=-3.043792e+00  wall=0.000000e+00s  cpu=0.000000e+00s  provider=0  solves=0  iterations=0
  certificate  stage=STEP 5 LOCAL  major=10  attempt=29  accepted  reason=success  P rel.= 5.904084e-14  objective=-1.137808e+01  upper=-1.442187e+01  gap=-3.043792e+00  wall=0.000000e+00s  cpu=0.000000e+00s  provider=0  solves=0  iterations=0
  certificate  stage=STEP 5 LOCAL  major=10  attempt=30  accepted  reason=success  P rel.= 5.042174e-14  objective=-1.137808e+01  upper=-1.442187e+01  gap=-3.043792e+00  wall=0.000000e+00s  cpu=0.000000e+00s  provider=0  solves=0  iterations=0
  certificate  stage=STEP 5 LOCAL  major=10  attempt=31  accepted  reason=success  P rel.= 6.665438e-14  objective=-1.137808e+01  upper=-1.442187e+01  gap=-3.043792e+00  wall=0.000000e+00s  cpu=0.000000e+00s  provider=0  solves=0  iterations=0
  certificate  stage=STEP 5 LOCAL  major=10  attempt=32  accepted  reason=success  P rel.= 4.481932e-14  objective=-1.137808e+01  upper=-1.442187e+01  gap=-3.043792e+00  wall=0.000000e+00s  cpu=0.000000e+00s  provider=0  solves=0  iterations=0
  certificate  stage=STEP 5 LOCAL  major=10  attempt=33  accepted  reason=success  P rel.= 8.978230e-14  objective=-1.137808e+01  upper=-1.442187e+01  gap=-3.043792e+00  wall=0.000000e+00s  cpu=0.000000e+00s  provider=0  solves=0  iterations=0
  certificate  stage=STEP 5 LOCAL  major=10  attempt=34  accepted  reason=success  P rel.= 6.780359e-14  objective=-1.137808e+01  upper=-1.442187e+01  gap=-3.043792e+00  wall=0.000000e+00s  cpu=0.000000e+00s  provider=0  solves=0  iterations=0
  certificate  stage=STEP 5 LOCAL  major=10  attempt=35  accepted  reason=success  P rel.= 7.354966e-14  objective=-1.137808e+01  upper=-1.442187e+01  gap=-3.043792e+00  wall=0.000000e+00s  cpu=0.000000e+00s  provider=0  solves=0  iterations=0
  certificate  stage=STEP 5 LOCAL  major=10  attempt=36  accepted  reason=success  P rel.=-4.532418e-09  objective=-1.442187e+01  upper=-1.442187e+01  gap= 4.240428e-07  wall=0.000000e+00s  cpu=0.000000e+00s  provider=0  solves=0  iterations=0
  certificate  stage=STEP 5  complete  reason=step5_complete  wall=2.164360e-01s  cpu=2.157200e-01s  provider=205  solves=10  iterations=185

STEP 6
  certificate  stage=STEP 6  complete  reason=candidate_set  wall=6.209000e-06s  cpu=7.000000e-06s  provider=0  solves=0  iterations=0

STEP 8
  certificate  stage=STEP 8  complete  reason=step8_complete  wall=6.352320e-02s  cpu=6.333500e-02s  provider=141  solves=2  iterations=17

STEP 9
  certificate  stage=STEP 9  failed  objective=-1.442220e+01  upper=-1.442187e+01  gap= 3.301778e-04  wall=0.000000e+00s  cpu=0.000000e+00s  provider=0  solves=0  iterations=0
  certificate  stage=STEP 9  complete  reason=paper_free_energy_convergence_failed  wall=1.567440e-03s  cpu=1.552000e-03s  provider=2  solves=0  iterations=0

STEP 7
  certificate  stage=STEP 7  complete  reason=continue_stage_ii  wall=1.190000e-06s  cpu=1.000000e-06s  provider=0  solves=0  iterations=0

STEP 4
  STAGE II STEP 4  major=11  upper=-1.442187e+01  LP_primal= 3.552714e-15  LP_dual= 1.110223e-16  active_cuts=16  certified
  certificate  stage=STEP 4  complete  reason=step4_complete  wall=2.621680e-04s  cpu=2.630000e-04s  provider=0  solves=1  iterations=1

STEP 5
  certificate  stage=STEP 5 LOCAL  major=11  attempt=37  accepted  reason=success  P rel.=-4.614857e-09  objective=-1.442187e+01  upper=-1.442187e+01  gap= 1.060077e-07  wall=0.000000e+00s  cpu=0.000000e+00s  provider=0  solves=0  iterations=0
  certificate  stage=STEP 5  complete  reason=step5_complete  wall=2.230857e-02s  cpu=2.224400e-02s  provider=21  solves=1  iterations=18

STEP 6
  certificate  stage=STEP 6  complete  reason=candidate_set  wall=7.420000e-06s  cpu=7.000000e-06s  provider=0  solves=0  iterations=0

STEP 8
  certificate  stage=STEP 8  complete  reason=step8_complete  wall=6.393356e-02s  cpu=6.371400e-02s  provider=141  solves=2  iterations=17

STEP 9
  certificate  stage=STEP 9  failed  objective=-1.442220e+01  upper=-1.442187e+01  gap= 3.299844e-04  wall=0.000000e+00s  cpu=0.000000e+00s  provider=0  solves=0  iterations=0
  certificate  stage=STEP 9  complete  reason=paper_free_energy_convergence_failed  wall=1.795828e-03s  cpu=1.797000e-03s  provider=2  solves=0  iterations=0

STEP 7
  certificate  stage=STEP 7  complete  reason=continue_stage_ii  wall=2.470000e-06s  cpu=2.000000e-06s  provider=0  solves=0  iterations=0

STEP 4
  STAGE II STEP 4  major=12  upper=-1.442187e+01  LP_primal= 0.000000e+00  LP_dual= 6.938894e-18  active_cuts=17  certified
  certificate  stage=STEP 4  complete  reason=step4_complete  wall=4.007070e-04s  cpu=4.010000e-04s  provider=0  solves=1  iterations=1

STEP 5
  certificate  stage=STEP 5 LOCAL  major=12  attempt=38  accepted  reason=success  P rel.= 7.627904e-14  objective=-1.137809e+01  upper=-1.442187e+01  gap=-3.043784e+00  wall=0.000000e+00s  cpu=0.000000e+00s  provider=0  solves=0  iterations=0
  certificate  stage=STEP 5 LOCAL  major=12  attempt=39  accepted  reason=success  P rel.= 6.162657e-14  objective=-1.137809e+01  upper=-1.442187e+01  gap=-3.043784e+00  wall=0.000000e+00s  cpu=0.000000e+00s  provider=0  solves=0  iterations=0
  certificate  stage=STEP 5 LOCAL  major=12  attempt=40  accepted  reason=success  P rel.= 5.358208e-14  objective=-1.137809e+01  upper=-1.442187e+01  gap=-3.043784e+00  wall=0.000000e+00s  cpu=0.000000e+00s  provider=0  solves=0  iterations=0
  certificate  stage=STEP 5 LOCAL  major=12  attempt=41  accepted  reason=success  P rel.= 7.110758e-14  objective=-1.137809e+01  upper=-1.442187e+01  gap=-3.043784e+00  wall=0.000000e+00s  cpu=0.000000e+00s  provider=0  solves=0  iterations=0
  certificate  stage=STEP 5 LOCAL  major=12  attempt=42  accepted  reason=success  P rel.= 5.947180e-14  objective=-1.137809e+01  upper=-1.442187e+01  gap=-3.043784e+00  wall=0.000000e+00s  cpu=0.000000e+00s  provider=0  solves=0  iterations=0
  certificate  stage=STEP 5 LOCAL  major=12  attempt=43  accepted  reason=success  P rel.=-4.517106e-09  objective=-1.442187e+01  upper=-1.442187e+01  gap= 2.650479e-08  wall=0.000000e+00s  cpu=0.000000e+00s  provider=0  solves=0  iterations=0
  certificate  stage=STEP 5  complete  reason=step5_complete  wall=1.219548e-01s  cpu=1.215040e-01s  provider=114  solves=6  iterations=107

STEP 6
  certificate  stage=STEP 6  complete  reason=candidate_set  wall=8.789000e-06s  cpu=8.000000e-06s  provider=0  solves=0  iterations=0

STEP 8
  certificate  stage=STEP 8  complete  reason=step8_complete  wall=6.330252e-02s  cpu=6.307700e-02s  provider=141  solves=2  iterations=17

STEP 9
  certificate  stage=STEP 9  failed  objective=-1.442220e+01  upper=-1.442187e+01  gap= 3.299393e-04  wall=0.000000e+00s  cpu=0.000000e+00s  provider=0  solves=0  iterations=0
  certificate  stage=STEP 9  complete  reason=paper_free_energy_convergence_failed  wall=1.551241e-03s  cpu=1.551000e-03s  provider=2  solves=0  iterations=0

STEP 7
  certificate  stage=STEP 7  complete  reason=continue_stage_ii  wall=1.130000e-06s  cpu=1.000000e-06s  provider=0  solves=0  iterations=0

STEP 4
  STAGE II STEP 4  major=13  upper=-1.442187e+01  LP_primal= 1.776357e-15  LP_dual= 2.081668e-17  active_cuts=18  certified
  certificate  stage=STEP 4  complete  reason=step4_complete  wall=2.864680e-04s  cpu=2.700000e-04s  provider=0  solves=1  iterations=1

STEP 5
  certificate  stage=STEP 5 LOCAL  major=13  attempt=44  accepted  reason=success  P rel.= 7.383696e-14  objective=-1.137809e+01  upper=-1.442187e+01  gap=-3.043780e+00  wall=0.000000e+00s  cpu=0.000000e+00s  provider=0  solves=0  iterations=0
  certificate  stage=STEP 5 LOCAL  major=13  attempt=45  accepted  reason=success  P rel.= 5.975910e-14  objective=-1.137809e+01  upper=-1.442187e+01  gap=-3.043780e+00  wall=0.000000e+00s  cpu=0.000000e+00s  provider=0  solves=0  iterations=0
  certificate  stage=STEP 5 LOCAL  major=13  attempt=47  accepted  reason=success  P rel.=-4.531083e-09  objective=-1.442187e+01  upper=-1.442187e+01  gap= 6.625839e-09  wall=0.000000e+00s  cpu=0.000000e+00s  provider=0  solves=0  iterations=0
  certificate  stage=STEP 5  complete  reason=step5_complete  wall=6.909878e-02s  cpu=6.889900e-02s  provider=69  solves=4  iterations=54

STEP 6
  certificate  stage=STEP 6  complete  reason=candidate_set  wall=8.180000e-06s  cpu=8.000000e-06s  provider=0  solves=0  iterations=0

STEP 8
  certificate  stage=STEP 8  complete  reason=step8_complete  wall=6.376963e-02s  cpu=6.356700e-02s  provider=141  solves=2  iterations=17

STEP 9
  certificate  stage=STEP 9  failed  objective=-1.442220e+01  upper=-1.442187e+01  gap= 3.299264e-04  wall=0.000000e+00s  cpu=0.000000e+00s  provider=0  solves=0  iterations=0
  certificate  stage=STEP 9  complete  reason=paper_free_energy_convergence_failed  wall=1.728569e-03s  cpu=1.713000e-03s  provider=2  solves=0  iterations=0

STEP 7
  certificate  stage=STEP 7  complete  reason=continue_stage_ii  wall=1.290000e-06s  cpu=2.000000e-06s  provider=0  solves=0  iterations=0

STEP 4
  STAGE II STEP 4  major=14  upper=-1.442187e+01  LP_primal= 1.776357e-15  LP_dual= 5.551115e-17  active_cuts=19  certified
  certificate  stage=STEP 4  complete  reason=step4_complete  wall=2.686780e-04s  cpu=2.690000e-04s  provider=0  solves=1  iterations=1

STEP 5
  certificate  stage=STEP 5 LOCAL  major=14  attempt=48  accepted  reason=success  P rel.= 5.224612e-13  objective=-1.137809e+01  upper=-1.442187e+01  gap=-3.043782e+00  wall=0.000000e+00s  cpu=0.000000e+00s  provider=0  solves=0  iterations=0
  certificate  stage=STEP 5 LOCAL  major=14  attempt=49  accepted  reason=success  P rel.= 6.248848e-14  objective=-1.137809e+01  upper=-1.442187e+01  gap=-3.043782e+00  wall=0.000000e+00s  cpu=0.000000e+00s  provider=0  solves=0  iterations=0
  certificate  stage=STEP 5 LOCAL  major=14  attempt=50  accepted  reason=success  P rel.= 6.019005e-14  objective=-1.137809e+01  upper=-1.442187e+01  gap=-3.043782e+00  wall=0.000000e+00s  cpu=0.000000e+00s  provider=0  solves=0  iterations=0
  certificate  stage=STEP 5 LOCAL  major=14  attempt=51  accepted  reason=success  P rel.= 7.139489e-14  objective=-1.137809e+01  upper=-1.442187e+01  gap=-3.043782e+00  wall=0.000000e+00s  cpu=0.000000e+00s  provider=0  solves=0  iterations=0
  certificate  stage=STEP 5 LOCAL  major=14  attempt=52  accepted  reason=success  P rel.= 4.496298e-14  objective=-1.137809e+01  upper=-1.442187e+01  gap=-3.043782e+00  wall=0.000000e+00s  cpu=0.000000e+00s  provider=0  solves=0  iterations=0
  certificate  stage=STEP 5 LOCAL  major=14  attempt=53  accepted  reason=success  P rel.= 8.719657e-14  objective=-1.137809e+01  upper=-1.442187e+01  gap=-3.043782e+00  wall=0.000000e+00s  cpu=0.000000e+00s  provider=0  solves=0  iterations=0
  certificate  stage=STEP 5 LOCAL  major=14  attempt=54  accepted  reason=success  P rel.= 7.814651e-14  objective=-1.137809e+01  upper=-1.442187e+01  gap=-3.043782e+00  wall=0.000000e+00s  cpu=0.000000e+00s  provider=0  solves=0  iterations=0
  certificate  stage=STEP 5 LOCAL  major=14  attempt=55  accepted  reason=success  P rel.= 6.883789e-13  objective=-1.137809e+01  upper=-1.442187e+01  gap=-3.043782e+00  wall=0.000000e+00s  cpu=0.000000e+00s  provider=0  solves=0  iterations=0
  certificate  stage=STEP 5 LOCAL  major=14  attempt=56  accepted  reason=success  P rel.= 3.969096e-13  objective=-1.137809e+01  upper=-1.442187e+01  gap=-3.043782e+00  wall=0.000000e+00s  cpu=0.000000e+00s  provider=0  solves=0  iterations=0
  certificate  stage=STEP 5 LOCAL  major=14  attempt=57  accepted  reason=success  P rel.= 4.381376e-14  objective=-1.137809e+01  upper=-1.442187e+01  gap=-3.043782e+00  wall=0.000000e+00s  cpu=0.000000e+00s  provider=0  solves=0  iterations=0
  certificate  stage=STEP 5 LOCAL  major=14  attempt=59  accepted  reason=success  P rel.= 7.874985e-13  objective=-1.137809e+01  upper=-1.442187e+01  gap=-3.043782e+00  wall=0.000000e+00s  cpu=0.000000e+00s  provider=0  solves=0  iterations=0
  certificate  stage=STEP 5 LOCAL  major=14  attempt=60  accepted  reason=success  P rel.= 8.130685e-14  objective=-1.137809e+01  upper=-1.442187e+01  gap=-3.043782e+00  wall=0.000000e+00s  cpu=0.000000e+00s  provider=0  solves=0  iterations=0
  certificate  stage=STEP 5 LOCAL  major=14  attempt=61  accepted  reason=success  P rel.= 3.993517e-14  objective=-1.137809e+01  upper=-1.442187e+01  gap=-3.043782e+00  wall=0.000000e+00s  cpu=0.000000e+00s  provider=0  solves=0  iterations=0
  certificate  stage=STEP 5 LOCAL  major=14  attempt=62  accepted  reason=success  P rel.=-4.529480e-09  objective=-1.442187e+01  upper=-1.442187e+01  gap= 1.656502e-09  wall=0.000000e+00s  cpu=0.000000e+00s  provider=0  solves=0  iterations=0
  certificate  stage=STEP 5  complete  reason=step5_complete  wall=3.001072e-01s  cpu=2.990460e-01s  provider=280  solves=15  iterations=259

STEP 6
  certificate  stage=STEP 6  complete  reason=candidate_set  wall=9.480000e-06s  cpu=1.000000e-05s  provider=0  solves=0  iterations=0

STEP 8
  certificate  stage=STEP 8  complete  reason=step8_complete  wall=6.442518e-02s  cpu=6.421600e-02s  provider=141  solves=2  iterations=17

STEP 9
  certificate  stage=STEP 9  failed  objective=-1.442220e+01  upper=-1.442187e+01  gap= 3.299240e-04  wall=0.000000e+00s  cpu=0.000000e+00s  provider=0  solves=0  iterations=0
  certificate  stage=STEP 9  complete  reason=paper_free_energy_convergence_failed  wall=1.584980e-03s  cpu=1.585000e-03s  provider=2  solves=0  iterations=0

STEP 7
  certificate  stage=STEP 7  complete  reason=continue_stage_ii  wall=1.170000e-06s  cpu=1.000000e-06s  provider=0  solves=0  iterations=0

STEP 4
  STAGE II STEP 4  major=15  upper=-1.442187e+01  LP_primal= 1.776357e-15  LP_dual= 2.081668e-17  active_cuts=20  certified
  certificate  stage=STEP 4  complete  reason=step4_complete  wall=2.760680e-04s  cpu=2.760000e-04s  provider=0  solves=1  iterations=1

STEP 5
  certificate  stage=STEP 5 LOCAL  major=15  attempt=63  accepted  reason=success  P rel.=-4.543903e-09  objective=-1.442187e+01  upper=-1.442187e+01  gap= 4.141203e-10  wall=0.000000e+00s  cpu=0.000000e+00s  provider=0  solves=0  iterations=0
  certificate  stage=STEP 5  complete  reason=step5_complete  wall=2.931653e-02s  cpu=2.923600e-02s  provider=28  solves=1  iterations=22

STEP 6
  certificate  stage=STEP 6  complete  reason=candidate_set  wall=8.330000e-06s  cpu=8.000000e-06s  provider=0  solves=0  iterations=0

STEP 8
  certificate  stage=STEP 8  complete  reason=step8_complete  wall=6.393579e-02s  cpu=6.374400e-02s  provider=141  solves=2  iterations=17

STEP 9
  certificate  stage=STEP 9  failed  objective=-1.442220e+01  upper=-1.442187e+01  gap= 3.299229e-04  wall=0.000000e+00s  cpu=0.000000e+00s  provider=0  solves=0  iterations=0
  certificate  stage=STEP 9  complete  reason=paper_free_energy_convergence_failed  wall=1.575890e-03s  cpu=1.576000e-03s  provider=2  solves=0  iterations=0

STEP 7
  certificate  stage=STEP 7  complete  reason=continue_stage_ii  wall=1.030000e-06s  cpu=1.000000e-06s  provider=0  solves=0  iterations=0

STEP 4
  STAGE II STEP 4  major=16  upper=-1.442187e+01  LP_primal= 0.000000e+00  LP_dual= 1.214306e-17  active_cuts=21  certified
  certificate  stage=STEP 4  complete  reason=step4_complete  wall=2.725380e-04s  cpu=2.730000e-04s  provider=0  solves=1  iterations=1

STEP 5
  certificate  stage=STEP 5 LOCAL  major=16  attempt=64  accepted  reason=success  P rel.=-7.803255e-09  objective=-1.442187e+01  upper=-1.442187e+01  gap= 1.035314e-10  wall=0.000000e+00s  cpu=0.000000e+00s  provider=0  solves=0  iterations=0
  certificate  stage=STEP 5  complete  reason=step5_complete  wall=2.179632e-02s  cpu=2.171500e-02s  provider=20  solves=1  iterations=19

STEP 6
  certificate  stage=STEP 6  complete  reason=candidate_set  wall=7.460000e-06s  cpu=7.000000e-06s  provider=0  solves=0  iterations=0

STEP 8
  certificate  stage=STEP 8  complete  reason=step8_complete  wall=6.339871e-02s  cpu=6.318000e-02s  provider=141  solves=2  iterations=17

STEP 9
  certificate  stage=STEP 9  failed  objective=-1.442220e+01  upper=-1.442187e+01  gap= 3.299229e-04  wall=0.000000e+00s  cpu=0.000000e+00s  provider=0  solves=0  iterations=0
  certificate  stage=STEP 9  complete  reason=paper_free_energy_convergence_failed  wall=1.569260e-03s  cpu=1.555000e-03s  provider=2  solves=0  iterations=0

STEP 7
  certificate  stage=STEP 7  complete  reason=continue_stage_ii  wall=1.200000e-06s  cpu=2.000000e-06s  provider=0  solves=0  iterations=0

STEP 4
  STAGE II STEP 4  major=17  upper=-1.442187e+01  LP_primal= 5.329071e-15  LP_dual= 2.168404e-19  active_cuts=22  certified
  certificate  stage=STEP 4  complete  reason=step4_complete  wall=3.633770e-04s  cpu=3.640000e-04s  provider=0  solves=1  iterations=1

STEP 5
  certificate  stage=STEP 5 LOCAL  major=17  attempt=65  accepted  reason=success  P rel.= 5.544955e-14  objective=-1.137809e+01  upper=-1.442187e+01  gap=-3.043782e+00  wall=0.000000e+00s  cpu=0.000000e+00s  provider=0  solves=0  iterations=0
  certificate  stage=STEP 5 LOCAL  major=17  attempt=66  accepted  reason=success  P rel.= 4.496298e-14  objective=-1.137809e+01  upper=-1.442187e+01  gap=-3.043782e+00  wall=0.000000e+00s  cpu=0.000000e+00s  provider=0  solves=0  iterations=0
  certificate  stage=STEP 5 LOCAL  major=17  attempt=67  accepted  reason=success  P rel.= 4.826696e-14  objective=-1.137809e+01  upper=-1.442187e+01  gap=-3.043782e+00  wall=0.000000e+00s  cpu=0.000000e+00s  provider=0  solves=0  iterations=0
  certificate  stage=STEP 5 LOCAL  major=17  attempt=68  accepted  reason=success  P rel.= 6.435595e-14  objective=-1.137809e+01  upper=-1.442187e+01  gap=-3.043782e+00  wall=0.000000e+00s  cpu=0.000000e+00s  provider=0  solves=0  iterations=0
  certificate  stage=STEP 5 LOCAL  major=17  attempt=69  accepted  reason=success  P rel.= 6.809090e-14  objective=-1.137809e+01  upper=-1.442187e+01  gap=-3.043782e+00  wall=0.000000e+00s  cpu=0.000000e+00s  provider=0  solves=0  iterations=0
  certificate  stage=STEP 5 LOCAL  major=17  attempt=70  accepted  reason=success  P rel.=-4.558770e-09  objective=-1.442187e+01  upper=-1.442187e+01  gap= 2.588330e-11  wall=0.000000e+00s  cpu=0.000000e+00s  provider=0  solves=0  iterations=0
  certificate  stage=STEP 5  complete  reason=step5_complete  wall=1.406044e-01s  cpu=1.400800e-01s  provider=130  solves=6  iterations=120

STEP 6
  certificate  stage=STEP 6  complete  reason=candidate_set  wall=1.000000e-05s  cpu=1.000000e-05s  provider=0  solves=0  iterations=0

STEP 8
  certificate  stage=STEP 8  complete  reason=step8_complete  wall=6.461770e-02s  cpu=6.440500e-02s  provider=141  solves=2  iterations=17

STEP 9
  certificate  stage=STEP 9  failed  objective=-1.442220e+01  upper=-1.442187e+01  gap= 3.299229e-04  wall=0.000000e+00s  cpu=0.000000e+00s  provider=0  solves=0  iterations=0
  certificate  stage=STEP 9  complete  reason=paper_free_energy_convergence_failed  wall=1.559560e-03s  cpu=1.544000e-03s  provider=2  solves=0  iterations=0

STEP 7
  certificate  stage=STEP 7  complete  reason=continue_stage_ii  wall=1.190000e-06s  cpu=1.000000e-06s  provider=0  solves=0  iterations=0

STEP 4
  STAGE II STEP 4  major=18  upper=-1.442187e+01  LP_primal= 2.588330e-11  LP_dual= 2.168404e-19  active_cuts=23  certified
  certificate  stage=STEP 4  complete  reason=step4_complete  wall=2.877180e-04s  cpu=2.880000e-04s  provider=0  solves=1  iterations=1

STEP 5
  certificate  stage=STEP 5 LOCAL  major=18  attempt=71  accepted  reason=success  P rel.= 5.990275e-14  objective=-1.137809e+01  upper=-1.442187e+01  gap=-3.043782e+00  wall=0.000000e+00s  cpu=0.000000e+00s  provider=0  solves=0  iterations=0
  certificate  stage=STEP 5 LOCAL  major=18  attempt=72  accepted  reason=success  P rel.= 7.038932e-14  objective=-1.137809e+01  upper=-1.442187e+01  gap=-3.043782e+00  wall=0.000000e+00s  cpu=0.000000e+00s  provider=0  solves=0  iterations=0
  certificate  stage=STEP 5 LOCAL  major=18  attempt=73  accepted  reason=success  P rel.= 2.818446e-13  objective=-1.137809e+01  upper=-1.442187e+01  gap=-3.043782e+00  wall=0.000000e+00s  cpu=0.000000e+00s  provider=0  solves=0  iterations=0
  certificate  stage=STEP 5 LOCAL  major=18  attempt=74  accepted  reason=success  P rel.= 2.950606e-13  objective=-1.137809e+01  upper=-1.442187e+01  gap=-3.043782e+00  wall=0.000000e+00s  cpu=0.000000e+00s  provider=0  solves=0  iterations=0
  certificate  stage=STEP 5 LOCAL  major=18  attempt=75  accepted  reason=success  P rel.= 8.446719e-14  objective=-1.137809e+01  upper=-1.442187e+01  gap=-3.043782e+00  wall=0.000000e+00s  cpu=0.000000e+00s  provider=0  solves=0  iterations=0
  certificate  stage=STEP 5 LOCAL  major=18  attempt=76  accepted  reason=success  P rel.= 8.100518e-13  objective=-1.137809e+01  upper=-1.442187e+01  gap=-3.043782e+00  wall=0.000000e+00s  cpu=0.000000e+00s  provider=0  solves=0  iterations=0
  certificate  stage=STEP 5 LOCAL  major=18  attempt=77  accepted  reason=success  P rel.= 3.036797e-13  objective=-1.137809e+01  upper=-1.442187e+01  gap=-3.043782e+00  wall=0.000000e+00s  cpu=0.000000e+00s  provider=0  solves=0  iterations=0
  certificate  stage=STEP 5 LOCAL  major=18  attempt=78  accepted  reason=success  P rel.= 6.722899e-14  objective=-1.137809e+01  upper=-1.442187e+01  gap=-3.043782e+00  wall=0.000000e+00s  cpu=0.000000e+00s  provider=0  solves=0  iterations=0
  certificate  stage=STEP 5 LOCAL  major=18  attempt=79  accepted  reason=success  P rel.= 4.410107e-14  objective=-1.137809e+01  upper=-1.442187e+01  gap=-3.043782e+00  wall=0.000000e+00s  cpu=0.000000e+00s  provider=0  solves=0  iterations=0
  certificate  stage=STEP 5 LOCAL  major=18  attempt=80  accepted  reason=success  P rel.= 9.624663e-14  objective=-1.137809e+01  upper=-1.442187e+01  gap=-3.043782e+00  wall=0.000000e+00s  cpu=0.000000e+00s  provider=0  solves=0  iterations=0
  certificate  stage=STEP 5 LOCAL  major=18  attempt=81  accepted  reason=success  P rel.= 2.131791e-13  objective=-1.137809e+01  upper=-1.442187e+01  gap=-3.043782e+00  wall=0.000000e+00s  cpu=0.000000e+00s  provider=0  solves=0  iterations=0
  certificate  stage=STEP 5 LOCAL  major=18  attempt=82  accepted  reason=success  P rel.= 5.947180e-14  objective=-1.137809e+01  upper=-1.442187e+01  gap=-3.043782e+00  wall=0.000000e+00s  cpu=0.000000e+00s  provider=0  solves=0  iterations=0
  certificate  stage=STEP 5 LOCAL  major=18  attempt=83  accepted  reason=success  P rel.= 6.880915e-14  objective=-1.137809e+01  upper=-1.442187e+01  gap=-3.043782e+00  wall=0.000000e+00s  cpu=0.000000e+00s  provider=0  solves=0  iterations=0
  certificate  stage=STEP 5 LOCAL  major=18  attempt=84  accepted  reason=success  P rel.= 5.300747e-14  objective=-1.137809e+01  upper=-1.442187e+01  gap=-3.043782e+00  wall=0.000000e+00s  cpu=0.000000e+00s  provider=0  solves=0  iterations=0
  certificate  stage=STEP 5 LOCAL  major=18  attempt=85  accepted  reason=success  P rel.= 6.033371e-14  objective=-1.137809e+01  upper=-1.442187e+01  gap=-3.043782e+00  wall=0.000000e+00s  cpu=0.000000e+00s  provider=0  solves=0  iterations=0
  certificate  stage=STEP 5 LOCAL  major=18  attempt=87  accepted  reason=success  P rel.= 6.780359e-14  objective=-1.137809e+01  upper=-1.442187e+01  gap=-3.043782e+00  wall=0.000000e+00s  cpu=0.000000e+00s  provider=0  solves=0  iterations=0
  certificate  stage=STEP 5 LOCAL  major=18  attempt=88  accepted  reason=success  P rel.= 6.320674e-14  objective=-1.137809e+01  upper=-1.442187e+01  gap=-3.043782e+00  wall=0.000000e+00s  cpu=0.000000e+00s  provider=0  solves=0  iterations=0
  certificate  stage=STEP 5 LOCAL  major=18  attempt=89  accepted  reason=success  P rel.=-4.579869e-09  objective=-1.442187e+01  upper=-1.442187e+01  gap= 2.589040e-11  wall=0.000000e+00s  cpu=0.000000e+00s  provider=0  solves=0  iterations=0
  certificate  stage=STEP 5  complete  reason=step5_complete  wall=3.781998e-01s  cpu=3.769770e-01s  provider=358  solves=19  iterations=332

STEP 6
  certificate  stage=STEP 6  complete  reason=candidate_set  wall=1.044000e-05s  cpu=1.000000e-05s  provider=0  solves=0  iterations=0

STEP 8
  certificate  stage=STEP 8  complete  reason=step8_complete  wall=6.392998e-02s  cpu=6.372800e-02s  provider=141  solves=2  iterations=17

STEP 9
  certificate  stage=STEP 9  failed  objective=-1.442220e+01  upper=-1.442187e+01  gap= 3.299229e-04  wall=0.000000e+00s  cpu=0.000000e+00s  provider=0  solves=0  iterations=0
  certificate  stage=STEP 9  complete  reason=paper_free_energy_convergence_failed  wall=1.558160e-03s  cpu=1.559000e-03s  provider=2  solves=0  iterations=0

STEP 7
  certificate  stage=STEP 7  complete  reason=continue_stage_ii  wall=1.540000e-06s  cpu=1.000000e-06s  provider=0  solves=0  iterations=0

STEP 4
  STAGE II STEP 4  major=19  upper=-1.442187e+01  LP_primal= 2.589040e-11  LP_dual= 2.168404e-19  active_cuts=24  certified
  certificate  stage=STEP 4  complete  reason=step4_complete  wall=3.009880e-04s  cpu=3.010000e-04s  provider=0  solves=1  iterations=1

STEP 5
  certificate  stage=STEP 5 LOCAL  major=19  attempt=90  accepted  reason=success  P rel.= 7.139489e-14  objective=-1.137809e+01  upper=-1.442187e+01  gap=-3.043782e+00  wall=0.000000e+00s  cpu=0.000000e+00s  provider=0  solves=0  iterations=0
  certificate  stage=STEP 5 LOCAL  major=19  attempt=91  accepted  reason=success  P rel.= 5.372573e-14  objective=-1.137809e+01  upper=-1.442187e+01  gap=-3.043782e+00  wall=0.000000e+00s  cpu=0.000000e+00s  provider=0  solves=0  iterations=0
  certificate  stage=STEP 5 LOCAL  major=19  attempt=92  accepted  reason=success  P rel.= 2.815573e-14  objective=-1.137809e+01  upper=-1.442187e+01  gap=-3.043782e+00  wall=0.000000e+00s  cpu=0.000000e+00s  provider=0  solves=0  iterations=0
  certificate  stage=STEP 5 LOCAL  major=19  attempt=93  accepted  reason=success  P rel.= 8.382076e-13  objective=-1.137809e+01  upper=-1.442187e+01  gap=-3.043782e+00  wall=0.000000e+00s  cpu=0.000000e+00s  provider=0  solves=0  iterations=0
  certificate  stage=STEP 5 LOCAL  major=19  attempt=94  accepted  reason=success  P rel.= 4.582489e-14  objective=-1.137809e+01  upper=-1.442187e+01  gap=-3.043782e+00  wall=0.000000e+00s  cpu=0.000000e+00s  provider=0  solves=0  iterations=0
  certificate  stage=STEP 5 LOCAL  major=19  attempt=95  accepted  reason=success  P rel.=-4.532774e-09  objective=-1.442187e+01  upper=-1.442187e+01  gap= 2.588685e-11  wall=0.000000e+00s  cpu=0.000000e+00s  provider=0  solves=0  iterations=0
  certificate  stage=STEP 5  complete  reason=step5_complete  wall=1.406589e-01s  cpu=1.401350e-01s  provider=132  solves=6  iterations=116

STEP 6
  certificate  stage=STEP 6  complete  reason=candidate_set  wall=1.038000e-05s  cpu=1.100000e-05s  provider=0  solves=0  iterations=0

STEP 8
  certificate  stage=STEP 8  complete  reason=step8_complete  wall=6.373072e-02s  cpu=6.353500e-02s  provider=141  solves=2  iterations=17

STEP 9
  certificate  stage=STEP 9  failed  objective=-1.442220e+01  upper=-1.442187e+01  gap= 3.299229e-04  wall=0.000000e+00s  cpu=0.000000e+00s  provider=0  solves=0  iterations=0
  certificate  stage=STEP 9  complete  reason=paper_free_energy_convergence_failed  wall=1.580690e-03s  cpu=1.565000e-03s  provider=2  solves=0  iterations=0

STEP 7
  certificate  stage=STEP 7  complete  reason=continue_stage_ii  wall=1.200000e-06s  cpu=1.000000e-06s  provider=0  solves=0  iterations=0

STEP 4
  STAGE II STEP 4  major=20  upper=-1.442187e+01  LP_primal= 2.589040e-11  LP_dual= 2.168404e-19  active_cuts=25  certified
  certificate  stage=STEP 4  complete  reason=step4_complete  wall=2.979980e-04s  cpu=2.990000e-04s  provider=0  solves=1  iterations=1

STEP 5
  certificate  stage=STEP 5 LOCAL  major=20  attempt=96  accepted  reason=success  P rel.=-7.056094e-08  objective=-1.444997e+01  upper=-1.442187e+01  gap= 2.810111e-02  wall=0.000000e+00s  cpu=0.000000e+00s  provider=0  solves=0  iterations=0
  certificate  stage=STEP 5  complete  reason=step5_complete  wall=2.161590e-02s  cpu=2.154600e-02s  provider=20  solves=1  iterations=19

STEP 6
  certificate  stage=STEP 6  complete  reason=candidate_set  wall=1.030000e-05s  cpu=1.000000e-05s  provider=0  solves=0  iterations=0

STEP 8
  certificate  stage=STEP 8  complete  reason=step8_complete  wall=6.501000e-02s  cpu=6.481700e-02s  provider=141  solves=2  iterations=17

STEP 9
  certificate  stage=STEP 9  failed  objective=-1.442220e+01  upper=-1.442187e+01  gap= 3.299229e-04  wall=0.000000e+00s  cpu=0.000000e+00s  provider=0  solves=0  iterations=0
  certificate  stage=STEP 9  complete  reason=paper_free_energy_convergence_failed  wall=1.579030e-03s  cpu=1.579000e-03s  provider=2  solves=0  iterations=0

STEP 7
  certificate  stage=STEP 7  complete  reason=continue_stage_ii  wall=1.180000e-06s  cpu=1.000000e-06s  provider=0  solves=0  iterations=0

STEP 4
  STAGE II STEP 4  major=21  upper=-1.443047e+01  LP_primal= 3.552714e-15  LP_dual= 6.938894e-18  active_cuts=26  certified
  certificate  stage=STEP 4  complete  reason=step4_complete  wall=2.919080e-04s  cpu=2.920000e-04s  provider=0  solves=1  iterations=1

STEP 5
  certificate  stage=STEP 5 LOCAL  major=21  attempt=97  accepted  reason=success  P rel.=-3.541820e-09  objective=-1.443384e+01  upper=-1.443047e+01  gap= 3.363413e-03  wall=0.000000e+00s  cpu=0.000000e+00s  provider=0  solves=0  iterations=0
  certificate  stage=STEP 5  complete  reason=step5_complete  wall=1.718285e-02s  cpu=1.712600e-02s  provider=16  solves=1  iterations=15

STEP 6
  certificate  stage=STEP 6  complete  reason=candidate_set  wall=1.094000e-05s  cpu=1.100000e-05s  provider=0  solves=0  iterations=0

STEP 8
  certificate  stage=STEP 8  complete  reason=problem_67_infeasible  wall=1.122490e-04s  cpu=1.130000e-04s  provider=2  solves=1  iterations=0

STEP 7
  certificate  stage=STEP 7  complete  reason=continue_stage_ii  wall=1.010000e-06s  cpu=1.000000e-06s  provider=0  solves=0  iterations=0

STEP 4
  STAGE II STEP 4  major=22  upper=-1.443144e+01  LP_primal= 0.000000e+00  LP_dual= 5.551115e-17  active_cuts=27  certified
  certificate  stage=STEP 4  complete  reason=step4_complete  wall=3.338780e-04s  cpu=3.150000e-04s  provider=0  solves=1  iterations=1

STEP 5
  certificate  stage=STEP 5 LOCAL  major=22  attempt=98  accepted  reason=success  P rel.= 4.266455e-14  objective=-1.136794e+01  upper=-1.443144e+01  gap=-3.063496e+00  wall=0.000000e+00s  cpu=0.000000e+00s  provider=0  solves=0  iterations=0
  certificate  stage=STEP 5 LOCAL  major=22  attempt=99  accepted  reason=success  P rel.= 4.151534e-14  objective=-1.136794e+01  upper=-1.443144e+01  gap=-3.063496e+00  wall=0.000000e+00s  cpu=0.000000e+00s  provider=0  solves=0  iterations=0
  certificate  stage=STEP 5 LOCAL  major=22  attempt=100  accepted  reason=success  P rel.= 3.548197e-14  objective=-1.136794e+01  upper=-1.443144e+01  gap=-3.063496e+00  wall=0.000000e+00s  cpu=0.000000e+00s  provider=0  solves=0  iterations=0
  certificate  stage=STEP 5 LOCAL  major=22  attempt=102  accepted  reason=success  P rel.= 5.731702e-14  objective=-1.136794e+01  upper=-1.443144e+01  gap=-3.063496e+00  wall=0.000000e+00s  cpu=0.000000e+00s  provider=0  solves=0  iterations=0
  certificate  stage=STEP 5 LOCAL  major=22  attempt=103  accepted  reason=success  P rel.= 4.812331e-14  objective=-1.136794e+01  upper=-1.443144e+01  gap=-3.063496e+00  wall=0.000000e+00s  cpu=0.000000e+00s  provider=0  solves=0  iterations=0
  certificate  stage=STEP 5 LOCAL  major=22  attempt=104  accepted  reason=success  P rel.=-3.813440e-09  objective=-1.443231e+01  upper=-1.443144e+01  gap= 8.677915e-04  wall=0.000000e+00s  cpu=0.000000e+00s  provider=0  solves=0  iterations=0
  certificate  stage=STEP 5  complete  reason=step5_complete  wall=1.333901e-01s  cpu=1.328640e-01s  provider=125  solves=7  iterations=114

STEP 6
  certificate  stage=STEP 6  complete  reason=candidate_set  wall=1.368000e-05s  cpu=1.400000e-05s  provider=0  solves=0  iterations=0

STEP 8
  certificate  stage=STEP 8  complete  reason=step8_complete  wall=2.064204e-01s  cpu=2.051830e-01s  provider=522  solves=2  iterations=19

STEP 9
  certificate  stage=STEP 9  failed  objective=-1.443197e+01  upper=-1.443144e+01  gap= 5.270753e-04  wall=0.000000e+00s  cpu=0.000000e+00s  provider=0  solves=0  iterations=0
  certificate  stage=STEP 9  complete  reason=paper_free_energy_convergence_failed  wall=2.388845e-03s  cpu=2.343000e-03s  provider=2  solves=0  iterations=0

STEP 7
  certificate  stage=STEP 7  complete  reason=continue_stage_ii  wall=1.770000e-06s  cpu=2.000000e-06s  provider=0  solves=0  iterations=0

STEP 4
  STAGE II STEP 4  major=23  upper=-1.443189e+01  LP_primal= 1.776357e-15  LP_dual= 6.938894e-18  active_cuts=28  certified
  certificate  stage=STEP 4  complete  reason=step4_complete  wall=5.186470e-04s  cpu=5.190000e-04s  provider=0  solves=1  iterations=1

STEP 5
  certificate  stage=STEP 5 LOCAL  major=23  attempt=105  accepted  reason=success  P rel.= 7.139489e-14  objective=-1.137425e+01  upper=-1.443189e+01  gap=-3.057638e+00  wall=0.000000e+00s  cpu=0.000000e+00s  provider=0  solves=0  iterations=0
  certificate  stage=STEP 5 LOCAL  major=23  attempt=106  accepted  reason=success  P rel.= 5.990275e-14  objective=-1.137425e+01  upper=-1.443189e+01  gap=-3.057638e+00  wall=0.000000e+00s  cpu=0.000000e+00s  provider=0  solves=0  iterations=0
  certificate  stage=STEP 5 LOCAL  major=23  attempt=107  accepted  reason=success  P rel.= 5.796345e-13  objective=-1.137425e+01  upper=-1.443189e+01  gap=-3.057638e+00  wall=0.000000e+00s  cpu=0.000000e+00s  provider=0  solves=0  iterations=0
  certificate  stage=STEP 5 LOCAL  major=23  attempt=108  accepted  reason=success  P rel.= 5.276326e-13  objective=-1.137425e+01  upper=-1.443189e+01  gap=-3.057638e+00  wall=0.000000e+00s  cpu=0.000000e+00s  provider=0  solves=0  iterations=0
  certificate  stage=STEP 5 LOCAL  major=23  attempt=109  accepted  reason=success  P rel.=-3.636633e-09  objective=-1.443210e+01  upper=-1.443189e+01  gap= 2.150541e-04  wall=0.000000e+00s  cpu=0.000000e+00s  provider=0  solves=0  iterations=0
  certificate  stage=STEP 5  complete  reason=step5_complete  wall=1.246930e-01s  cpu=1.237610e-01s  provider=102  solves=5  iterations=95

STEP 6
  certificate  stage=STEP 6  complete  reason=candidate_set  wall=1.271000e-05s  cpu=1.300000e-05s  provider=0  solves=0  iterations=0

STEP 8
  certificate  stage=STEP 8  complete  reason=step8_complete  wall=5.718674e-02s  cpu=5.717100e-02s  provider=111  solves=2  iterations=14

STEP 9
  certificate  stage=STEP 9  failed  objective=-1.443197e+01  upper=-1.443189e+01  gap= 7.743018e-05  wall=0.000000e+00s  cpu=0.000000e+00s  provider=0  solves=0  iterations=0
  certificate  stage=STEP 9  complete  reason=paper_potential_convergence_failed  wall=1.718290e-03s  cpu=1.719000e-03s  provider=2  solves=0  iterations=0

STEP 7
  certificate  stage=STEP 7  complete  reason=continue_stage_ii  wall=1.130000e-06s  cpu=1.000000e-06s  provider=0  solves=0  iterations=0

STEP 4
  STAGE II STEP 4  major=24  upper=-1.443190e+01  LP_primal= 1.776357e-15  LP_dual= 5.551115e-17  active_cuts=29  certified
  certificate  stage=STEP 4  complete  reason=step4_complete  wall=3.823380e-04s  cpu=3.820000e-04s  provider=0  solves=1  iterations=1

STEP 5
  certificate  stage=STEP 5 LOCAL  major=24  attempt=110  accepted  reason=success  P rel.= 5.286382e-14  objective=-1.137151e+01  upper=-1.443190e+01  gap=-3.060388e+00  wall=0.000000e+00s  cpu=0.000000e+00s  provider=0  solves=0  iterations=0
  certificate  stage=STEP 5 LOCAL  major=24  attempt=111  accepted  reason=success  P rel.= 4.726140e-14  objective=-1.137151e+01  upper=-1.443190e+01  gap=-3.060388e+00  wall=0.000000e+00s  cpu=0.000000e+00s  provider=0  solves=0  iterations=0
  certificate  stage=STEP 5 LOCAL  major=24  attempt=112  accepted  reason=success  P rel.= 4.797966e-14  objective=-1.137151e+01  upper=-1.443190e+01  gap=-3.060388e+00  wall=0.000000e+00s  cpu=0.000000e+00s  provider=0  solves=0  iterations=0
  certificate  stage=STEP 5 LOCAL  major=24  attempt=113  accepted  reason=success  P rel.= 9.610297e-14  objective=-1.137151e+01  upper=-1.443190e+01  gap=-3.060388e+00  wall=0.000000e+00s  cpu=0.000000e+00s  provider=0  solves=0  iterations=0
  certificate  stage=STEP 5 LOCAL  major=24  attempt=114  accepted  reason=success  P rel.= 4.208994e-14  objective=-1.137151e+01  upper=-1.443190e+01  gap=-3.060388e+00  wall=0.000000e+00s  cpu=0.000000e+00s  provider=0  solves=0  iterations=0
  certificate  stage=STEP 5 LOCAL  major=24  attempt=115  accepted  reason=success  P rel.= 6.033371e-14  objective=-1.137151e+01  upper=-1.443190e+01  gap=-3.060388e+00  wall=0.000000e+00s  cpu=0.000000e+00s  provider=0  solves=0  iterations=0
  certificate  stage=STEP 5 LOCAL  major=24  attempt=116  accepted  reason=success  P rel.=-3.726639e-09  objective=-1.443196e+01  upper=-1.443190e+01  gap= 5.405563e-05  wall=0.000000e+00s  cpu=0.000000e+00s  provider=0  solves=0  iterations=0
  certificate  stage=STEP 5  complete  reason=step5_complete  wall=1.471396e-01s  cpu=1.471420e-01s  provider=134  solves=7  iterations=119

STEP 6
  certificate  stage=STEP 6  complete  reason=candidate_set  wall=1.204000e-05s  cpu=1.200000e-05s  provider=0  solves=0  iterations=0

STEP 8
  certificate  stage=STEP 8  complete  reason=step8_complete  wall=5.572542e-02s  cpu=5.561000e-02s  provider=117  solves=2  iterations=14

STEP 9
  certificate  stage=STEP 9  failed  objective=-1.443197e+01  upper=-1.443190e+01  gap= 6.300488e-05  wall=0.000000e+00s  cpu=0.000000e+00s  provider=0  solves=0  iterations=0
  certificate  stage=STEP 9  complete  reason=paper_potential_convergence_failed  wall=1.580050e-03s  cpu=1.565000e-03s  provider=2  solves=0  iterations=0

STEP 7
  certificate  stage=STEP 7  complete  reason=continue_stage_ii  wall=1.500000e-06s  cpu=1.000000e-06s  provider=0  solves=0  iterations=0

STEP 4
  STAGE II STEP 4  major=25  upper=-1.443191e+01  LP_primal= 0.000000e+00  LP_dual= 5.551115e-17  active_cuts=30  certified
  certificate  stage=STEP 4  complete  reason=step4_complete  wall=2.918380e-04s  cpu=2.920000e-04s  provider=0  solves=1  iterations=1

STEP 5
  certificate  stage=STEP 5 LOCAL  major=25  attempt=117  accepted  reason=success  P rel.= 4.754871e-14  objective=-1.137016e+01  upper=-1.443191e+01  gap=-3.061749e+00  wall=0.000000e+00s  cpu=0.000000e+00s  provider=0  solves=0  iterations=0
  certificate  stage=STEP 5 LOCAL  major=25  attempt=118  accepted  reason=success  P rel.= 5.204500e-13  objective=-1.137016e+01  upper=-1.443191e+01  gap=-3.061749e+00  wall=0.000000e+00s  cpu=0.000000e+00s  provider=0  solves=0  iterations=0
  certificate  stage=STEP 5 LOCAL  major=25  attempt=119  accepted  reason=success  P rel.= 3.979152e-14  objective=-1.137016e+01  upper=-1.443191e+01  gap=-3.061749e+00  wall=0.000000e+00s  cpu=0.000000e+00s  provider=0  solves=0  iterations=0
  certificate  stage=STEP 5 LOCAL  major=25  attempt=120  accepted  reason=success  P rel.= 8.172344e-13  objective=-1.137016e+01  upper=-1.443191e+01  gap=-3.061749e+00  wall=0.000000e+00s  cpu=0.000000e+00s  provider=0  solves=0  iterations=0
  certificate  stage=STEP 5 LOCAL  major=25  attempt=121  accepted  reason=success  P rel.= 7.038932e-14  objective=-1.137016e+01  upper=-1.443191e+01  gap=-3.061749e+00  wall=0.000000e+00s  cpu=0.000000e+00s  provider=0  solves=0  iterations=0
  certificate  stage=STEP 5 LOCAL  major=25  attempt=122  accepted  reason=success  P rel.=-3.773022e-09  objective=-1.443192e+01  upper=-1.443191e+01  gap= 1.357063e-05  wall=0.000000e+00s  cpu=0.000000e+00s  provider=0  solves=0  iterations=0
  certificate  stage=STEP 5  complete  reason=step5_complete  wall=1.339949e-01s  cpu=1.334690e-01s  provider=126  solves=6  iterations=116

STEP 6
  certificate  stage=STEP 6  complete  reason=candidate_set  wall=1.460000e-05s  cpu=1.500000e-05s  provider=0  solves=0  iterations=0

STEP 8
  certificate  stage=STEP 8  complete  reason=step8_complete  wall=6.434764e-02s  cpu=6.406900e-02s  provider=126  solves=2  iterations=16

STEP 9
  certificate  stage=STEP 9  failed  objective=-1.443197e+01  upper=-1.443191e+01  gap= 5.563073e-05  wall=0.000000e+00s  cpu=0.000000e+00s  provider=0  solves=0  iterations=0
  certificate  stage=STEP 9  complete  reason=paper_potential_convergence_failed  wall=2.088757e-03s  cpu=2.090000e-03s  provider=2  solves=0  iterations=0

STEP 7
  certificate  stage=STEP 7  complete  reason=continue_stage_ii  wall=1.330000e-06s  cpu=1.000000e-06s  provider=0  solves=0  iterations=0

STEP 4
  STAGE II STEP 4  major=26  upper=-1.443191e+01  LP_primal= 0.000000e+00  LP_dual= 5.551115e-17  active_cuts=31  certified
  certificate  stage=STEP 4  complete  reason=step4_complete  wall=3.383370e-04s  cpu=3.380000e-04s  provider=0  solves=1  iterations=1

STEP 5
  certificate  stage=STEP 5 LOCAL  major=26  attempt=123  accepted  reason=success  P rel.= 5.544955e-14  objective=-1.136948e+01  upper=-1.443191e+01  gap=-3.062428e+00  wall=0.000000e+00s  cpu=0.000000e+00s  provider=0  solves=0  iterations=0
  certificate  stage=STEP 5 LOCAL  major=26  attempt=124  accepted  reason=success  P rel.= 5.214556e-14  objective=-1.136948e+01  upper=-1.443191e+01  gap=-3.062428e+00  wall=0.000000e+00s  cpu=0.000000e+00s  provider=0  solves=0  iterations=0
  certificate  stage=STEP 5 LOCAL  major=26  attempt=125  accepted  reason=success  P rel.= 6.665438e-14  objective=-1.136948e+01  upper=-1.443191e+01  gap=-3.062428e+00  wall=0.000000e+00s  cpu=0.000000e+00s  provider=0  solves=0  iterations=0
  certificate  stage=STEP 5 LOCAL  major=26  attempt=126  accepted  reason=success  P rel.= 5.056539e-14  objective=-1.136948e+01  upper=-1.443191e+01  gap=-3.062428e+00  wall=0.000000e+00s  cpu=0.000000e+00s  provider=0  solves=0  iterations=0
  certificate  stage=STEP 5 LOCAL  major=26  attempt=127  accepted  reason=success  P rel.= 8.475449e-14  objective=-1.136948e+01  upper=-1.443191e+01  gap=-3.062428e+00  wall=0.000000e+00s  cpu=0.000000e+00s  provider=0  solves=0  iterations=0
  certificate  stage=STEP 5 LOCAL  major=26  attempt=128  accepted  reason=success  P rel.= 5.731702e-14  objective=-1.136948e+01  upper=-1.443191e+01  gap=-3.062428e+00  wall=0.000000e+00s  cpu=0.000000e+00s  provider=0  solves=0  iterations=0
  certificate  stage=STEP 5 LOCAL  major=26  attempt=129  accepted  reason=success  P rel.=-3.765187e-09  objective=-1.443192e+01  upper=-1.443191e+01  gap= 3.419237e-06  wall=0.000000e+00s  cpu=0.000000e+00s  provider=0  solves=0  iterations=0
  certificate  stage=STEP 5  complete  reason=step5_complete  wall=1.577004e-01s  cpu=1.575630e-01s  provider=148  solves=7  iterations=133

STEP 6
  certificate  stage=STEP 6  complete  reason=candidate_set  wall=1.407000e-05s  cpu=1.400000e-05s  provider=0  solves=0  iterations=0

STEP 8
  certificate  stage=STEP 8  complete  reason=step8_complete  wall=4.158861e-01s  cpu=4.151770e-01s  provider=1545  solves=2  iterations=127

STEP 9
  certificate  stage=STEP 9  failed  objective=-1.443196e+01  upper=-1.443191e+01  gap= 5.123753e-05  wall=0.000000e+00s  cpu=0.000000e+00s  provider=0  solves=0  iterations=0
  certificate  stage=STEP 9  complete  reason=paper_potential_convergence_failed  wall=1.591460e-03s  cpu=1.592000e-03s  provider=2  solves=0  iterations=0

STEP 7
  certificate  stage=STEP 7  complete  reason=continue_stage_ii  wall=1.150000e-06s  cpu=1.000000e-06s  provider=0  solves=0  iterations=0

STEP 4
  STAGE II STEP 4  major=27  upper=-1.443191e+01  LP_primal= 0.000000e+00  LP_dual= 1.387779e-17  active_cuts=32  certified
  certificate  stage=STEP 4  complete  reason=step4_complete  wall=3.156180e-04s  cpu=3.160000e-04s  provider=0  solves=1  iterations=1

STEP 5
  certificate  stage=STEP 5 LOCAL  major=27  attempt=130  accepted  reason=success  P rel.= 5.458764e-14  objective=-1.136914e+01  upper=-1.443191e+01  gap=-3.062771e+00  wall=0.000000e+00s  cpu=0.000000e+00s  provider=0  solves=0  iterations=0
  certificate  stage=STEP 5 LOCAL  major=27  attempt=131  accepted  reason=success  P rel.=-3.794566e-09  objective=-1.443192e+01  upper=-1.443191e+01  gap= 8.779937e-07  wall=0.000000e+00s  cpu=0.000000e+00s  provider=0  solves=0  iterations=0
  certificate  stage=STEP 5  complete  reason=step5_complete  wall=4.828162e-02s  cpu=4.810800e-02s  provider=45  solves=2  iterations=40

STEP 6
  certificate  stage=STEP 6  complete  reason=candidate_set  wall=1.337000e-05s  cpu=1.400000e-05s  provider=0  solves=0  iterations=0

STEP 8
  certificate  stage=STEP 8  complete  reason=step8_complete  wall=1.571332e-01s  cpu=1.564760e-01s  provider=564  solves=2  iterations=45

STEP 9
  certificate  stage=STEP 9  failed  objective=-1.443197e+01  upper=-1.443191e+01  gap= 5.035469e-05  wall=0.000000e+00s  cpu=0.000000e+00s  provider=0  solves=0  iterations=0
  certificate  stage=STEP 9  complete  reason=paper_potential_convergence_failed  wall=1.579800e-03s  cpu=1.580000e-03s  provider=2  solves=0  iterations=0

STEP 7
  certificate  stage=STEP 7  complete  reason=continue_stage_ii  wall=1.070000e-06s  cpu=1.000000e-06s  provider=0  solves=0  iterations=0

STEP 4
  STAGE II STEP 4  major=28  upper=-1.443191e+01  LP_primal= 1.776357e-15  LP_dual= 1.257675e-17  active_cuts=33  certified
  certificate  stage=STEP 4  complete  reason=step4_complete  wall=3.208180e-04s  cpu=3.220000e-04s  provider=0  solves=1  iterations=1

STEP 5
  certificate  stage=STEP 5 LOCAL  major=28  attempt=132  accepted  reason=success  P rel.= 5.860989e-14  objective=-1.136932e+01  upper=-1.443191e+01  gap=-3.062599e+00  wall=0.000000e+00s  cpu=0.000000e+00s  provider=0  solves=0  iterations=0
  certificate  stage=STEP 5 LOCAL  major=28  attempt=133  accepted  reason=success  P rel.=-3.781212e-09  objective=-1.443192e+01  upper=-1.443191e+01  gap= 2.194260e-07  wall=0.000000e+00s  cpu=0.000000e+00s  provider=0  solves=0  iterations=0
  certificate  stage=STEP 5  complete  reason=step5_complete  wall=4.187221e-02s  cpu=4.172000e-02s  provider=38  solves=2  iterations=36

STEP 6
  certificate  stage=STEP 6  complete  reason=candidate_set  wall=1.371000e-05s  cpu=1.400000e-05s  provider=0  solves=0  iterations=0

STEP 8
  certificate  stage=STEP 8  complete  reason=step8_complete  wall=5.215279e-02s  cpu=5.196500e-02s  provider=102  solves=2  iterations=13

STEP 9
  certificate  stage=STEP 9  failed  objective=-1.443197e+01  upper=-1.443191e+01  gap= 5.033821e-05  wall=0.000000e+00s  cpu=0.000000e+00s  provider=0  solves=0  iterations=0
  certificate  stage=STEP 9  complete  reason=paper_potential_convergence_failed  wall=1.579440e-03s  cpu=1.580000e-03s  provider=2  solves=0  iterations=0

STEP 7
  certificate  stage=STEP 7  complete  reason=continue_stage_ii  wall=1.150000e-06s  cpu=1.000000e-06s  provider=0  solves=0  iterations=0

STEP 4
  STAGE II STEP 4  major=29  upper=-1.443191e+01  LP_primal= 0.000000e+00  LP_dual= 1.387779e-17  active_cuts=34  certified
  certificate  stage=STEP 4  complete  reason=step4_complete  wall=3.276580e-04s  cpu=3.280000e-04s  provider=0  solves=1  iterations=1

STEP 5
  certificate  stage=STEP 5 LOCAL  major=29  attempt=134  accepted  reason=success  P rel.= 5.501859e-14  objective=-1.136940e+01  upper=-1.443191e+01  gap=-3.062513e+00  wall=0.000000e+00s  cpu=0.000000e+00s  provider=0  solves=0  iterations=0
  certificate  stage=STEP 5 LOCAL  major=29  attempt=135  accepted  reason=success  P rel.=-3.804626e-09  objective=-1.443191e+01  upper=-1.443191e+01  gap= 5.484778e-08  wall=0.000000e+00s  cpu=0.000000e+00s  provider=0  solves=0  iterations=0
  certificate  stage=STEP 5  complete  reason=step5_complete  wall=4.290418e-02s  cpu=4.277400e-02s  provider=40  solves=2  iterations=37

STEP 6
  certificate  stage=STEP 6  complete  reason=candidate_set  wall=1.279000e-05s  cpu=1.200000e-05s  provider=0  solves=0  iterations=0

STEP 8
  certificate  stage=STEP 8  complete  reason=step8_complete  wall=5.214252e-02s  cpu=5.196900e-02s  provider=102  solves=2  iterations=13

STEP 9
  certificate  stage=STEP 9  failed  objective=-1.443197e+01  upper=-1.443191e+01  gap= 5.032994e-05  wall=0.000000e+00s  cpu=0.000000e+00s  provider=0  solves=0  iterations=0
  certificate  stage=STEP 9  complete  reason=paper_potential_convergence_failed  wall=1.573890e-03s  cpu=1.574000e-03s  provider=2  solves=0  iterations=0

STEP 7
  certificate  stage=STEP 7  complete  reason=continue_stage_ii  wall=1.070000e-06s  cpu=1.000000e-06s  provider=0  solves=0  iterations=0

STEP 4
  STAGE II STEP 4  major=30  upper=-1.443191e+01  LP_primal= 0.000000e+00  LP_dual= 5.551115e-17  active_cuts=35  certified
  certificate  stage=STEP 4  complete  reason=step4_complete  wall=3.563380e-04s  cpu=3.380000e-04s  provider=0  solves=1  iterations=1

STEP 5
  certificate  stage=STEP 5 LOCAL  major=30  attempt=137  accepted  reason=success  P rel.= 5.717337e-14  objective=-1.136945e+01  upper=-1.443191e+01  gap=-3.062470e+00  wall=0.000000e+00s  cpu=0.000000e+00s  provider=0  solves=0  iterations=0
  certificate  stage=STEP 5 LOCAL  major=30  attempt=138  accepted  reason=success  P rel.= 8.014327e-13  objective=-1.136945e+01  upper=-1.443191e+01  gap=-3.062470e+00  wall=0.000000e+00s  cpu=0.000000e+00s  provider=0  solves=0  iterations=0
  certificate  stage=STEP 5 LOCAL  major=30  attempt=139  accepted  reason=success  P rel.= 5.444399e-14  objective=-1.136945e+01  upper=-1.443191e+01  gap=-3.062470e+00  wall=0.000000e+00s  cpu=0.000000e+00s  provider=0  solves=0  iterations=0
  certificate  stage=STEP 5 LOCAL  major=30  attempt=141  accepted  reason=success  P rel.= 5.114000e-14  objective=-1.136945e+01  upper=-1.443191e+01  gap=-3.062470e+00  wall=0.000000e+00s  cpu=0.000000e+00s  provider=0  solves=0  iterations=0
  certificate  stage=STEP 5 LOCAL  major=30  attempt=142  accepted  reason=success  P rel.= 6.406865e-14  objective=-1.136945e+01  upper=-1.443191e+01  gap=-3.062470e+00  wall=0.000000e+00s  cpu=0.000000e+00s  provider=0  solves=0  iterations=0
  certificate  stage=STEP 5 LOCAL  major=30  attempt=143  accepted  reason=success  P rel.= 4.841062e-14  objective=-1.136945e+01  upper=-1.443191e+01  gap=-3.062470e+00  wall=0.000000e+00s  cpu=0.000000e+00s  provider=0  solves=0  iterations=0
  certificate  stage=STEP 5 LOCAL  major=30  attempt=144  accepted  reason=success  P rel.=-3.777473e-09  objective=-1.443191e+01  upper=-1.443191e+01  gap= 1.371115e-08  wall=0.000000e+00s  cpu=0.000000e+00s  provider=0  solves=0  iterations=0
  certificate  stage=STEP 5  complete  reason=step5_complete  wall=1.445568e-01s  cpu=1.440900e-01s  provider=139  solves=9  iterations=125

STEP 6
  certificate  stage=STEP 6  complete  reason=candidate_set  wall=1.363000e-05s  cpu=1.400000e-05s  provider=0  solves=0  iterations=0

STEP 8
  certificate  stage=STEP 8  complete  reason=step8_complete  wall=5.234134e-02s  cpu=5.219200e-02s  provider=102  solves=2  iterations=13

STEP 9
  certificate  stage=STEP 9  failed  objective=-1.443197e+01  upper=-1.443191e+01  gap= 5.032580e-05  wall=0.000000e+00s  cpu=0.000000e+00s  provider=0  solves=0  iterations=0
  certificate  stage=STEP 9  complete  reason=paper_potential_convergence_failed  wall=1.637530e-03s  cpu=1.616000e-03s  provider=2  solves=0  iterations=0

STEP 7
  certificate  stage=STEP 7  complete  reason=continue_stage_ii  wall=1.310000e-06s  cpu=2.000000e-06s  provider=0  solves=0  iterations=0

STEP 4
  STAGE II STEP 4  major=31  upper=-1.443191e+01  LP_primal= 0.000000e+00  LP_dual= 5.551115e-17  active_cuts=36  certified
  certificate  stage=STEP 4  complete  reason=step4_complete  wall=3.598980e-04s  cpu=3.600000e-04s  provider=0  solves=1  iterations=1

STEP 5
  certificate  stage=STEP 5 LOCAL  major=31  attempt=145  accepted  reason=success  P rel.= 6.019005e-14  objective=-1.136947e+01  upper=-1.443191e+01  gap=-3.062448e+00  wall=0.000000e+00s  cpu=0.000000e+00s  provider=0  solves=0  iterations=0
  certificate  stage=STEP 5 LOCAL  major=31  attempt=146  accepted  reason=success  P rel.=-3.790382e-09  objective=-1.443191e+01  upper=-1.443191e+01  gap= 3.427983e-09  wall=0.000000e+00s  cpu=0.000000e+00s  provider=0  solves=0  iterations=0
  certificate  stage=STEP 5  complete  reason=step5_complete  wall=4.380410e-02s  cpu=4.365100e-02s  provider=40  solves=2  iterations=38

STEP 6
  certificate  stage=STEP 6  complete  reason=candidate_set  wall=1.512000e-05s  cpu=1.500000e-05s  provider=0  solves=0  iterations=0

STEP 8
  certificate  stage=STEP 8  complete  reason=step8_complete  wall=5.250551e-02s  cpu=5.232200e-02s  provider=102  solves=2  iterations=13

STEP 9
  certificate  stage=STEP 9  failed  objective=-1.443197e+01  upper=-1.443191e+01  gap= 5.032373e-05  wall=0.000000e+00s  cpu=0.000000e+00s  provider=0  solves=0  iterations=0
  certificate  stage=STEP 9  complete  reason=paper_potential_convergence_failed  wall=1.571720e-03s  cpu=1.572000e-03s  provider=2  solves=0  iterations=0

STEP 7
  certificate  stage=STEP 7  complete  reason=continue_stage_ii  wall=1.140000e-06s  cpu=1.000000e-06s  provider=0  solves=0  iterations=0

STEP 4
  STAGE II STEP 4  major=32  upper=-1.443191e+01  LP_primal= 0.000000e+00  LP_dual= 5.551115e-17  active_cuts=37  certified
  certificate  stage=STEP 4  complete  reason=step4_complete  wall=3.359670e-04s  cpu=3.360000e-04s  provider=0  solves=1  iterations=1

STEP 5
  certificate  stage=STEP 5 LOCAL  major=32  attempt=147  accepted  reason=success  P rel.= 7.038932e-14  objective=-1.136948e+01  upper=-1.443191e+01  gap=-3.062437e+00  wall=0.000000e+00s  cpu=0.000000e+00s  provider=0  solves=0  iterations=0
  certificate  stage=STEP 5 LOCAL  major=32  attempt=148  accepted  reason=success  P rel.= 6.579247e-13  objective=-1.136948e+01  upper=-1.443191e+01  gap=-3.062437e+00  wall=0.000000e+00s  cpu=0.000000e+00s  provider=0  solves=0  iterations=0
  certificate  stage=STEP 5 LOCAL  major=32  attempt=149  accepted  reason=success  P rel.=-3.797326e-09  objective=-1.443191e+01  upper=-1.443191e+01  gap= 8.573267e-10  wall=0.000000e+00s  cpu=0.000000e+00s  provider=0  solves=0  iterations=0
  certificate  stage=STEP 5  complete  reason=step5_complete  wall=6.783749e-02s  cpu=6.761000e-02s  provider=63  solves=3  iterations=59

STEP 6
  certificate  stage=STEP 6  complete  reason=candidate_set  wall=1.263000e-05s  cpu=1.200000e-05s  provider=0  solves=0  iterations=0

STEP 8
  certificate  stage=STEP 8  complete  reason=step8_complete  wall=5.201621e-02s  cpu=5.181400e-02s  provider=102  solves=2  iterations=13

STEP 9
  certificate  stage=STEP 9  failed  objective=-1.443197e+01  upper=-1.443191e+01  gap= 5.032270e-05  wall=0.000000e+00s  cpu=0.000000e+00s  provider=0  solves=0  iterations=0
  certificate  stage=STEP 9  complete  reason=paper_potential_convergence_failed  wall=1.532801e-03s  cpu=1.532000e-03s  provider=2  solves=0  iterations=0

STEP 7
  certificate  stage=STEP 7  complete  reason=continue_stage_ii  wall=1.170000e-06s  cpu=1.000000e-06s  provider=0  solves=0  iterations=0

STEP 4
  STAGE II STEP 4  major=33  upper=-1.443191e+01  LP_primal= 1.776357e-15  LP_dual= 5.551115e-17  active_cuts=38  certified
  certificate  stage=STEP 4  complete  reason=step4_complete  wall=3.372580e-04s  cpu=3.370000e-04s  provider=0  solves=1  iterations=1

STEP 5
  certificate  stage=STEP 5 LOCAL  major=33  attempt=151  accepted  reason=success  P rel.= 4.094073e-14  objective=-1.136947e+01  upper=-1.443191e+01  gap=-3.062443e+00  wall=0.000000e+00s  cpu=0.000000e+00s  provider=0  solves=0  iterations=0
  certificate  stage=STEP 5 LOCAL  major=33  attempt=152  accepted  reason=success  P rel.=-3.770084e-09  objective=-1.443191e+01  upper=-1.443191e+01  gap= 2.143299e-10  wall=0.000000e+00s  cpu=0.000000e+00s  provider=0  solves=0  iterations=0
  certificate  stage=STEP 5  complete  reason=step5_complete  wall=5.133700e-02s  cpu=5.114500e-02s  provider=50  solves=3  iterations=42

STEP 6
  certificate  stage=STEP 6  complete  reason=candidate_set  wall=1.408000e-05s  cpu=1.400000e-05s  provider=0  solves=0  iterations=0

STEP 8
  certificate  stage=STEP 8  complete  reason=step8_complete  wall=5.195201e-02s  cpu=5.177100e-02s  provider=102  solves=2  iterations=13

STEP 9
  certificate  stage=STEP 9  failed  objective=-1.443197e+01  upper=-1.443191e+01  gap= 5.032227e-05  wall=0.000000e+00s  cpu=0.000000e+00s  provider=0  solves=0  iterations=0
  certificate  stage=STEP 9  complete  reason=paper_potential_convergence_failed  wall=1.589550e-03s  cpu=1.590000e-03s  provider=2  solves=0  iterations=0

STEP 7
  certificate  stage=STEP 7  complete  reason=continue_stage_ii  wall=1.230000e-06s  cpu=1.000000e-06s  provider=0  solves=0  iterations=0

STEP 4
  STAGE II STEP 4  major=34  upper=-1.443191e+01  LP_primal= 3.552714e-15  LP_dual= 1.040834e-17  active_cuts=39  certified
  certificate  stage=STEP 4  complete  reason=step4_complete  wall=3.433370e-04s  cpu=3.440000e-04s  provider=0  solves=1  iterations=1

STEP 5
  certificate  stage=STEP 5 LOCAL  major=34  attempt=153  accepted  reason=success  P rel.= 4.165899e-14  objective=-1.136947e+01  upper=-1.443191e+01  gap=-3.062440e+00  wall=0.000000e+00s  cpu=0.000000e+00s  provider=0  solves=0  iterations=0
  certificate  stage=STEP 5 LOCAL  major=34  attempt=154  accepted  reason=success  P rel.=-3.775514e-09  objective=-1.443191e+01  upper=-1.443191e+01  gap= 5.358558e-11  wall=0.000000e+00s  cpu=0.000000e+00s  provider=0  solves=0  iterations=0
  certificate  stage=STEP 5  complete  reason=step5_complete  wall=4.500191e-02s  cpu=4.486500e-02s  provider=43  solves=2  iterations=36

STEP 6
  certificate  stage=STEP 6  complete  reason=candidate_set  wall=1.355000e-05s  cpu=1.400000e-05s  provider=0  solves=0  iterations=0

STEP 8
  certificate  stage=STEP 8  complete  reason=step8_complete  wall=5.173869e-02s  cpu=5.157300e-02s  provider=102  solves=2  iterations=13

STEP 9
  certificate  stage=STEP 9  failed  objective=-1.443197e+01  upper=-1.443191e+01  gap= 5.032225e-05  wall=0.000000e+00s  cpu=0.000000e+00s  provider=0  solves=0  iterations=0
  certificate  stage=STEP 9  complete  reason=paper_potential_convergence_failed  wall=1.572040e-03s  cpu=1.573000e-03s  provider=2  solves=0  iterations=0

STEP 7
  certificate  stage=STEP 7  complete  reason=continue_stage_ii  wall=1.070000e-06s  cpu=1.000000e-06s  provider=0  solves=0  iterations=0

STEP 4
  STAGE II STEP 4  major=35  upper=-1.443191e+01  LP_primal= 5.358558e-11  LP_dual= 1.040834e-17  active_cuts=40  certified
  certificate  stage=STEP 4  complete  reason=step4_complete  wall=3.529080e-04s  cpu=3.530000e-04s  provider=0  solves=1  iterations=1

STEP 5
  certificate  stage=STEP 5 LOCAL  major=35  attempt=155  accepted  reason=success  P rel.= 7.599174e-14  objective=-1.136947e+01  upper=-1.443191e+01  gap=-3.062440e+00  wall=0.000000e+00s  cpu=0.000000e+00s  provider=0  solves=0  iterations=0
  certificate  stage=STEP 5 LOCAL  major=35  attempt=156  accepted  reason=success  P rel.= 7.857747e-14  objective=-1.136947e+01  upper=-1.443191e+01  gap=-3.062440e+00  wall=0.000000e+00s  cpu=0.000000e+00s  provider=0  solves=0  iterations=0
  certificate  stage=STEP 5 LOCAL  major=35  attempt=157  accepted  reason=success  P rel.= 7.426792e-14  objective=-1.136947e+01  upper=-1.443191e+01  gap=-3.062440e+00  wall=0.000000e+00s  cpu=0.000000e+00s  provider=0  solves=0  iterations=0
  certificate  stage=STEP 5 LOCAL  major=35  attempt=158  accepted  reason=success  P rel.= 6.708533e-14  objective=-1.136947e+01  upper=-1.443191e+01  gap=-3.062440e+00  wall=0.000000e+00s  cpu=0.000000e+00s  provider=0  solves=0  iterations=0
  certificate  stage=STEP 5 LOCAL  major=35  attempt=159  accepted  reason=success  P rel.=-6.165633e-08  objective=-1.443235e+01  upper=-1.443191e+01  gap= 4.307596e-04  wall=0.000000e+00s  cpu=0.000000e+00s  provider=0  solves=0  iterations=0
  certificate  stage=STEP 5  complete  reason=step5_complete  wall=9.588005e-02s  cpu=9.555200e-02s  provider=90  solves=5  iterations=85

STEP 6
  certificate  stage=STEP 6  complete  reason=candidate_set  wall=1.365000e-05s  cpu=1.300000e-05s  provider=0  solves=0  iterations=0

STEP 8
  certificate  stage=STEP 8  complete  reason=step8_complete  wall=7.362115e-02s  cpu=7.339600e-02s  provider=177  solves=1  iterations=19

STEP 9
  certificate  stage=STEP 9  failed  objective=-1.443198e+01  upper=-1.443191e+01  gap= 6.751715e-05  wall=0.000000e+00s  cpu=0.000000e+00s  provider=0  solves=0  iterations=0
  certificate  stage=STEP 9  complete  reason=paper_potential_convergence_failed  wall=2.344985e-03s  cpu=2.328000e-03s  provider=3  solves=0  iterations=0

STEP 7
  certificate  stage=STEP 7  complete  reason=continue_stage_ii  wall=1.180000e-06s  cpu=1.000000e-06s  provider=0  solves=0  iterations=0

STEP 4
  STAGE II STEP 4  major=36  upper=-1.443194e+01  LP_primal= 1.776357e-15  LP_dual= 6.071532e-18  active_cuts=41  certified
  certificate  stage=STEP 4  complete  reason=step4_complete  wall=3.897070e-04s  cpu=3.900000e-04s  provider=0  solves=1  iterations=1

STEP 5
  certificate  stage=STEP 5 LOCAL  major=36  attempt=160  accepted  reason=success  P rel.= 7.211314e-14  objective=-1.136467e+01  upper=-1.443194e+01  gap=-3.067269e+00  wall=0.000000e+00s  cpu=0.000000e+00s  provider=0  solves=0  iterations=0
  certificate  stage=STEP 5 LOCAL  major=36  attempt=161  accepted  reason=success  P rel.=-3.906739e-09  objective=-1.443208e+01  upper=-1.443194e+01  gap= 1.353578e-04  wall=0.000000e+00s  cpu=0.000000e+00s  provider=0  solves=0  iterations=0
  certificate  stage=STEP 5  complete  reason=step5_complete  wall=3.913523e-02s  cpu=3.901500e-02s  provider=37  solves=2  iterations=35

STEP 6
  certificate  stage=STEP 6  complete  reason=candidate_set  wall=1.468000e-05s  cpu=1.400000e-05s  provider=0  solves=0  iterations=0

STEP 8
  certificate  stage=STEP 8  complete  reason=step8_complete  wall=9.017827e-02s  cpu=8.990400e-02s  provider=290  solves=2  iterations=18

STEP 9
  certificate  stage=STEP 9  failed  objective=-1.443203e+01  upper=-1.443194e+01  gap= 8.912414e-05  wall=0.000000e+00s  cpu=0.000000e+00s  provider=0  solves=0  iterations=0
  certificate  stage=STEP 9  complete  reason=paper_potential_convergence_failed  wall=2.281955e-03s  cpu=2.282000e-03s  provider=3  solves=0  iterations=0

STEP 7
  certificate  stage=STEP 7  complete  reason=continue_stage_ii  wall=1.370000e-06s  cpu=1.000000e-06s  provider=0  solves=0  iterations=0

STEP 4
  STAGE II STEP 4  major=37  upper=-1.443201e+01  LP_primal= 1.776357e-15  LP_dual= 1.387779e-17  active_cuts=42  certified
  certificate  stage=STEP 4  complete  reason=step4_complete  wall=3.498080e-04s  cpu=3.500000e-04s  provider=0  solves=1  iterations=1

STEP 5
  certificate  stage=STEP 5 LOCAL  major=37  attempt=162  accepted  reason=success  P rel.= 5.817893e-14  objective=-1.136655e+01  upper=-1.443201e+01  gap=-3.065457e+00  wall=0.000000e+00s  cpu=0.000000e+00s  provider=0  solves=0  iterations=0
  certificate  stage=STEP 5 LOCAL  major=37  attempt=163  accepted  reason=success  P rel.= 1.804265e-13  objective=-1.136655e+01  upper=-1.443201e+01  gap=-3.065457e+00  wall=0.000000e+00s  cpu=0.000000e+00s  provider=0  solves=0  iterations=0
  certificate  stage=STEP 5 LOCAL  major=37  attempt=164  accepted  reason=success  P rel.= 6.536151e-14  objective=-1.136655e+01  upper=-1.443201e+01  gap=-3.065457e+00  wall=0.000000e+00s  cpu=0.000000e+00s  provider=0  solves=0  iterations=0
  certificate  stage=STEP 5 LOCAL  major=37  attempt=165  accepted  reason=success  P rel.= 5.243286e-14  objective=-1.136655e+01  upper=-1.443201e+01  gap=-3.065457e+00  wall=0.000000e+00s  cpu=0.000000e+00s  provider=0  solves=0  iterations=0
  certificate  stage=STEP 5 LOCAL  major=37  attempt=166  accepted  reason=success  P rel.= 5.688607e-13  objective=-1.136655e+01  upper=-1.443201e+01  gap=-3.065457e+00  wall=0.000000e+00s  cpu=0.000000e+00s  provider=0  solves=0  iterations=0
  certificate  stage=STEP 5 LOCAL  major=37  attempt=167  accepted  reason=success  P rel.=-3.849139e-09  objective=-1.443204e+01  upper=-1.443201e+01  gap= 3.370488e-05  wall=0.000000e+00s  cpu=0.000000e+00s  provider=0  solves=0  iterations=0
  certificate  stage=STEP 5  complete  reason=step5_complete  wall=1.343234e-01s  cpu=1.338950e-01s  provider=127  solves=6  iterations=119

STEP 6
  certificate  stage=STEP 6  complete  reason=candidate_set  wall=1.504000e-05s  cpu=1.500000e-05s  provider=0  solves=0  iterations=0

STEP 8
  certificate  stage=STEP 8  complete  reason=step8_complete  wall=8.899927e-02s  cpu=8.874900e-02s  provider=186  solves=2  iterations=19

STEP 9
  certificate  stage=STEP 9  failed  objective=-1.443203e+01  upper=-1.443201e+01  gap= 2.436942e-05  wall=0.000000e+00s  cpu=0.000000e+00s  provider=0  solves=0  iterations=0
  certificate  stage=STEP 9  complete  reason=paper_potential_convergence_failed  wall=2.328985e-03s  cpu=2.314000e-03s  provider=3  solves=0  iterations=0

STEP 7
  certificate  stage=STEP 7  complete  reason=continue_stage_ii  wall=1.120000e-06s  cpu=1.000000e-06s  provider=0  solves=0  iterations=0

STEP 4
  STAGE II STEP 4  major=38  upper=-1.443201e+01  LP_primal= 5.329071e-15  LP_dual= 1.387779e-17  active_cuts=43  certified
  certificate  stage=STEP 4  complete  reason=step4_complete  wall=3.257680e-04s  cpu=3.270000e-04s  provider=0  solves=1  iterations=1

STEP 5
  certificate  stage=STEP 5 LOCAL  major=38  attempt=169  accepted  reason=success  P rel.= 7.369331e-14  objective=-1.136567e+01  upper=-1.443201e+01  gap=-3.066340e+00  wall=0.000000e+00s  cpu=0.000000e+00s  provider=0  solves=0  iterations=0
  certificate  stage=STEP 5 LOCAL  major=38  attempt=170  accepted  reason=success  P rel.=-3.861692e-09  objective=-1.443202e+01  upper=-1.443201e+01  gap= 8.444365e-06  wall=0.000000e+00s  cpu=0.000000e+00s  provider=0  solves=0  iterations=0
  certificate  stage=STEP 5  complete  reason=step5_complete  wall=4.211801e-02s  cpu=4.198200e-02s  provider=43  solves=3  iterations=36

STEP 6
  certificate  stage=STEP 6  complete  reason=candidate_set  wall=1.491000e-05s  cpu=1.500000e-05s  provider=0  solves=0  iterations=0

STEP 8
  certificate  stage=STEP 8  complete  reason=step8_complete  wall=9.262476e-02s  cpu=9.235200e-02s  provider=284  solves=2  iterations=20

STEP 9
  certificate  stage=STEP 9  failed  objective=-1.443203e+01  upper=-1.443201e+01  gap= 2.179589e-05  wall=0.000000e+00s  cpu=0.000000e+00s  provider=0  solves=0  iterations=0
  certificate  stage=STEP 9  complete  reason=paper_potential_convergence_failed  wall=1.541240e-03s  cpu=1.541000e-03s  provider=2  solves=0  iterations=0

STEP 7
  certificate  stage=STEP 7  complete  reason=continue_stage_ii  wall=1.070000e-06s  cpu=1.000000e-06s  provider=0  solves=0  iterations=0

STEP 4
  STAGE II STEP 4  major=39  upper=-1.443201e+01  LP_primal= 7.105427e-15  LP_dual= 6.938894e-18  active_cuts=44  certified
  certificate  stage=STEP 4  complete  reason=step4_complete  wall=3.454980e-04s  cpu=3.460000e-04s  provider=0  solves=1  iterations=1

STEP 5
  certificate  stage=STEP 5 LOCAL  major=39  attempt=171  accepted  reason=success  P rel.= 5.530590e-14  objective=-1.136524e+01  upper=-1.443201e+01  gap=-3.066779e+00  wall=0.000000e+00s  cpu=0.000000e+00s  provider=0  solves=0  iterations=0
  certificate  stage=STEP 5 LOCAL  major=39  attempt=172  accepted  reason=success  P rel.= 4.912887e-14  objective=-1.136524e+01  upper=-1.443201e+01  gap=-3.066779e+00  wall=0.000000e+00s  cpu=0.000000e+00s  provider=0  solves=0  iterations=0
  certificate  stage=STEP 5 LOCAL  major=39  attempt=173  accepted  reason=success  P rel.= 6.737264e-14  objective=-1.136524e+01  upper=-1.443201e+01  gap=-3.066779e+00  wall=0.000000e+00s  cpu=0.000000e+00s  provider=0  solves=0  iterations=0
  certificate  stage=STEP 5 LOCAL  major=39  attempt=174  accepted  reason=success  P rel.=-3.916621e-09  objective=-1.443202e+01  upper=-1.443201e+01  gap= 2.113837e-06  wall=0.000000e+00s  cpu=0.000000e+00s  provider=0  solves=0  iterations=0
  certificate  stage=STEP 5  complete  reason=step5_complete  wall=7.977523e-02s  cpu=7.976600e-02s  provider=77  solves=4  iterations=67

STEP 6
  certificate  stage=STEP 6  complete  reason=candidate_set  wall=1.538000e-05s  cpu=1.500000e-05s  provider=0  solves=0  iterations=0

STEP 8
  certificate  stage=STEP 8  complete  reason=step8_complete  wall=8.166584e-02s  cpu=8.166200e-02s  provider=208  solves=1  iterations=22

STEP 9
  certificate  stage=STEP 9  failed  objective=-1.443203e+01  upper=-1.443201e+01  gap= 1.982812e-05  wall=0.000000e+00s  cpu=0.000000e+00s  provider=0  solves=0  iterations=0
  certificate  stage=STEP 9  complete  reason=paper_potential_convergence_failed  wall=1.530970e-03s  cpu=1.531000e-03s  provider=2  solves=0  iterations=0

STEP 7
  certificate  stage=STEP 7  complete  reason=continue_stage_ii  wall=1.120000e-06s  cpu=1.000000e-06s  provider=0  solves=0  iterations=0

STEP 4
  STAGE II STEP 4  major=40  upper=-1.443202e+01  LP_primal= 3.552714e-15  LP_dual= 3.469447e-18  active_cuts=45  certified
  certificate  stage=STEP 4  complete  reason=step4_complete  wall=3.449180e-04s  cpu=3.460000e-04s  provider=0  solves=1  iterations=1

STEP 5
  certificate  stage=STEP 5 LOCAL  major=40  attempt=175  accepted  reason=success  P rel.=-3.886352e-09  objective=-1.443202e+01  upper=-1.443202e+01  gap= 5.292600e-07  wall=0.000000e+00s  cpu=0.000000e+00s  provider=0  solves=0  iterations=0
  certificate  stage=STEP 5  complete  reason=step5_complete  wall=2.693508e-02s  cpu=2.693000e-02s  provider=27  solves=1  iterations=21

STEP 6
  certificate  stage=STEP 6  complete  reason=candidate_set  wall=1.531000e-05s  cpu=1.600000e-05s  provider=0  solves=0  iterations=0

STEP 8
  certificate  stage=STEP 8  complete  reason=step8_complete  wall=9.268843e-02s  cpu=9.268200e-02s  provider=244  solves=1  iterations=26

STEP 9
  certificate  stage=STEP 9  failed  objective=-1.443203e+01  upper=-1.443202e+01  gap= 1.885790e-05  wall=0.000000e+00s  cpu=0.000000e+00s  provider=0  solves=0  iterations=0
  certificate  stage=STEP 9  complete  reason=paper_potential_convergence_failed  wall=1.561450e-03s  cpu=1.561000e-03s  provider=2  solves=0  iterations=0

STEP 7
  certificate  stage=STEP 7  complete  reason=continue_stage_ii  wall=1.130000e-06s  cpu=1.000000e-06s  provider=0  solves=0  iterations=0

STEP 4
  STAGE II STEP 4  major=41  upper=-1.443202e+01  LP_primal= 1.776357e-15  LP_dual= 3.469447e-18  active_cuts=46  certified
  certificate  stage=STEP 4  complete  reason=step4_complete  wall=4.040170e-04s  cpu=4.040000e-04s  provider=0  solves=1  iterations=1

STEP 5
  certificate  stage=STEP 5 LOCAL  major=41  attempt=176  accepted  reason=success  P rel.= 1.027110e-13  objective=-1.136513e+01  upper=-1.443202e+01  gap=-3.066888e+00  wall=0.000000e+00s  cpu=0.000000e+00s  provider=0  solves=0  iterations=0
  certificate  stage=STEP 5 LOCAL  major=41  attempt=177  accepted  reason=success  P rel.= 6.306309e-14  objective=-1.136513e+01  upper=-1.443202e+01  gap=-3.066888e+00  wall=0.000000e+00s  cpu=0.000000e+00s  provider=0  solves=0  iterations=0
  certificate  stage=STEP 5 LOCAL  major=41  attempt=178  accepted  reason=success  P rel.=-3.913595e-09  objective=-1.443202e+01  upper=-1.443202e+01  gap= 1.322801e-07  wall=0.000000e+00s  cpu=0.000000e+00s  provider=0  solves=0  iterations=0
  certificate  stage=STEP 5  complete  reason=step5_complete  wall=7.902912e-02s  cpu=7.900900e-02s  provider=73  solves=3  iterations=64

STEP 6
  certificate  stage=STEP 6  complete  reason=candidate_set  wall=1.757000e-05s  cpu=1.700000e-05s  provider=0  solves=0  iterations=0

STEP 8
  certificate  stage=STEP 8  complete  reason=step8_complete  wall=9.706007e-02s  cpu=9.700100e-02s  provider=244  solves=1  iterations=26

STEP 9
  certificate  stage=STEP 9  failed  objective=-1.443203e+01  upper=-1.443202e+01  gap= 1.874166e-05  wall=0.000000e+00s  cpu=0.000000e+00s  provider=0  solves=0  iterations=0
  certificate  stage=STEP 9  complete  reason=paper_potential_convergence_failed  wall=1.542670e-03s  cpu=1.542000e-03s  provider=2  solves=0  iterations=0

STEP 7
  certificate  stage=STEP 7  complete  reason=continue_stage_ii  wall=1.150000e-06s  cpu=2.000000e-06s  provider=0  solves=0  iterations=0

STEP 4
  STAGE II STEP 4  major=42  upper=-1.443202e+01  LP_primal= 0.000000e+00  LP_dual= 3.469447e-18  active_cuts=47  certified
  certificate  stage=STEP 4  complete  reason=step4_complete  wall=4.133470e-04s  cpu=4.130000e-04s  provider=0  solves=1  iterations=1

STEP 5
  certificate  stage=STEP 5 LOCAL  major=42  attempt=179  accepted  reason=success  P rel.= 6.033371e-14  objective=-1.136518e+01  upper=-1.443202e+01  gap=-3.066833e+00  wall=0.000000e+00s  cpu=0.000000e+00s  provider=0  solves=0  iterations=0
  certificate  stage=STEP 5 LOCAL  major=42  attempt=180  accepted  reason=success  P rel.= 7.512983e-14  objective=-1.136518e+01  upper=-1.443202e+01  gap=-3.066833e+00  wall=0.000000e+00s  cpu=0.000000e+00s  provider=0  solves=0  iterations=0
  certificate  stage=STEP 5 LOCAL  major=42  attempt=182  accepted  reason=success  P rel.= 8.963865e-14  objective=-1.136518e+01  upper=-1.443202e+01  gap=-3.066833e+00  wall=0.000000e+00s  cpu=0.000000e+00s  provider=0  solves=0  iterations=0
  certificate  stage=STEP 5 LOCAL  major=42  attempt=183  accepted  reason=success  P rel.= 7.139489e-14  objective=-1.136518e+01  upper=-1.443202e+01  gap=-3.066833e+00  wall=0.000000e+00s  cpu=0.000000e+00s  provider=0  solves=0  iterations=0
  certificate  stage=STEP 5 LOCAL  major=42  attempt=184  accepted  reason=success  P rel.= 5.616781e-14  objective=-1.136518e+01  upper=-1.443202e+01  gap=-3.066833e+00  wall=0.000000e+00s  cpu=0.000000e+00s  provider=0  solves=0  iterations=0
  certificate  stage=STEP 5 LOCAL  major=42  attempt=185  accepted  reason=success  P rel.=-3.889824e-09  objective=-1.443202e+01  upper=-1.443202e+01  gap= 3.306577e-08  wall=0.000000e+00s  cpu=0.000000e+00s  provider=0  solves=0  iterations=0
  certificate  stage=STEP 5  complete  reason=step5_complete  wall=1.417806e-01s  cpu=1.417520e-01s  provider=135  solves=7  iterations=113

STEP 6
  certificate  stage=STEP 6  complete  reason=candidate_set  wall=1.637000e-05s  cpu=1.700000e-05s  provider=0  solves=0  iterations=0

STEP 8
  certificate  stage=STEP 8  complete  reason=step8_complete  wall=9.455859e-02s  cpu=9.453300e-02s  provider=244  solves=1  iterations=26

STEP 9
  certificate  stage=STEP 9  failed  objective=-1.443203e+01  upper=-1.443202e+01  gap= 1.868356e-05  wall=0.000000e+00s  cpu=0.000000e+00s  provider=0  solves=0  iterations=0
  certificate  stage=STEP 9  complete  reason=paper_potential_convergence_failed  wall=1.568910e-03s  cpu=1.569000e-03s  provider=2  solves=0  iterations=0

STEP 7
  certificate  stage=STEP 7  complete  reason=continue_stage_ii  wall=1.330000e-06s  cpu=1.000000e-06s  provider=0  solves=0  iterations=0

STEP 4
  STAGE II STEP 4  major=43  upper=-1.443202e+01  LP_primal= 3.552714e-15  LP_dual= 3.469447e-18  active_cuts=48  certified
  certificate  stage=STEP 4  complete  reason=step4_complete  wall=4.427370e-04s  cpu=4.430000e-04s  provider=0  solves=1  iterations=1

STEP 5
  certificate  stage=STEP 5 LOCAL  major=43  attempt=186  accepted  reason=success  P rel.= 7.455522e-14  objective=-1.136516e+01  upper=-1.443202e+01  gap=-3.066861e+00  wall=0.000000e+00s  cpu=0.000000e+00s  provider=0  solves=0  iterations=0
  certificate  stage=STEP 5 LOCAL  major=43  attempt=187  accepted  reason=success  P rel.= 6.191387e-14  objective=-1.136516e+01  upper=-1.443202e+01  gap=-3.066861e+00  wall=0.000000e+00s  cpu=0.000000e+00s  provider=0  solves=0  iterations=0
  certificate  stage=STEP 5 LOCAL  major=43  attempt=188  accepted  reason=success  P rel.= 5.329477e-14  objective=-1.136516e+01  upper=-1.443202e+01  gap=-3.066861e+00  wall=0.000000e+00s  cpu=0.000000e+00s  provider=0  solves=0  iterations=0
  certificate  stage=STEP 5 LOCAL  major=43  attempt=189  accepted  reason=success  P rel.= 5.889719e-14  objective=-1.136516e+01  upper=-1.443202e+01  gap=-3.066861e+00  wall=0.000000e+00s  cpu=0.000000e+00s  provider=0  solves=0  iterations=0
  certificate  stage=STEP 5 LOCAL  major=43  attempt=190  accepted  reason=success  P rel.= 5.832258e-14  objective=-1.136516e+01  upper=-1.443202e+01  gap=-3.066861e+00  wall=0.000000e+00s  cpu=0.000000e+00s  provider=0  solves=0  iterations=0
  certificate  stage=STEP 5 LOCAL  major=43  attempt=191  accepted  reason=success  P rel.= 3.266639e-13  objective=-1.136516e+01  upper=-1.443202e+01  gap=-3.066861e+00  wall=0.000000e+00s  cpu=0.000000e+00s  provider=0  solves=0  iterations=0
  certificate  stage=STEP 5 LOCAL  major=43  attempt=192  accepted  reason=success  P rel.= 5.042174e-14  objective=-1.136516e+01  upper=-1.443202e+01  gap=-3.066861e+00  wall=0.000000e+00s  cpu=0.000000e+00s  provider=0  solves=0  iterations=0
  certificate  stage=STEP 5 LOCAL  major=43  attempt=193  accepted  reason=success  P rel.= 7.182584e-14  objective=-1.136516e+01  upper=-1.443202e+01  gap=-3.066861e+00  wall=0.000000e+00s  cpu=0.000000e+00s  provider=0  solves=0  iterations=0
  certificate  stage=STEP 5 LOCAL  major=43  attempt=194  accepted  reason=success  P rel.=-3.890448e-09  objective=-1.443202e+01  upper=-1.443202e+01  gap= 8.266991e-09  wall=0.000000e+00s  cpu=0.000000e+00s  provider=0  solves=0  iterations=0
  certificate  stage=STEP 5  complete  reason=step5_complete  wall=1.939010e-01s  cpu=1.938220e-01s  provider=183  solves=9  iterations=165

STEP 6
  certificate  stage=STEP 6  complete  reason=candidate_set  wall=1.834000e-05s  cpu=1.800000e-05s  provider=0  solves=0  iterations=0

STEP 8
  certificate  stage=STEP 8  complete  reason=step8_complete  wall=9.382442e-02s  cpu=9.379800e-02s  provider=244  solves=1  iterations=26

STEP 9
  certificate  stage=STEP 9  failed  objective=-1.443203e+01  upper=-1.443202e+01  gap= 1.867498e-05  wall=0.000000e+00s  cpu=0.000000e+00s  provider=0  solves=0  iterations=0
  certificate  stage=STEP 9  complete  reason=paper_potential_convergence_failed  wall=1.573670e-03s  cpu=1.574000e-03s  provider=2  solves=0  iterations=0

STEP 7
  certificate  stage=STEP 7  complete  reason=continue_stage_ii  wall=1.180000e-06s  cpu=2.000000e-06s  provider=0  solves=0  iterations=0

STEP 4
  STAGE II STEP 4  major=44  upper=-1.443202e+01  LP_primal= 0.000000e+00  LP_dual= 6.938894e-18  active_cuts=49  certified
  certificate  stage=STEP 4  complete  reason=step4_complete  wall=4.363570e-04s  cpu=4.360000e-04s  provider=0  solves=1  iterations=1

STEP 5
  certificate  stage=STEP 5 LOCAL  major=44  attempt=195  accepted  reason=success  P rel.= 5.573685e-14  objective=-1.136514e+01  upper=-1.443202e+01  gap=-3.066874e+00  wall=0.000000e+00s  cpu=0.000000e+00s  provider=0  solves=0  iterations=0
  certificate  stage=STEP 5 LOCAL  major=44  attempt=196  accepted  reason=success  P rel.= 8.231241e-14  objective=-1.136514e+01  upper=-1.443202e+01  gap=-3.066874e+00  wall=0.000000e+00s  cpu=0.000000e+00s  provider=0  solves=0  iterations=0
  certificate  stage=STEP 5 LOCAL  major=44  attempt=197  accepted  reason=success  P rel.=-2.555168e-08  objective=-1.443202e+01  upper=-1.443202e+01  gap= 2.066809e-09  wall=0.000000e+00s  cpu=0.000000e+00s  provider=0  solves=0  iterations=0
  certificate  stage=STEP 5  complete  reason=step5_complete  wall=6.524616e-02s  cpu=6.518200e-02s  provider=61  solves=3  iterations=56

STEP 6
  certificate  stage=STEP 6  complete  reason=candidate_set  wall=1.786000e-05s  cpu=1.800000e-05s  provider=0  solves=0  iterations=0

STEP 8
  certificate  stage=STEP 8  complete  reason=step8_complete  wall=9.448823e-02s  cpu=9.444400e-02s  provider=244  solves=1  iterations=26

STEP 9
  certificate  stage=STEP 9  failed  objective=-1.443203e+01  upper=-1.443202e+01  gap= 1.867069e-05  wall=0.000000e+00s  cpu=0.000000e+00s  provider=0  solves=0  iterations=0
  certificate  stage=STEP 9  complete  reason=paper_potential_convergence_failed  wall=1.597510e-03s  cpu=1.598000e-03s  provider=2  solves=0  iterations=0

STEP 7
  certificate  stage=STEP 7  complete  reason=continue_stage_ii  wall=1.080000e-06s  cpu=1.000000e-06s  provider=0  solves=0  iterations=0

STEP 4
  STAGE II STEP 4  major=45  upper=-1.443202e+01  LP_primal= 0.000000e+00  LP_dual= 5.551115e-17  active_cuts=50  certified
  certificate  stage=STEP 4  complete  reason=step4_complete  wall=4.165280e-04s  cpu=4.170000e-04s  provider=0  solves=1  iterations=1

STEP 5
  certificate  stage=STEP 5 LOCAL  major=45  attempt=198  accepted  reason=success  P rel.=-3.894187e-09  objective=-1.443202e+01  upper=-1.443202e+01  gap= 5.166960e-10  wall=0.000000e+00s  cpu=0.000000e+00s  provider=0  solves=0  iterations=0
  certificate  stage=STEP 5  complete  reason=step5_complete  wall=2.162927e-02s  cpu=2.162900e-02s  provider=21  solves=1  iterations=18

STEP 6
  certificate  stage=STEP 6  complete  reason=candidate_set  wall=1.766000e-05s  cpu=1.700000e-05s  provider=0  solves=0  iterations=0

STEP 8
  certificate  stage=STEP 8  complete  reason=step8_complete  wall=9.242163e-02s  cpu=9.241400e-02s  provider=244  solves=1  iterations=26

STEP 9
  certificate  stage=STEP 9  failed  objective=-1.443203e+01  upper=-1.443202e+01  gap= 1.867049e-05  wall=0.000000e+00s  cpu=0.000000e+00s  provider=0  solves=0  iterations=0
  certificate  stage=STEP 9  complete  reason=paper_potential_convergence_failed  wall=1.617609e-03s  cpu=1.618000e-03s  provider=2  solves=0  iterations=0

STEP 7
  certificate  stage=STEP 7  complete  reason=continue_stage_ii  wall=1.180000e-06s  cpu=1.000000e-06s  provider=0  solves=0  iterations=0

STEP 4
  STAGE II STEP 4  major=46  upper=-1.443202e+01  LP_primal= 3.552714e-15  LP_dual= 3.469447e-18  active_cuts=51  certified
  certificate  stage=STEP 4  complete  reason=step4_complete  wall=4.217680e-04s  cpu=4.220000e-04s  provider=0  solves=1  iterations=1

STEP 5
  certificate  stage=STEP 5 LOCAL  major=46  attempt=199  accepted  reason=success  P rel.=-3.853323e-09  objective=-1.443202e+01  upper=-1.443202e+01  gap= 1.291713e-10  wall=0.000000e+00s  cpu=0.000000e+00s  provider=0  solves=0  iterations=0
  certificate  stage=STEP 5  complete  reason=step5_complete  wall=2.126512e-02s  cpu=2.126500e-02s  provider=21  solves=1  iterations=18

STEP 6
  certificate  stage=STEP 6  complete  reason=candidate_set  wall=1.754000e-05s  cpu=1.800000e-05s  provider=0  solves=0  iterations=0

STEP 8
  certificate  stage=STEP 8  complete  reason=step8_complete  wall=9.304638e-02s  cpu=9.304100e-02s  provider=244  solves=1  iterations=26

STEP 9
  certificate  stage=STEP 9  failed  objective=-1.443203e+01  upper=-1.443202e+01  gap= 1.867038e-05  wall=0.000000e+00s  cpu=0.000000e+00s  provider=0  solves=0  iterations=0
  certificate  stage=STEP 9  complete  reason=paper_potential_convergence_failed  wall=1.586760e-03s  cpu=1.587000e-03s  provider=2  solves=0  iterations=0

STEP 7
  certificate  stage=STEP 7  complete  reason=continue_stage_ii  wall=1.190000e-06s  cpu=1.000000e-06s  provider=0  solves=0  iterations=0

STEP 4
  STAGE II STEP 4  major=47  upper=-1.443202e+01  LP_primal= 1.776357e-15  LP_dual= 1.387779e-17  active_cuts=52  certified
  certificate  stage=STEP 4  complete  reason=step4_complete  wall=4.391070e-04s  cpu=4.400000e-04s  provider=0  solves=1  iterations=1

STEP 5
  certificate  stage=STEP 5 LOCAL  major=47  attempt=200  accepted  reason=success  P rel.= 5.702972e-14  objective=-1.136515e+01  upper=-1.443202e+01  gap=-3.066862e+00  wall=0.000000e+00s  cpu=0.000000e+00s  provider=0  solves=0  iterations=0
  certificate  stage=STEP 5 LOCAL  major=47  attempt=201  accepted  reason=success  P rel.=-3.894009e-09  objective=-1.443202e+01  upper=-1.443202e+01  gap= 3.229417e-11  wall=0.000000e+00s  cpu=0.000000e+00s  provider=0  solves=0  iterations=0
  certificate  stage=STEP 5  complete  reason=step5_complete  wall=5.103233e-02s  cpu=5.103400e-02s  provider=48  solves=2  iterations=43

STEP 6
  certificate  stage=STEP 6  complete  reason=candidate_set  wall=2.333900e-05s  cpu=2.300000e-05s  provider=0  solves=0  iterations=0

STEP 8
  certificate  stage=STEP 8  complete  reason=step8_complete  wall=9.452489e-02s  cpu=9.448300e-02s  provider=244  solves=1  iterations=26

STEP 9
  certificate  stage=STEP 9  failed  objective=-1.443203e+01  upper=-1.443202e+01  gap= 1.867033e-05  wall=0.000000e+00s  cpu=0.000000e+00s  provider=0  solves=0  iterations=0
  certificate  stage=STEP 9  complete  reason=paper_potential_convergence_failed  wall=1.540610e-03s  cpu=1.541000e-03s  provider=2  solves=0  iterations=0

STEP 7
  certificate  stage=STEP 7  complete  reason=continue_stage_ii  wall=1.150000e-06s  cpu=1.000000e-06s  provider=0  solves=0  iterations=0

STEP 4
  STAGE II STEP 4  major=48  upper=-1.443202e+01  LP_primal= 3.229417e-11  LP_dual= 1.387779e-17  active_cuts=53  certified
  certificate  stage=STEP 4  complete  reason=step4_complete  wall=4.236070e-04s  cpu=4.240000e-04s  provider=0  solves=1  iterations=1

STEP 5
  certificate  stage=STEP 5 LOCAL  major=48  attempt=202  accepted  reason=success  P rel.= 7.699730e-14  objective=-1.136515e+01  upper=-1.443202e+01  gap=-3.066862e+00  wall=0.000000e+00s  cpu=0.000000e+00s  provider=0  solves=0  iterations=0
  certificate  stage=STEP 5 LOCAL  major=48  attempt=203  accepted  reason=success  P rel.= 7.886477e-13  objective=-1.136515e+01  upper=-1.443202e+01  gap=-3.066862e+00  wall=0.000000e+00s  cpu=0.000000e+00s  provider=0  solves=0  iterations=0
  certificate  stage=STEP 5 LOCAL  major=48  attempt=204  accepted  reason=success  P rel.= 8.719657e-14  objective=-1.136515e+01  upper=-1.443202e+01  gap=-3.066862e+00  wall=0.000000e+00s  cpu=0.000000e+00s  provider=0  solves=0  iterations=0
  certificate  stage=STEP 5 LOCAL  major=48  attempt=206  accepted  reason=success  P rel.= 7.096393e-14  objective=-1.136515e+01  upper=-1.443202e+01  gap=-3.066862e+00  wall=0.000000e+00s  cpu=0.000000e+00s  provider=0  solves=0  iterations=0
  certificate  stage=STEP 5 LOCAL  major=48  attempt=207  accepted  reason=success  P rel.= 6.809090e-14  objective=-1.136515e+01  upper=-1.443202e+01  gap=-3.066862e+00  wall=0.000000e+00s  cpu=0.000000e+00s  provider=0  solves=0  iterations=0
  certificate  stage=STEP 5 LOCAL  major=48  attempt=208  accepted  reason=success  P rel.=-5.531763e-08  objective=-1.443211e+01  upper=-1.443202e+01  gap= 9.019861e-05  wall=0.000000e+00s  cpu=0.000000e+00s  provider=0  solves=0  iterations=0
  certificate  stage=STEP 5  complete  reason=step5_complete  wall=1.229557e-01s  cpu=1.229580e-01s  provider=118  solves=7  iterations=110

STEP 6
  certificate  stage=STEP 6  complete  reason=candidate_set  wall=1.829000e-05s  cpu=1.800000e-05s  provider=0  solves=0  iterations=0

STEP 8
  certificate  stage=STEP 8  complete  reason=step8_complete  wall=9.285485e-02s  cpu=9.284200e-02s  provider=201  solves=1  iterations=26

STEP 9
  certificate  stage=STEP 9  failed  objective=-1.443204e+01  upper=-1.443202e+01  gap= 2.565451e-05  wall=0.000000e+00s  cpu=0.000000e+00s  provider=0  solves=0  iterations=0
  certificate  stage=STEP 9  complete  reason=paper_potential_convergence_failed  wall=2.466354e-03s  cpu=2.466000e-03s  provider=3  solves=0  iterations=0

STEP 7
  certificate  stage=STEP 7  complete  reason=continue_stage_ii  wall=1.000000e-06s  cpu=1.000000e-06s  provider=0  solves=0  iterations=0

STEP 4
  STAGE II STEP 4  major=49  upper=-1.443204e+01  LP_primal= 1.776357e-15  LP_dual= 5.551115e-17  active_cuts=54  certified
  certificate  stage=STEP 4  complete  reason=step4_complete  wall=3.727070e-04s  cpu=3.730000e-04s  provider=0  solves=1  iterations=1

STEP 5
  certificate  stage=STEP 5 LOCAL  major=49  attempt=209  accepted  reason=success  P rel.= 1.988139e-13  objective=-1.136715e+01  upper=-1.443204e+01  gap=-3.064890e+00  wall=0.000000e+00s  cpu=0.000000e+00s  provider=0  solves=0  iterations=0
  certificate  stage=STEP 5 LOCAL  major=49  attempt=210  accepted  reason=success  P rel.=-3.786821e-09  objective=-1.443204e+01  upper=-1.443204e+01  gap= 3.167976e-06  wall=0.000000e+00s  cpu=0.000000e+00s  provider=0  solves=0  iterations=0
  certificate  stage=STEP 5  complete  reason=step5_complete  wall=4.674216e-02s  cpu=4.674400e-02s  provider=44  solves=2  iterations=40

STEP 6
  certificate  stage=STEP 6  complete  reason=candidate_set  wall=1.978000e-05s  cpu=2.000000e-05s  provider=0  solves=0  iterations=0

STEP 8
  certificate  stage=STEP 8  indeterminate  reason=problem_67_not_converged  wall=3.022088e-01s  cpu=3.021720e-01s  provider=875  solves=2  iterations=74
