HELD2.0  case=installed-held2-paper-rewrite  T=2.981500e+02 K  P=1.013000e+05 Pa

STEP 1
  certificate  stage=STEP 1  complete  reason=step1_complete  wall=3.307000e-05s  cpu=3.100000e-05s  provider=1  solves=0  iterations=0

STEP 2

REFERENCE PRESSURE ROOTS
  root   0  V= 3.010881e-05  P rel.= 4.287267e-09  G/RT=-4.066369e+01  strict_stable
  root   1  V= 6.269522e-04  P rel.= 7.045133e-09  G/RT=-3.633520e+01  unstable
  root   2  V= 2.144882e-02  P rel.=-5.095124e-11  G/RT=-3.752354e+01  strict_stable
  selected root 0  status=selected
  eval     1  TPD=-1.717429e-01  P rel.=-6.133651e-09  V= 4.695210e-05  certified
  certificate  stage=STEP 2  complete  reason=negative_tpd_witness  wall=4.256868e-01s  cpu=4.252170e-01s  provider=548  solves=1  iterations=1

STEP 3
  certificate  stage=STEP 3  complete  reason=step3_complete  wall=8.631121e-01s  cpu=8.622280e-01s  provider=4  solves=0  iterations=0

STEP 4
  STAGE II STEP 4  major=0  upper=-4.071003e+01  LP_primal= 0.000000e+00  LP_dual= 6.938894e-18  active_cuts=5  certified
  certificate  stage=STEP 4  complete  reason=step4_complete  wall=3.980670e-04s  cpu=3.980000e-04s  provider=0  solves=1  iterations=1

STEP 5
  certificate  stage=STEP 5 LOCAL  major=0  attempt=0  accepted  reason=success  P rel.=-9.816637e-04  objective=-4.140791e+01  upper=-4.071003e+01  gap= 6.978748e-01  wall=0.000000e+00s  cpu=0.000000e+00s  provider=0  solves=0  iterations=0
  certificate  stage=STEP 5  complete  reason=step5_complete  wall=2.628682e-02s  cpu=2.628800e-02s  provider=153  solves=1  iterations=21

STEP 6
  certificate  stage=STEP 6  complete  reason=insufficient_candidates  wall=2.030000e-06s  cpu=2.000000e-06s  provider=0  solves=0  iterations=0

STEP 7
  certificate  stage=STEP 7  complete  reason=continue_stage_ii  wall=9.400000e-07s  cpu=1.000000e-06s  provider=0  solves=0  iterations=0

STEP 4
  STAGE II STEP 4  major=1  upper=-4.077839e+01  LP_primal= 1.421085e-14  LP_dual= 5.551115e-17  active_cuts=6  certified
  certificate  stage=STEP 4  complete  reason=step4_complete  wall=2.592080e-04s  cpu=2.600000e-04s  provider=0  solves=1  iterations=1

STEP 5
  certificate  stage=STEP 5 LOCAL  major=1  attempt=1  accepted  reason=success  P rel.=-9.674669e-08  objective=-4.131650e+01  upper=-4.077839e+01  gap= 5.381104e-01  wall=0.000000e+00s  cpu=0.000000e+00s  provider=0  solves=0  iterations=0
  certificate  stage=STEP 5  complete  reason=step5_complete  wall=3.111373e-02s  cpu=3.111500e-02s  provider=30  solves=1  iterations=26

STEP 6
  certificate  stage=STEP 6  complete  reason=insufficient_candidates  wall=2.580000e-06s  cpu=2.000000e-06s  provider=0  solves=0  iterations=0

STEP 7
  certificate  stage=STEP 7  complete  reason=continue_stage_ii  wall=9.100000e-07s  cpu=1.000000e-06s  provider=0  solves=0  iterations=0

STEP 4
  STAGE II STEP 4  major=2  upper=-4.099350e+01  LP_primal= 7.105427e-15  LP_dual= 1.387779e-17  active_cuts=7  certified
  certificate  stage=STEP 4  complete  reason=step4_complete  wall=3.212880e-04s  cpu=3.220000e-04s  provider=0  solves=1  iterations=1

STEP 5
  certificate  stage=STEP 5 LOCAL  major=2  attempt=2  accepted  reason=success  P rel.= 4.955983e-14  objective=-3.817697e+01  upper=-4.099350e+01  gap=-2.816529e+00  wall=0.000000e+00s  cpu=0.000000e+00s  provider=0  solves=0  iterations=0
  certificate  stage=STEP 5 LOCAL  major=2  attempt=3  accepted  reason=success  P rel.= 5.171460e-14  objective=-3.817697e+01  upper=-4.099350e+01  gap=-2.816529e+00  wall=0.000000e+00s  cpu=0.000000e+00s  provider=0  solves=0  iterations=0
  certificate  stage=STEP 5 LOCAL  major=2  attempt=4  accepted  reason=success  P rel.=-1.975842e-09  objective=-4.130355e+01  upper=-4.099350e+01  gap= 3.100492e-01  wall=0.000000e+00s  cpu=0.000000e+00s  provider=0  solves=0  iterations=0
  certificate  stage=STEP 5  complete  reason=step5_complete  wall=8.224936e-02s  cpu=8.223700e-02s  provider=76  solves=3  iterations=71

STEP 6
  certificate  stage=STEP 6  complete  reason=insufficient_candidates  wall=2.510000e-06s  cpu=2.000000e-06s  provider=0  solves=0  iterations=0

STEP 7
  certificate  stage=STEP 7  complete  reason=continue_stage_ii  wall=9.300000e-07s  cpu=1.000000e-06s  provider=0  solves=0  iterations=0

STEP 4
  STAGE II STEP 4  major=3  upper=-4.108136e+01  LP_primal= 0.000000e+00  LP_dual= 4.163336e-17  active_cuts=8  certified
  certificate  stage=STEP 4  complete  reason=step4_complete  wall=3.079980e-04s  cpu=3.080000e-04s  provider=0  solves=1  iterations=1

STEP 5
  certificate  stage=STEP 5 LOCAL  major=3  attempt=5  accepted  reason=success  P rel.= 5.329477e-14  objective=-3.823626e+01  upper=-4.108136e+01  gap=-2.845099e+00  wall=0.000000e+00s  cpu=0.000000e+00s  provider=0  solves=0  iterations=0
  certificate  stage=STEP 5 LOCAL  major=3  attempt=6  accepted  reason=success  P rel.=-1.297682e-09  objective=-4.117216e+01  upper=-4.108136e+01  gap= 9.080038e-02  wall=0.000000e+00s  cpu=0.000000e+00s  provider=0  solves=0  iterations=0
  certificate  stage=STEP 5  complete  reason=step5_complete  wall=4.892058e-02s  cpu=4.892300e-02s  provider=47  solves=2  iterations=43

STEP 6
  certificate  stage=STEP 6  complete  reason=insufficient_candidates  wall=2.370000e-06s  cpu=3.000000e-06s  provider=0  solves=0  iterations=0

STEP 7
  certificate  stage=STEP 7  complete  reason=continue_stage_ii  wall=9.400000e-07s  cpu=1.000000e-06s  provider=0  solves=0  iterations=0

STEP 4
  STAGE II STEP 4  major=4  upper=-4.108826e+01  LP_primal= 0.000000e+00  LP_dual= 1.387779e-17  active_cuts=9  certified
  certificate  stage=STEP 4  complete  reason=step4_complete  wall=3.003480e-04s  cpu=3.000000e-04s  provider=0  solves=1  iterations=1

STEP 5
  certificate  stage=STEP 5 LOCAL  major=4  attempt=7  accepted  reason=success  P rel.=-1.573308e-09  objective=-4.110957e+01  upper=-4.108826e+01  gap= 2.131405e-02  wall=0.000000e+00s  cpu=0.000000e+00s  provider=0  solves=0  iterations=0
  certificate  stage=STEP 5  complete  reason=step5_complete  wall=2.346168e-02s  cpu=2.346300e-02s  provider=23  solves=1  iterations=20

STEP 6
  certificate  stage=STEP 6  complete  reason=insufficient_candidates  wall=2.730000e-06s  cpu=3.000000e-06s  provider=0  solves=0  iterations=0

STEP 7
  certificate  stage=STEP 7  complete  reason=continue_stage_ii  wall=9.500000e-07s  cpu=1.000000e-06s  provider=0  solves=0  iterations=0

STEP 4
  STAGE II STEP 4  major=5  upper=-4.109143e+01  LP_primal= 0.000000e+00  LP_dual= 5.551115e-17  active_cuts=10  certified
  certificate  stage=STEP 4  complete  reason=step4_complete  wall=3.299880e-04s  cpu=3.300000e-04s  provider=0  solves=1  iterations=1

STEP 5
  certificate  stage=STEP 5 LOCAL  major=5  attempt=8  accepted  reason=success  P rel.= 5.717337e-14  objective=-3.824634e+01  upper=-4.109143e+01  gap=-2.845087e+00  wall=0.000000e+00s  cpu=0.000000e+00s  provider=0  solves=0  iterations=0
  certificate  stage=STEP 5 LOCAL  major=5  attempt=9  accepted  reason=success  P rel.= 2.561309e-13  objective=-3.824634e+01  upper=-4.109143e+01  gap=-2.845087e+00  wall=0.000000e+00s  cpu=0.000000e+00s  provider=0  solves=0  iterations=0
  certificate  stage=STEP 5 LOCAL  major=5  attempt=10  accepted  reason=success  P rel.= 8.015764e-14  objective=-3.824634e+01  upper=-4.109143e+01  gap=-2.845087e+00  wall=0.000000e+00s  cpu=0.000000e+00s  provider=0  solves=0  iterations=0
  certificate  stage=STEP 5 LOCAL  major=5  attempt=11  accepted  reason=success  P rel.= 5.809274e-13  objective=-3.824634e+01  upper=-4.109143e+01  gap=-2.845087e+00  wall=0.000000e+00s  cpu=0.000000e+00s  provider=0  solves=0  iterations=0
  certificate  stage=STEP 5 LOCAL  major=5  attempt=12  accepted  reason=success  P rel.= 3.404545e-14  objective=-3.824634e+01  upper=-4.109143e+01  gap=-2.845087e+00  wall=0.000000e+00s  cpu=0.000000e+00s  provider=0  solves=0  iterations=0
  certificate  stage=STEP 5 LOCAL  major=5  attempt=13  accepted  reason=success  P rel.=-1.769567e-09  objective=-4.109686e+01  upper=-4.109143e+01  gap= 5.432417e-03  wall=0.000000e+00s  cpu=0.000000e+00s  provider=0  solves=0  iterations=0
  certificate  stage=STEP 5  complete  reason=step5_complete  wall=1.580260e-01s  cpu=1.580160e-01s  provider=153  solves=6  iterations=141

STEP 6
  certificate  stage=STEP 6  complete  reason=candidate_set  wall=3.900000e-06s  cpu=4.000000e-06s  provider=0  solves=0  iterations=0

STEP 8
  certificate  stage=STEP 8  complete  reason=problem_67_infeasible  wall=1.459290e-04s  cpu=1.460000e-04s  provider=3  solves=1  iterations=0

STEP 7
  certificate  stage=STEP 7  complete  reason=continue_stage_ii  wall=9.500000e-07s  cpu=1.000000e-06s  provider=0  solves=0  iterations=0

STEP 4
  STAGE II STEP 4  major=6  upper=-4.109310e+01  LP_primal= 7.105427e-15  LP_dual= 1.110223e-16  active_cuts=11  certified
  certificate  stage=STEP 4  complete  reason=step4_complete  wall=2.635080e-04s  cpu=2.640000e-04s  provider=0  solves=1  iterations=1

STEP 5
  certificate  stage=STEP 5 LOCAL  major=6  attempt=14  accepted  reason=success  P rel.= 2.643191e-14  objective=-3.824808e+01  upper=-4.109310e+01  gap=-2.845025e+00  wall=0.000000e+00s  cpu=0.000000e+00s  provider=0  solves=0  iterations=0
  certificate  stage=STEP 5 LOCAL  major=6  attempt=15  accepted  reason=success  P rel.= 4.007882e-14  objective=-3.824808e+01  upper=-4.109310e+01  gap=-2.845025e+00  wall=0.000000e+00s  cpu=0.000000e+00s  provider=0  solves=0  iterations=0
  certificate  stage=STEP 5 LOCAL  major=6  attempt=16  accepted  reason=success  P rel.=-1.909517e-09  objective=-4.109470e+01  upper=-4.109310e+01  gap= 1.595191e-03  wall=0.000000e+00s  cpu=0.000000e+00s  provider=0  solves=0  iterations=0
  certificate  stage=STEP 5  complete  reason=step5_complete  wall=7.346173e-02s  cpu=7.346400e-02s  provider=72  solves=3  iterations=63

STEP 6
  certificate  stage=STEP 6  complete  reason=candidate_set  wall=4.079000e-06s  cpu=4.000000e-06s  provider=0  solves=0  iterations=0

STEP 8
  certificate  stage=STEP 8  complete  reason=problem_67_infeasible  wall=1.439290e-04s  cpu=1.440000e-04s  provider=3  solves=1  iterations=0

STEP 7
  certificate  stage=STEP 7  complete  reason=continue_stage_ii  wall=9.700000e-07s  cpu=1.000000e-06s  provider=0  solves=0  iterations=0

STEP 4
  STAGE II STEP 4  major=7  upper=-4.109316e+01  LP_primal= 0.000000e+00  LP_dual= 2.602085e-17  active_cuts=12  certified
  certificate  stage=STEP 4  complete  reason=step4_complete  wall=2.705080e-04s  cpu=2.710000e-04s  provider=0  solves=1  iterations=1

STEP 5
  certificate  stage=STEP 5 LOCAL  major=7  attempt=17  accepted  reason=success  P rel.= 4.984713e-14  objective=-3.824807e+01  upper=-4.109316e+01  gap=-2.845086e+00  wall=0.000000e+00s  cpu=0.000000e+00s  provider=0  solves=0  iterations=0
  certificate  stage=STEP 5 LOCAL  major=7  attempt=18  accepted  reason=success  P rel.= 7.053298e-14  objective=-3.824807e+01  upper=-4.109316e+01  gap=-2.845086e+00  wall=0.000000e+00s  cpu=0.000000e+00s  provider=0  solves=0  iterations=0
  certificate  stage=STEP 5 LOCAL  major=7  attempt=19  accepted  reason=success  P rel.=-1.844884e-09  objective=-4.109356e+01  upper=-4.109316e+01  gap= 4.004784e-04  wall=0.000000e+00s  cpu=0.000000e+00s  provider=0  solves=0  iterations=0
  certificate  stage=STEP 5  complete  reason=step5_complete  wall=6.707361e-02s  cpu=6.706300e-02s  provider=66  solves=3  iterations=60

STEP 6
  certificate  stage=STEP 6  complete  reason=candidate_set  wall=4.140000e-06s  cpu=4.000000e-06s  provider=0  solves=0  iterations=0

STEP 8
  certificate  stage=STEP 8  complete  reason=problem_67_infeasible  wall=1.523290e-04s  cpu=1.520000e-04s  provider=5  solves=1  iterations=0

STEP 7
  certificate  stage=STEP 7  complete  reason=continue_stage_ii  wall=9.800000e-07s  cpu=1.000000e-06s  provider=0  solves=0  iterations=0

STEP 4
  STAGE II STEP 4  major=8  upper=-4.109318e+01  LP_primal= 7.105427e-15  LP_dual= 5.551115e-17  active_cuts=13  certified
  certificate  stage=STEP 4  complete  reason=step4_complete  wall=2.931380e-04s  cpu=2.930000e-04s  provider=0  solves=1  iterations=1

STEP 5
  certificate  stage=STEP 5 LOCAL  major=8  attempt=20  accepted  reason=success  P rel.= 7.642269e-14  objective=-3.824809e+01  upper=-4.109318e+01  gap=-2.845087e+00  wall=0.000000e+00s  cpu=0.000000e+00s  provider=0  solves=0  iterations=0
  certificate  stage=STEP 5 LOCAL  major=8  attempt=23  accepted  reason=success  P rel.= 5.616781e-14  objective=-3.824809e+01  upper=-4.109318e+01  gap=-2.845087e+00  wall=0.000000e+00s  cpu=0.000000e+00s  provider=0  solves=0  iterations=0
  certificate  stage=STEP 5 LOCAL  major=8  attempt=24  accepted  reason=success  P rel.=-1.807136e-09  objective=-4.109328e+01  upper=-4.109318e+01  gap= 1.004468e-04  wall=0.000000e+00s  cpu=0.000000e+00s  provider=0  solves=0  iterations=0
  certificate  stage=STEP 5  complete  reason=step5_complete  wall=7.732303e-02s  cpu=7.730200e-02s  provider=77  solves=5  iterations=64

STEP 6
  certificate  stage=STEP 6  complete  reason=candidate_set  wall=4.360000e-06s  cpu=4.000000e-06s  provider=0  solves=0  iterations=0

STEP 8
  certificate  stage=STEP 8  complete  reason=problem_67_infeasible  wall=1.608890e-04s  cpu=1.620000e-04s  provider=6  solves=1  iterations=0

STEP 7
  certificate  stage=STEP 7  complete  reason=continue_stage_ii  wall=9.500000e-07s  cpu=1.000000e-06s  provider=0  solves=0  iterations=0

STEP 4
  STAGE II STEP 4  major=9  upper=-4.109319e+01  LP_primal= 0.000000e+00  LP_dual= 2.775558e-17  active_cuts=14  certified
  certificate  stage=STEP 4  complete  reason=step4_complete  wall=2.716480e-04s  cpu=2.720000e-04s  provider=0  solves=1  iterations=1

STEP 5
  certificate  stage=STEP 5 LOCAL  major=9  attempt=25  accepted  reason=success  P rel.= 4.582489e-14  objective=-3.824811e+01  upper=-4.109319e+01  gap=-2.845087e+00  wall=0.000000e+00s  cpu=0.000000e+00s  provider=0  solves=0  iterations=0
  certificate  stage=STEP 5 LOCAL  major=9  attempt=26  accepted  reason=success  P rel.=-1.782565e-09  objective=-4.109322e+01  upper=-4.109319e+01  gap= 2.524363e-05  wall=0.000000e+00s  cpu=0.000000e+00s  provider=0  solves=0  iterations=0
  certificate  stage=STEP 5  complete  reason=step5_complete  wall=5.092097e-02s  cpu=5.092200e-02s  provider=50  solves=2  iterations=45

STEP 6
  certificate  stage=STEP 6  complete  reason=candidate_set  wall=5.110000e-06s  cpu=5.000000e-06s  provider=0  solves=0  iterations=0

STEP 8
  certificate  stage=STEP 8  complete  reason=problem_67_infeasible  wall=1.733490e-04s  cpu=1.740000e-04s  provider=7  solves=1  iterations=0

STEP 7
  certificate  stage=STEP 7  complete  reason=continue_stage_ii  wall=1.010000e-06s  cpu=1.000000e-06s  provider=0  solves=0  iterations=0

STEP 4
  STAGE II STEP 4  major=10  upper=-4.109320e+01  LP_primal= 0.000000e+00  LP_dual= 1.110223e-16  active_cuts=15  certified
  certificate  stage=STEP 4  complete  reason=step4_complete  wall=2.851180e-04s  cpu=2.850000e-04s  provider=0  solves=1  iterations=1

STEP 5
  certificate  stage=STEP 5 LOCAL  major=10  attempt=27  accepted  reason=success  P rel.= 6.291944e-14  objective=-3.824811e+01  upper=-4.109320e+01  gap=-2.845087e+00  wall=0.000000e+00s  cpu=0.000000e+00s  provider=0  solves=0  iterations=0
  certificate  stage=STEP 5 LOCAL  major=10  attempt=28  accepted  reason=success  P rel.= 5.832258e-14  objective=-3.824811e+01  upper=-4.109320e+01  gap=-2.845087e+00  wall=0.000000e+00s  cpu=0.000000e+00s  provider=0  solves=0  iterations=0
  certificate  stage=STEP 5 LOCAL  major=10  attempt=29  accepted  reason=success  P rel.= 6.449960e-14  objective=-3.824811e+01  upper=-4.109320e+01  gap=-2.845087e+00  wall=0.000000e+00s  cpu=0.000000e+00s  provider=0  solves=0  iterations=0
  certificate  stage=STEP 5 LOCAL  major=10  attempt=30  accepted  reason=success  P rel.= 4.323916e-14  objective=-3.824811e+01  upper=-4.109320e+01  gap=-2.845087e+00  wall=0.000000e+00s  cpu=0.000000e+00s  provider=0  solves=0  iterations=0
  certificate  stage=STEP 5 LOCAL  major=10  attempt=31  accepted  reason=success  P rel.= 7.872112e-14  objective=-3.824811e+01  upper=-4.109320e+01  gap=-2.845087e+00  wall=0.000000e+00s  cpu=0.000000e+00s  provider=0  solves=0  iterations=0
  certificate  stage=STEP 5 LOCAL  major=10  attempt=32  accepted  reason=success  P rel.= 6.449960e-14  objective=-3.824811e+01  upper=-4.109320e+01  gap=-2.845087e+00  wall=0.000000e+00s  cpu=0.000000e+00s  provider=0  solves=0  iterations=0
  certificate  stage=STEP 5 LOCAL  major=10  attempt=33  accepted  reason=success  P rel.= 3.476371e-14  objective=-3.824811e+01  upper=-4.109320e+01  gap=-2.845087e+00  wall=0.000000e+00s  cpu=0.000000e+00s  provider=0  solves=0  iterations=0
  certificate  stage=STEP 5 LOCAL  major=10  attempt=34  accepted  reason=success  P rel.= 5.114000e-14  objective=-3.824811e+01  upper=-4.109320e+01  gap=-2.845087e+00  wall=0.000000e+00s  cpu=0.000000e+00s  provider=0  solves=0  iterations=0
  certificate  stage=STEP 5 LOCAL  major=10  attempt=35  accepted  reason=success  P rel.= 3.821135e-14  objective=-3.824811e+01  upper=-4.109320e+01  gap=-2.845087e+00  wall=0.000000e+00s  cpu=0.000000e+00s  provider=0  solves=0  iterations=0
  certificate  stage=STEP 5 LOCAL  major=10  attempt=36  accepted  reason=success  P rel.=-1.796720e-09  objective=-4.109321e+01  upper=-4.109320e+01  gap= 6.417976e-06  wall=0.000000e+00s  cpu=0.000000e+00s  provider=0  solves=0  iterations=0
  certificate  stage=STEP 5  complete  reason=step5_complete  wall=2.604691e-01s  cpu=2.603680e-01s  provider=252  solves=10  iterations=239

STEP 6
  certificate  stage=STEP 6  complete  reason=candidate_set  wall=5.610000e-06s  cpu=6.000000e-06s  provider=0  solves=0  iterations=0

STEP 8
  certificate  stage=STEP 8  complete  reason=problem_67_infeasible  wall=1.771590e-04s  cpu=1.770000e-04s  provider=8  solves=1  iterations=0

STEP 7
  certificate  stage=STEP 7  complete  reason=continue_stage_ii  wall=9.400000e-07s  cpu=1.000000e-06s  provider=0  solves=0  iterations=0

STEP 4
  STAGE II STEP 4  major=11  upper=-4.109320e+01  LP_primal= 0.000000e+00  LP_dual= 2.775558e-17  active_cuts=16  certified
  certificate  stage=STEP 4  complete  reason=step4_complete  wall=2.999080e-04s  cpu=3.000000e-04s  provider=0  solves=1  iterations=1

STEP 5
  certificate  stage=STEP 5 LOCAL  major=11  attempt=37  accepted  reason=success  P rel.=-1.775621e-09  objective=-4.109320e+01  upper=-4.109320e+01  gap= 1.603998e-06  wall=0.000000e+00s  cpu=0.000000e+00s  provider=0  solves=0  iterations=0
  certificate  stage=STEP 5  complete  reason=step5_complete  wall=2.699824e-02s  cpu=2.699100e-02s  provider=25  solves=1  iterations=23

STEP 6
  certificate  stage=STEP 6  complete  reason=candidate_set  wall=1.298000e-05s  cpu=1.200000e-05s  provider=0  solves=0  iterations=0

STEP 8
  certificate  stage=STEP 8  complete  reason=problem_67_infeasible  wall=1.926990e-04s  cpu=1.930000e-04s  provider=9  solves=1  iterations=0

STEP 7
  certificate  stage=STEP 7  complete  reason=continue_stage_ii  wall=9.500000e-07s  cpu=1.000000e-06s  provider=0  solves=0  iterations=0

STEP 4
  STAGE II STEP 4  major=12  upper=-4.109320e+01  LP_primal= 0.000000e+00  LP_dual= 5.551115e-17  active_cuts=17  certified
  certificate  stage=STEP 4  complete  reason=step4_complete  wall=3.066790e-04s  cpu=3.070000e-04s  provider=0  solves=1  iterations=1

STEP 5
  certificate  stage=STEP 5 LOCAL  major=12  attempt=38  accepted  reason=success  P rel.= 3.131607e-14  objective=-3.824812e+01  upper=-4.109320e+01  gap=-2.845087e+00  wall=0.000000e+00s  cpu=0.000000e+00s  provider=0  solves=0  iterations=0
  certificate  stage=STEP 5 LOCAL  major=12  attempt=39  accepted  reason=success  P rel.= 6.651073e-14  objective=-3.824812e+01  upper=-4.109320e+01  gap=-2.845087e+00  wall=0.000000e+00s  cpu=0.000000e+00s  provider=0  solves=0  iterations=0
  certificate  stage=STEP 5 LOCAL  major=12  attempt=40  accepted  reason=success  P rel.= 7.211314e-14  objective=-3.824812e+01  upper=-4.109320e+01  gap=-2.845087e+00  wall=0.000000e+00s  cpu=0.000000e+00s  provider=0  solves=0  iterations=0
  certificate  stage=STEP 5 LOCAL  major=12  attempt=41  accepted  reason=success  P rel.= 2.269697e-14  objective=-3.824812e+01  upper=-4.109320e+01  gap=-2.845087e+00  wall=0.000000e+00s  cpu=0.000000e+00s  provider=0  solves=0  iterations=0
  certificate  stage=STEP 5 LOCAL  major=12  attempt=42  accepted  reason=success  P rel.= 5.329477e-14  objective=-3.824812e+01  upper=-4.109320e+01  gap=-2.845087e+00  wall=0.000000e+00s  cpu=0.000000e+00s  provider=0  solves=0  iterations=0
  certificate  stage=STEP 5 LOCAL  major=12  attempt=43  accepted  reason=success  P rel.=-1.774286e-09  objective=-4.109320e+01  upper=-4.109320e+01  gap= 4.009400e-07  wall=0.000000e+00s  cpu=0.000000e+00s  provider=0  solves=0  iterations=0
  certificate  stage=STEP 5  complete  reason=step5_complete  wall=1.605574e-01s  cpu=1.605490e-01s  provider=156  solves=6  iterations=143

STEP 6
  certificate  stage=STEP 6  complete  reason=candidate_set  wall=8.620000e-06s  cpu=9.000000e-06s  provider=0  solves=0  iterations=0

STEP 8
  certificate  stage=STEP 8  complete  reason=unchanged_problem_67  wall=1.900000e-06s  cpu=2.000000e-06s  provider=0  solves=0  iterations=0

STEP 7
  certificate  stage=STEP 7  complete  reason=continue_stage_ii  wall=9.100000e-07s  cpu=0.000000e+00s  provider=0  solves=0  iterations=0

STEP 4
  STAGE II STEP 4  major=13  upper=-4.109320e+01  LP_primal= 7.105427e-15  LP_dual= 2.775558e-17  active_cuts=18  certified
  certificate  stage=STEP 4  complete  reason=step4_complete  wall=3.303580e-04s  cpu=3.310000e-04s  provider=0  solves=1  iterations=1

STEP 5
  certificate  stage=STEP 5 LOCAL  major=13  attempt=44  accepted  reason=success  P rel.= 5.530590e-14  objective=-3.824812e+01  upper=-4.109320e+01  gap=-2.845087e+00  wall=0.000000e+00s  cpu=0.000000e+00s  provider=0  solves=0  iterations=0
  certificate  stage=STEP 5 LOCAL  major=13  attempt=45  accepted  reason=success  P rel.= 5.128365e-14  objective=-3.824812e+01  upper=-4.109320e+01  gap=-2.845087e+00  wall=0.000000e+00s  cpu=0.000000e+00s  provider=0  solves=0  iterations=0
  certificate  stage=STEP 5 LOCAL  major=13  attempt=47  accepted  reason=success  P rel.=-1.795207e-09  objective=-4.109320e+01  upper=-4.109320e+01  gap= 1.002428e-07  wall=0.000000e+00s  cpu=0.000000e+00s  provider=0  solves=0  iterations=0
  certificate  stage=STEP 5  complete  reason=step5_complete  wall=7.881841e-02s  cpu=7.880400e-02s  provider=78  solves=4  iterations=68

STEP 6
  certificate  stage=STEP 6  complete  reason=candidate_set  wall=6.440000e-06s  cpu=6.000000e-06s  provider=0  solves=0  iterations=0

STEP 8
  certificate  stage=STEP 8  complete  reason=unchanged_problem_67  wall=2.010000e-06s  cpu=2.000000e-06s  provider=0  solves=0  iterations=0

STEP 7
  certificate  stage=STEP 7  complete  reason=continue_stage_ii  wall=8.100000e-07s  cpu=1.000000e-06s  provider=0  solves=0  iterations=0

STEP 4
  STAGE II STEP 4  major=14  upper=-4.109320e+01  LP_primal= 0.000000e+00  LP_dual= 5.551115e-17  active_cuts=19  certified
  certificate  stage=STEP 4  complete  reason=step4_complete  wall=3.257780e-04s  cpu=3.260000e-04s  provider=0  solves=1  iterations=1

STEP 5
  certificate  stage=STEP 5 LOCAL  major=14  attempt=48  accepted  reason=success  P rel.= 4.486242e-13  objective=-3.824812e+01  upper=-4.109320e+01  gap=-2.845087e+00  wall=0.000000e+00s  cpu=0.000000e+00s  provider=0  solves=0  iterations=0
  certificate  stage=STEP 5 LOCAL  major=14  attempt=49  accepted  reason=success  P rel.= 4.754871e-14  objective=-3.824812e+01  upper=-4.109320e+01  gap=-2.845087e+00  wall=0.000000e+00s  cpu=0.000000e+00s  provider=0  solves=0  iterations=0
  certificate  stage=STEP 5 LOCAL  major=14  attempt=50  accepted  reason=success  P rel.= 7.038932e-14  objective=-3.824812e+01  upper=-4.109320e+01  gap=-2.845087e+00  wall=0.000000e+00s  cpu=0.000000e+00s  provider=0  solves=0  iterations=0
  certificate  stage=STEP 5 LOCAL  major=14  attempt=51  accepted  reason=success  P rel.= 6.636708e-14  objective=-3.824812e+01  upper=-4.109320e+01  gap=-2.845087e+00  wall=0.000000e+00s  cpu=0.000000e+00s  provider=0  solves=0  iterations=0
  certificate  stage=STEP 5 LOCAL  major=14  attempt=52  accepted  reason=success  P rel.= 6.119562e-14  objective=-3.824812e+01  upper=-4.109320e+01  gap=-2.845087e+00  wall=0.000000e+00s  cpu=0.000000e+00s  provider=0  solves=0  iterations=0
  certificate  stage=STEP 5 LOCAL  major=14  attempt=53  accepted  reason=success  P rel.= 4.151534e-14  objective=-3.824812e+01  upper=-4.109320e+01  gap=-2.845087e+00  wall=0.000000e+00s  cpu=0.000000e+00s  provider=0  solves=0  iterations=0
  certificate  stage=STEP 5 LOCAL  major=14  attempt=54  accepted  reason=success  P rel.= 5.214556e-14  objective=-3.824812e+01  upper=-4.109320e+01  gap=-2.845087e+00  wall=0.000000e+00s  cpu=0.000000e+00s  provider=0  solves=0  iterations=0
  certificate  stage=STEP 5 LOCAL  major=14  attempt=55  accepted  reason=success  P rel.= 5.404176e-13  objective=-3.824812e+01  upper=-4.109320e+01  gap=-2.845087e+00  wall=0.000000e+00s  cpu=0.000000e+00s  provider=0  solves=0  iterations=0
  certificate  stage=STEP 5 LOCAL  major=14  attempt=56  accepted  reason=success  P rel.= 3.161773e-13  objective=-3.824812e+01  upper=-4.109320e+01  gap=-2.845087e+00  wall=0.000000e+00s  cpu=0.000000e+00s  provider=0  solves=0  iterations=0
  certificate  stage=STEP 5 LOCAL  major=14  attempt=57  accepted  reason=success  P rel.= 4.754871e-14  objective=-3.824812e+01  upper=-4.109320e+01  gap=-2.845087e+00  wall=0.000000e+00s  cpu=0.000000e+00s  provider=0  solves=0  iterations=0
  certificate  stage=STEP 5 LOCAL  major=14  attempt=59  accepted  reason=success  P rel.= 6.027625e-13  objective=-3.824812e+01  upper=-4.109320e+01  gap=-2.845087e+00  wall=0.000000e+00s  cpu=0.000000e+00s  provider=0  solves=0  iterations=0
  certificate  stage=STEP 5 LOCAL  major=14  attempt=60  accepted  reason=success  P rel.= 4.151534e-14  objective=-3.824812e+01  upper=-4.109320e+01  gap=-2.845087e+00  wall=0.000000e+00s  cpu=0.000000e+00s  provider=0  solves=0  iterations=0
  certificate  stage=STEP 5 LOCAL  major=14  attempt=61  accepted  reason=success  P rel.= 5.070904e-14  objective=-3.824812e+01  upper=-4.109320e+01  gap=-2.845087e+00  wall=0.000000e+00s  cpu=0.000000e+00s  provider=0  solves=0  iterations=0
  certificate  stage=STEP 5 LOCAL  major=14  attempt=62  accepted  reason=success  P rel.=-1.757282e-09  objective=-4.109320e+01  upper=-4.109320e+01  gap= 2.506165e-08  wall=0.000000e+00s  cpu=0.000000e+00s  provider=0  solves=0  iterations=0
  certificate  stage=STEP 5  complete  reason=step5_complete  wall=3.813883e-01s  cpu=3.813320e-01s  provider=374  solves=15  iterations=342

STEP 6
  certificate  stage=STEP 6  complete  reason=candidate_set  wall=9.010000e-06s  cpu=9.000000e-06s  provider=0  solves=0  iterations=0

STEP 8
  certificate  stage=STEP 8  complete  reason=unchanged_problem_67  wall=1.910000e-06s  cpu=1.000000e-06s  provider=0  solves=0  iterations=0

STEP 7
  certificate  stage=STEP 7  complete  reason=continue_stage_ii  wall=9.400000e-07s  cpu=1.000000e-06s  provider=0  solves=0  iterations=0

STEP 4
  STAGE II STEP 4  major=15  upper=-4.109320e+01  LP_primal= 0.000000e+00  LP_dual= 2.775558e-17  active_cuts=20  certified
  certificate  stage=STEP 4  complete  reason=step4_complete  wall=3.434480e-04s  cpu=3.440000e-04s  provider=0  solves=1  iterations=1

STEP 5
  certificate  stage=STEP 5 LOCAL  major=15  attempt=63  accepted  reason=success  P rel.=-1.796542e-09  objective=-4.109320e+01  upper=-4.109320e+01  gap= 6.265296e-09  wall=0.000000e+00s  cpu=0.000000e+00s  provider=0  solves=0  iterations=0
  certificate  stage=STEP 5  complete  reason=step5_complete  wall=2.217656e-02s  cpu=2.217700e-02s  provider=22  solves=1  iterations=19

STEP 6
  certificate  stage=STEP 6  complete  reason=candidate_set  wall=1.110900e-05s  cpu=1.100000e-05s  provider=0  solves=0  iterations=0

STEP 8
  certificate  stage=STEP 8  complete  reason=unchanged_problem_67  wall=1.660000e-06s  cpu=2.000000e-06s  provider=0  solves=0  iterations=0

STEP 7
  certificate  stage=STEP 7  complete  reason=continue_stage_ii  wall=9.000000e-07s  cpu=1.000000e-06s  provider=0  solves=0  iterations=0

STEP 4
  STAGE II STEP 4  major=16  upper=-4.109320e+01  LP_primal= 0.000000e+00  LP_dual= 1.387779e-17  active_cuts=21  certified
  certificate  stage=STEP 4  complete  reason=step4_complete  wall=2.960980e-04s  cpu=2.970000e-04s  provider=0  solves=1  iterations=1

STEP 5
  certificate  stage=STEP 5 LOCAL  major=16  attempt=64  accepted  reason=success  P rel.=-3.068821e-09  objective=-4.109320e+01  upper=-4.109320e+01  gap= 1.566342e-09  wall=0.000000e+00s  cpu=0.000000e+00s  provider=0  solves=0  iterations=0
  certificate  stage=STEP 5  complete  reason=step5_complete  wall=2.066524e-02s  cpu=2.066600e-02s  provider=20  solves=1  iterations=19

STEP 6
  certificate  stage=STEP 6  complete  reason=candidate_set  wall=7.370000e-06s  cpu=7.000000e-06s  provider=0  solves=0  iterations=0

STEP 8
  certificate  stage=STEP 8  complete  reason=unchanged_problem_67  wall=1.610000e-06s  cpu=1.000000e-06s  provider=0  solves=0  iterations=0

STEP 7
  certificate  stage=STEP 7  complete  reason=continue_stage_ii  wall=9.400000e-07s  cpu=1.000000e-06s  provider=0  solves=0  iterations=0

STEP 4
  STAGE II STEP 4  major=17  upper=-4.109320e+01  LP_primal= 0.000000e+00  LP_dual= 7.806256e-18  active_cuts=22  certified
  certificate  stage=STEP 4  complete  reason=step4_complete  wall=3.161080e-04s  cpu=3.160000e-04s  provider=0  solves=1  iterations=1

STEP 5
  certificate  stage=STEP 5 LOCAL  major=17  attempt=65  accepted  reason=success  P rel.= 6.909646e-14  objective=-3.824812e+01  upper=-4.109320e+01  gap=-2.845087e+00  wall=0.000000e+00s  cpu=0.000000e+00s  provider=0  solves=0  iterations=0
  certificate  stage=STEP 5 LOCAL  major=17  attempt=66  accepted  reason=success  P rel.= 4.596854e-14  objective=-3.824812e+01  upper=-4.109320e+01  gap=-2.845087e+00  wall=0.000000e+00s  cpu=0.000000e+00s  provider=0  solves=0  iterations=0
  certificate  stage=STEP 5 LOCAL  major=17  attempt=67  accepted  reason=success  P rel.= 5.415668e-14  objective=-3.824812e+01  upper=-4.109320e+01  gap=-2.845087e+00  wall=0.000000e+00s  cpu=0.000000e+00s  provider=0  solves=0  iterations=0
  certificate  stage=STEP 5 LOCAL  major=17  attempt=68  accepted  reason=success  P rel.= 4.927253e-14  objective=-3.824812e+01  upper=-4.109320e+01  gap=-2.845087e+00  wall=0.000000e+00s  cpu=0.000000e+00s  provider=0  solves=0  iterations=0
  certificate  stage=STEP 5 LOCAL  major=17  attempt=69  accepted  reason=success  P rel.= 7.354966e-14  objective=-3.824812e+01  upper=-4.109320e+01  gap=-2.845087e+00  wall=0.000000e+00s  cpu=0.000000e+00s  provider=0  solves=0  iterations=0
  certificate  stage=STEP 5 LOCAL  major=17  attempt=70  accepted  reason=success  P rel.=-1.773662e-09  objective=-4.109320e+01  upper=-4.109320e+01  gap= 3.915872e-10  wall=0.000000e+00s  cpu=0.000000e+00s  provider=0  solves=0  iterations=0
  certificate  stage=STEP 5  complete  reason=step5_complete  wall=1.586656e-01s  cpu=1.585760e-01s  provider=156  solves=6  iterations=147

STEP 6
  certificate  stage=STEP 6  complete  reason=candidate_set  wall=1.022000e-05s  cpu=1.100000e-05s  provider=0  solves=0  iterations=0

STEP 8
  certificate  stage=STEP 8  complete  reason=unchanged_problem_67  wall=2.100000e-06s  cpu=2.000000e-06s  provider=0  solves=0  iterations=0

STEP 7
  certificate  stage=STEP 7  complete  reason=continue_stage_ii  wall=9.200000e-07s  cpu=1.000000e-06s  provider=0  solves=0  iterations=0

STEP 4
  STAGE II STEP 4  major=18  upper=-4.109320e+01  LP_primal= 0.000000e+00  LP_dual= 5.551115e-17  active_cuts=23  certified
  certificate  stage=STEP 4  complete  reason=step4_complete  wall=3.499070e-04s  cpu=3.500000e-04s  provider=0  solves=1  iterations=1

STEP 5
  certificate  stage=STEP 5 LOCAL  major=18  attempt=71  accepted  reason=success  P rel.= 3.462005e-14  objective=-3.824812e+01  upper=-4.109320e+01  gap=-2.845087e+00  wall=0.000000e+00s  cpu=0.000000e+00s  provider=0  solves=0  iterations=0
  certificate  stage=STEP 5 LOCAL  major=18  attempt=72  accepted  reason=success  P rel.= 4.740505e-14  objective=-3.824812e+01  upper=-4.109320e+01  gap=-2.845087e+00  wall=0.000000e+00s  cpu=0.000000e+00s  provider=0  solves=0  iterations=0
  certificate  stage=STEP 5 LOCAL  major=18  attempt=73  accepted  reason=success  P rel.= 2.159085e-13  objective=-3.824812e+01  upper=-4.109320e+01  gap=-2.845087e+00  wall=0.000000e+00s  cpu=0.000000e+00s  provider=0  solves=0  iterations=0
  certificate  stage=STEP 5 LOCAL  major=18  attempt=74  accepted  reason=success  P rel.= 2.350141e-13  objective=-3.824812e+01  upper=-4.109320e+01  gap=-2.845087e+00  wall=0.000000e+00s  cpu=0.000000e+00s  provider=0  solves=0  iterations=0
  certificate  stage=STEP 5 LOCAL  major=18  attempt=75  accepted  reason=success  P rel.= 2.183506e-14  objective=-3.824812e+01  upper=-4.109320e+01  gap=-2.845087e+00  wall=0.000000e+00s  cpu=0.000000e+00s  provider=0  solves=0  iterations=0
  certificate  stage=STEP 5 LOCAL  major=18  attempt=76  accepted  reason=success  P rel.= 6.915392e-13  objective=-3.824812e+01  upper=-4.109320e+01  gap=-2.845087e+00  wall=0.000000e+00s  cpu=0.000000e+00s  provider=0  solves=0  iterations=0
  certificate  stage=STEP 5 LOCAL  major=18  attempt=77  accepted  reason=success  P rel.= 2.549817e-13  objective=-3.824812e+01  upper=-4.109320e+01  gap=-2.845087e+00  wall=0.000000e+00s  cpu=0.000000e+00s  provider=0  solves=0  iterations=0
  certificate  stage=STEP 5 LOCAL  major=18  attempt=78  accepted  reason=success  P rel.= 3.763674e-14  objective=-3.824812e+01  upper=-4.109320e+01  gap=-2.845087e+00  wall=0.000000e+00s  cpu=0.000000e+00s  provider=0  solves=0  iterations=0
  certificate  stage=STEP 5 LOCAL  major=18  attempt=79  accepted  reason=success  P rel.= 4.697410e-14  objective=-3.824812e+01  upper=-4.109320e+01  gap=-2.845087e+00  wall=0.000000e+00s  cpu=0.000000e+00s  provider=0  solves=0  iterations=0
  certificate  stage=STEP 5 LOCAL  major=18  attempt=80  accepted  reason=success  P rel.= 3.763674e-14  objective=-3.824812e+01  upper=-4.109320e+01  gap=-2.845087e+00  wall=0.000000e+00s  cpu=0.000000e+00s  provider=0  solves=0  iterations=0
  certificate  stage=STEP 5 LOCAL  major=18  attempt=81  accepted  reason=success  P rel.= 1.561494e-13  objective=-3.824812e+01  upper=-4.109320e+01  gap=-2.845087e+00  wall=0.000000e+00s  cpu=0.000000e+00s  provider=0  solves=0  iterations=0
  certificate  stage=STEP 5 LOCAL  major=18  attempt=82  accepted  reason=success  P rel.= 3.821135e-14  objective=-3.824812e+01  upper=-4.109320e+01  gap=-2.845087e+00  wall=0.000000e+00s  cpu=0.000000e+00s  provider=0  solves=0  iterations=0
  certificate  stage=STEP 5 LOCAL  major=18  attempt=83  accepted  reason=success  P rel.= 5.070904e-14  objective=-3.824812e+01  upper=-4.109320e+01  gap=-2.845087e+00  wall=0.000000e+00s  cpu=0.000000e+00s  provider=0  solves=0  iterations=0
  certificate  stage=STEP 5 LOCAL  major=18  attempt=84  accepted  reason=success  P rel.= 2.183506e-14  objective=-3.824812e+01  upper=-4.109320e+01  gap=-2.845087e+00  wall=0.000000e+00s  cpu=0.000000e+00s  provider=0  solves=0  iterations=0
  certificate  stage=STEP 5 LOCAL  major=18  attempt=85  accepted  reason=success  P rel.= 3.821135e-14  objective=-3.824812e+01  upper=-4.109320e+01  gap=-2.845087e+00  wall=0.000000e+00s  cpu=0.000000e+00s  provider=0  solves=0  iterations=0
  certificate  stage=STEP 5 LOCAL  major=18  attempt=87  accepted  reason=success  P rel.= 3.821135e-14  objective=-3.824812e+01  upper=-4.109320e+01  gap=-2.845087e+00  wall=0.000000e+00s  cpu=0.000000e+00s  provider=0  solves=0  iterations=0
  certificate  stage=STEP 5 LOCAL  major=18  attempt=88  accepted  reason=success  P rel.= 5.200191e-14  objective=-3.824812e+01  upper=-4.109320e+01  gap=-2.845087e+00  wall=0.000000e+00s  cpu=0.000000e+00s  provider=0  solves=0  iterations=0
  certificate  stage=STEP 5 LOCAL  major=18  attempt=89  accepted  reason=success  P rel.=-1.782298e-09  objective=-4.109320e+01  upper=-4.109320e+01  gap= 9.789858e-11  wall=0.000000e+00s  cpu=0.000000e+00s  provider=0  solves=0  iterations=0
  certificate  stage=STEP 5  complete  reason=step5_complete  wall=4.625116e-01s  cpu=4.624550e-01s  provider=455  solves=19  iterations=427

STEP 6
  certificate  stage=STEP 6  complete  reason=candidate_set  wall=1.009000e-05s  cpu=1.000000e-05s  provider=0  solves=0  iterations=0

STEP 8
  certificate  stage=STEP 8  complete  reason=unchanged_problem_67  wall=1.970000e-06s  cpu=2.000000e-06s  provider=0  solves=0  iterations=0

STEP 7
  certificate  stage=STEP 7  complete  reason=continue_stage_ii  wall=9.300000e-07s  cpu=1.000000e-06s  provider=0  solves=0  iterations=0

STEP 4
  STAGE II STEP 4  major=19  upper=-4.109320e+01  LP_primal= 9.789858e-11  LP_dual= 5.551115e-17  active_cuts=24  certified
  certificate  stage=STEP 4  complete  reason=step4_complete  wall=3.526780e-04s  cpu=3.530000e-04s  provider=0  solves=1  iterations=1

STEP 5
  certificate  stage=STEP 5 LOCAL  major=19  attempt=90  accepted  reason=success  P rel.= 4.381376e-14  objective=-3.824812e+01  upper=-4.109320e+01  gap=-2.845087e+00  wall=0.000000e+00s  cpu=0.000000e+00s  provider=0  solves=0  iterations=0
  certificate  stage=STEP 5 LOCAL  major=19  attempt=91  accepted  reason=success  P rel.= 5.875354e-14  objective=-3.824812e+01  upper=-4.109320e+01  gap=-2.845087e+00  wall=0.000000e+00s  cpu=0.000000e+00s  provider=0  solves=0  iterations=0
  certificate  stage=STEP 5 LOCAL  major=19  attempt=92  accepted  reason=success  P rel.= 5.817893e-14  objective=-3.824812e+01  upper=-4.109320e+01  gap=-2.845087e+00  wall=0.000000e+00s  cpu=0.000000e+00s  provider=0  solves=0  iterations=0
  certificate  stage=STEP 5 LOCAL  major=19  attempt=93  accepted  reason=success  P rel.= 6.562009e-13  objective=-3.824812e+01  upper=-4.109320e+01  gap=-2.845087e+00  wall=0.000000e+00s  cpu=0.000000e+00s  provider=0  solves=0  iterations=0
  certificate  stage=STEP 5 LOCAL  major=19  attempt=94  accepted  reason=success  P rel.= 2.183506e-14  objective=-3.824812e+01  upper=-4.109320e+01  gap=-2.845087e+00  wall=0.000000e+00s  cpu=0.000000e+00s  provider=0  solves=0  iterations=0
  certificate  stage=STEP 5 LOCAL  major=19  attempt=95  accepted  reason=success  P rel.=-1.778381e-09  objective=-4.109320e+01  upper=-4.109320e+01  gap= 9.789147e-11  wall=0.000000e+00s  cpu=0.000000e+00s  provider=0  solves=0  iterations=0
  certificate  stage=STEP 5  complete  reason=step5_complete  wall=1.608517e-01s  cpu=1.608380e-01s  provider=155  solves=6  iterations=146

STEP 6
  certificate  stage=STEP 6  complete  reason=candidate_set  wall=1.119000e-05s  cpu=1.100000e-05s  provider=0  solves=0  iterations=0

STEP 8
  certificate  stage=STEP 8  complete  reason=unchanged_problem_67  wall=2.250000e-06s  cpu=2.000000e-06s  provider=0  solves=0  iterations=0

STEP 7
  certificate  stage=STEP 7  complete  reason=continue_stage_ii  wall=9.200000e-07s  cpu=0.000000e+00s  provider=0  solves=0  iterations=0

STEP 4
  STAGE II STEP 4  major=20  upper=-4.109320e+01  LP_primal= 9.789858e-11  LP_dual= 5.551115e-17  active_cuts=25  certified
  certificate  stage=STEP 4  complete  reason=step4_complete  wall=4.155570e-04s  cpu=4.160000e-04s  provider=0  solves=1  iterations=1

STEP 5
  certificate  stage=STEP 5 LOCAL  major=20  attempt=96  accepted  reason=success  P rel.=-8.401055e-08  objective=-4.116126e+01  upper=-4.109320e+01  gap= 6.805599e-02  wall=0.000000e+00s  cpu=0.000000e+00s  provider=0  solves=0  iterations=0
  certificate  stage=STEP 5  complete  reason=step5_complete  wall=2.736118e-02s  cpu=2.736300e-02s  provider=26  solves=1  iterations=25

STEP 6
  certificate  stage=STEP 6  complete  reason=candidate_set  wall=1.043000e-05s  cpu=1.100000e-05s  provider=0  solves=0  iterations=0

STEP 8
  certificate  stage=STEP 8  complete  reason=unchanged_problem_67  wall=1.790000e-06s  cpu=2.000000e-06s  provider=0  solves=0  iterations=0

STEP 7
  certificate  stage=STEP 7  complete  reason=continue_stage_ii  wall=9.100000e-07s  cpu=1.000000e-06s  provider=0  solves=0  iterations=0

STEP 4
  STAGE II STEP 4  major=21  upper=-4.110425e+01  LP_primal= 7.105427e-15  LP_dual= 6.938894e-18  active_cuts=26  certified
  certificate  stage=STEP 4  complete  reason=step4_complete  wall=3.456780e-04s  cpu=3.460000e-04s  provider=0  solves=1  iterations=1

STEP 5
  certificate  stage=STEP 5 LOCAL  major=21  attempt=97  accepted  reason=success  P rel.=-1.357018e-09  objective=-4.110604e+01  upper=-4.110425e+01  gap= 1.794089e-03  wall=0.000000e+00s  cpu=0.000000e+00s  provider=0  solves=0  iterations=0
  certificate  stage=STEP 5  complete  reason=step5_complete  wall=2.102483e-02s  cpu=2.102500e-02s  provider=21  solves=1  iterations=18

STEP 6
  certificate  stage=STEP 6  complete  reason=candidate_set  wall=5.770000e-06s  cpu=6.000000e-06s  provider=0  solves=0  iterations=0

STEP 8
  certificate  stage=STEP 8  complete  reason=problem_67_infeasible  wall=1.071500e-04s  cpu=1.070000e-04s  provider=2  solves=1  iterations=0

STEP 7
  certificate  stage=STEP 7  complete  reason=continue_stage_ii  wall=1.030000e-06s  cpu=1.000000e-06s  provider=0  solves=0  iterations=0

STEP 4
  STAGE II STEP 4  major=22  upper=-4.110472e+01  LP_primal= 7.105427e-15  LP_dual= 5.551115e-17  active_cuts=27  certified
  certificate  stage=STEP 4  complete  reason=step4_complete  wall=2.831180e-04s  cpu=2.830000e-04s  provider=0  solves=1  iterations=1

STEP 5
  certificate  stage=STEP 5 LOCAL  major=22  attempt=98  accepted  reason=success  P rel.= 3.246528e-14  objective=-3.825962e+01  upper=-4.110472e+01  gap=-2.845097e+00  wall=0.000000e+00s  cpu=0.000000e+00s  provider=0  solves=0  iterations=0
  certificate  stage=STEP 5 LOCAL  major=22  attempt=99  accepted  reason=success  P rel.= 5.171460e-14  objective=-3.825962e+01  upper=-4.110472e+01  gap=-2.845097e+00  wall=0.000000e+00s  cpu=0.000000e+00s  provider=0  solves=0  iterations=0
  certificate  stage=STEP 5 LOCAL  major=22  attempt=100  accepted  reason=success  P rel.= 6.191387e-14  objective=-3.825962e+01  upper=-4.110472e+01  gap=-2.845097e+00  wall=0.000000e+00s  cpu=0.000000e+00s  provider=0  solves=0  iterations=0
  certificate  stage=STEP 5 LOCAL  major=22  attempt=102  accepted  reason=success  P rel.= 5.645511e-14  objective=-3.825962e+01  upper=-4.110472e+01  gap=-2.845097e+00  wall=0.000000e+00s  cpu=0.000000e+00s  provider=0  solves=0  iterations=0
  certificate  stage=STEP 5 LOCAL  major=22  attempt=103  accepted  reason=success  P rel.= 3.907326e-14  objective=-3.825962e+01  upper=-4.110472e+01  gap=-2.845097e+00  wall=0.000000e+00s  cpu=0.000000e+00s  provider=0  solves=0  iterations=0
  certificate  stage=STEP 5 LOCAL  major=22  attempt=104  accepted  reason=success  P rel.=-1.348872e-09  objective=-4.110472e+01  upper=-4.110472e+01  gap= 8.085269e-07  wall=0.000000e+00s  cpu=0.000000e+00s  provider=0  solves=0  iterations=0
  certificate  stage=STEP 5  complete  reason=step5_complete  wall=1.555486e-01s  cpu=1.555200e-01s  provider=154  solves=7  iterations=138

STEP 6
  certificate  stage=STEP 6  complete  reason=candidate_set  wall=7.619000e-06s  cpu=8.000000e-06s  provider=0  solves=0  iterations=0

STEP 8
  certificate  stage=STEP 8  complete  reason=unchanged_problem_67  wall=1.960000e-06s  cpu=2.000000e-06s  provider=0  solves=0  iterations=0

STEP 7
  certificate  stage=STEP 7  complete  reason=continue_stage_ii  wall=9.600000e-07s  cpu=0.000000e+00s  provider=0  solves=0  iterations=0

STEP 4
  STAGE II STEP 4  major=23  upper=-4.110472e+01  LP_primal= 7.105427e-15  LP_dual= 1.387779e-17  active_cuts=28  certified
  certificate  stage=STEP 4  complete  reason=step4_complete  wall=3.602080e-04s  cpu=3.600000e-04s  provider=0  solves=1  iterations=1

STEP 5
  certificate  stage=STEP 5 LOCAL  major=23  attempt=105  accepted  reason=success  P rel.= 7.872112e-14  objective=-3.825962e+01  upper=-4.110472e+01  gap=-2.845097e+00  wall=0.000000e+00s  cpu=0.000000e+00s  provider=0  solves=0  iterations=0
  certificate  stage=STEP 5 LOCAL  major=23  attempt=106  accepted  reason=success  P rel.= 4.654314e-14  objective=-3.825962e+01  upper=-4.110472e+01  gap=-2.845097e+00  wall=0.000000e+00s  cpu=0.000000e+00s  provider=0  solves=0  iterations=0
  certificate  stage=STEP 5 LOCAL  major=23  attempt=107  accepted  reason=success  P rel.= 4.631330e-13  objective=-3.825962e+01  upper=-4.110472e+01  gap=-2.845097e+00  wall=0.000000e+00s  cpu=0.000000e+00s  provider=0  solves=0  iterations=0
  certificate  stage=STEP 5 LOCAL  major=23  attempt=108  accepted  reason=success  P rel.= 4.276511e-13  objective=-3.825962e+01  upper=-4.110472e+01  gap=-2.845097e+00  wall=0.000000e+00s  cpu=0.000000e+00s  provider=0  solves=0  iterations=0
  certificate  stage=STEP 5 LOCAL  major=23  attempt=109  accepted  reason=success  P rel.=-1.362938e-09  objective=-4.110472e+01  upper=-4.110472e+01  gap= 1.563194e-13  wall=0.000000e+00s  cpu=0.000000e+00s  provider=0  solves=0  iterations=0
  certificate  stage=STEP 5  complete  reason=step5_complete  wall=1.328011e-01s  cpu=1.326790e-01s  provider=130  solves=5  iterations=116

STEP 6
  certificate  stage=STEP 6  complete  reason=candidate_set  wall=7.350000e-06s  cpu=8.000000e-06s  provider=0  solves=0  iterations=0

STEP 8
  certificate  stage=STEP 8  complete  reason=unchanged_problem_67  wall=2.150000e-06s  cpu=2.000000e-06s  provider=0  solves=0  iterations=0

STEP 7
  certificate  stage=STEP 7  complete  reason=continue_stage_ii  wall=9.400000e-07s  cpu=1.000000e-06s  provider=0  solves=0  iterations=0

STEP 4
  STAGE II STEP 4  major=24  upper=-4.110472e+01  LP_primal= 1.563194e-13  LP_dual= 1.387779e-17  active_cuts=29  certified
  certificate  stage=STEP 4  complete  reason=step4_complete  wall=3.467780e-04s  cpu=3.470000e-04s  provider=0  solves=1  iterations=1

STEP 5
  certificate  stage=STEP 5 LOCAL  major=24  attempt=110  accepted  reason=success  P rel.= 2.643191e-14  objective=-3.825962e+01  upper=-4.110472e+01  gap=-2.845097e+00  wall=0.000000e+00s  cpu=0.000000e+00s  provider=0  solves=0  iterations=0
  certificate  stage=STEP 5 LOCAL  major=24  attempt=111  accepted  reason=success  P rel.= 5.544955e-14  objective=-3.825962e+01  upper=-4.110472e+01  gap=-2.845097e+00  wall=0.000000e+00s  cpu=0.000000e+00s  provider=0  solves=0  iterations=0
  certificate  stage=STEP 5 LOCAL  major=24  attempt=112  accepted  reason=success  P rel.= 3.964786e-14  objective=-3.825962e+01  upper=-4.110472e+01  gap=-2.845097e+00  wall=0.000000e+00s  cpu=0.000000e+00s  provider=0  solves=0  iterations=0
  certificate  stage=STEP 5 LOCAL  major=24  attempt=113  accepted  reason=success  P rel.= 4.783601e-14  objective=-3.825962e+01  upper=-4.110472e+01  gap=-2.845097e+00  wall=0.000000e+00s  cpu=0.000000e+00s  provider=0  solves=0  iterations=0
  certificate  stage=STEP 5 LOCAL  major=24  attempt=114  accepted  reason=success  P rel.= 5.990275e-14  objective=-3.825962e+01  upper=-4.110472e+01  gap=-2.845097e+00  wall=0.000000e+00s  cpu=0.000000e+00s  provider=0  solves=0  iterations=0
  certificate  stage=STEP 5 LOCAL  major=24  attempt=115  accepted  reason=success  P rel.= 2.901764e-14  objective=-3.825962e+01  upper=-4.110472e+01  gap=-2.845097e+00  wall=0.000000e+00s  cpu=0.000000e+00s  provider=0  solves=0  iterations=0
  certificate  stage=STEP 5 LOCAL  major=24  attempt=116  accepted  reason=success  P rel.=-1.363161e-09  objective=-4.110472e+01  upper=-4.110472e+01  gap= 1.634248e-13  wall=0.000000e+00s  cpu=0.000000e+00s  provider=0  solves=0  iterations=0
  certificate  stage=STEP 5  complete  reason=step5_complete  wall=1.742819e-01s  cpu=1.735840e-01s  provider=171  solves=7  iterations=151

STEP 6
  certificate  stage=STEP 6  complete  reason=candidate_set  wall=8.290000e-06s  cpu=8.000000e-06s  provider=0  solves=0  iterations=0

STEP 8
  certificate  stage=STEP 8  complete  reason=unchanged_problem_67  wall=2.260000e-06s  cpu=2.000000e-06s  provider=0  solves=0  iterations=0

STEP 7
  certificate  stage=STEP 7  complete  reason=continue_stage_ii  wall=9.300000e-07s  cpu=1.000000e-06s  provider=0  solves=0  iterations=0

STEP 4
  STAGE II STEP 4  major=25  upper=-4.110472e+01  LP_primal= 7.105427e-15  LP_dual= 1.110223e-16  active_cuts=30  certified
  certificate  stage=STEP 4  complete  reason=step4_complete  wall=3.598880e-04s  cpu=3.600000e-04s  provider=0  solves=1  iterations=1

STEP 5
  certificate  stage=STEP 5 LOCAL  major=25  attempt=117  accepted  reason=success  P rel.= 3.964786e-14  objective=-3.825962e+01  upper=-4.110472e+01  gap=-2.845097e+00  wall=0.000000e+00s  cpu=0.000000e+00s  provider=0  solves=0  iterations=0
  certificate  stage=STEP 5 LOCAL  major=25  attempt=118  accepted  reason=success  P rel.= 4.003572e-13  objective=-3.825962e+01  upper=-4.110472e+01  gap=-2.845097e+00  wall=0.000000e+00s  cpu=0.000000e+00s  provider=0  solves=0  iterations=0
  certificate  stage=STEP 5 LOCAL  major=25  attempt=119  accepted  reason=success  P rel.= 2.643191e-14  objective=-3.825962e+01  upper=-4.110472e+01  gap=-2.845097e+00  wall=0.000000e+00s  cpu=0.000000e+00s  provider=0  solves=0  iterations=0
  certificate  stage=STEP 5 LOCAL  major=25  attempt=120  accepted  reason=success  P rel.= 6.533278e-13  objective=-3.825962e+01  upper=-4.110472e+01  gap=-2.845097e+00  wall=0.000000e+00s  cpu=0.000000e+00s  provider=0  solves=0  iterations=0
  certificate  stage=STEP 5 LOCAL  major=25  attempt=121  accepted  reason=success  P rel.= 4.711775e-14  objective=-3.825962e+01  upper=-4.110472e+01  gap=-2.845097e+00  wall=0.000000e+00s  cpu=0.000000e+00s  provider=0  solves=0  iterations=0
  certificate  stage=STEP 5 LOCAL  major=25  attempt=122  accepted  reason=success  P rel.=-1.364941e-09  objective=-4.110472e+01  upper=-4.110472e+01  gap=-1.421085e-14  wall=0.000000e+00s  cpu=0.000000e+00s  provider=0  solves=0  iterations=0
  certificate  stage=STEP 5  complete  reason=step5_complete  wall=1.549209e-01s  cpu=1.541550e-01s  provider=146  solves=6  iterations=138

STEP 6
  certificate  stage=STEP 6  complete  reason=candidate_set  wall=7.700000e-06s  cpu=8.000000e-06s  provider=0  solves=0  iterations=0

STEP 8
  certificate  stage=STEP 8  complete  reason=unchanged_problem_67  wall=2.430000e-06s  cpu=3.000000e-06s  provider=0  solves=0  iterations=0

STEP 7
  certificate  stage=STEP 7  complete  reason=continue_stage_ii  wall=9.800000e-07s  cpu=1.000000e-06s  provider=0  solves=0  iterations=0

STEP 4
  STAGE II STEP 4  major=26  upper=-4.110472e+01  LP_primal= 1.421085e-14  LP_dual= 5.551115e-17  active_cuts=31  certified
  certificate  stage=STEP 4  complete  reason=step4_complete  wall=4.074870e-04s  cpu=4.080000e-04s  provider=0  solves=1  iterations=1

STEP 5
  certificate  stage=STEP 5 LOCAL  major=26  attempt=123  accepted  reason=success  P rel.= 6.493056e-14  objective=-3.825962e+01  upper=-4.110472e+01  gap=-2.845097e+00  wall=0.000000e+00s  cpu=0.000000e+00s  provider=0  solves=0  iterations=0
  certificate  stage=STEP 5 LOCAL  major=26  attempt=124  accepted  reason=success  P rel.= 4.654314e-14  objective=-3.825962e+01  upper=-4.110472e+01  gap=-2.845097e+00  wall=0.000000e+00s  cpu=0.000000e+00s  provider=0  solves=0  iterations=0
  certificate  stage=STEP 5 LOCAL  major=26  attempt=125  accepted  reason=success  P rel.=-1.359778e-09  objective=-4.110472e+01  upper=-4.110472e+01  gap= 0.000000e+00  wall=0.000000e+00s  cpu=0.000000e+00s  provider=0  solves=0  iterations=0
  certificate  stage=STEP 5  complete  reason=step5_complete  wall=7.334072e-02s  cpu=7.306800e-02s  provider=72  solves=3  iterations=64

STEP 6
  certificate  stage=STEP 6  complete  reason=candidate_set  wall=7.340000e-06s  cpu=7.000000e-06s  provider=0  solves=0  iterations=0

STEP 8
  certificate  stage=STEP 8  complete  reason=unchanged_problem_67  wall=1.700000e-06s  cpu=2.000000e-06s  provider=0  solves=0  iterations=0

STEP 7
  certificate  stage=STEP 7  complete  reason=continue_stage_ii  wall=9.000000e-07s  cpu=1.000000e-06s  provider=0  solves=0  iterations=0

STEP 4
  STAGE II STEP 4  major=27  upper=-4.110472e+01  LP_primal= 1.421085e-14  LP_dual= 5.551115e-17  active_cuts=32  certified
  certificate  stage=STEP 4  complete  reason=step4_complete  wall=3.249280e-04s  cpu=3.250000e-04s  provider=0  solves=1  iterations=1

STEP 5
  certificate  stage=STEP 5 LOCAL  major=27  attempt=126  accepted  reason=success  P rel.= 3.275258e-14  objective=-3.825962e+01  upper=-4.110472e+01  gap=-2.845097e+00  wall=0.000000e+00s  cpu=0.000000e+00s  provider=0  solves=0  iterations=0
  certificate  stage=STEP 5 LOCAL  major=27  attempt=127  accepted  reason=success  P rel.= 5.544955e-14  objective=-3.825962e+01  upper=-4.110472e+01  gap=-2.845097e+00  wall=0.000000e+00s  cpu=0.000000e+00s  provider=0  solves=0  iterations=0
  certificate  stage=STEP 5 LOCAL  major=27  attempt=128  accepted  reason=success  P rel.= 4.654314e-14  objective=-3.825962e+01  upper=-4.110472e+01  gap=-2.845097e+00  wall=0.000000e+00s  cpu=0.000000e+00s  provider=0  solves=0  iterations=0
  certificate  stage=STEP 5 LOCAL  major=27  attempt=129  accepted  reason=success  P rel.=-1.367523e-09  objective=-4.110472e+01  upper=-4.110472e+01  gap= 7.105427e-15  wall=0.000000e+00s  cpu=0.000000e+00s  provider=0  solves=0  iterations=0
  certificate  stage=STEP 5  complete  reason=step5_complete  wall=9.522866e-02s  cpu=9.486500e-02s  provider=92  solves=4  iterations=86

STEP 6
  certificate  stage=STEP 6  complete  reason=candidate_set  wall=8.680000e-06s  cpu=9.000000e-06s  provider=0  solves=0  iterations=0

STEP 8
  certificate  stage=STEP 8  complete  reason=unchanged_problem_67  wall=1.710000e-06s  cpu=2.000000e-06s  provider=0  solves=0  iterations=0

STEP 7
  certificate  stage=STEP 7  complete  reason=continue_stage_ii  wall=8.500000e-07s  cpu=1.000000e-06s  provider=0  solves=0  iterations=0

STEP 4
  STAGE II STEP 4  major=28  upper=-4.110472e+01  LP_primal= 0.000000e+00  LP_dual= 0.000000e+00  active_cuts=33  certified
  certificate  stage=STEP 4  complete  reason=step4_complete  wall=3.262880e-04s  cpu=3.270000e-04s  provider=0  solves=1  iterations=1

STEP 5
  certificate  stage=STEP 5 LOCAL  major=28  attempt=130  accepted  reason=success  P rel.= 7.383696e-14  objective=-3.825962e+01  upper=-4.110472e+01  gap=-2.845097e+00  wall=0.000000e+00s  cpu=0.000000e+00s  provider=0  solves=0  iterations=0
  certificate  stage=STEP 5 LOCAL  major=28  attempt=131  accepted  reason=success  P rel.=-1.361558e-09  objective=-4.110472e+01  upper=-4.110472e+01  gap=-7.105427e-15  wall=0.000000e+00s  cpu=0.000000e+00s  provider=0  solves=0  iterations=0
  certificate  stage=STEP 5  complete  reason=step5_complete  wall=5.121868e-02s  cpu=5.104300e-02s  provider=49  solves=2  iterations=44

STEP 6
  certificate  stage=STEP 6  complete  reason=candidate_set  wall=8.590000e-06s  cpu=9.000000e-06s  provider=0  solves=0  iterations=0

STEP 8
  certificate  stage=STEP 8  complete  reason=unchanged_problem_67  wall=2.020000e-06s  cpu=2.000000e-06s  provider=0  solves=0  iterations=0

STEP 7
  certificate  stage=STEP 7  complete  reason=continue_stage_ii  wall=9.300000e-07s  cpu=1.000000e-06s  provider=0  solves=0  iterations=0

STEP 4
  STAGE II STEP 4  major=29  upper=-4.110472e+01  LP_primal= 0.000000e+00  LP_dual= 0.000000e+00  active_cuts=34  certified
  certificate  stage=STEP 4  complete  reason=step4_complete  wall=3.291570e-04s  cpu=3.290000e-04s  provider=0  solves=1  iterations=1

STEP 5
  certificate  stage=STEP 5 LOCAL  major=29  attempt=132  accepted  reason=success  P rel.= 5.990275e-14  objective=-3.825962e+01  upper=-4.110472e+01  gap=-2.845097e+00  wall=0.000000e+00s  cpu=0.000000e+00s  provider=0  solves=0  iterations=0
  certificate  stage=STEP 5 LOCAL  major=29  attempt=133  accepted  reason=success  P rel.=-1.362404e-09  objective=-4.110472e+01  upper=-4.110472e+01  gap=-7.105427e-15  wall=0.000000e+00s  cpu=0.000000e+00s  provider=0  solves=0  iterations=0
  certificate  stage=STEP 5  complete  reason=step5_complete  wall=5.007871e-02s  cpu=4.988400e-02s  provider=49  solves=2  iterations=43

STEP 6
  certificate  stage=STEP 6  complete  reason=candidate_set  wall=9.240000e-06s  cpu=1.000000e-05s  provider=0  solves=0  iterations=0

STEP 8
  certificate  stage=STEP 8  complete  reason=unchanged_problem_67  wall=1.690000e-06s  cpu=1.000000e-06s  provider=0  solves=0  iterations=0

STEP 7
  certificate  stage=STEP 7  complete  reason=continue_stage_ii  wall=9.200000e-07s  cpu=1.000000e-06s  provider=0  solves=0  iterations=0

STEP 4
  STAGE II STEP 4  major=30  upper=-4.110472e+01  LP_primal= 7.105427e-15  LP_dual= 1.387779e-17  active_cuts=35  certified
  certificate  stage=STEP 4  complete  reason=step4_complete  wall=3.324780e-04s  cpu=3.330000e-04s  provider=0  solves=1  iterations=1

STEP 5
  certificate  stage=STEP 5 LOCAL  major=30  attempt=134  accepted  reason=success  P rel.= 2.901764e-14  objective=-3.825962e+01  upper=-4.110472e+01  gap=-2.845097e+00  wall=0.000000e+00s  cpu=0.000000e+00s  provider=0  solves=0  iterations=0
  certificate  stage=STEP 5 LOCAL  major=30  attempt=135  accepted  reason=success  P rel.=-1.382569e-09  objective=-4.110472e+01  upper=-4.110472e+01  gap= 7.105427e-15  wall=0.000000e+00s  cpu=0.000000e+00s  provider=0  solves=0  iterations=0
  certificate  stage=STEP 5  complete  reason=step5_complete  wall=4.908049e-02s  cpu=4.888700e-02s  provider=47  solves=2  iterations=42

STEP 6
  certificate  stage=STEP 6  complete  reason=candidate_set  wall=9.590000e-06s  cpu=1.000000e-05s  provider=0  solves=0  iterations=0

STEP 8
  certificate  stage=STEP 8  complete  reason=unchanged_problem_67  wall=2.010000e-06s  cpu=2.000000e-06s  provider=0  solves=0  iterations=0

STEP 7
  certificate  stage=STEP 7  complete  reason=continue_stage_ii  wall=9.300000e-07s  cpu=0.000000e+00s  provider=0  solves=0  iterations=0

STEP 4
  STAGE II STEP 4  major=31  upper=-4.110472e+01  LP_primal= 7.105427e-15  LP_dual= 1.387779e-17  active_cuts=36  certified
  certificate  stage=STEP 4  complete  reason=step4_complete  wall=3.618480e-04s  cpu=3.620000e-04s  provider=0  solves=1  iterations=1

STEP 5
  certificate  stage=STEP 5 LOCAL  major=31  attempt=137  accepted  reason=success  P rel.= 4.812331e-14  objective=-3.825962e+01  upper=-4.110472e+01  gap=-2.845097e+00  wall=0.000000e+00s  cpu=0.000000e+00s  provider=0  solves=0  iterations=0
  certificate  stage=STEP 5 LOCAL  major=31  attempt=138  accepted  reason=success  P rel.= 6.260340e-13  objective=-3.825962e+01  upper=-4.110472e+01  gap=-2.845097e+00  wall=0.000000e+00s  cpu=0.000000e+00s  provider=0  solves=0  iterations=0
  certificate  stage=STEP 5 LOCAL  major=31  attempt=139  accepted  reason=success  P rel.= 6.493056e-14  objective=-3.825962e+01  upper=-4.110472e+01  gap=-2.845097e+00  wall=0.000000e+00s  cpu=0.000000e+00s  provider=0  solves=0  iterations=0
  certificate  stage=STEP 5 LOCAL  major=31  attempt=141  accepted  reason=success  P rel.= 4.812331e-14  objective=-3.825962e+01  upper=-4.110472e+01  gap=-2.845097e+00  wall=0.000000e+00s  cpu=0.000000e+00s  provider=0  solves=0  iterations=0
  certificate  stage=STEP 5 LOCAL  major=31  attempt=142  accepted  reason=success  P rel.= 6.493056e-14  objective=-3.825962e+01  upper=-4.110472e+01  gap=-2.845097e+00  wall=0.000000e+00s  cpu=0.000000e+00s  provider=0  solves=0  iterations=0
  certificate  stage=STEP 5 LOCAL  major=31  attempt=143  accepted  reason=success  P rel.= 3.102876e-14  objective=-3.825962e+01  upper=-4.110472e+01  gap=-2.845097e+00  wall=0.000000e+00s  cpu=0.000000e+00s  provider=0  solves=0  iterations=0
  certificate  stage=STEP 5 LOCAL  major=31  attempt=144  accepted  reason=success  P rel.=-1.367657e-09  objective=-4.110472e+01  upper=-4.110472e+01  gap= 0.000000e+00  wall=0.000000e+00s  cpu=0.000000e+00s  provider=0  solves=0  iterations=0
  certificate  stage=STEP 5  complete  reason=step5_complete  wall=1.642476e-01s  cpu=1.636070e-01s  provider=163  solves=9  iterations=148

STEP 6
  certificate  stage=STEP 6  complete  reason=candidate_set  wall=1.010000e-05s  cpu=1.000000e-05s  provider=0  solves=0  iterations=0

STEP 8
  certificate  stage=STEP 8  complete  reason=unchanged_problem_67  wall=2.070000e-06s  cpu=3.000000e-06s  provider=0  solves=0  iterations=0

STEP 7
  certificate  stage=STEP 7  complete  reason=continue_stage_ii  wall=9.700000e-07s  cpu=1.000000e-06s  provider=0  solves=0  iterations=0

STEP 4
  STAGE II STEP 4  major=32  upper=-4.110472e+01  LP_primal= 7.105427e-15  LP_dual= 1.387779e-17  active_cuts=37  certified
  certificate  stage=STEP 4  complete  reason=step4_complete  wall=3.653170e-04s  cpu=3.660000e-04s  provider=0  solves=1  iterations=1

STEP 5
  certificate  stage=STEP 5 LOCAL  major=32  attempt=145  accepted  reason=success  P rel.= 3.964786e-14  objective=-3.825962e+01  upper=-4.110472e+01  gap=-2.845097e+00  wall=0.000000e+00s  cpu=0.000000e+00s  provider=0  solves=0  iterations=0
  certificate  stage=STEP 5 LOCAL  major=32  attempt=146  accepted  reason=success  P rel.=-1.350386e-09  objective=-4.110472e+01  upper=-4.110472e+01  gap= 0.000000e+00  wall=0.000000e+00s  cpu=0.000000e+00s  provider=0  solves=0  iterations=0
  certificate  stage=STEP 5  complete  reason=step5_complete  wall=5.210610e-02s  cpu=5.191100e-02s  provider=51  solves=2  iterations=45

STEP 6
  certificate  stage=STEP 6  complete  reason=candidate_set  wall=7.470000e-06s  cpu=8.000000e-06s  provider=0  solves=0  iterations=0

STEP 8
  certificate  stage=STEP 8  complete  reason=unchanged_problem_67  wall=1.890000e-06s  cpu=2.000000e-06s  provider=0  solves=0  iterations=0

STEP 7
  certificate  stage=STEP 7  complete  reason=continue_stage_ii  wall=9.100000e-07s  cpu=1.000000e-06s  provider=0  solves=0  iterations=0

STEP 4
  STAGE II STEP 4  major=33  upper=-4.110472e+01  LP_primal= 7.105427e-15  LP_dual= 1.387779e-17  active_cuts=38  certified
  certificate  stage=STEP 4  complete  reason=step4_complete  wall=3.490480e-04s  cpu=3.490000e-04s  provider=0  solves=1  iterations=1

STEP 5
  certificate  stage=STEP 5 LOCAL  major=33  attempt=147  accepted  reason=success  P rel.= 5.300747e-14  objective=-3.825962e+01  upper=-4.110472e+01  gap=-2.845097e+00  wall=0.000000e+00s  cpu=0.000000e+00s  provider=0  solves=0  iterations=0
  certificate  stage=STEP 5 LOCAL  major=33  attempt=148  accepted  reason=success  P rel.= 5.115436e-13  objective=-3.825962e+01  upper=-4.110472e+01  gap=-2.845097e+00  wall=0.000000e+00s  cpu=0.000000e+00s  provider=0  solves=0  iterations=0
  certificate  stage=STEP 5 LOCAL  major=33  attempt=149  accepted  reason=success  P rel.=-1.353279e-09  objective=-4.110472e+01  upper=-4.110472e+01  gap= 0.000000e+00  wall=0.000000e+00s  cpu=0.000000e+00s  provider=0  solves=0  iterations=0
  certificate  stage=STEP 5  complete  reason=step5_complete  wall=7.917242e-02s  cpu=7.885400e-02s  provider=77  solves=3  iterations=72

STEP 6
  certificate  stage=STEP 6  complete  reason=candidate_set  wall=1.117000e-05s  cpu=1.100000e-05s  provider=0  solves=0  iterations=0

STEP 8
  certificate  stage=STEP 8  complete  reason=unchanged_problem_67  wall=1.960000e-06s  cpu=2.000000e-06s  provider=0  solves=0  iterations=0

STEP 7
  certificate  stage=STEP 7  complete  reason=continue_stage_ii  wall=9.200000e-07s  cpu=1.000000e-06s  provider=0  solves=0  iterations=0

STEP 4
  STAGE II STEP 4  major=34  upper=-4.110472e+01  LP_primal= 7.105427e-15  LP_dual= 1.387779e-17  active_cuts=39  certified
  certificate  stage=STEP 4  complete  reason=step4_complete  wall=3.541680e-04s  cpu=3.540000e-04s  provider=0  solves=1  iterations=1

STEP 5
  certificate  stage=STEP 5 LOCAL  major=34  attempt=151  accepted  reason=success  P rel.= 3.677483e-14  objective=-3.825962e+01  upper=-4.110472e+01  gap=-2.845097e+00  wall=0.000000e+00s  cpu=0.000000e+00s  provider=0  solves=0  iterations=0
  certificate  stage=STEP 5 LOCAL  major=34  attempt=152  accepted  reason=success  P rel.=-1.352878e-09  objective=-4.110472e+01  upper=-4.110472e+01  gap=-7.105427e-15  wall=0.000000e+00s  cpu=0.000000e+00s  provider=0  solves=0  iterations=0
  certificate  stage=STEP 5  complete  reason=step5_complete  wall=5.408728e-02s  cpu=5.388400e-02s  provider=55  solves=3  iterations=46

STEP 6
  certificate  stage=STEP 6  complete  reason=candidate_set  wall=9.280000e-06s  cpu=9.000000e-06s  provider=0  solves=0  iterations=0

STEP 8
  certificate  stage=STEP 8  complete  reason=unchanged_problem_67  wall=1.610000e-06s  cpu=2.000000e-06s  provider=0  solves=0  iterations=0

STEP 7
  certificate  stage=STEP 7  complete  reason=continue_stage_ii  wall=9.200000e-07s  cpu=1.000000e-06s  provider=0  solves=0  iterations=0

STEP 4
  STAGE II STEP 4  major=35  upper=-4.110472e+01  LP_primal= 7.105427e-15  LP_dual= 1.387779e-17  active_cuts=40  certified
  certificate  stage=STEP 4  complete  reason=step4_complete  wall=3.240280e-04s  cpu=3.240000e-04s  provider=0  solves=1  iterations=1

STEP 5
  certificate  stage=STEP 5 LOCAL  major=35  attempt=153  accepted  reason=success  P rel.= 4.740505e-14  objective=-3.825962e+01  upper=-4.110472e+01  gap=-2.845097e+00  wall=0.000000e+00s  cpu=0.000000e+00s  provider=0  solves=0  iterations=0
  certificate  stage=STEP 5 LOCAL  major=35  attempt=154  accepted  reason=success  P rel.=-1.346913e-09  objective=-4.110472e+01  upper=-4.110472e+01  gap=-7.105427e-15  wall=0.000000e+00s  cpu=0.000000e+00s  provider=0  solves=0  iterations=0
  certificate  stage=STEP 5  complete  reason=step5_complete  wall=5.025231e-02s  cpu=5.006900e-02s  provider=49  solves=2  iterations=42

STEP 6
  certificate  stage=STEP 6  complete  reason=candidate_set  wall=1.005000e-05s  cpu=1.000000e-05s  provider=0  solves=0  iterations=0

STEP 8
  certificate  stage=STEP 8  complete  reason=unchanged_problem_67  wall=1.670000e-06s  cpu=2.000000e-06s  provider=0  solves=0  iterations=0

STEP 7
  certificate  stage=STEP 7  complete  reason=continue_stage_ii  wall=9.100000e-07s  cpu=1.000000e-06s  provider=0  solves=0  iterations=0

STEP 4
  STAGE II STEP 4  major=36  upper=-4.110472e+01  LP_primal= 7.105427e-15  LP_dual= 1.387779e-17  active_cuts=41  certified
  certificate  stage=STEP 4  complete  reason=step4_complete  wall=3.671980e-04s  cpu=3.480000e-04s  provider=0  solves=1  iterations=1

STEP 5
  certificate  stage=STEP 5 LOCAL  major=36  attempt=155  accepted  reason=success  P rel.= 4.812331e-14  objective=-3.825962e+01  upper=-4.110472e+01  gap=-2.845097e+00  wall=0.000000e+00s  cpu=0.000000e+00s  provider=0  solves=0  iterations=0
  certificate  stage=STEP 5 LOCAL  major=36  attempt=156  accepted  reason=success  P rel.= 4.338281e-14  objective=-3.825962e+01  upper=-4.110472e+01  gap=-2.845097e+00  wall=0.000000e+00s  cpu=0.000000e+00s  provider=0  solves=0  iterations=0
  certificate  stage=STEP 5 LOCAL  major=36  attempt=157  accepted  reason=success  P rel.= 2.916129e-14  objective=-3.825962e+01  upper=-4.110472e+01  gap=-2.845097e+00  wall=0.000000e+00s  cpu=0.000000e+00s  provider=0  solves=0  iterations=0
  certificate  stage=STEP 5 LOCAL  major=36  attempt=158  accepted  reason=success  P rel.= 2.643191e-14  objective=-3.825962e+01  upper=-4.110472e+01  gap=-2.845097e+00  wall=0.000000e+00s  cpu=0.000000e+00s  provider=0  solves=0  iterations=0
  certificate  stage=STEP 5 LOCAL  major=36  attempt=159  accepted  reason=success  P rel.=-7.709354e-08  objective=-4.112213e+01  upper=-4.110472e+01  gap= 1.740669e-02  wall=0.000000e+00s  cpu=0.000000e+00s  provider=0  solves=0  iterations=0
  certificate  stage=STEP 5  complete  reason=step5_complete  wall=1.312202e-01s  cpu=1.307530e-01s  provider=128  solves=5  iterations=117

STEP 6
  certificate  stage=STEP 6  complete  reason=candidate_set  wall=1.084000e-05s  cpu=1.100000e-05s  provider=0  solves=0  iterations=0

STEP 8
  certificate  stage=STEP 8  complete  reason=unchanged_problem_67  wall=1.970000e-06s  cpu=2.000000e-06s  provider=0  solves=0  iterations=0

STEP 7
  certificate  stage=STEP 7  complete  reason=continue_stage_ii  wall=9.500000e-07s  cpu=1.000000e-06s  provider=0  solves=0  iterations=0

STEP 4
  STAGE II STEP 4  major=37  upper=-4.111634e+01  LP_primal= 7.105427e-15  LP_dual= 1.387779e-17  active_cuts=42  certified
  certificate  stage=STEP 4  complete  reason=step4_complete  wall=3.643880e-04s  cpu=3.650000e-04s  provider=0  solves=1  iterations=1

STEP 5
  certificate  stage=STEP 5 LOCAL  major=37  attempt=160  accepted  reason=success  P rel.= 4.266455e-14  objective=-3.827124e+01  upper=-4.111634e+01  gap=-2.845101e+00  wall=0.000000e+00s  cpu=0.000000e+00s  provider=0  solves=0  iterations=0
  certificate  stage=STEP 5 LOCAL  major=37  attempt=161  accepted  reason=success  P rel.=-1.236520e-09  objective=-4.111749e+01  upper=-4.111634e+01  gap= 1.146513e-03  wall=0.000000e+00s  cpu=0.000000e+00s  provider=0  solves=0  iterations=0
  certificate  stage=STEP 5  complete  reason=step5_complete  wall=4.661165e-02s  cpu=4.643000e-02s  provider=45  solves=2  iterations=43

STEP 6
  certificate  stage=STEP 6  complete  reason=insufficient_candidates  wall=7.240000e-06s  cpu=7.000000e-06s  provider=0  solves=0  iterations=0

STEP 7
  certificate  stage=STEP 7  complete  reason=continue_stage_ii  wall=1.050000e-06s  cpu=1.000000e-06s  provider=0  solves=0  iterations=0

STEP 4
  STAGE II STEP 4  major=38  upper=-4.111659e+01  LP_primal= 7.105427e-15  LP_dual= 2.775558e-17  active_cuts=43  certified
  certificate  stage=STEP 4  complete  reason=step4_complete  wall=3.470380e-04s  cpu=3.470000e-04s  provider=0  solves=1  iterations=1

STEP 5
  certificate  stage=STEP 5 LOCAL  major=38  attempt=162  accepted  reason=success  P rel.= 3.892961e-14  objective=-3.826684e+01  upper=-4.111659e+01  gap=-2.849747e+00  wall=0.000000e+00s  cpu=0.000000e+00s  provider=0  solves=0  iterations=0
  certificate  stage=STEP 5 LOCAL  major=38  attempt=163  accepted  reason=success  P rel.= 1.491104e-13  objective=-3.826684e+01  upper=-4.111659e+01  gap=-2.849747e+00  wall=0.000000e+00s  cpu=0.000000e+00s  provider=0  solves=0  iterations=0
  certificate  stage=STEP 5 LOCAL  major=38  attempt=164  accepted  reason=success  P rel.= 4.568123e-14  objective=-3.826684e+01  upper=-4.111659e+01  gap=-2.849747e+00  wall=0.000000e+00s  cpu=0.000000e+00s  provider=0  solves=0  iterations=0
  certificate  stage=STEP 5 LOCAL  major=38  attempt=165  accepted  reason=success  P rel.= 2.944859e-14  objective=-3.826684e+01  upper=-4.111659e+01  gap=-2.849747e+00  wall=0.000000e+00s  cpu=0.000000e+00s  provider=0  solves=0  iterations=0
  certificate  stage=STEP 5 LOCAL  major=38  attempt=166  accepted  reason=success  P rel.= 4.446020e-13  objective=-3.826684e+01  upper=-4.111659e+01  gap=-2.849747e+00  wall=0.000000e+00s  cpu=0.000000e+00s  provider=0  solves=0  iterations=0
  certificate  stage=STEP 5 LOCAL  major=38  attempt=167  accepted  reason=success  P rel.=-1.264163e-09  objective=-4.111689e+01  upper=-4.111659e+01  gap= 2.968121e-04  wall=0.000000e+00s  cpu=0.000000e+00s  provider=0  solves=0  iterations=0
  certificate  stage=STEP 5  complete  reason=step5_complete  wall=1.512891e-01s  cpu=1.507220e-01s  provider=147  solves=6  iterations=139

STEP 6
  certificate  stage=STEP 6  complete  reason=candidate_set  wall=9.880000e-06s  cpu=1.000000e-05s  provider=0  solves=0  iterations=0

STEP 8
  certificate  stage=STEP 8  complete  reason=problem_67_infeasible  wall=1.432390e-04s  cpu=1.430000e-04s  provider=3  solves=1  iterations=0

STEP 7
  certificate  stage=STEP 7  complete  reason=continue_stage_ii  wall=1.010000e-06s  cpu=1.000000e-06s  provider=0  solves=0  iterations=0

STEP 4
  STAGE II STEP 4  major=39  upper=-4.111661e+01  LP_primal= 0.000000e+00  LP_dual= 5.551115e-17  active_cuts=44  certified
  certificate  stage=STEP 4  complete  reason=step4_complete  wall=3.620370e-04s  cpu=3.410000e-04s  provider=0  solves=1  iterations=1

STEP 5
  certificate  stage=STEP 5 LOCAL  major=39  attempt=169  accepted  reason=success  P rel.= 1.004125e-13  objective=-3.826924e+01  upper=-4.111661e+01  gap=-2.847372e+00  wall=0.000000e+00s  cpu=0.000000e+00s  provider=0  solves=0  iterations=0
  certificate  stage=STEP 5 LOCAL  major=39  attempt=170  accepted  reason=success  P rel.=-1.252990e-09  objective=-4.111668e+01  upper=-4.111661e+01  gap= 7.468126e-05  wall=0.000000e+00s  cpu=0.000000e+00s  provider=0  solves=0  iterations=0
  certificate  stage=STEP 5  complete  reason=step5_complete  wall=4.761061e-02s  cpu=4.745300e-02s  provider=48  solves=3  iterations=44

STEP 6
  certificate  stage=STEP 6  complete  reason=candidate_set  wall=9.380000e-06s  cpu=9.000000e-06s  provider=0  solves=0  iterations=0

STEP 8
  certificate  stage=STEP 8  complete  reason=problem_67_infeasible  wall=1.421690e-04s  cpu=1.420000e-04s  provider=4  solves=1  iterations=0

STEP 7
  certificate  stage=STEP 7  complete  reason=continue_stage_ii  wall=1.000000e-06s  cpu=1.000000e-06s  provider=0  solves=0  iterations=0

STEP 4
  STAGE II STEP 4  major=40  upper=-4.111662e+01  LP_primal= 7.105427e-15  LP_dual= 0.000000e+00  active_cuts=45  certified
  certificate  stage=STEP 4  complete  reason=step4_complete  wall=3.679480e-04s  cpu=3.450000e-04s  provider=0  solves=1  iterations=1

STEP 5
  certificate  stage=STEP 5 LOCAL  major=40  attempt=171  accepted  reason=success  P rel.= 4.266455e-14  objective=-3.827044e+01  upper=-4.111662e+01  gap=-2.846173e+00  wall=0.000000e+00s  cpu=0.000000e+00s  provider=0  solves=0  iterations=0
  certificate  stage=STEP 5 LOCAL  major=40  attempt=172  accepted  reason=success  P rel.= 3.921691e-14  objective=-3.827044e+01  upper=-4.111662e+01  gap=-2.846173e+00  wall=0.000000e+00s  cpu=0.000000e+00s  provider=0  solves=0  iterations=0
  certificate  stage=STEP 5 LOCAL  major=40  attempt=173  accepted  reason=success  P rel.= 4.208994e-14  objective=-3.827044e+01  upper=-4.111662e+01  gap=-2.846173e+00  wall=0.000000e+00s  cpu=0.000000e+00s  provider=0  solves=0  iterations=0
  certificate  stage=STEP 5 LOCAL  major=40  attempt=174  accepted  reason=success  P rel.=-1.252812e-09  objective=-4.111664e+01  upper=-4.111662e+01  gap= 1.873498e-05  wall=0.000000e+00s  cpu=0.000000e+00s  provider=0  solves=0  iterations=0
  certificate  stage=STEP 5  complete  reason=step5_complete  wall=9.348856e-02s  cpu=9.312300e-02s  provider=91  solves=4  iterations=82

STEP 6
  certificate  stage=STEP 6  complete  reason=candidate_set  wall=8.490000e-06s  cpu=9.000000e-06s  provider=0  solves=0  iterations=0

STEP 8
  certificate  stage=STEP 8  complete  reason=problem_67_infeasible  wall=1.475390e-04s  cpu=1.480000e-04s  provider=4  solves=1  iterations=0

STEP 7
  certificate  stage=STEP 7  complete  reason=continue_stage_ii  wall=9.500000e-07s  cpu=1.000000e-06s  provider=0  solves=0  iterations=0

STEP 4
  STAGE II STEP 4  major=41  upper=-4.111662e+01  LP_primal= 7.105427e-15  LP_dual= 8.326673e-17  active_cuts=46  certified
  certificate  stage=STEP 4  complete  reason=step4_complete  wall=3.491880e-04s  cpu=3.500000e-04s  provider=0  solves=1  iterations=1

STEP 5
  certificate  stage=STEP 5 LOCAL  major=41  attempt=175  accepted  reason=success  P rel.=-1.261092e-09  objective=-4.111663e+01  upper=-4.111662e+01  gap= 4.676171e-06  wall=0.000000e+00s  cpu=0.000000e+00s  provider=0  solves=0  iterations=0
  certificate  stage=STEP 5  complete  reason=step5_complete  wall=2.289709e-02s  cpu=2.281700e-02s  provider=22  solves=1  iterations=19

STEP 6
  certificate  stage=STEP 6  complete  reason=candidate_set  wall=9.230000e-06s  cpu=9.000000e-06s  provider=0  solves=0  iterations=0

STEP 8
  certificate  stage=STEP 8  complete  reason=problem_67_infeasible  wall=1.862280e-04s  cpu=1.870000e-04s  provider=6  solves=1  iterations=0

STEP 7
  certificate  stage=STEP 7  complete  reason=continue_stage_ii  wall=9.700000e-07s  cpu=1.000000e-06s  provider=0  solves=0  iterations=0

STEP 4
  STAGE II STEP 4  major=42  upper=-4.111662e+01  LP_primal= 0.000000e+00  LP_dual= 2.775558e-17  active_cuts=47  certified
  certificate  stage=STEP 4  complete  reason=step4_complete  wall=3.486080e-04s  cpu=3.490000e-04s  provider=0  solves=1  iterations=1

STEP 5
  certificate  stage=STEP 5 LOCAL  major=42  attempt=176  accepted  reason=success  P rel.= 9.294264e-14  objective=-3.827015e+01  upper=-4.111662e+01  gap=-2.846470e+00  wall=0.000000e+00s  cpu=0.000000e+00s  provider=0  solves=0  iterations=0
  certificate  stage=STEP 5 LOCAL  major=42  attempt=177  accepted  reason=success  P rel.=-1.248984e-09  objective=-4.111662e+01  upper=-4.111662e+01  gap= 1.169992e-06  wall=0.000000e+00s  cpu=0.000000e+00s  provider=0  solves=0  iterations=0
  certificate  stage=STEP 5  complete  reason=step5_complete  wall=4.988137e-02s  cpu=4.970500e-02s  provider=48  solves=2  iterations=44

STEP 6
  certificate  stage=STEP 6  complete  reason=candidate_set  wall=8.900000e-06s  cpu=9.000000e-06s  provider=0  solves=0  iterations=0

STEP 8
  certificate  stage=STEP 8  complete  reason=unchanged_problem_67  wall=1.700000e-06s  cpu=2.000000e-06s  provider=0  solves=0  iterations=0

STEP 7
  certificate  stage=STEP 7  complete  reason=continue_stage_ii  wall=9.100000e-07s  cpu=1.000000e-06s  provider=0  solves=0  iterations=0

STEP 4
  STAGE II STEP 4  major=43  upper=-4.111662e+01  LP_primal= 0.000000e+00  LP_dual= 2.775558e-17  active_cuts=48  certified
  certificate  stage=STEP 4  complete  reason=step4_complete  wall=3.644180e-04s  cpu=3.650000e-04s  provider=0  solves=1  iterations=1

STEP 5
  certificate  stage=STEP 5 LOCAL  major=43  attempt=178  accepted  reason=success  P rel.=-1.246536e-09  objective=-4.111662e+01  upper=-4.111662e+01  gap= 2.926179e-07  wall=0.000000e+00s  cpu=0.000000e+00s  provider=0  solves=0  iterations=0
  certificate  stage=STEP 5  complete  reason=step5_complete  wall=2.283346e-02s  cpu=2.275600e-02s  provider=22  solves=1  iterations=19

STEP 6
  certificate  stage=STEP 6  complete  reason=candidate_set  wall=8.130000e-06s  cpu=8.000000e-06s  provider=0  solves=0  iterations=0

STEP 8
  certificate  stage=STEP 8  complete  reason=unchanged_problem_67  wall=1.410000e-06s  cpu=1.000000e-06s  provider=0  solves=0  iterations=0

STEP 7
  certificate  stage=STEP 7  complete  reason=continue_stage_ii  wall=9.300000e-07s  cpu=1.000000e-06s  provider=0  solves=0  iterations=0

STEP 4
  STAGE II STEP 4  major=44  upper=-4.111662e+01  LP_primal= 7.105427e-15  LP_dual= 1.110223e-16  active_cuts=49  certified
  certificate  stage=STEP 4  complete  reason=step4_complete  wall=3.506680e-04s  cpu=3.510000e-04s  provider=0  solves=1  iterations=1

STEP 5
  certificate  stage=STEP 5 LOCAL  major=44  attempt=179  accepted  reason=success  P rel.= 3.160337e-14  objective=-3.827038e+01  upper=-4.111662e+01  gap=-2.846246e+00  wall=0.000000e+00s  cpu=0.000000e+00s  provider=0  solves=0  iterations=0
  certificate  stage=STEP 5 LOCAL  major=44  attempt=180  accepted  reason=success  P rel.= 6.378135e-14  objective=-3.827038e+01  upper=-4.111662e+01  gap=-2.846246e+00  wall=0.000000e+00s  cpu=0.000000e+00s  provider=0  solves=0  iterations=0
  certificate  stage=STEP 5 LOCAL  major=44  attempt=182  accepted  reason=success  P rel.= 6.378135e-14  objective=-3.827038e+01  upper=-4.111662e+01  gap=-2.846246e+00  wall=0.000000e+00s  cpu=0.000000e+00s  provider=0  solves=0  iterations=0
  certificate  stage=STEP 5 LOCAL  major=44  attempt=183  accepted  reason=success  P rel.= 6.119562e-14  objective=-3.827038e+01  upper=-4.111662e+01  gap=-2.846246e+00  wall=0.000000e+00s  cpu=0.000000e+00s  provider=0  solves=0  iterations=0
  certificate  stage=STEP 5 LOCAL  major=44  attempt=184  accepted  reason=success  P rel.= 6.464326e-14  objective=-3.827038e+01  upper=-4.111662e+01  gap=-2.846246e+00  wall=0.000000e+00s  cpu=0.000000e+00s  provider=0  solves=0  iterations=0
  certificate  stage=STEP 5 LOCAL  major=44  attempt=185  accepted  reason=success  P rel.=-1.236699e-09  objective=-4.111662e+01  upper=-4.111662e+01  gap= 7.317043e-08  wall=0.000000e+00s  cpu=0.000000e+00s  provider=0  solves=0  iterations=0
  certificate  stage=STEP 5  complete  reason=step5_complete  wall=1.616238e-01s  cpu=1.609880e-01s  provider=156  solves=7  iterations=141

STEP 6
  certificate  stage=STEP 6  complete  reason=candidate_set  wall=9.029000e-06s  cpu=9.000000e-06s  provider=0  solves=0  iterations=0

STEP 8
  certificate  stage=STEP 8  complete  reason=problem_67_infeasible  wall=1.522890e-04s  cpu=1.520000e-04s  provider=5  solves=1  iterations=0

STEP 7
  certificate  stage=STEP 7  complete  reason=continue_stage_ii  wall=1.010000e-06s  cpu=1.000000e-06s  provider=0  solves=0  iterations=0

STEP 4
  STAGE II STEP 4  major=45  upper=-4.111662e+01  LP_primal= 0.000000e+00  LP_dual= 5.551115e-17  active_cuts=50  certified
  certificate  stage=STEP 4  complete  reason=step4_complete  wall=3.716680e-04s  cpu=3.720000e-04s  provider=0  solves=1  iterations=1

STEP 5
  certificate  stage=STEP 5 LOCAL  major=45  attempt=186  accepted  reason=success  P rel.= 8.188146e-14  objective=-3.827041e+01  upper=-4.111662e+01  gap=-2.846209e+00  wall=0.000000e+00s  cpu=0.000000e+00s  provider=0  solves=0  iterations=0
  certificate  stage=STEP 5 LOCAL  major=45  attempt=187  accepted  reason=success  P rel.= 6.464326e-14  objective=-3.827041e+01  upper=-4.111662e+01  gap=-2.846209e+00  wall=0.000000e+00s  cpu=0.000000e+00s  provider=0  solves=0  iterations=0
  certificate  stage=STEP 5 LOCAL  major=45  attempt=188  accepted  reason=success  P rel.= 6.449960e-14  objective=-3.827041e+01  upper=-4.111662e+01  gap=-2.846209e+00  wall=0.000000e+00s  cpu=0.000000e+00s  provider=0  solves=0  iterations=0
  certificate  stage=STEP 5 LOCAL  major=45  attempt=189  accepted  reason=success  P rel.= 4.912887e-14  objective=-3.827041e+01  upper=-4.111662e+01  gap=-2.846209e+00  wall=0.000000e+00s  cpu=0.000000e+00s  provider=0  solves=0  iterations=0
  certificate  stage=STEP 5 LOCAL  major=45  attempt=190  accepted  reason=success  P rel.= 6.464326e-14  objective=-3.827041e+01  upper=-4.111662e+01  gap=-2.846209e+00  wall=0.000000e+00s  cpu=0.000000e+00s  provider=0  solves=0  iterations=0
  certificate  stage=STEP 5 LOCAL  major=45  attempt=191  accepted  reason=success  P rel.= 2.630262e-13  objective=-3.827041e+01  upper=-4.111662e+01  gap=-2.846209e+00  wall=0.000000e+00s  cpu=0.000000e+00s  provider=0  solves=0  iterations=0
  certificate  stage=STEP 5 LOCAL  major=45  attempt=192  accepted  reason=success  P rel.= 5.774798e-14  objective=-3.827041e+01  upper=-4.111662e+01  gap=-2.846209e+00  wall=0.000000e+00s  cpu=0.000000e+00s  provider=0  solves=0  iterations=0
  certificate  stage=STEP 5 LOCAL  major=45  attempt=193  accepted  reason=success  P rel.= 5.415668e-14  objective=-3.827041e+01  upper=-4.111662e+01  gap=-2.846209e+00  wall=0.000000e+00s  cpu=0.000000e+00s  provider=0  solves=0  iterations=0
  certificate  stage=STEP 5 LOCAL  major=45  attempt=194  accepted  reason=success  P rel.=-1.251789e-09  objective=-4.111662e+01  upper=-4.111662e+01  gap= 1.829554e-08  wall=0.000000e+00s  cpu=0.000000e+00s  provider=0  solves=0  iterations=0
  certificate  stage=STEP 5  complete  reason=step5_complete  wall=2.473899e-01s  cpu=2.460360e-01s  provider=232  solves=9  iterations=213

STEP 6
  certificate  stage=STEP 6  complete  reason=candidate_set  wall=1.158000e-05s  cpu=1.100000e-05s  provider=0  solves=0  iterations=0

STEP 8
  certificate  stage=STEP 8  complete  reason=unchanged_problem_67  wall=1.970000e-06s  cpu=2.000000e-06s  provider=0  solves=0  iterations=0

STEP 7
  certificate  stage=STEP 7  complete  reason=continue_stage_ii  wall=9.400000e-07s  cpu=1.000000e-06s  provider=0  solves=0  iterations=0

STEP 4
  STAGE II STEP 4  major=46  upper=-4.111662e+01  LP_primal= 0.000000e+00  LP_dual= 0.000000e+00  active_cuts=51  certified
  certificate  stage=STEP 4  complete  reason=step4_complete  wall=4.195680e-04s  cpu=4.200000e-04s  provider=0  solves=1  iterations=1

STEP 5
  certificate  stage=STEP 5 LOCAL  major=46  attempt=195  accepted  reason=success  P rel.= 5.947180e-14  objective=-3.827043e+01  upper=-4.111662e+01  gap=-2.846190e+00  wall=0.000000e+00s  cpu=0.000000e+00s  provider=0  solves=0  iterations=0
  certificate  stage=STEP 5 LOCAL  major=46  attempt=196  accepted  reason=success  P rel.= 9.107517e-14  objective=-3.827043e+01  upper=-4.111662e+01  gap=-2.846190e+00  wall=0.000000e+00s  cpu=0.000000e+00s  provider=0  solves=0  iterations=0
  certificate  stage=STEP 5 LOCAL  major=46  attempt=197  accepted  reason=success  P rel.=-8.208949e-09  objective=-4.111662e+01  upper=-4.111662e+01  gap= 4.575192e-09  wall=0.000000e+00s  cpu=0.000000e+00s  provider=0  solves=0  iterations=0
  certificate  stage=STEP 5  complete  reason=step5_complete  wall=8.213997e-02s  cpu=8.192800e-02s  provider=79  solves=3  iterations=71

STEP 6
  certificate  stage=STEP 6  complete  reason=candidate_set  wall=1.236000e-05s  cpu=1.200000e-05s  provider=0  solves=0  iterations=0

STEP 8
  certificate  stage=STEP 8  complete  reason=unchanged_problem_67  wall=2.290000e-06s  cpu=2.000000e-06s  provider=0  solves=0  iterations=0

STEP 7
  certificate  stage=STEP 7  complete  reason=continue_stage_ii  wall=1.020000e-06s  cpu=1.000000e-06s  provider=0  solves=0  iterations=0

STEP 4
  STAGE II STEP 4  major=47  upper=-4.111662e+01  LP_primal= 0.000000e+00  LP_dual= 8.326673e-17  active_cuts=52  certified
  certificate  stage=STEP 4  complete  reason=step4_complete  wall=4.406970e-04s  cpu=4.410000e-04s  provider=0  solves=1  iterations=1

STEP 5
  certificate  stage=STEP 5 LOCAL  major=47  attempt=198  accepted  reason=success  P rel.=-3.366423e-08  objective=-4.112049e+01  upper=-4.111662e+01  gap= 3.867284e-03  wall=0.000000e+00s  cpu=0.000000e+00s  provider=0  solves=0  iterations=0
  certificate  stage=STEP 5  complete  reason=step5_complete  wall=3.132837e-02s  cpu=3.132900e-02s  provider=31  solves=1  iterations=28

STEP 6
  certificate  stage=STEP 6  complete  reason=candidate_set  wall=1.137000e-05s  cpu=1.100000e-05s  provider=0  solves=0  iterations=0

STEP 8
  certificate  stage=STEP 8  complete  reason=problem_67_infeasible  wall=4.219070e-04s  cpu=4.220000e-04s  provider=6  solves=1  iterations=0

STEP 7
  certificate  stage=STEP 7  complete  reason=continue_stage_ii  wall=1.010000e-06s  cpu=1.000000e-06s  provider=0  solves=0  iterations=0

STEP 4
  STAGE II STEP 4  major=48  upper=-4.111683e+01  LP_primal= 0.000000e+00  LP_dual= 6.938894e-18  active_cuts=53  certified
  certificate  stage=STEP 4  complete  reason=step4_complete  wall=3.743980e-04s  cpu=3.750000e-04s  provider=0  solves=1  iterations=1

STEP 5
  certificate  stage=STEP 5 LOCAL  major=48  attempt=199  accepted  reason=success  P rel.=-1.291005e-09  objective=-4.111689e+01  upper=-4.111683e+01  gap= 5.623782e-05  wall=0.000000e+00s  cpu=0.000000e+00s  provider=0  solves=0  iterations=0
  certificate  stage=STEP 5  complete  reason=step5_complete  wall=2.398328e-02s  cpu=2.398400e-02s  provider=24  solves=1  iterations=21

STEP 6
  certificate  stage=STEP 6  complete  reason=candidate_set  wall=1.306000e-05s  cpu=1.300000e-05s  provider=0  solves=0  iterations=0

STEP 8
  certificate  stage=STEP 8  complete  reason=step8_complete  wall=1.600852e-01s  cpu=1.596860e-01s  provider=398  solves=2  iterations=16

STEP 9
  certificate  stage=STEP 9  failed  objective=-4.111699e+01  upper=-4.111683e+01  gap= 1.582009e-04  wall=0.000000e+00s  cpu=0.000000e+00s  provider=0  solves=0  iterations=0
  certificate  stage=STEP 9  complete  reason=paper_free_energy_convergence_failed  wall=2.312946e-03s  cpu=2.290000e-03s  provider=3  solves=0  iterations=0

STEP 7
  certificate  stage=STEP 7  complete  reason=continue_stage_ii  wall=1.180000e-06s  cpu=1.000000e-06s  provider=0  solves=0  iterations=0

STEP 4
  STAGE II STEP 4  major=49  upper=-4.111685e+01  LP_primal= 7.105427e-15  LP_dual= 5.551115e-17  active_cuts=54  certified
  certificate  stage=STEP 4  complete  reason=step4_complete  wall=3.585380e-04s  cpu=3.590000e-04s  provider=0  solves=1  iterations=1

STEP 5
  certificate  stage=STEP 5 LOCAL  major=49  attempt=200  accepted  reason=success  P rel.= 3.792404e-14  objective=-3.826245e+01  upper=-4.111685e+01  gap=-2.854396e+00  wall=0.000000e+00s  cpu=0.000000e+00s  provider=0  solves=0  iterations=0
  certificate  stage=STEP 5 LOCAL  major=49  attempt=201  accepted  reason=success  P rel.=-1.283126e-09  objective=-4.111685e+01  upper=-4.111685e+01  gap= 6.791083e-10  wall=0.000000e+00s  cpu=0.000000e+00s  provider=0  solves=0  iterations=0
  certificate  stage=STEP 5  complete  reason=step5_complete  wall=5.214432e-02s  cpu=5.194200e-02s  provider=51  solves=2  iterations=44

STEP 6
  certificate  stage=STEP 6  complete  reason=candidate_set  wall=1.519000e-05s  cpu=1.600000e-05s  provider=0  solves=0  iterations=0

STEP 8
  certificate  stage=STEP 8  complete  reason=unchanged_problem_67  wall=2.170000e-06s  cpu=2.000000e-06s  provider=0  solves=0  iterations=0

STEP 9
  certificate  stage=STEP 9  failed  objective=-4.111699e+01  upper=-4.111685e+01  gap= 1.439660e-04  wall=0.000000e+00s  cpu=0.000000e+00s  provider=0  solves=0  iterations=0
  certificate  stage=STEP 9  complete  reason=paper_free_energy_convergence_failed  wall=2.191206e-03s  cpu=2.191000e-03s  provider=3  solves=0  iterations=0

STEP 7
  certificate  stage=STEP 7  complete  reason=continue_stage_ii  wall=9.200000e-07s  cpu=1.000000e-06s  provider=0  solves=0  iterations=0

STEP 4
  STAGE II STEP 4  major=50  upper=-4.111685e+01  LP_primal= 0.000000e+00  LP_dual= 1.387779e-17  active_cuts=55  certified
  certificate  stage=STEP 4  complete  reason=step4_complete  wall=3.874480e-04s  cpu=3.880000e-04s  provider=0  solves=1  iterations=1

STEP 5
  certificate  stage=STEP 5 LOCAL  major=50  attempt=202  accepted  reason=success  P rel.= 4.869792e-14  objective=-3.826245e+01  upper=-4.111685e+01  gap=-2.854396e+00  wall=0.000000e+00s  cpu=0.000000e+00s  provider=0  solves=0  iterations=0
  certificate  stage=STEP 5 LOCAL  major=50  attempt=203  accepted  reason=success  P rel.= 6.462889e-13  objective=-3.826245e+01  upper=-4.111685e+01  gap=-2.854396e+00  wall=0.000000e+00s  cpu=0.000000e+00s  provider=0  solves=0  iterations=0
  certificate  stage=STEP 5 LOCAL  major=50  attempt=204  accepted  reason=success  P rel.= 7.527348e-14  objective=-3.826245e+01  upper=-4.111685e+01  gap=-2.854396e+00  wall=0.000000e+00s  cpu=0.000000e+00s  provider=0  solves=0  iterations=0
  certificate  stage=STEP 5 LOCAL  major=50  attempt=206  accepted  reason=success  P rel.= 4.338281e-14  objective=-3.826245e+01  upper=-4.111685e+01  gap=-2.854396e+00  wall=0.000000e+00s  cpu=0.000000e+00s  provider=0  solves=0  iterations=0
  certificate  stage=STEP 5 LOCAL  major=50  attempt=207  accepted  reason=success  P rel.= 5.717337e-14  objective=-3.826245e+01  upper=-4.111685e+01  gap=-2.854396e+00  wall=0.000000e+00s  cpu=0.000000e+00s  provider=0  solves=0  iterations=0
  certificate  stage=STEP 5 LOCAL  major=50  attempt=208  accepted  reason=success  P rel.=-7.045554e-08  objective=-4.111781e+01  upper=-4.111685e+01  gap= 9.615540e-04  wall=0.000000e+00s  cpu=0.000000e+00s  provider=0  solves=0  iterations=0
  certificate  stage=STEP 5  complete  reason=step5_complete  wall=1.598546e-01s  cpu=1.592020e-01s  provider=157  solves=7  iterations=146

STEP 6
  certificate  stage=STEP 6  complete  reason=candidate_set  wall=1.585900e-05s  cpu=1.500000e-05s  provider=0  solves=0  iterations=0

STEP 8
  certificate  stage=STEP 8  complete  reason=step8_complete  wall=8.729413e-02s  cpu=8.695000e-02s  provider=186  solves=2  iterations=19

STEP 9
  certificate  stage=STEP 9  failed  objective=-4.111716e+01  upper=-4.111685e+01  gap= 3.102355e-04  wall=0.000000e+00s  cpu=0.000000e+00s  provider=0  solves=0  iterations=0
  certificate  stage=STEP 9  complete  reason=paper_free_energy_convergence_failed  wall=2.218257e-03s  cpu=2.218000e-03s  provider=3  solves=0  iterations=0

STEP 7
  certificate  stage=STEP 7  complete  reason=continue_stage_ii  wall=1.150000e-06s  cpu=1.000000e-06s  provider=0  solves=0  iterations=0

STEP 4
  STAGE II STEP 4  major=51  upper=-4.111708e+01  LP_primal= 0.000000e+00  LP_dual= 8.326673e-17  active_cuts=56  certified
  certificate  stage=STEP 4  complete  reason=step4_complete  wall=3.445480e-04s  cpu=3.450000e-04s  provider=0  solves=1  iterations=1

STEP 5
  certificate  stage=STEP 5 LOCAL  major=51  attempt=209  accepted  reason=success  P rel.= 1.685034e-13  objective=-3.825862e+01  upper=-4.111708e+01  gap=-2.858461e+00  wall=0.000000e+00s  cpu=0.000000e+00s  provider=0  solves=0  iterations=0
  certificate  stage=STEP 5 LOCAL  major=51  attempt=210  accepted  reason=success  P rel.=-1.317090e-09  objective=-4.111732e+01  upper=-4.111708e+01  gap= 2.456178e-04  wall=0.000000e+00s  cpu=0.000000e+00s  provider=0  solves=0  iterations=0
  certificate  stage=STEP 5  complete  reason=step5_complete  wall=5.439877e-02s  cpu=5.419300e-02s  provider=54  solves=2  iterations=47

STEP 6
  certificate  stage=STEP 6  complete  reason=candidate_set  wall=1.336900e-05s  cpu=1.300000e-05s  provider=0  solves=0  iterations=0

STEP 8
  certificate  stage=STEP 8  complete  reason=step8_complete  wall=8.274683e-02s  cpu=8.244400e-02s  provider=190  solves=2  iterations=17

STEP 9
  certificate  stage=STEP 9  failed  objective=-4.111721e+01  upper=-4.111708e+01  gap= 1.305853e-04  wall=0.000000e+00s  cpu=0.000000e+00s  provider=0  solves=0  iterations=0
  certificate  stage=STEP 9  complete  reason=paper_free_energy_convergence_failed  wall=2.269296e-03s  cpu=2.270000e-03s  provider=3  solves=0  iterations=0

STEP 7
  certificate  stage=STEP 7  complete  reason=continue_stage_ii  wall=9.700000e-07s  cpu=1.000000e-06s  provider=0  solves=0  iterations=0

STEP 4
  STAGE II STEP 4  major=52  upper=-4.111714e+01  LP_primal= 0.000000e+00  LP_dual= 1.110223e-16  active_cuts=57  certified
  certificate  stage=STEP 4  complete  reason=step4_complete  wall=3.466680e-04s  cpu=3.470000e-04s  provider=0  solves=1  iterations=1

STEP 5
  certificate  stage=STEP 5 LOCAL  major=52  attempt=211  accepted  reason=success  P rel.= 3.749309e-14  objective=-3.825868e+01  upper=-4.111714e+01  gap=-2.858461e+00  wall=0.000000e+00s  cpu=0.000000e+00s  provider=0  solves=0  iterations=0
  certificate  stage=STEP 5 LOCAL  major=52  attempt=212  accepted  reason=success  P rel.= 4.381376e-14  objective=-3.825868e+01  upper=-4.111714e+01  gap=-2.858461e+00  wall=0.000000e+00s  cpu=0.000000e+00s  provider=0  solves=0  iterations=0
  certificate  stage=STEP 5 LOCAL  major=52  attempt=213  accepted  reason=success  P rel.= 5.056539e-14  objective=-3.825868e+01  upper=-4.111714e+01  gap=-2.858461e+00  wall=0.000000e+00s  cpu=0.000000e+00s  provider=0  solves=0  iterations=0
  certificate  stage=STEP 5 LOCAL  major=52  attempt=214  accepted  reason=success  P rel.= 3.792404e-14  objective=-3.825868e+01  upper=-4.111714e+01  gap=-2.858461e+00  wall=0.000000e+00s  cpu=0.000000e+00s  provider=0  solves=0  iterations=0
  certificate  stage=STEP 5 LOCAL  major=52  attempt=215  accepted  reason=success  P rel.= 5.214556e-14  objective=-3.825868e+01  upper=-4.111714e+01  gap=-2.858461e+00  wall=0.000000e+00s  cpu=0.000000e+00s  provider=0  solves=0  iterations=0
  certificate  stage=STEP 5 LOCAL  major=52  attempt=216  accepted  reason=success  P rel.= 6.809090e-14  objective=-3.825868e+01  upper=-4.111714e+01  gap=-2.858461e+00  wall=0.000000e+00s  cpu=0.000000e+00s  provider=0  solves=0  iterations=0
  certificate  stage=STEP 5 LOCAL  major=52  attempt=217  accepted  reason=success  P rel.= 2.420531e-13  objective=-3.825868e+01  upper=-4.111714e+01  gap=-2.858461e+00  wall=0.000000e+00s  cpu=0.000000e+00s  provider=0  solves=0  iterations=0
  certificate  stage=STEP 5 LOCAL  major=52  attempt=218  accepted  reason=success  P rel.= 5.042174e-14  objective=-3.825868e+01  upper=-4.111714e+01  gap=-2.858461e+00  wall=0.000000e+00s  cpu=0.000000e+00s  provider=0  solves=0  iterations=0
  certificate  stage=STEP 5 LOCAL  major=52  attempt=219  accepted  reason=success  P rel.= 6.248848e-14  objective=-3.825868e+01  upper=-4.111714e+01  gap=-2.858461e+00  wall=0.000000e+00s  cpu=0.000000e+00s  provider=0  solves=0  iterations=0
  certificate  stage=STEP 5 LOCAL  major=52  attempt=220  accepted  reason=success  P rel.= 3.002320e-14  objective=-3.825868e+01  upper=-4.111714e+01  gap=-2.858461e+00  wall=0.000000e+00s  cpu=0.000000e+00s  provider=0  solves=0  iterations=0
  certificate  stage=STEP 5 LOCAL  major=52  attempt=221  accepted  reason=success  P rel.= 1.015617e-13  objective=-3.825868e+01  upper=-4.111714e+01  gap=-2.858461e+00  wall=0.000000e+00s  cpu=0.000000e+00s  provider=0  solves=0  iterations=0
  certificate  stage=STEP 5 LOCAL  major=52  attempt=222  accepted  reason=success  P rel.= 4.904268e-13  objective=-3.825868e+01  upper=-4.111714e+01  gap=-2.858461e+00  wall=0.000000e+00s  cpu=0.000000e+00s  provider=0  solves=0  iterations=0
  certificate  stage=STEP 5 LOCAL  major=52  attempt=223  accepted  reason=success  P rel.= 3.246528e-14  objective=-3.825868e+01  upper=-4.111714e+01  gap=-2.858461e+00  wall=0.000000e+00s  cpu=0.000000e+00s  provider=0  solves=0  iterations=0
  certificate  stage=STEP 5 LOCAL  major=52  attempt=224  accepted  reason=success  P rel.= 1.570113e-13  objective=-3.825868e+01  upper=-4.111714e+01  gap=-2.858461e+00  wall=0.000000e+00s  cpu=0.000000e+00s  provider=0  solves=0  iterations=0
  certificate  stage=STEP 5 LOCAL  major=52  attempt=225  accepted  reason=success  P rel.= 4.338281e-14  objective=-3.825868e+01  upper=-4.111714e+01  gap=-2.858461e+00  wall=0.000000e+00s  cpu=0.000000e+00s  provider=0  solves=0  iterations=0
  certificate  stage=STEP 5 LOCAL  major=52  attempt=226  accepted  reason=success  P rel.= 5.731702e-14  objective=-3.825868e+01  upper=-4.111714e+01  gap=-2.858461e+00  wall=0.000000e+00s  cpu=0.000000e+00s  provider=0  solves=0  iterations=0
  certificate  stage=STEP 5 LOCAL  major=52  attempt=228  accepted  reason=success  P rel.= 6.809090e-14  objective=-3.825868e+01  upper=-4.111714e+01  gap=-2.858461e+00  wall=0.000000e+00s  cpu=0.000000e+00s  provider=0  solves=0  iterations=0
  certificate  stage=STEP 5 LOCAL  major=52  attempt=229  accepted  reason=success  P rel.= 4.884157e-14  objective=-3.825868e+01  upper=-4.111714e+01  gap=-2.858461e+00  wall=0.000000e+00s  cpu=0.000000e+00s  provider=0  solves=0  iterations=0
  certificate  stage=STEP 5 LOCAL  major=52  attempt=230  accepted  reason=success  P rel.= 3.002320e-14  objective=-3.825868e+01  upper=-4.111714e+01  gap=-2.858461e+00  wall=0.000000e+00s  cpu=0.000000e+00s  provider=0  solves=0  iterations=0
  certificate  stage=STEP 5 LOCAL  major=52  attempt=231  accepted  reason=success  P rel.= 4.223359e-14  objective=-3.825868e+01  upper=-4.111714e+01  gap=-2.858461e+00  wall=0.000000e+00s  cpu=0.000000e+00s  provider=0  solves=0  iterations=0
  certificate  stage=STEP 5 LOCAL  major=52  attempt=232  accepted  reason=success  P rel.= 4.927253e-14  objective=-3.825868e+01  upper=-4.111714e+01  gap=-2.858461e+00  wall=0.000000e+00s  cpu=0.000000e+00s  provider=0  solves=0  iterations=0
  certificate  stage=STEP 5 LOCAL  major=52  attempt=233  accepted  reason=success  P rel.= 4.381376e-14  objective=-3.825868e+01  upper=-4.111714e+01  gap=-2.858461e+00  wall=0.000000e+00s  cpu=0.000000e+00s  provider=0  solves=0  iterations=0
  certificate  stage=STEP 5 LOCAL  major=52  attempt=235  accepted  reason=success  P rel.= 6.737264e-14  objective=-3.825868e+01  upper=-4.111714e+01  gap=-2.858461e+00  wall=0.000000e+00s  cpu=0.000000e+00s  provider=0  solves=0  iterations=0
  certificate  stage=STEP 5 LOCAL  major=52  attempt=236  accepted  reason=success  P rel.= 6.880915e-14  objective=-3.825868e+01  upper=-4.111714e+01  gap=-2.858461e+00  wall=0.000000e+00s  cpu=0.000000e+00s  provider=0  solves=0  iterations=0
  certificate  stage=STEP 5 LOCAL  major=52  attempt=237  accepted  reason=success  P rel.= 3.505101e-14  objective=-3.825868e+01  upper=-4.111714e+01  gap=-2.858461e+00  wall=0.000000e+00s  cpu=0.000000e+00s  provider=0  solves=0  iterations=0
  certificate  stage=STEP 5 LOCAL  major=52  attempt=238  accepted  reason=success  P rel.= 4.871228e-13  objective=-3.825868e+01  upper=-4.111714e+01  gap=-2.858461e+00  wall=0.000000e+00s  cpu=0.000000e+00s  provider=0  solves=0  iterations=0
  certificate  stage=STEP 5 LOCAL  major=52  attempt=239  accepted  reason=success  P rel.= 4.338281e-14  objective=-3.825868e+01  upper=-4.111714e+01  gap=-2.858461e+00  wall=0.000000e+00s  cpu=0.000000e+00s  provider=0  solves=0  iterations=0
  certificate  stage=STEP 5 LOCAL  major=52  attempt=240  accepted  reason=success  P rel.=-1.324301e-09  objective=-4.111714e+01  upper=-4.111714e+01  gap= 1.376363e-08  wall=0.000000e+00s  cpu=0.000000e+00s  provider=0  solves=0  iterations=0
  certificate  stage=STEP 5  complete  reason=step5_complete  wall=7.024120e-01s  cpu=6.997090e-01s  provider=683  solves=30  iterations=636

STEP 6
  certificate  stage=STEP 6  complete  reason=candidate_set  wall=1.597000e-05s  cpu=1.600000e-05s  provider=0  solves=0  iterations=0

STEP 8
  certificate  stage=STEP 8  complete  reason=step8_complete  wall=5.933185e-02s  cpu=5.912900e-02s  provider=117  solves=1  iterations=15

STEP 9
  certificate  stage=STEP 9  failed  objective=-4.111721e+01  upper=-4.111714e+01  gap= 6.751229e-05  wall=0.000000e+00s  cpu=0.000000e+00s  provider=0  solves=0  iterations=0
  certificate  stage=STEP 9  complete  reason=paper_potential_convergence_failed  wall=2.276646e-03s  cpu=2.259000e-03s  provider=3  solves=0  iterations=0

STEP 7
  certificate  stage=STEP 7  complete  reason=continue_stage_ii  wall=9.900000e-07s  cpu=1.000000e-06s  provider=0  solves=0  iterations=0

STEP 4
  STAGE II STEP 4  major=53  upper=-4.111714e+01  LP_primal= 0.000000e+00  LP_dual= 5.551115e-17  active_cuts=58  certified
  certificate  stage=STEP 4  complete  reason=step4_complete  wall=3.744480e-04s  cpu=3.750000e-04s  provider=0  solves=1  iterations=1

STEP 5
  certificate  stage=STEP 5 LOCAL  major=53  attempt=241  accepted  reason=success  P rel.= 6.076466e-14  objective=-3.825868e+01  upper=-4.111714e+01  gap=-2.858461e+00  wall=0.000000e+00s  cpu=0.000000e+00s  provider=0  solves=0  iterations=0
  certificate  stage=STEP 5 LOCAL  major=53  attempt=242  accepted  reason=success  P rel.= 2.298427e-13  objective=-3.825868e+01  upper=-4.111714e+01  gap=-2.858461e+00  wall=0.000000e+00s  cpu=0.000000e+00s  provider=0  solves=0  iterations=0
  certificate  stage=STEP 5 LOCAL  major=53  attempt=243  accepted  reason=success  P rel.=-1.334272e-09  objective=-4.111714e+01  upper=-4.111714e+01  gap=-7.105427e-15  wall=0.000000e+00s  cpu=0.000000e+00s  provider=0  solves=0  iterations=0
  certificate  stage=STEP 5  complete  reason=step5_complete  wall=7.638488e-02s  cpu=7.610800e-02s  provider=74  solves=3  iterations=66

STEP 6
  certificate  stage=STEP 6  complete  reason=candidate_set  wall=1.640000e-05s  cpu=1.600000e-05s  provider=0  solves=0  iterations=0

STEP 8
  certificate  stage=STEP 8  complete  reason=step8_complete  wall=5.964487e-02s  cpu=5.943200e-02s  provider=117  solves=1  iterations=15

STEP 9
  certificate  stage=STEP 9  failed  objective=-4.111721e+01  upper=-4.111714e+01  gap= 6.750875e-05  wall=0.000000e+00s  cpu=0.000000e+00s  provider=0  solves=0  iterations=0
  certificate  stage=STEP 9  complete  reason=paper_potential_convergence_failed  wall=2.471485e-03s  cpu=2.446000e-03s  provider=3  solves=0  iterations=0

STEP 7
  certificate  stage=STEP 7  complete  reason=continue_stage_ii  wall=1.120000e-06s  cpu=1.000000e-06s  provider=0  solves=0  iterations=0

STEP 4
  STAGE II STEP 4  major=54  upper=-4.111714e+01  LP_primal= 0.000000e+00  LP_dual= 1.387779e-17  active_cuts=59  certified
  certificate  stage=STEP 4  complete  reason=step4_complete  wall=4.124380e-04s  cpu=4.130000e-04s  provider=0  solves=1  iterations=1

STEP 5
  certificate  stage=STEP 5 LOCAL  major=54  attempt=244  accepted  reason=success  P rel.= 3.201996e-13  objective=-3.825868e+01  upper=-4.111714e+01  gap=-2.858461e+00  wall=0.000000e+00s  cpu=0.000000e+00s  provider=0  solves=0  iterations=0
  certificate  stage=STEP 5 LOCAL  major=54  attempt=245  accepted  reason=success  P rel.= 5.114000e-14  objective=-3.825868e+01  upper=-4.111714e+01  gap=-2.858461e+00  wall=0.000000e+00s  cpu=0.000000e+00s  provider=0  solves=0  iterations=0
  certificate  stage=STEP 5 LOCAL  major=54  attempt=246  accepted  reason=success  P rel.= 5.085269e-14  objective=-3.825868e+01  upper=-4.111714e+01  gap=-2.858461e+00  wall=0.000000e+00s  cpu=0.000000e+00s  provider=0  solves=0  iterations=0
  certificate  stage=STEP 5 LOCAL  major=54  attempt=247  accepted  reason=success  P rel.= 5.358208e-14  objective=-3.825868e+01  upper=-4.111714e+01  gap=-2.858461e+00  wall=0.000000e+00s  cpu=0.000000e+00s  provider=0  solves=0  iterations=0
  certificate  stage=STEP 5 LOCAL  major=54  attempt=248  accepted  reason=success  P rel.=-3.310799e-08  objective=-4.111738e+01  upper=-4.111714e+01  gap= 2.397374e-04  wall=0.000000e+00s  cpu=0.000000e+00s  provider=0  solves=0  iterations=0
  certificate  stage=STEP 5  complete  reason=step5_complete  wall=1.313741e-01s  cpu=1.308950e-01s  provider=127  solves=5  iterations=111

STEP 6
  certificate  stage=STEP 6  complete  reason=candidate_set  wall=1.641000e-05s  cpu=1.700000e-05s  provider=0  solves=0  iterations=0

STEP 8
  certificate  stage=STEP 8  complete  reason=step8_complete  wall=6.583809e-01s  cpu=6.569990e-01s  provider=2604  solves=2  iterations=165

STEP 9
  certificate  stage=STEP 9  failed  objective=-4.111732e+01  upper=-4.111714e+01  gap= 1.781719e-04  wall=0.000000e+00s  cpu=0.000000e+00s  provider=0  solves=0  iterations=0
  certificate  stage=STEP 9  complete  reason=paper_free_energy_convergence_failed  wall=1.491971e-03s  cpu=1.492000e-03s  provider=2  solves=0  iterations=0

STEP 7
  certificate  stage=STEP 7  complete  reason=continue_stage_ii  wall=1.120000e-06s  cpu=1.000000e-06s  provider=0  solves=0  iterations=0

STEP 4
  STAGE II STEP 4  major=55  upper=-4.111732e+01  LP_primal= 7.673862e-13  LP_dual= 0.000000e+00  active_cuts=60  certified
  certificate  stage=STEP 4  complete  reason=step4_complete  wall=3.679980e-04s  cpu=3.690000e-04s  provider=0  solves=1  iterations=1

STEP 5
  certificate  stage=STEP 5 LOCAL  major=55  attempt=249  accepted  reason=success  P rel.= 5.142730e-14  objective=-3.825861e+01  upper=-4.111732e+01  gap=-2.858713e+00  wall=0.000000e+00s  cpu=0.000000e+00s  provider=0  solves=0  iterations=0
  certificate  stage=STEP 5 LOCAL  major=55  attempt=250  accepted  reason=success  P rel.= 5.645511e-14  objective=-3.825861e+01  upper=-4.111732e+01  gap=-2.858713e+00  wall=0.000000e+00s  cpu=0.000000e+00s  provider=0  solves=0  iterations=0
  certificate  stage=STEP 5 LOCAL  major=55  attempt=251  accepted  reason=success  P rel.= 5.746067e-14  objective=-3.825861e+01  upper=-4.111732e+01  gap=-2.858713e+00  wall=0.000000e+00s  cpu=0.000000e+00s  provider=0  solves=0  iterations=0
  certificate  stage=STEP 5 LOCAL  major=55  attempt=253  accepted  reason=success  P rel.= 6.452833e-13  objective=-3.825861e+01  upper=-4.111732e+01  gap=-2.858713e+00  wall=0.000000e+00s  cpu=0.000000e+00s  provider=0  solves=0  iterations=0
  certificate  stage=STEP 5 LOCAL  major=55  attempt=254  accepted  reason=success  P rel.=-1.314419e-09  objective=-4.111732e+01  upper=-4.111732e+01  gap= 3.604661e-09  wall=0.000000e+00s  cpu=0.000000e+00s  provider=0  solves=0  iterations=0
  certificate  stage=STEP 5  complete  reason=step5_complete  wall=1.247812e-01s  cpu=1.243220e-01s  provider=124  solves=6  iterations=112

STEP 6
  certificate  stage=STEP 6  complete  reason=candidate_set  wall=1.693900e-05s  cpu=1.700000e-05s  provider=0  solves=0  iterations=0

STEP 8
  certificate  stage=STEP 8  complete  reason=step8_complete  wall=3.238571e-02s  cpu=3.227700e-02s  provider=60  solves=1  iterations=11

STEP 9
  certificate  stage=STEP 9  passed  objective=-4.111732e+01  upper=-4.111732e+01  gap= 1.116383e-09  wall=0.000000e+00s  cpu=0.000000e+00s  provider=0  solves=0  iterations=0
  certificate  stage=STEP 9  complete  reason=step9_complete  wall=1.623310e-03s  cpu=1.624000e-03s  provider=2  solves=0  iterations=0

STEP 10
  certificate  stage=STEP 10  passed  wall=0.000000e+00s  cpu=0.000000e+00s  provider=0  solves=0  iterations=0
  certificate  stage=STEP 10  complete  reason=trace_refinement_not_required  wall=2.942302e-03s  cpu=2.942000e-03s  provider=4  solves=0  iterations=0
