HELD2.0  case=installed-held2-paper-rewrite  T=2.981500e+02 K  P=1.013000e+05 Pa

STEP 1
  certificate  stage=STEP 1  complete  reason=step1_complete  wall=2.299000e-05s  cpu=2.200000e-05s  provider=1  solves=0  iterations=0

STEP 2

REFERENCE PRESSURE ROOTS
  root   0  V= 3.062818e-05  P rel.=-5.632342e-09  G/RT=-4.598039e+01  strict_stable
  root   1  V= 6.821433e-04  P rel.= 6.077926e-09  G/RT=-4.169228e+01  unstable
  root   2  V= 2.069505e-02  P rel.=-3.082459e-10  G/RT=-4.274666e+01  strict_stable
  selected root 0  status=selected
  eval     1  TPD=-2.144595e-01  P rel.=-6.133651e-09  V= 4.695210e-05  certified
  certificate  stage=STEP 2  complete  reason=negative_tpd_witness  wall=4.020060e-01s  cpu=4.018740e-01s  provider=549  solves=1  iterations=1

STEP 3
  certificate  stage=STEP 3  complete  reason=step3_complete  wall=8.486350e-01s  cpu=8.483440e-01s  provider=4  solves=0  iterations=0

STEP 4
  STAGE II STEP 4  major=0  upper=-4.601323e+01  LP_primal= 0.000000e+00  LP_dual= 6.938894e-18  active_cuts=5  certified
  certificate  stage=STEP 4  complete  reason=step4_complete  wall=3.698670e-04s  cpu=3.700000e-04s  provider=0  solves=1  iterations=1

STEP 5
  certificate  stage=STEP 5 LOCAL  major=0  attempt=0  accepted  reason=success  P rel.=-9.487956e-04  objective=-4.695234e+01  upper=-4.601323e+01  gap= 9.391151e-01  wall=0.000000e+00s  cpu=0.000000e+00s  provider=0  solves=0  iterations=0
  certificate  stage=STEP 5  complete  reason=step5_complete  wall=2.979277e-02s  cpu=2.979300e-02s  provider=156  solves=1  iterations=25

STEP 6
  certificate  stage=STEP 6  complete  reason=insufficient_candidates  wall=2.550000e-06s  cpu=3.000000e-06s  provider=0  solves=0  iterations=0

STEP 7
  certificate  stage=STEP 7  complete  reason=continue_stage_ii  wall=9.000000e-07s  cpu=1.000000e-06s  provider=0  solves=0  iterations=0

STEP 4
  STAGE II STEP 4  major=1  upper=-4.608947e+01  LP_primal= 0.000000e+00  LP_dual= 5.551115e-17  active_cuts=6  certified
  certificate  stage=STEP 4  complete  reason=step4_complete  wall=1.957490e-04s  cpu=1.960000e-04s  provider=0  solves=1  iterations=1

STEP 5
  certificate  stage=STEP 5 LOCAL  major=1  attempt=1  accepted  reason=success  P rel.=-9.716618e-08  objective=-4.667537e+01  upper=-4.608947e+01  gap= 5.859065e-01  wall=0.000000e+00s  cpu=0.000000e+00s  provider=0  solves=0  iterations=0
  certificate  stage=STEP 5  complete  reason=step5_complete  wall=2.657105e-02s  cpu=2.657100e-02s  provider=25  solves=1  iterations=23

STEP 6
  certificate  stage=STEP 6  complete  reason=insufficient_candidates  wall=1.720000e-06s  cpu=1.000000e-06s  provider=0  solves=0  iterations=0

STEP 7
  certificate  stage=STEP 7  complete  reason=continue_stage_ii  wall=9.000000e-07s  cpu=1.000000e-06s  provider=0  solves=0  iterations=0

STEP 4
  STAGE II STEP 4  major=2  upper=-4.647597e+01  LP_primal= 0.000000e+00  LP_dual= 1.387779e-17  active_cuts=7  certified
  certificate  stage=STEP 4  complete  reason=step4_complete  wall=2.811680e-04s  cpu=2.820000e-04s  provider=0  solves=1  iterations=1

STEP 5
  certificate  stage=STEP 5 LOCAL  major=2  attempt=2  accepted  reason=success  P rel.= 6.019005e-14  objective=-4.369598e+01  upper=-4.647597e+01  gap=-2.779988e+00  wall=0.000000e+00s  cpu=0.000000e+00s  provider=0  solves=0  iterations=0
  certificate  stage=STEP 5 LOCAL  major=2  attempt=3  accepted  reason=success  P rel.= 5.975910e-14  objective=-4.369598e+01  upper=-4.647597e+01  gap=-2.779988e+00  wall=0.000000e+00s  cpu=0.000000e+00s  provider=0  solves=0  iterations=0
  certificate  stage=STEP 5 LOCAL  major=2  attempt=4  accepted  reason=success  P rel.=-2.100657e-09  objective=-4.692775e+01  upper=-4.647597e+01  gap= 4.517798e-01  wall=0.000000e+00s  cpu=0.000000e+00s  provider=0  solves=0  iterations=0
  certificate  stage=STEP 5  complete  reason=step5_complete  wall=7.601954e-02s  cpu=7.601400e-02s  provider=74  solves=3  iterations=66

STEP 6
  certificate  stage=STEP 6  complete  reason=insufficient_candidates  wall=2.000000e-06s  cpu=2.000000e-06s  provider=0  solves=0  iterations=0

STEP 7
  certificate  stage=STEP 7  complete  reason=continue_stage_ii  wall=8.900000e-07s  cpu=1.000000e-06s  provider=0  solves=0  iterations=0

STEP 4
  STAGE II STEP 4  major=3  upper=-4.650369e+01  LP_primal= 7.105427e-15  LP_dual= 1.233822e-16  active_cuts=8  certified
  certificate  stage=STEP 4  complete  reason=step4_complete  wall=2.531590e-04s  cpu=2.530000e-04s  provider=0  solves=1  iterations=1

STEP 5
  certificate  stage=STEP 5 LOCAL  major=3  attempt=5  accepted  reason=success  P rel.= 5.530590e-14  objective=-4.365862e+01  upper=-4.650369e+01  gap=-2.845073e+00  wall=0.000000e+00s  cpu=0.000000e+00s  provider=0  solves=0  iterations=0
  certificate  stage=STEP 5 LOCAL  major=3  attempt=6  accepted  reason=success  P rel.=-1.231535e-09  objective=-4.664233e+01  upper=-4.650369e+01  gap= 1.386393e-01  wall=0.000000e+00s  cpu=0.000000e+00s  provider=0  solves=0  iterations=0
  certificate  stage=STEP 5  complete  reason=step5_complete  wall=5.020100e-02s  cpu=5.020100e-02s  provider=49  solves=2  iterations=42

STEP 6
  certificate  stage=STEP 6  complete  reason=insufficient_candidates  wall=1.920000e-06s  cpu=2.000000e-06s  provider=0  solves=0  iterations=0

STEP 7
  certificate  stage=STEP 7  complete  reason=continue_stage_ii  wall=9.200000e-07s  cpu=1.000000e-06s  provider=0  solves=0  iterations=0

STEP 4
  STAGE II STEP 4  major=4  upper=-4.652365e+01  LP_primal= 0.000000e+00  LP_dual= 6.938894e-18  active_cuts=9  certified
  certificate  stage=STEP 4  complete  reason=step4_complete  wall=2.596180e-04s  cpu=2.600000e-04s  provider=0  solves=1  iterations=1

STEP 5
  certificate  stage=STEP 5 LOCAL  major=4  attempt=7  accepted  reason=success  P rel.=-1.050722e-09  objective=-4.656655e+01  upper=-4.652365e+01  gap= 4.289716e-02  wall=0.000000e+00s  cpu=0.000000e+00s  provider=0  solves=0  iterations=0
  certificate  stage=STEP 5  complete  reason=step5_complete  wall=2.375548e-02s  cpu=2.375600e-02s  provider=23  solves=1  iterations=20

STEP 6
  certificate  stage=STEP 6  complete  reason=insufficient_candidates  wall=1.960000e-06s  cpu=2.000000e-06s  provider=0  solves=0  iterations=0

STEP 7
  certificate  stage=STEP 7  complete  reason=continue_stage_ii  wall=9.100000e-07s  cpu=1.000000e-06s  provider=0  solves=0  iterations=0

STEP 4
  STAGE II STEP 4  major=5  upper=-4.653049e+01  LP_primal= 0.000000e+00  LP_dual= 5.551115e-17  active_cuts=10  certified
  certificate  stage=STEP 4  complete  reason=step4_complete  wall=2.450190e-04s  cpu=2.450000e-04s  provider=0  solves=1  iterations=1

STEP 5
  certificate  stage=STEP 5 LOCAL  major=5  attempt=8  accepted  reason=success  P rel.= 5.860989e-14  objective=-4.368541e+01  upper=-4.653049e+01  gap=-2.845087e+00  wall=0.000000e+00s  cpu=0.000000e+00s  provider=0  solves=0  iterations=0
  certificate  stage=STEP 5 LOCAL  major=5  attempt=9  accepted  reason=success  P rel.= 2.430586e-13  objective=-4.368541e+01  upper=-4.653049e+01  gap=-2.845087e+00  wall=0.000000e+00s  cpu=0.000000e+00s  provider=0  solves=0  iterations=0
  certificate  stage=STEP 5 LOCAL  major=5  attempt=10  accepted  reason=success  P rel.= 4.841062e-14  objective=-4.368541e+01  upper=-4.653049e+01  gap=-2.845087e+00  wall=0.000000e+00s  cpu=0.000000e+00s  provider=0  solves=0  iterations=0
  certificate  stage=STEP 5 LOCAL  major=5  attempt=11  accepted  reason=success  P rel.= 5.769051e-13  objective=-4.368541e+01  upper=-4.653049e+01  gap=-2.845087e+00  wall=0.000000e+00s  cpu=0.000000e+00s  provider=0  solves=0  iterations=0
  certificate  stage=STEP 5 LOCAL  major=5  attempt=12  accepted  reason=success  P rel.= 5.228921e-14  objective=-4.368541e+01  upper=-4.653049e+01  gap=-2.845087e+00  wall=0.000000e+00s  cpu=0.000000e+00s  provider=0  solves=0  iterations=0
  certificate  stage=STEP 5 LOCAL  major=5  attempt=13  accepted  reason=success  P rel.=-1.145758e-09  objective=-4.654017e+01  upper=-4.653049e+01  gap= 9.676790e-03  wall=0.000000e+00s  cpu=0.000000e+00s  provider=0  solves=0  iterations=0
  certificate  stage=STEP 5  complete  reason=step5_complete  wall=1.660174e-01s  cpu=1.659940e-01s  provider=147  solves=6  iterations=138

STEP 6
  certificate  stage=STEP 6  complete  reason=insufficient_candidates  wall=5.370000e-06s  cpu=5.000000e-06s  provider=0  solves=0  iterations=0

STEP 7
  certificate  stage=STEP 7  complete  reason=continue_stage_ii  wall=1.390000e-06s  cpu=1.000000e-06s  provider=0  solves=0  iterations=0

STEP 4
  STAGE II STEP 4  major=6  upper=-4.653201e+01  LP_primal= 0.000000e+00  LP_dual= 1.387779e-17  active_cuts=11  certified
  certificate  stage=STEP 4  complete  reason=step4_complete  wall=3.414080e-04s  cpu=3.420000e-04s  provider=0  solves=1  iterations=1

STEP 5
  certificate  stage=STEP 5 LOCAL  major=6  attempt=14  accepted  reason=success  P rel.= 4.697410e-14  objective=-4.368692e+01  upper=-4.653201e+01  gap=-2.845095e+00  wall=0.000000e+00s  cpu=0.000000e+00s  provider=0  solves=0  iterations=0
  certificate  stage=STEP 5 LOCAL  major=6  attempt=15  accepted  reason=success  P rel.= 5.746067e-14  objective=-4.368692e+01  upper=-4.653201e+01  gap=-2.845095e+00  wall=0.000000e+00s  cpu=0.000000e+00s  provider=0  solves=0  iterations=0
  certificate  stage=STEP 5 LOCAL  major=6  attempt=16  accepted  reason=success  P rel.=-1.081881e-09  objective=-4.653456e+01  upper=-4.653201e+01  gap= 2.551309e-03  wall=0.000000e+00s  cpu=0.000000e+00s  provider=0  solves=0  iterations=0
  certificate  stage=STEP 5  complete  reason=step5_complete  wall=8.144552e-02s  cpu=8.143600e-02s  provider=70  solves=3  iterations=64

STEP 6
  certificate  stage=STEP 6  complete  reason=insufficient_candidates  wall=5.220000e-06s  cpu=5.000000e-06s  provider=0  solves=0  iterations=0

STEP 7
  certificate  stage=STEP 7  complete  reason=continue_stage_ii  wall=1.610000e-06s  cpu=1.000000e-06s  provider=0  solves=0  iterations=0

STEP 4
  STAGE II STEP 4  major=7  upper=-4.653239e+01  LP_primal= 0.000000e+00  LP_dual= 5.551115e-17  active_cuts=12  certified
  certificate  stage=STEP 4  complete  reason=step4_complete  wall=4.070380e-04s  cpu=4.070000e-04s  provider=0  solves=1  iterations=1

STEP 5
  certificate  stage=STEP 5 LOCAL  major=7  attempt=17  accepted  reason=success  P rel.= 4.797966e-14  objective=-4.368730e+01  upper=-4.653239e+01  gap=-2.845091e+00  wall=0.000000e+00s  cpu=0.000000e+00s  provider=0  solves=0  iterations=0
  certificate  stage=STEP 5 LOCAL  major=7  attempt=18  accepted  reason=success  P rel.= 3.749309e-14  objective=-4.368730e+01  upper=-4.653239e+01  gap=-2.845091e+00  wall=0.000000e+00s  cpu=0.000000e+00s  provider=0  solves=0  iterations=0
  certificate  stage=STEP 5 LOCAL  major=7  attempt=19  accepted  reason=success  P rel.=-1.124035e-09  objective=-4.653302e+01  upper=-4.653239e+01  gap= 6.217435e-04  wall=0.000000e+00s  cpu=0.000000e+00s  provider=0  solves=0  iterations=0
  certificate  stage=STEP 5  complete  reason=step5_complete  wall=8.766425e-02s  cpu=8.766500e-02s  provider=77  solves=3  iterations=66

STEP 6
  certificate  stage=STEP 6  complete  reason=candidate_set  wall=6.870000e-06s  cpu=7.000000e-06s  provider=0  solves=0  iterations=0

STEP 8
  certificate  stage=STEP 8  complete  reason=problem_67_infeasible  wall=1.578990e-04s  cpu=1.580000e-04s  provider=3  solves=1  iterations=0

STEP 7
  certificate  stage=STEP 7  complete  reason=continue_stage_ii  wall=1.840000e-06s  cpu=2.000000e-06s  provider=0  solves=0  iterations=0

STEP 4
  STAGE II STEP 4  major=8  upper=-4.653250e+01  LP_primal= 0.000000e+00  LP_dual= 5.551115e-17  active_cuts=13  certified
  certificate  stage=STEP 4  complete  reason=step4_complete  wall=2.932690e-04s  cpu=2.930000e-04s  provider=0  solves=1  iterations=1

STEP 5
  certificate  stage=STEP 5 LOCAL  major=8  attempt=20  accepted  reason=success  P rel.= 6.291944e-14  objective=-4.368741e+01  upper=-4.653250e+01  gap=-2.845093e+00  wall=0.000000e+00s  cpu=0.000000e+00s  provider=0  solves=0  iterations=0
  certificate  stage=STEP 5 LOCAL  major=8  attempt=23  accepted  reason=success  P rel.= 4.510663e-14  objective=-4.368741e+01  upper=-4.653250e+01  gap=-2.845093e+00  wall=0.000000e+00s  cpu=0.000000e+00s  provider=0  solves=0  iterations=0
  certificate  stage=STEP 5 LOCAL  major=8  attempt=24  accepted  reason=success  P rel.=-1.107254e-09  objective=-4.653266e+01  upper=-4.653250e+01  gap= 1.574635e-04  wall=0.000000e+00s  cpu=0.000000e+00s  provider=0  solves=0  iterations=0
  certificate  stage=STEP 5  complete  reason=step5_complete  wall=8.501328e-02s  cpu=8.499100e-02s  provider=75  solves=5  iterations=61

STEP 6
  certificate  stage=STEP 6  complete  reason=candidate_set  wall=7.960000e-06s  cpu=8.000000e-06s  provider=0  solves=0  iterations=0

STEP 8
  certificate  stage=STEP 8  complete  reason=problem_67_infeasible  wall=1.579290e-04s  cpu=1.590000e-04s  provider=4  solves=1  iterations=0

STEP 7
  certificate  stage=STEP 7  complete  reason=continue_stage_ii  wall=1.600000e-06s  cpu=1.000000e-06s  provider=0  solves=0  iterations=0

STEP 4
  STAGE II STEP 4  major=9  upper=-4.653252e+01  LP_primal= 0.000000e+00  LP_dual= 1.110223e-16  active_cuts=14  certified
  certificate  stage=STEP 4  complete  reason=step4_complete  wall=3.121780e-04s  cpu=3.120000e-04s  provider=0  solves=1  iterations=1

STEP 5
  certificate  stage=STEP 5 LOCAL  major=9  attempt=25  accepted  reason=success  P rel.= 4.582489e-14  objective=-4.368743e+01  upper=-4.653252e+01  gap=-2.845092e+00  wall=0.000000e+00s  cpu=0.000000e+00s  provider=0  solves=0  iterations=0
  certificate  stage=STEP 5 LOCAL  major=9  attempt=26  accepted  reason=success  P rel.=-1.104494e-09  objective=-4.653256e+01  upper=-4.653252e+01  gap= 3.911386e-05  wall=0.000000e+00s  cpu=0.000000e+00s  provider=0  solves=0  iterations=0
  certificate  stage=STEP 5  complete  reason=step5_complete  wall=5.687129e-02s  cpu=5.687300e-02s  provider=48  solves=2  iterations=45

STEP 6
  certificate  stage=STEP 6  complete  reason=candidate_set  wall=7.590000e-06s  cpu=7.000000e-06s  provider=0  solves=0  iterations=0

STEP 8
  certificate  stage=STEP 8  complete  reason=problem_67_infeasible  wall=1.639190e-04s  cpu=1.640000e-04s  provider=5  solves=1  iterations=0

STEP 7
  certificate  stage=STEP 7  complete  reason=continue_stage_ii  wall=1.670000e-06s  cpu=1.000000e-06s  provider=0  solves=0  iterations=0

STEP 4
  STAGE II STEP 4  major=10  upper=-4.653253e+01  LP_primal= 7.105427e-15  LP_dual= 5.551115e-17  active_cuts=15  certified
  certificate  stage=STEP 4  complete  reason=step4_complete  wall=2.985790e-04s  cpu=2.990000e-04s  provider=0  solves=1  iterations=1

STEP 5
  certificate  stage=STEP 5 LOCAL  major=10  attempt=27  accepted  reason=success  P rel.= 6.981472e-14  objective=-4.368744e+01  upper=-4.653253e+01  gap=-2.845092e+00  wall=0.000000e+00s  cpu=0.000000e+00s  provider=0  solves=0  iterations=0
  certificate  stage=STEP 5 LOCAL  major=10  attempt=28  accepted  reason=success  P rel.= 3.921691e-14  objective=-4.368744e+01  upper=-4.653253e+01  gap=-2.845092e+00  wall=0.000000e+00s  cpu=0.000000e+00s  provider=0  solves=0  iterations=0
  certificate  stage=STEP 5 LOCAL  major=10  attempt=29  accepted  reason=success  P rel.= 6.981472e-14  objective=-4.368744e+01  upper=-4.653253e+01  gap=-2.845092e+00  wall=0.000000e+00s  cpu=0.000000e+00s  provider=0  solves=0  iterations=0
  certificate  stage=STEP 5 LOCAL  major=10  attempt=30  accepted  reason=success  P rel.= 4.596854e-14  objective=-4.368744e+01  upper=-4.653253e+01  gap=-2.845092e+00  wall=0.000000e+00s  cpu=0.000000e+00s  provider=0  solves=0  iterations=0
  certificate  stage=STEP 5 LOCAL  major=10  attempt=31  accepted  reason=success  P rel.= 8.719657e-14  objective=-4.368744e+01  upper=-4.653253e+01  gap=-2.845092e+00  wall=0.000000e+00s  cpu=0.000000e+00s  provider=0  solves=0  iterations=0
  certificate  stage=STEP 5 LOCAL  major=10  attempt=32  accepted  reason=success  P rel.= 6.607977e-14  objective=-4.368744e+01  upper=-4.653253e+01  gap=-2.845092e+00  wall=0.000000e+00s  cpu=0.000000e+00s  provider=0  solves=0  iterations=0
  certificate  stage=STEP 5 LOCAL  major=10  attempt=33  accepted  reason=success  P rel.= 4.912887e-14  objective=-4.368744e+01  upper=-4.653253e+01  gap=-2.845092e+00  wall=0.000000e+00s  cpu=0.000000e+00s  provider=0  solves=0  iterations=0
  certificate  stage=STEP 5 LOCAL  major=10  attempt=34  accepted  reason=success  P rel.= 5.056539e-14  objective=-4.368744e+01  upper=-4.653253e+01  gap=-2.845092e+00  wall=0.000000e+00s  cpu=0.000000e+00s  provider=0  solves=0  iterations=0
  certificate  stage=STEP 5 LOCAL  major=10  attempt=35  accepted  reason=success  P rel.= 3.921691e-14  objective=-4.368744e+01  upper=-4.653253e+01  gap=-2.845092e+00  wall=0.000000e+00s  cpu=0.000000e+00s  provider=0  solves=0  iterations=0
  certificate  stage=STEP 5 LOCAL  major=10  attempt=36  accepted  reason=success  P rel.=-1.118026e-09  objective=-4.653254e+01  upper=-4.653253e+01  gap= 9.810045e-06  wall=0.000000e+00s  cpu=0.000000e+00s  provider=0  solves=0  iterations=0
  certificate  stage=STEP 5  complete  reason=step5_complete  wall=2.881096e-01s  cpu=2.880490e-01s  provider=254  solves=10  iterations=241

STEP 6
  certificate  stage=STEP 6  complete  reason=candidate_set  wall=8.000000e-06s  cpu=8.000000e-06s  provider=0  solves=0  iterations=0

STEP 8
  certificate  stage=STEP 8  complete  reason=problem_67_infeasible  wall=1.772090e-04s  cpu=1.780000e-04s  provider=6  solves=1  iterations=0

STEP 7
  certificate  stage=STEP 7  complete  reason=continue_stage_ii  wall=2.000000e-06s  cpu=2.000000e-06s  provider=0  solves=0  iterations=0

STEP 4
  STAGE II STEP 4  major=11  upper=-4.653253e+01  LP_primal= 7.105427e-15  LP_dual= 5.551115e-17  active_cuts=16  certified
  certificate  stage=STEP 4  complete  reason=step4_complete  wall=2.905780e-04s  cpu=2.910000e-04s  provider=0  solves=1  iterations=1

STEP 5
  certificate  stage=STEP 5 LOCAL  major=11  attempt=37  accepted  reason=success  P rel.=-1.110236e-09  objective=-4.653253e+01  upper=-4.653253e+01  gap= 2.448569e-06  wall=0.000000e+00s  cpu=0.000000e+00s  provider=0  solves=0  iterations=0
  certificate  stage=STEP 5  complete  reason=step5_complete  wall=2.549105e-02s  cpu=2.546000e-02s  provider=23  solves=1  iterations=20

STEP 6
  certificate  stage=STEP 6  complete  reason=candidate_set  wall=1.013000e-05s  cpu=1.000000e-05s  provider=0  solves=0  iterations=0

STEP 8
  certificate  stage=STEP 8  complete  reason=unchanged_problem_67  wall=1.960000e-06s  cpu=2.000000e-06s  provider=0  solves=0  iterations=0

STEP 7
  certificate  stage=STEP 7  complete  reason=continue_stage_ii  wall=1.280000e-06s  cpu=1.000000e-06s  provider=0  solves=0  iterations=0

STEP 4
  STAGE II STEP 4  major=12  upper=-4.653253e+01  LP_primal= 0.000000e+00  LP_dual= 2.775558e-17  active_cuts=17  certified
  certificate  stage=STEP 4  complete  reason=step4_complete  wall=3.764770e-04s  cpu=3.760000e-04s  provider=0  solves=1  iterations=1

STEP 5
  certificate  stage=STEP 5 LOCAL  major=12  attempt=38  accepted  reason=success  P rel.= 6.823455e-14  objective=-4.368744e+01  upper=-4.653253e+01  gap=-2.845092e+00  wall=0.000000e+00s  cpu=0.000000e+00s  provider=0  solves=0  iterations=0
  certificate  stage=STEP 5 LOCAL  major=12  attempt=39  accepted  reason=success  P rel.= 2.528270e-14  objective=-4.368744e+01  upper=-4.653253e+01  gap=-2.845092e+00  wall=0.000000e+00s  cpu=0.000000e+00s  provider=0  solves=0  iterations=0
  certificate  stage=STEP 5 LOCAL  major=12  attempt=40  accepted  reason=success  P rel.= 5.659876e-14  objective=-4.368744e+01  upper=-4.653253e+01  gap=-2.845092e+00  wall=0.000000e+00s  cpu=0.000000e+00s  provider=0  solves=0  iterations=0
  certificate  stage=STEP 5 LOCAL  major=12  attempt=41  accepted  reason=success  P rel.= 4.783601e-14  objective=-4.368744e+01  upper=-4.653253e+01  gap=-2.845092e+00  wall=0.000000e+00s  cpu=0.000000e+00s  provider=0  solves=0  iterations=0
  certificate  stage=STEP 5 LOCAL  major=12  attempt=42  accepted  reason=success  P rel.= 2.140410e-14  objective=-4.368744e+01  upper=-4.653253e+01  gap=-2.845092e+00  wall=0.000000e+00s  cpu=0.000000e+00s  provider=0  solves=0  iterations=0
  certificate  stage=STEP 5 LOCAL  major=12  attempt=43  accepted  reason=success  P rel.=-1.115222e-09  objective=-4.653253e+01  upper=-4.653253e+01  gap= 6.116555e-07  wall=0.000000e+00s  cpu=0.000000e+00s  provider=0  solves=0  iterations=0
  certificate  stage=STEP 5  complete  reason=step5_complete  wall=1.598130e-01s  cpu=1.597610e-01s  provider=146  solves=6  iterations=140

STEP 6
  certificate  stage=STEP 6  complete  reason=candidate_set  wall=1.140000e-05s  cpu=1.200000e-05s  provider=0  solves=0  iterations=0

STEP 8
  certificate  stage=STEP 8  complete  reason=unchanged_problem_67  wall=2.640000e-06s  cpu=3.000000e-06s  provider=0  solves=0  iterations=0

STEP 7
  certificate  stage=STEP 7  complete  reason=continue_stage_ii  wall=1.420000e-06s  cpu=2.000000e-06s  provider=0  solves=0  iterations=0

STEP 4
  STAGE II STEP 4  major=13  upper=-4.653253e+01  LP_primal= 0.000000e+00  LP_dual= 5.551115e-17  active_cuts=18  certified
  certificate  stage=STEP 4  complete  reason=step4_complete  wall=3.303880e-04s  cpu=3.300000e-04s  provider=0  solves=1  iterations=1

STEP 5
  certificate  stage=STEP 5 LOCAL  major=13  attempt=44  accepted  reason=success  P rel.= 4.970348e-14  objective=-4.368744e+01  upper=-4.653253e+01  gap=-2.845092e+00  wall=0.000000e+00s  cpu=0.000000e+00s  provider=0  solves=0  iterations=0
  certificate  stage=STEP 5 LOCAL  major=13  attempt=45  accepted  reason=success  P rel.= 7.153854e-14  objective=-4.368744e+01  upper=-4.653253e+01  gap=-2.845092e+00  wall=0.000000e+00s  cpu=0.000000e+00s  provider=0  solves=0  iterations=0
  certificate  stage=STEP 5 LOCAL  major=13  attempt=47  accepted  reason=success  P rel.=-1.093366e-09  objective=-4.653253e+01  upper=-4.653253e+01  gap= 1.528573e-07  wall=0.000000e+00s  cpu=0.000000e+00s  provider=0  solves=0  iterations=0
  certificate  stage=STEP 5  complete  reason=step5_complete  wall=8.049916e-02s  cpu=8.049000e-02s  provider=78  solves=4  iterations=67

STEP 6
  certificate  stage=STEP 6  complete  reason=candidate_set  wall=8.030000e-06s  cpu=8.000000e-06s  provider=0  solves=0  iterations=0

STEP 8
  certificate  stage=STEP 8  complete  reason=unchanged_problem_67  wall=1.550000e-06s  cpu=1.000000e-06s  provider=0  solves=0  iterations=0

STEP 7
  certificate  stage=STEP 7  complete  reason=continue_stage_ii  wall=9.100000e-07s  cpu=1.000000e-06s  provider=0  solves=0  iterations=0

STEP 4
  STAGE II STEP 4  major=14  upper=-4.653253e+01  LP_primal= 7.105427e-15  LP_dual= 2.775558e-17  active_cuts=19  certified
  certificate  stage=STEP 4  complete  reason=step4_complete  wall=2.985880e-04s  cpu=2.990000e-04s  provider=0  solves=1  iterations=1

STEP 5
  certificate  stage=STEP 5 LOCAL  major=14  attempt=48  accepted  reason=success  P rel.= 4.270764e-13  objective=-4.368744e+01  upper=-4.653253e+01  gap=-2.845092e+00  wall=0.000000e+00s  cpu=0.000000e+00s  provider=0  solves=0  iterations=0
  certificate  stage=STEP 5 LOCAL  major=14  attempt=49  accepted  reason=success  P rel.= 3.921691e-14  objective=-4.368744e+01  upper=-4.653253e+01  gap=-2.845092e+00  wall=0.000000e+00s  cpu=0.000000e+00s  provider=0  solves=0  iterations=0
  certificate  stage=STEP 5 LOCAL  major=14  attempt=50  accepted  reason=success  P rel.= 6.105196e-14  objective=-4.368744e+01  upper=-4.653253e+01  gap=-2.845092e+00  wall=0.000000e+00s  cpu=0.000000e+00s  provider=0  solves=0  iterations=0
  certificate  stage=STEP 5 LOCAL  major=14  attempt=51  accepted  reason=success  P rel.= 5.631146e-14  objective=-4.368744e+01  upper=-4.653253e+01  gap=-2.845092e+00  wall=0.000000e+00s  cpu=0.000000e+00s  provider=0  solves=0  iterations=0
  certificate  stage=STEP 5 LOCAL  major=14  attempt=52  accepted  reason=success  P rel.= 3.921691e-14  objective=-4.368744e+01  upper=-4.653253e+01  gap=-2.845092e+00  wall=0.000000e+00s  cpu=0.000000e+00s  provider=0  solves=0  iterations=0
  certificate  stage=STEP 5 LOCAL  major=14  attempt=53  accepted  reason=success  P rel.= 3.648753e-14  objective=-4.368744e+01  upper=-4.653253e+01  gap=-2.845092e+00  wall=0.000000e+00s  cpu=0.000000e+00s  provider=0  solves=0  iterations=0
  certificate  stage=STEP 5 LOCAL  major=14  attempt=54  accepted  reason=success  P rel.= 3.921691e-14  objective=-4.368744e+01  upper=-4.653253e+01  gap=-2.845092e+00  wall=0.000000e+00s  cpu=0.000000e+00s  provider=0  solves=0  iterations=0
  certificate  stage=STEP 5 LOCAL  major=14  attempt=55  accepted  reason=success  P rel.= 5.744631e-13  objective=-4.368744e+01  upper=-4.653253e+01  gap=-2.845092e+00  wall=0.000000e+00s  cpu=0.000000e+00s  provider=0  solves=0  iterations=0
  certificate  stage=STEP 5 LOCAL  major=14  attempt=56  accepted  reason=success  P rel.= 3.449077e-13  objective=-4.368744e+01  upper=-4.653253e+01  gap=-2.845092e+00  wall=0.000000e+00s  cpu=0.000000e+00s  provider=0  solves=0  iterations=0
  certificate  stage=STEP 5 LOCAL  major=14  attempt=57  accepted  reason=success  P rel.= 4.266455e-14  objective=-4.368744e+01  upper=-4.653253e+01  gap=-2.845092e+00  wall=0.000000e+00s  cpu=0.000000e+00s  provider=0  solves=0  iterations=0
  certificate  stage=STEP 5 LOCAL  major=14  attempt=59  accepted  reason=success  P rel.= 6.415484e-13  objective=-4.368744e+01  upper=-4.653253e+01  gap=-2.845092e+00  wall=0.000000e+00s  cpu=0.000000e+00s  provider=0  solves=0  iterations=0
  certificate  stage=STEP 5 LOCAL  major=14  attempt=60  accepted  reason=success  P rel.= 5.860989e-14  objective=-4.368744e+01  upper=-4.653253e+01  gap=-2.845092e+00  wall=0.000000e+00s  cpu=0.000000e+00s  provider=0  solves=0  iterations=0
  certificate  stage=STEP 5 LOCAL  major=14  attempt=61  accepted  reason=success  P rel.= 6.335039e-14  objective=-4.368744e+01  upper=-4.653253e+01  gap=-2.845092e+00  wall=0.000000e+00s  cpu=0.000000e+00s  provider=0  solves=0  iterations=0
  certificate  stage=STEP 5 LOCAL  major=14  attempt=62  accepted  reason=success  P rel.=-1.111171e-09  objective=-4.653253e+01  upper=-4.653253e+01  gap= 3.822199e-08  wall=0.000000e+00s  cpu=0.000000e+00s  provider=0  solves=0  iterations=0
  certificate  stage=STEP 5  complete  reason=step5_complete  wall=4.182725e-01s  cpu=4.182010e-01s  provider=363  solves=15  iterations=331

STEP 6
  certificate  stage=STEP 6  complete  reason=candidate_set  wall=9.960000e-06s  cpu=1.000000e-05s  provider=0  solves=0  iterations=0

STEP 8
  certificate  stage=STEP 8  complete  reason=unchanged_problem_67  wall=2.410000e-06s  cpu=2.000000e-06s  provider=0  solves=0  iterations=0

STEP 7
  certificate  stage=STEP 7  complete  reason=continue_stage_ii  wall=9.900000e-07s  cpu=1.000000e-06s  provider=0  solves=0  iterations=0

STEP 4
  STAGE II STEP 4  major=15  upper=-4.653253e+01  LP_primal= 7.105427e-15  LP_dual= 5.551115e-17  active_cuts=20  certified
  certificate  stage=STEP 4  complete  reason=step4_complete  wall=3.613970e-04s  cpu=3.620000e-04s  provider=0  solves=1  iterations=1

STEP 5
  certificate  stage=STEP 5 LOCAL  major=15  attempt=63  accepted  reason=success  P rel.=-1.116424e-09  objective=-4.653253e+01  upper=-4.653253e+01  gap= 9.556473e-09  wall=0.000000e+00s  cpu=0.000000e+00s  provider=0  solves=0  iterations=0
  certificate  stage=STEP 5  complete  reason=step5_complete  wall=3.000806e-02s  cpu=3.000900e-02s  provider=27  solves=1  iterations=21

STEP 6
  certificate  stage=STEP 6  complete  reason=candidate_set  wall=7.350000e-06s  cpu=8.000000e-06s  provider=0  solves=0  iterations=0

STEP 8
  certificate  stage=STEP 8  complete  reason=unchanged_problem_67  wall=1.580000e-06s  cpu=1.000000e-06s  provider=0  solves=0  iterations=0

STEP 7
  certificate  stage=STEP 7  complete  reason=continue_stage_ii  wall=1.000000e-06s  cpu=1.000000e-06s  provider=0  solves=0  iterations=0

STEP 4
  STAGE II STEP 4  major=16  upper=-4.653253e+01  LP_primal= 0.000000e+00  LP_dual= 2.775558e-17  active_cuts=21  certified
  certificate  stage=STEP 4  complete  reason=step4_complete  wall=3.001580e-04s  cpu=3.000000e-04s  provider=0  solves=1  iterations=1

STEP 5
  certificate  stage=STEP 5 LOCAL  major=16  attempt=64  accepted  reason=success  P rel.=-1.901505e-09  objective=-4.653253e+01  upper=-4.653253e+01  gap= 2.388994e-09  wall=0.000000e+00s  cpu=0.000000e+00s  provider=0  solves=0  iterations=0
  certificate  stage=STEP 5  complete  reason=step5_complete  wall=2.520804e-02s  cpu=2.520000e-02s  provider=21  solves=1  iterations=20

STEP 6
  certificate  stage=STEP 6  complete  reason=candidate_set  wall=6.580000e-06s  cpu=6.000000e-06s  provider=0  solves=0  iterations=0

STEP 8
  certificate  stage=STEP 8  complete  reason=unchanged_problem_67  wall=1.540000e-06s  cpu=2.000000e-06s  provider=0  solves=0  iterations=0

STEP 7
  certificate  stage=STEP 7  complete  reason=continue_stage_ii  wall=9.000000e-07s  cpu=1.000000e-06s  provider=0  solves=0  iterations=0

STEP 4
  STAGE II STEP 4  major=17  upper=-4.653253e+01  LP_primal= 7.105427e-15  LP_dual= 6.938894e-18  active_cuts=22  certified
  certificate  stage=STEP 4  complete  reason=step4_complete  wall=2.974790e-04s  cpu=2.980000e-04s  provider=0  solves=1  iterations=1

STEP 5
  certificate  stage=STEP 5 LOCAL  major=17  attempt=65  accepted  reason=success  P rel.= 5.142730e-14  objective=-4.368744e+01  upper=-4.653253e+01  gap=-2.845092e+00  wall=0.000000e+00s  cpu=0.000000e+00s  provider=0  solves=0  iterations=0
  certificate  stage=STEP 5 LOCAL  major=17  attempt=66  accepted  reason=success  P rel.= 4.654314e-14  objective=-4.368744e+01  upper=-4.653253e+01  gap=-2.845092e+00  wall=0.000000e+00s  cpu=0.000000e+00s  provider=0  solves=0  iterations=0
  certificate  stage=STEP 5 LOCAL  major=17  attempt=67  accepted  reason=success  P rel.= 5.142730e-14  objective=-4.368744e+01  upper=-4.653253e+01  gap=-2.845092e+00  wall=0.000000e+00s  cpu=0.000000e+00s  provider=0  solves=0  iterations=0
  certificate  stage=STEP 5 LOCAL  major=17  attempt=68  accepted  reason=success  P rel.= 6.406865e-14  objective=-4.368744e+01  upper=-4.653253e+01  gap=-2.845092e+00  wall=0.000000e+00s  cpu=0.000000e+00s  provider=0  solves=0  iterations=0
  certificate  stage=STEP 5 LOCAL  major=17  attempt=69  accepted  reason=success  P rel.= 4.654314e-14  objective=-4.368744e+01  upper=-4.653253e+01  gap=-2.845092e+00  wall=0.000000e+00s  cpu=0.000000e+00s  provider=0  solves=0  iterations=0
  certificate  stage=STEP 5 LOCAL  major=17  attempt=70  accepted  reason=success  P rel.=-1.112774e-09  objective=-4.653253e+01  upper=-4.653253e+01  gap= 5.972751e-10  wall=0.000000e+00s  cpu=0.000000e+00s  provider=0  solves=0  iterations=0
  certificate  stage=STEP 5  complete  reason=step5_complete  wall=1.767170e-01s  cpu=1.767110e-01s  provider=150  solves=6  iterations=144

STEP 6
  certificate  stage=STEP 6  complete  reason=candidate_set  wall=9.540000e-06s  cpu=9.000000e-06s  provider=0  solves=0  iterations=0

STEP 8
  certificate  stage=STEP 8  complete  reason=unchanged_problem_67  wall=1.920000e-06s  cpu=2.000000e-06s  provider=0  solves=0  iterations=0

STEP 7
  certificate  stage=STEP 7  complete  reason=continue_stage_ii  wall=9.800000e-07s  cpu=1.000000e-06s  provider=0  solves=0  iterations=0

STEP 4
  STAGE II STEP 4  major=18  upper=-4.653253e+01  LP_primal= 0.000000e+00  LP_dual= 8.326673e-17  active_cuts=23  certified
  certificate  stage=STEP 4  complete  reason=step4_complete  wall=3.763780e-04s  cpu=3.770000e-04s  provider=0  solves=1  iterations=1

STEP 5
  certificate  stage=STEP 5 LOCAL  major=18  attempt=71  accepted  reason=success  P rel.= 6.564882e-14  objective=-4.368744e+01  upper=-4.653253e+01  gap=-2.845092e+00  wall=0.000000e+00s  cpu=0.000000e+00s  provider=0  solves=0  iterations=0
  certificate  stage=STEP 5 LOCAL  major=18  attempt=72  accepted  reason=success  P rel.= 6.148292e-14  objective=-4.368744e+01  upper=-4.653253e+01  gap=-2.845092e+00  wall=0.000000e+00s  cpu=0.000000e+00s  provider=0  solves=0  iterations=0
  certificate  stage=STEP 5 LOCAL  major=18  attempt=73  accepted  reason=success  P rel.= 2.393237e-13  objective=-4.368744e+01  upper=-4.653253e+01  gap=-2.845092e+00  wall=0.000000e+00s  cpu=0.000000e+00s  provider=0  solves=0  iterations=0
  certificate  stage=STEP 5 LOCAL  major=18  attempt=74  accepted  reason=success  P rel.= 2.294117e-13  objective=-4.368744e+01  upper=-4.653253e+01  gap=-2.845092e+00  wall=0.000000e+00s  cpu=0.000000e+00s  provider=0  solves=0  iterations=0
  certificate  stage=STEP 5 LOCAL  major=18  attempt=75  accepted  reason=success  P rel.= 6.162657e-14  objective=-4.368744e+01  upper=-4.653253e+01  gap=-2.845092e+00  wall=0.000000e+00s  cpu=0.000000e+00s  provider=0  solves=0  iterations=0
  certificate  stage=STEP 5 LOCAL  major=18  attempt=76  accepted  reason=success  P rel.= 6.727208e-13  objective=-4.368744e+01  upper=-4.653253e+01  gap=-2.845092e+00  wall=0.000000e+00s  cpu=0.000000e+00s  provider=0  solves=0  iterations=0
  certificate  stage=STEP 5 LOCAL  major=18  attempt=77  accepted  reason=success  P rel.= 2.019743e-13  objective=-4.368744e+01  upper=-4.653253e+01  gap=-2.845092e+00  wall=0.000000e+00s  cpu=0.000000e+00s  provider=0  solves=0  iterations=0
  certificate  stage=STEP 5 LOCAL  major=18  attempt=78  accepted  reason=success  P rel.= 5.889719e-14  objective=-4.368744e+01  upper=-4.653253e+01  gap=-2.845092e+00  wall=0.000000e+00s  cpu=0.000000e+00s  provider=0  solves=0  iterations=0
  certificate  stage=STEP 5 LOCAL  major=18  attempt=79  accepted  reason=success  P rel.= 4.654314e-14  objective=-4.368744e+01  upper=-4.653253e+01  gap=-2.845092e+00  wall=0.000000e+00s  cpu=0.000000e+00s  provider=0  solves=0  iterations=0
  certificate  stage=STEP 5 LOCAL  major=18  attempt=80  accepted  reason=success  P rel.= 6.191387e-14  objective=-4.368744e+01  upper=-4.653253e+01  gap=-2.845092e+00  wall=0.000000e+00s  cpu=0.000000e+00s  provider=0  solves=0  iterations=0
  certificate  stage=STEP 5 LOCAL  major=18  attempt=81  accepted  reason=success  P rel.= 1.511216e-13  objective=-4.368744e+01  upper=-4.653253e+01  gap=-2.845092e+00  wall=0.000000e+00s  cpu=0.000000e+00s  provider=0  solves=0  iterations=0
  certificate  stage=STEP 5 LOCAL  major=18  attempt=82  accepted  reason=success  P rel.= 6.191387e-14  objective=-4.368744e+01  upper=-4.653253e+01  gap=-2.845092e+00  wall=0.000000e+00s  cpu=0.000000e+00s  provider=0  solves=0  iterations=0
  certificate  stage=STEP 5 LOCAL  major=18  attempt=83  accepted  reason=success  P rel.= 5.114000e-14  objective=-4.368744e+01  upper=-4.653253e+01  gap=-2.845092e+00  wall=0.000000e+00s  cpu=0.000000e+00s  provider=0  solves=0  iterations=0
  certificate  stage=STEP 5 LOCAL  major=18  attempt=84  accepted  reason=success  P rel.= 6.335039e-14  objective=-4.368744e+01  upper=-4.653253e+01  gap=-2.845092e+00  wall=0.000000e+00s  cpu=0.000000e+00s  provider=0  solves=0  iterations=0
  certificate  stage=STEP 5 LOCAL  major=18  attempt=85  accepted  reason=success  P rel.= 6.694168e-14  objective=-4.368744e+01  upper=-4.653253e+01  gap=-2.845092e+00  wall=0.000000e+00s  cpu=0.000000e+00s  provider=0  solves=0  iterations=0
  certificate  stage=STEP 5 LOCAL  major=18  attempt=87  accepted  reason=success  P rel.= 6.694168e-14  objective=-4.368744e+01  upper=-4.653253e+01  gap=-2.845092e+00  wall=0.000000e+00s  cpu=0.000000e+00s  provider=0  solves=0  iterations=0
  certificate  stage=STEP 5 LOCAL  major=18  attempt=88  accepted  reason=success  P rel.= 5.171460e-14  objective=-4.368744e+01  upper=-4.653253e+01  gap=-2.845092e+00  wall=0.000000e+00s  cpu=0.000000e+00s  provider=0  solves=0  iterations=0
  certificate  stage=STEP 5 LOCAL  major=18  attempt=89  accepted  reason=success  P rel.=-1.116958e-09  objective=-4.653253e+01  upper=-4.653253e+01  gap= 1.493206e-10  wall=0.000000e+00s  cpu=0.000000e+00s  provider=0  solves=0  iterations=0
  certificate  stage=STEP 5  complete  reason=step5_complete  wall=4.940846e-01s  cpu=4.931390e-01s  provider=452  solves=19  iterations=419

STEP 6
  certificate  stage=STEP 6  complete  reason=candidate_set  wall=9.300000e-06s  cpu=9.000000e-06s  provider=0  solves=0  iterations=0

STEP 8
  certificate  stage=STEP 8  complete  reason=unchanged_problem_67  wall=2.190000e-06s  cpu=3.000000e-06s  provider=0  solves=0  iterations=0

STEP 7
  certificate  stage=STEP 7  complete  reason=continue_stage_ii  wall=9.000000e-07s  cpu=1.000000e-06s  provider=0  solves=0  iterations=0

STEP 4
  STAGE II STEP 4  major=19  upper=-4.653253e+01  LP_primal= 0.000000e+00  LP_dual= 5.551115e-17  active_cuts=24  certified
  certificate  stage=STEP 4  complete  reason=step4_complete  wall=3.789880e-04s  cpu=3.800000e-04s  provider=0  solves=1  iterations=1

STEP 5
  certificate  stage=STEP 5 LOCAL  major=19  attempt=90  accepted  reason=success  P rel.= 5.358208e-14  objective=-4.368744e+01  upper=-4.653253e+01  gap=-2.845092e+00  wall=0.000000e+00s  cpu=0.000000e+00s  provider=0  solves=0  iterations=0
  certificate  stage=STEP 5 LOCAL  major=19  attempt=91  accepted  reason=success  P rel.= 6.406865e-14  objective=-4.368744e+01  upper=-4.653253e+01  gap=-2.845092e+00  wall=0.000000e+00s  cpu=0.000000e+00s  provider=0  solves=0  iterations=0
  certificate  stage=STEP 5 LOCAL  major=19  attempt=92  accepted  reason=success  P rel.= 4.553758e-14  objective=-4.368744e+01  upper=-4.653253e+01  gap=-2.845092e+00  wall=0.000000e+00s  cpu=0.000000e+00s  provider=0  solves=0  iterations=0
  certificate  stage=STEP 5 LOCAL  major=19  attempt=93  accepted  reason=success  P rel.= 6.668311e-13  objective=-4.368744e+01  upper=-4.653253e+01  gap=-2.845092e+00  wall=0.000000e+00s  cpu=0.000000e+00s  provider=0  solves=0  iterations=0
  certificate  stage=STEP 5 LOCAL  major=19  attempt=94  accepted  reason=success  P rel.= 5.544955e-14  objective=-4.368744e+01  upper=-4.653253e+01  gap=-2.845092e+00  wall=0.000000e+00s  cpu=0.000000e+00s  provider=0  solves=0  iterations=0
  certificate  stage=STEP 5 LOCAL  major=19  attempt=95  accepted  reason=success  P rel.=-1.109791e-09  objective=-4.653253e+01  upper=-4.653253e+01  gap= 3.732481e-11  wall=0.000000e+00s  cpu=0.000000e+00s  provider=0  solves=0  iterations=0
  certificate  stage=STEP 5  complete  reason=step5_complete  wall=1.627119e-01s  cpu=1.621730e-01s  provider=152  solves=6  iterations=140

STEP 6
  certificate  stage=STEP 6  complete  reason=candidate_set  wall=1.062000e-05s  cpu=1.100000e-05s  provider=0  solves=0  iterations=0

STEP 8
  certificate  stage=STEP 8  complete  reason=unchanged_problem_67  wall=2.020000e-06s  cpu=2.000000e-06s  provider=0  solves=0  iterations=0

STEP 7
  certificate  stage=STEP 7  complete  reason=continue_stage_ii  wall=1.300000e-06s  cpu=1.000000e-06s  provider=0  solves=0  iterations=0

STEP 4
  STAGE II STEP 4  major=20  upper=-4.653253e+01  LP_primal= 3.732481e-11  LP_dual= 5.551115e-17  active_cuts=25  certified
  certificate  stage=STEP 4  complete  reason=step4_complete  wall=4.946070e-04s  cpu=4.700000e-04s  provider=0  solves=1  iterations=1

STEP 5
  certificate  stage=STEP 5 LOCAL  major=20  attempt=96  accepted  reason=success  P rel.=-3.032943e-09  objective=-4.653253e+01  upper=-4.653253e+01  gap= 3.732481e-11  wall=0.000000e+00s  cpu=0.000000e+00s  provider=0  solves=0  iterations=0
  certificate  stage=STEP 5  complete  reason=step5_complete  wall=2.309136e-02s  cpu=2.301800e-02s  provider=19  solves=1  iterations=18

STEP 6
  certificate  stage=STEP 6  complete  reason=candidate_set  wall=8.730000e-06s  cpu=8.000000e-06s  provider=0  solves=0  iterations=0

STEP 8
  certificate  stage=STEP 8  complete  reason=unchanged_problem_67  wall=1.440000e-06s  cpu=1.000000e-06s  provider=0  solves=0  iterations=0

STEP 7
  certificate  stage=STEP 7  complete  reason=continue_stage_ii  wall=9.800000e-07s  cpu=1.000000e-06s  provider=0  solves=0  iterations=0

STEP 4
  STAGE II STEP 4  major=21  upper=-4.653253e+01  LP_primal= 7.464962e-11  LP_dual= 1.665335e-16  active_cuts=26  certified
  certificate  stage=STEP 4  complete  reason=step4_complete  wall=3.777070e-04s  cpu=3.780000e-04s  provider=0  solves=1  iterations=1

STEP 5
  certificate  stage=STEP 5 LOCAL  major=21  attempt=97  accepted  reason=success  P rel.=-1.120163e-09  objective=-4.653253e+01  upper=-4.653253e+01  gap= 8.398615e-11  wall=0.000000e+00s  cpu=0.000000e+00s  provider=0  solves=0  iterations=0
  certificate  stage=STEP 5  complete  reason=step5_complete  wall=2.032301e-02s  cpu=2.025000e-02s  provider=17  solves=1  iterations=16

STEP 6
  certificate  stage=STEP 6  complete  reason=candidate_set  wall=9.500000e-06s  cpu=9.000000e-06s  provider=0  solves=0  iterations=0

STEP 8
  certificate  stage=STEP 8  complete  reason=unchanged_problem_67  wall=1.430000e-06s  cpu=2.000000e-06s  provider=0  solves=0  iterations=0

STEP 7
  certificate  stage=STEP 7  complete  reason=continue_stage_ii  wall=9.100000e-07s  cpu=1.000000e-06s  provider=0  solves=0  iterations=0

STEP 4
  STAGE II STEP 4  major=22  upper=-4.653253e+01  LP_primal= 8.398615e-11  LP_dual= 1.665335e-16  active_cuts=27  certified
  certificate  stage=STEP 4  complete  reason=step4_complete  wall=3.454480e-04s  cpu=3.460000e-04s  provider=0  solves=1  iterations=1

STEP 5
  certificate  stage=STEP 5 LOCAL  major=22  attempt=98  accepted  reason=success  P rel.= 4.338281e-14  objective=-4.368744e+01  upper=-4.653253e+01  gap=-2.845092e+00  wall=0.000000e+00s  cpu=0.000000e+00s  provider=0  solves=0  iterations=0
  certificate  stage=STEP 5 LOCAL  major=22  attempt=99  accepted  reason=success  P rel.= 4.323916e-14  objective=-4.368744e+01  upper=-4.653253e+01  gap=-2.845092e+00  wall=0.000000e+00s  cpu=0.000000e+00s  provider=0  solves=0  iterations=0
  certificate  stage=STEP 5 LOCAL  major=22  attempt=100  accepted  reason=success  P rel.= 6.047736e-14  objective=-4.368744e+01  upper=-4.653253e+01  gap=-2.845092e+00  wall=0.000000e+00s  cpu=0.000000e+00s  provider=0  solves=0  iterations=0
  certificate  stage=STEP 5 LOCAL  major=22  attempt=102  accepted  reason=success  P rel.= 4.754871e-14  objective=-4.368744e+01  upper=-4.653253e+01  gap=-2.845092e+00  wall=0.000000e+00s  cpu=0.000000e+00s  provider=0  solves=0  iterations=0
  certificate  stage=STEP 5 LOCAL  major=22  attempt=103  accepted  reason=success  P rel.= 6.291944e-14  objective=-4.368744e+01  upper=-4.653253e+01  gap=-2.845092e+00  wall=0.000000e+00s  cpu=0.000000e+00s  provider=0  solves=0  iterations=0
  certificate  stage=STEP 5 LOCAL  major=22  attempt=104  accepted  reason=success  P rel.=-1.118249e-09  objective=-4.653253e+01  upper=-4.653253e+01  gap= 8.399326e-11  wall=0.000000e+00s  cpu=0.000000e+00s  provider=0  solves=0  iterations=0
  certificate  stage=STEP 5  complete  reason=step5_complete  wall=1.958589e-01s  cpu=1.950450e-01s  provider=157  solves=7  iterations=147

STEP 6
  certificate  stage=STEP 6  complete  reason=candidate_set  wall=1.208000e-05s  cpu=1.200000e-05s  provider=0  solves=0  iterations=0

STEP 8
  certificate  stage=STEP 8  complete  reason=unchanged_problem_67  wall=1.970000e-06s  cpu=2.000000e-06s  provider=0  solves=0  iterations=0

STEP 7
  certificate  stage=STEP 7  complete  reason=continue_stage_ii  wall=9.900000e-07s  cpu=1.000000e-06s  provider=0  solves=0  iterations=0

STEP 4
  STAGE II STEP 4  major=23  upper=-4.653253e+01  LP_primal= 8.399326e-11  LP_dual= 1.665335e-16  active_cuts=28  certified
  certificate  stage=STEP 4  complete  reason=step4_complete  wall=4.283480e-04s  cpu=4.280000e-04s  provider=0  solves=1  iterations=1

STEP 5
  certificate  stage=STEP 5 LOCAL  major=23  attempt=105  accepted  reason=success  P rel.= 4.050977e-14  objective=-4.368744e+01  upper=-4.653253e+01  gap=-2.845092e+00  wall=0.000000e+00s  cpu=0.000000e+00s  provider=0  solves=0  iterations=0
  certificate  stage=STEP 5 LOCAL  major=23  attempt=106  accepted  reason=success  P rel.= 5.559320e-14  objective=-4.368744e+01  upper=-4.653253e+01  gap=-2.845092e+00  wall=0.000000e+00s  cpu=0.000000e+00s  provider=0  solves=0  iterations=0
  certificate  stage=STEP 5 LOCAL  major=23  attempt=107  accepted  reason=success  P rel.= 4.333971e-13  objective=-4.368744e+01  upper=-4.653253e+01  gap=-2.845092e+00  wall=0.000000e+00s  cpu=0.000000e+00s  provider=0  solves=0  iterations=0
  certificate  stage=STEP 5 LOCAL  major=23  attempt=108  accepted  reason=success  P rel.= 4.155843e-13  objective=-4.368744e+01  upper=-4.653253e+01  gap=-2.845092e+00  wall=0.000000e+00s  cpu=0.000000e+00s  provider=0  solves=0  iterations=0
  certificate  stage=STEP 5 LOCAL  major=23  attempt=109  accepted  reason=success  P rel.=-1.095770e-09  objective=-4.653253e+01  upper=-4.653253e+01  gap= 8.397905e-11  wall=0.000000e+00s  cpu=0.000000e+00s  provider=0  solves=0  iterations=0
  certificate  stage=STEP 5  complete  reason=step5_complete  wall=1.525021e-01s  cpu=1.515570e-01s  provider=128  solves=5  iterations=115

STEP 6
  certificate  stage=STEP 6  complete  reason=candidate_set  wall=1.354000e-05s  cpu=1.300000e-05s  provider=0  solves=0  iterations=0

STEP 8
  certificate  stage=STEP 8  complete  reason=unchanged_problem_67  wall=3.040000e-06s  cpu=3.000000e-06s  provider=0  solves=0  iterations=0

STEP 7
  certificate  stage=STEP 7  complete  reason=continue_stage_ii  wall=1.370000e-06s  cpu=2.000000e-06s  provider=0  solves=0  iterations=0

STEP 4
  STAGE II STEP 4  major=24  upper=-4.653253e+01  LP_primal= 8.399326e-11  LP_dual= 1.665335e-16  active_cuts=29  certified
  certificate  stage=STEP 4  complete  reason=step4_complete  wall=4.412670e-04s  cpu=4.410000e-04s  provider=0  solves=1  iterations=1

STEP 5
  certificate  stage=STEP 5 LOCAL  major=24  attempt=110  accepted  reason=success  P rel.= 4.323916e-14  objective=-4.368744e+01  upper=-4.653253e+01  gap=-2.845092e+00  wall=0.000000e+00s  cpu=0.000000e+00s  provider=0  solves=0  iterations=0
  certificate  stage=STEP 5 LOCAL  major=24  attempt=111  accepted  reason=success  P rel.= 4.137168e-14  objective=-4.368744e+01  upper=-4.653253e+01  gap=-2.845092e+00  wall=0.000000e+00s  cpu=0.000000e+00s  provider=0  solves=0  iterations=0
  certificate  stage=STEP 5 LOCAL  major=24  attempt=112  accepted  reason=success  P rel.= 4.323916e-14  objective=-4.368744e+01  upper=-4.653253e+01  gap=-2.845092e+00  wall=0.000000e+00s  cpu=0.000000e+00s  provider=0  solves=0  iterations=0
  certificate  stage=STEP 5 LOCAL  major=24  attempt=113  accepted  reason=success  P rel.= 4.639949e-14  objective=-4.368744e+01  upper=-4.653253e+01  gap=-2.845092e+00  wall=0.000000e+00s  cpu=0.000000e+00s  provider=0  solves=0  iterations=0
  certificate  stage=STEP 5 LOCAL  major=24  attempt=114  accepted  reason=success  P rel.= 4.639949e-14  objective=-4.368744e+01  upper=-4.653253e+01  gap=-2.845092e+00  wall=0.000000e+00s  cpu=0.000000e+00s  provider=0  solves=0  iterations=0
  certificate  stage=STEP 5 LOCAL  major=24  attempt=115  accepted  reason=success  P rel.= 4.323916e-14  objective=-4.368744e+01  upper=-4.653253e+01  gap=-2.845092e+00  wall=0.000000e+00s  cpu=0.000000e+00s  provider=0  solves=0  iterations=0
  certificate  stage=STEP 5 LOCAL  major=24  attempt=116  accepted  reason=success  P rel.=-1.100800e-09  objective=-4.653253e+01  upper=-4.653253e+01  gap= 8.398615e-11  wall=0.000000e+00s  cpu=0.000000e+00s  provider=0  solves=0  iterations=0
  certificate  stage=STEP 5  complete  reason=step5_complete  wall=1.852173e-01s  cpu=1.850850e-01s  provider=173  solves=7  iterations=154

STEP 6
  certificate  stage=STEP 6  complete  reason=candidate_set  wall=1.475000e-05s  cpu=1.500000e-05s  provider=0  solves=0  iterations=0

STEP 8
  certificate  stage=STEP 8  complete  reason=unchanged_problem_67  wall=2.990000e-06s  cpu=3.000000e-06s  provider=0  solves=0  iterations=0

STEP 7
  certificate  stage=STEP 7  complete  reason=continue_stage_ii  wall=1.400000e-06s  cpu=1.000000e-06s  provider=0  solves=0  iterations=0

STEP 4
  STAGE II STEP 4  major=25  upper=-4.653253e+01  LP_primal= 8.432721e-11  LP_dual= 2.775558e-17  active_cuts=30  certified
  certificate  stage=STEP 4  complete  reason=step4_complete  wall=4.073870e-04s  cpu=4.080000e-04s  provider=0  solves=1  iterations=1

STEP 5
  certificate  stage=STEP 5 LOCAL  major=25  attempt=117  accepted  reason=success  P rel.= 6.607977e-14  objective=-4.368744e+01  upper=-4.653253e+01  gap=-2.845092e+00  wall=0.000000e+00s  cpu=0.000000e+00s  provider=0  solves=0  iterations=0
  certificate  stage=STEP 5 LOCAL  major=25  attempt=118  accepted  reason=success  P rel.= 4.108438e-13  objective=-4.368744e+01  upper=-4.653253e+01  gap=-2.845092e+00  wall=0.000000e+00s  cpu=0.000000e+00s  provider=0  solves=0  iterations=0
  certificate  stage=STEP 5 LOCAL  major=25  attempt=119  accepted  reason=success  P rel.= 5.315112e-14  objective=-4.368744e+01  upper=-4.653253e+01  gap=-2.845092e+00  wall=0.000000e+00s  cpu=0.000000e+00s  provider=0  solves=0  iterations=0
  certificate  stage=STEP 5 LOCAL  major=25  attempt=120  accepted  reason=success  P rel.= 6.411174e-13  objective=-4.368744e+01  upper=-4.653253e+01  gap=-2.845092e+00  wall=0.000000e+00s  cpu=0.000000e+00s  provider=0  solves=0  iterations=0
  certificate  stage=STEP 5 LOCAL  major=25  attempt=121  accepted  reason=success  P rel.= 6.019005e-14  objective=-4.368744e+01  upper=-4.653253e+01  gap=-2.845092e+00  wall=0.000000e+00s  cpu=0.000000e+00s  provider=0  solves=0  iterations=0
  certificate  stage=STEP 5 LOCAL  major=25  attempt=122  accepted  reason=success  P rel.=-1.110325e-09  objective=-4.653253e+01  upper=-4.653253e+01  gap= 8.432721e-11  wall=0.000000e+00s  cpu=0.000000e+00s  provider=0  solves=0  iterations=0
  certificate  stage=STEP 5  complete  reason=step5_complete  wall=1.586489e-01s  cpu=1.586510e-01s  provider=153  solves=6  iterations=143

STEP 6
  certificate  stage=STEP 6  complete  reason=candidate_set  wall=1.445000e-05s  cpu=1.400000e-05s  provider=0  solves=0  iterations=0

STEP 8
  certificate  stage=STEP 8  complete  reason=unchanged_problem_67  wall=2.570000e-06s  cpu=2.000000e-06s  provider=0  solves=0  iterations=0

STEP 7
  certificate  stage=STEP 7  complete  reason=continue_stage_ii  wall=1.340000e-06s  cpu=1.000000e-06s  provider=0  solves=0  iterations=0

STEP 4
  STAGE II STEP 4  major=26  upper=-4.653253e+01  LP_primal= 8.432721e-11  LP_dual= 2.775558e-17  active_cuts=31  certified
  certificate  stage=STEP 4  complete  reason=step4_complete  wall=4.073680e-04s  cpu=4.080000e-04s  provider=0  solves=1  iterations=1

STEP 5
  certificate  stage=STEP 5 LOCAL  major=26  attempt=123  accepted  reason=success  P rel.= 5.200191e-14  objective=-4.368744e+01  upper=-4.653253e+01  gap=-2.845092e+00  wall=0.000000e+00s  cpu=0.000000e+00s  provider=0  solves=0  iterations=0
  certificate  stage=STEP 5 LOCAL  major=26  attempt=124  accepted  reason=success  P rel.= 4.323916e-14  objective=-4.368744e+01  upper=-4.653253e+01  gap=-2.845092e+00  wall=0.000000e+00s  cpu=0.000000e+00s  provider=0  solves=0  iterations=0
  certificate  stage=STEP 5 LOCAL  major=26  attempt=125  accepted  reason=success  P rel.=-1.088736e-09  objective=-4.653253e+01  upper=-4.653253e+01  gap= 8.431300e-11  wall=0.000000e+00s  cpu=0.000000e+00s  provider=0  solves=0  iterations=0
  certificate  stage=STEP 5  complete  reason=step5_complete  wall=7.545607e-02s  cpu=7.540200e-02s  provider=70  solves=3  iterations=64

STEP 6
  certificate  stage=STEP 6  complete  reason=candidate_set  wall=1.475000e-05s  cpu=1.500000e-05s  provider=0  solves=0  iterations=0

STEP 8
  certificate  stage=STEP 8  complete  reason=unchanged_problem_67  wall=2.870000e-06s  cpu=3.000000e-06s  provider=0  solves=0  iterations=0

STEP 7
  certificate  stage=STEP 7  complete  reason=continue_stage_ii  wall=1.390000e-06s  cpu=1.000000e-06s  provider=0  solves=0  iterations=0

STEP 4
  STAGE II STEP 4  major=27  upper=-4.653253e+01  LP_primal= 8.399326e-11  LP_dual= 1.665335e-16  active_cuts=32  certified
  certificate  stage=STEP 4  complete  reason=step4_complete  wall=4.161980e-04s  cpu=4.170000e-04s  provider=0  solves=1  iterations=1

STEP 5
  certificate  stage=STEP 5 LOCAL  major=27  attempt=126  accepted  reason=success  P rel.= 6.062101e-14  objective=-4.368744e+01  upper=-4.653253e+01  gap=-2.845092e+00  wall=0.000000e+00s  cpu=0.000000e+00s  provider=0  solves=0  iterations=0
  certificate  stage=STEP 5 LOCAL  major=27  attempt=127  accepted  reason=success  P rel.= 4.323916e-14  objective=-4.368744e+01  upper=-4.653253e+01  gap=-2.845092e+00  wall=0.000000e+00s  cpu=0.000000e+00s  provider=0  solves=0  iterations=0
  certificate  stage=STEP 5 LOCAL  major=27  attempt=128  accepted  reason=success  P rel.= 5.315112e-14  objective=-4.368744e+01  upper=-4.653253e+01  gap=-2.845092e+00  wall=0.000000e+00s  cpu=0.000000e+00s  provider=0  solves=0  iterations=0
  certificate  stage=STEP 5 LOCAL  major=27  attempt=129  accepted  reason=success  P rel.=-1.101156e-09  objective=-4.653253e+01  upper=-4.653253e+01  gap= 8.397905e-11  wall=0.000000e+00s  cpu=0.000000e+00s  provider=0  solves=0  iterations=0
  certificate  stage=STEP 5  complete  reason=step5_complete  wall=1.014429e-01s  cpu=1.011240e-01s  provider=99  solves=4  iterations=90

STEP 6
  certificate  stage=STEP 6  complete  reason=candidate_set  wall=1.579000e-05s  cpu=1.500000e-05s  provider=0  solves=0  iterations=0

STEP 8
  certificate  stage=STEP 8  complete  reason=unchanged_problem_67  wall=2.620000e-06s  cpu=3.000000e-06s  provider=0  solves=0  iterations=0

STEP 7
  certificate  stage=STEP 7  complete  reason=continue_stage_ii  wall=1.330000e-06s  cpu=1.000000e-06s  provider=0  solves=0  iterations=0

STEP 4
  STAGE II STEP 4  major=28  upper=-4.653253e+01  LP_primal= 8.399326e-11  LP_dual= 1.665335e-16  active_cuts=33  certified
  certificate  stage=STEP 4  complete  reason=step4_complete  wall=4.211970e-04s  cpu=4.210000e-04s  provider=0  solves=1  iterations=1

STEP 5
  certificate  stage=STEP 5 LOCAL  major=28  attempt=130  accepted  reason=success  P rel.= 5.315112e-14  objective=-4.368744e+01  upper=-4.653253e+01  gap=-2.845092e+00  wall=0.000000e+00s  cpu=0.000000e+00s  provider=0  solves=0  iterations=0
  certificate  stage=STEP 5 LOCAL  major=28  attempt=131  accepted  reason=success  P rel.=-1.097862e-09  objective=-4.653253e+01  upper=-4.653253e+01  gap= 8.397905e-11  wall=0.000000e+00s  cpu=0.000000e+00s  provider=0  solves=0  iterations=0
  certificate  stage=STEP 5  complete  reason=step5_complete  wall=5.668466e-02s  cpu=5.645500e-02s  provider=49  solves=2  iterations=47

STEP 6
  certificate  stage=STEP 6  complete  reason=candidate_set  wall=1.121000e-05s  cpu=1.200000e-05s  provider=0  solves=0  iterations=0

STEP 8
  certificate  stage=STEP 8  complete  reason=unchanged_problem_67  wall=1.640000e-06s  cpu=2.000000e-06s  provider=0  solves=0  iterations=0

STEP 7
  certificate  stage=STEP 7  complete  reason=continue_stage_ii  wall=9.800000e-07s  cpu=1.000000e-06s  provider=0  solves=0  iterations=0

STEP 4
  STAGE II STEP 4  major=29  upper=-4.653253e+01  LP_primal= 8.399326e-11  LP_dual= 1.665335e-16  active_cuts=34  certified
  certificate  stage=STEP 4  complete  reason=step4_complete  wall=3.734980e-04s  cpu=3.740000e-04s  provider=0  solves=1  iterations=1

STEP 5
  certificate  stage=STEP 5 LOCAL  major=29  attempt=132  accepted  reason=success  P rel.= 4.639949e-14  objective=-4.368744e+01  upper=-4.653253e+01  gap=-2.845092e+00  wall=0.000000e+00s  cpu=0.000000e+00s  provider=0  solves=0  iterations=0
  certificate  stage=STEP 5 LOCAL  major=29  attempt=133  accepted  reason=success  P rel.=-1.119183e-09  objective=-4.653253e+01  upper=-4.653253e+01  gap= 8.398615e-11  wall=0.000000e+00s  cpu=0.000000e+00s  provider=0  solves=0  iterations=0
  certificate  stage=STEP 5  complete  reason=step5_complete  wall=5.479333e-02s  cpu=5.460300e-02s  provider=48  solves=2  iterations=43

STEP 6
  certificate  stage=STEP 6  complete  reason=candidate_set  wall=1.236000e-05s  cpu=1.200000e-05s  provider=0  solves=0  iterations=0

STEP 8
  certificate  stage=STEP 8  complete  reason=unchanged_problem_67  wall=2.730000e-06s  cpu=3.000000e-06s  provider=0  solves=0  iterations=0

STEP 7
  certificate  stage=STEP 7  complete  reason=continue_stage_ii  wall=1.400000e-06s  cpu=1.000000e-06s  provider=0  solves=0  iterations=0

STEP 4
  STAGE II STEP 4  major=30  upper=-4.653253e+01  LP_primal= 8.399326e-11  LP_dual= 1.665335e-16  active_cuts=35  certified
  certificate  stage=STEP 4  complete  reason=step4_complete  wall=4.014870e-04s  cpu=4.020000e-04s  provider=0  solves=1  iterations=1

STEP 5
  certificate  stage=STEP 5 LOCAL  major=30  attempt=134  accepted  reason=success  P rel.= 7.096393e-14  objective=-4.368744e+01  upper=-4.653253e+01  gap=-2.845092e+00  wall=0.000000e+00s  cpu=0.000000e+00s  provider=0  solves=0  iterations=0
  certificate  stage=STEP 5 LOCAL  major=30  attempt=135  accepted  reason=success  P rel.=-1.124881e-09  objective=-4.653253e+01  upper=-4.653253e+01  gap= 8.398615e-11  wall=0.000000e+00s  cpu=0.000000e+00s  provider=0  solves=0  iterations=0
  certificate  stage=STEP 5  complete  reason=step5_complete  wall=5.938111e-02s  cpu=5.909600e-02s  provider=51  solves=2  iterations=44

STEP 6
  certificate  stage=STEP 6  complete  reason=candidate_set  wall=1.357000e-05s  cpu=1.400000e-05s  provider=0  solves=0  iterations=0

STEP 8
  certificate  stage=STEP 8  complete  reason=unchanged_problem_67  wall=2.410000e-06s  cpu=3.000000e-06s  provider=0  solves=0  iterations=0

STEP 7
  certificate  stage=STEP 7  complete  reason=continue_stage_ii  wall=1.030000e-06s  cpu=1.000000e-06s  provider=0  solves=0  iterations=0

STEP 4
  STAGE II STEP 4  major=31  upper=-4.653253e+01  LP_primal= 8.399326e-11  LP_dual= 1.665335e-16  active_cuts=36  certified
  certificate  stage=STEP 4  complete  reason=step4_complete  wall=4.286580e-04s  cpu=4.290000e-04s  provider=0  solves=1  iterations=1

STEP 5
  certificate  stage=STEP 5 LOCAL  major=31  attempt=137  accepted  reason=success  P rel.= 6.291944e-14  objective=-4.368744e+01  upper=-4.653253e+01  gap=-2.845092e+00  wall=0.000000e+00s  cpu=0.000000e+00s  provider=0  solves=0  iterations=0
  certificate  stage=STEP 5 LOCAL  major=31  attempt=138  accepted  reason=success  P rel.= 6.251721e-13  objective=-4.368744e+01  upper=-4.653253e+01  gap=-2.845092e+00  wall=0.000000e+00s  cpu=0.000000e+00s  provider=0  solves=0  iterations=0
  certificate  stage=STEP 5 LOCAL  major=31  attempt=139  accepted  reason=success  P rel.= 4.323916e-14  objective=-4.368744e+01  upper=-4.653253e+01  gap=-2.845092e+00  wall=0.000000e+00s  cpu=0.000000e+00s  provider=0  solves=0  iterations=0
  certificate  stage=STEP 5 LOCAL  major=31  attempt=141  accepted  reason=success  P rel.= 4.898522e-14  objective=-4.368744e+01  upper=-4.653253e+01  gap=-2.845092e+00  wall=0.000000e+00s  cpu=0.000000e+00s  provider=0  solves=0  iterations=0
  certificate  stage=STEP 5 LOCAL  major=31  attempt=142  accepted  reason=success  P rel.= 6.291944e-14  objective=-4.368744e+01  upper=-4.653253e+01  gap=-2.845092e+00  wall=0.000000e+00s  cpu=0.000000e+00s  provider=0  solves=0  iterations=0
  certificate  stage=STEP 5 LOCAL  major=31  attempt=143  accepted  reason=success  P rel.= 4.137168e-14  objective=-4.368744e+01  upper=-4.653253e+01  gap=-2.845092e+00  wall=0.000000e+00s  cpu=0.000000e+00s  provider=0  solves=0  iterations=0
  certificate  stage=STEP 5 LOCAL  major=31  attempt=144  accepted  reason=success  P rel.=-1.119317e-09  objective=-4.653253e+01  upper=-4.653253e+01  gap= 8.399326e-11  wall=0.000000e+00s  cpu=0.000000e+00s  provider=0  solves=0  iterations=0
  certificate  stage=STEP 5  complete  reason=step5_complete  wall=2.005751e-01s  cpu=1.998470e-01s  provider=177  solves=9  iterations=160

STEP 6
  certificate  stage=STEP 6  complete  reason=candidate_set  wall=1.260000e-05s  cpu=1.300000e-05s  provider=0  solves=0  iterations=0

STEP 8
  certificate  stage=STEP 8  complete  reason=unchanged_problem_67  wall=1.900000e-06s  cpu=2.000000e-06s  provider=0  solves=0  iterations=0

STEP 7
  certificate  stage=STEP 7  complete  reason=continue_stage_ii  wall=1.010000e-06s  cpu=1.000000e-06s  provider=0  solves=0  iterations=0

STEP 4
  STAGE II STEP 4  major=32  upper=-4.653253e+01  LP_primal= 8.399326e-11  LP_dual= 1.665335e-16  active_cuts=37  certified
  certificate  stage=STEP 4  complete  reason=step4_complete  wall=4.608970e-04s  cpu=4.430000e-04s  provider=0  solves=1  iterations=1

STEP 5
  certificate  stage=STEP 5 LOCAL  major=32  attempt=145  accepted  reason=success  P rel.= 4.639949e-14  objective=-4.368744e+01  upper=-4.653253e+01  gap=-2.845092e+00  wall=0.000000e+00s  cpu=0.000000e+00s  provider=0  solves=0  iterations=0
  certificate  stage=STEP 5 LOCAL  major=32  attempt=146  accepted  reason=success  P rel.=-1.106586e-09  objective=-4.653253e+01  upper=-4.653253e+01  gap= 8.398615e-11  wall=0.000000e+00s  cpu=0.000000e+00s  provider=0  solves=0  iterations=0
  certificate  stage=STEP 5  complete  reason=step5_complete  wall=5.734040e-02s  cpu=5.713900e-02s  provider=50  solves=2  iterations=43

STEP 6
  certificate  stage=STEP 6  complete  reason=candidate_set  wall=1.014000e-05s  cpu=1.000000e-05s  provider=0  solves=0  iterations=0

STEP 8
  certificate  stage=STEP 8  complete  reason=unchanged_problem_67  wall=1.440000e-06s  cpu=1.000000e-06s  provider=0  solves=0  iterations=0

STEP 7
  certificate  stage=STEP 7  complete  reason=continue_stage_ii  wall=9.600000e-07s  cpu=1.000000e-06s  provider=0  solves=0  iterations=0

STEP 4
  STAGE II STEP 4  major=33  upper=-4.653253e+01  LP_primal= 8.399326e-11  LP_dual= 1.665335e-16  active_cuts=38  certified
  certificate  stage=STEP 4  complete  reason=step4_complete  wall=3.836270e-04s  cpu=3.840000e-04s  provider=0  solves=1  iterations=1

STEP 5
  certificate  stage=STEP 5 LOCAL  major=33  attempt=147  accepted  reason=success  P rel.= 4.137168e-14  objective=-4.368744e+01  upper=-4.653253e+01  gap=-2.845092e+00  wall=0.000000e+00s  cpu=0.000000e+00s  provider=0  solves=0  iterations=0
  certificate  stage=STEP 5 LOCAL  major=33  attempt=148  accepted  reason=success  P rel.= 5.165714e-13  objective=-4.368744e+01  upper=-4.653253e+01  gap=-2.845092e+00  wall=0.000000e+00s  cpu=0.000000e+00s  provider=0  solves=0  iterations=0
  certificate  stage=STEP 5 LOCAL  major=33  attempt=149  accepted  reason=success  P rel.=-1.103737e-09  objective=-4.653253e+01  upper=-4.653253e+01  gap= 8.397905e-11  wall=0.000000e+00s  cpu=0.000000e+00s  provider=0  solves=0  iterations=0
  certificate  stage=STEP 5  complete  reason=step5_complete  wall=8.477267e-02s  cpu=8.447100e-02s  provider=73  solves=3  iterations=70

STEP 6
  certificate  stage=STEP 6  complete  reason=candidate_set  wall=1.248000e-05s  cpu=1.300000e-05s  provider=0  solves=0  iterations=0

STEP 8
  certificate  stage=STEP 8  complete  reason=unchanged_problem_67  wall=1.460000e-06s  cpu=2.000000e-06s  provider=0  solves=0  iterations=0

STEP 7
  certificate  stage=STEP 7  complete  reason=continue_stage_ii  wall=9.600000e-07s  cpu=1.000000e-06s  provider=0  solves=0  iterations=0

STEP 4
  STAGE II STEP 4  major=34  upper=-4.653253e+01  LP_primal= 8.399326e-11  LP_dual= 1.665335e-16  active_cuts=39  certified
  certificate  stage=STEP 4  complete  reason=step4_complete  wall=4.158680e-04s  cpu=4.170000e-04s  provider=0  solves=1  iterations=1

STEP 5
  certificate  stage=STEP 5 LOCAL  major=34  attempt=151  accepted  reason=success  P rel.= 6.047736e-14  objective=-4.368744e+01  upper=-4.653253e+01  gap=-2.845092e+00  wall=0.000000e+00s  cpu=0.000000e+00s  provider=0  solves=0  iterations=0
  certificate  stage=STEP 5 LOCAL  major=34  attempt=152  accepted  reason=success  P rel.=-1.112640e-09  objective=-4.653253e+01  upper=-4.653253e+01  gap= 8.398615e-11  wall=0.000000e+00s  cpu=0.000000e+00s  provider=0  solves=0  iterations=0
  certificate  stage=STEP 5  complete  reason=step5_complete  wall=6.275958e-02s  cpu=6.252500e-02s  provider=55  solves=3  iterations=47

STEP 6
  certificate  stage=STEP 6  complete  reason=candidate_set  wall=1.228000e-05s  cpu=1.300000e-05s  provider=0  solves=0  iterations=0

STEP 8
  certificate  stage=STEP 8  complete  reason=unchanged_problem_67  wall=1.500000e-06s  cpu=1.000000e-06s  provider=0  solves=0  iterations=0

STEP 7
  certificate  stage=STEP 7  complete  reason=continue_stage_ii  wall=9.400000e-07s  cpu=1.000000e-06s  provider=0  solves=0  iterations=0

STEP 4
  STAGE II STEP 4  major=35  upper=-4.653253e+01  LP_primal= 8.399326e-11  LP_dual= 1.665335e-16  active_cuts=40  certified
  certificate  stage=STEP 4  complete  reason=step4_complete  wall=3.901570e-04s  cpu=3.910000e-04s  provider=0  solves=1  iterations=1

STEP 5
  certificate  stage=STEP 5 LOCAL  major=35  attempt=153  accepted  reason=success  P rel.= 4.582489e-14  objective=-4.368744e+01  upper=-4.653253e+01  gap=-2.845092e+00  wall=0.000000e+00s  cpu=0.000000e+00s  provider=0  solves=0  iterations=0
  certificate  stage=STEP 5 LOCAL  major=35  attempt=154  accepted  reason=success  P rel.=-1.117403e-09  objective=-4.653253e+01  upper=-4.653253e+01  gap= 8.398615e-11  wall=0.000000e+00s  cpu=0.000000e+00s  provider=0  solves=0  iterations=0
  certificate  stage=STEP 5  complete  reason=step5_complete  wall=4.858832e-02s  cpu=4.843000e-02s  provider=44  solves=2  iterations=42

STEP 6
  certificate  stage=STEP 6  complete  reason=candidate_set  wall=1.204000e-05s  cpu=1.200000e-05s  provider=0  solves=0  iterations=0

STEP 8
  certificate  stage=STEP 8  complete  reason=unchanged_problem_67  wall=1.690000e-06s  cpu=1.000000e-06s  provider=0  solves=0  iterations=0

STEP 7
  certificate  stage=STEP 7  complete  reason=continue_stage_ii  wall=9.500000e-07s  cpu=1.000000e-06s  provider=0  solves=0  iterations=0

STEP 4
  STAGE II STEP 4  major=36  upper=-4.653253e+01  LP_primal= 8.399326e-11  LP_dual= 1.665335e-16  active_cuts=41  certified
  certificate  stage=STEP 4  complete  reason=step4_complete  wall=3.876770e-04s  cpu=3.880000e-04s  provider=0  solves=1  iterations=1

STEP 5
  certificate  stage=STEP 5 LOCAL  major=36  attempt=155  accepted  reason=success  P rel.= 5.315112e-14  objective=-4.368744e+01  upper=-4.653253e+01  gap=-2.845092e+00  wall=0.000000e+00s  cpu=0.000000e+00s  provider=0  solves=0  iterations=0
  certificate  stage=STEP 5 LOCAL  major=36  attempt=156  accepted  reason=success  P rel.= 4.137168e-14  objective=-4.368744e+01  upper=-4.653253e+01  gap=-2.845092e+00  wall=0.000000e+00s  cpu=0.000000e+00s  provider=0  solves=0  iterations=0
  certificate  stage=STEP 5 LOCAL  major=36  attempt=157  accepted  reason=success  P rel.= 4.639949e-14  objective=-4.368744e+01  upper=-4.653253e+01  gap=-2.845092e+00  wall=0.000000e+00s  cpu=0.000000e+00s  provider=0  solves=0  iterations=0
  certificate  stage=STEP 5 LOCAL  major=36  attempt=158  accepted  reason=success  P rel.= 6.062101e-14  objective=-4.368744e+01  upper=-4.653253e+01  gap=-2.845092e+00  wall=0.000000e+00s  cpu=0.000000e+00s  provider=0  solves=0  iterations=0
  certificate  stage=STEP 5 LOCAL  major=36  attempt=159  accepted  reason=success  P rel.=-8.165686e-08  objective=-4.653254e+01  upper=-4.653253e+01  gap= 1.410502e-05  wall=0.000000e+00s  cpu=0.000000e+00s  provider=0  solves=0  iterations=0
  certificate  stage=STEP 5  complete  reason=step5_complete  wall=1.375196e-01s  cpu=1.370860e-01s  provider=130  solves=5  iterations=118

STEP 6
  certificate  stage=STEP 6  complete  reason=candidate_set  wall=1.333000e-05s  cpu=1.300000e-05s  provider=0  solves=0  iterations=0

STEP 8
  certificate  stage=STEP 8  complete  reason=step8_complete  wall=7.761815e-01s  cpu=7.755230e-01s  provider=2259  solves=2  iterations=109

STEP 9
  certificate  stage=STEP 9  failed  objective=-4.653254e+01  upper=-4.653253e+01  gap= 1.026065e-05  wall=0.000000e+00s  cpu=0.000000e+00s  provider=0  solves=0  iterations=0
  certificate  stage=STEP 9  complete  reason=paper_potential_convergence_failed  wall=1.619850e-03s  cpu=1.620000e-03s  provider=2  solves=0  iterations=0

STEP 7
  certificate  stage=STEP 7  complete  reason=continue_stage_ii  wall=1.130000e-06s  cpu=1.000000e-06s  provider=0  solves=0  iterations=0

STEP 4
  STAGE II STEP 4  major=37  upper=-4.653254e+01  LP_primal= 0.000000e+00  LP_dual= 2.775558e-17  active_cuts=42  certified
  certificate  stage=STEP 4  complete  reason=step4_complete  wall=3.533070e-04s  cpu=3.540000e-04s  provider=0  solves=1  iterations=1

STEP 5
  certificate  stage=STEP 5 LOCAL  major=37  attempt=160  accepted  reason=success  P rel.= 4.869792e-14  objective=-4.368743e+01  upper=-4.653254e+01  gap=-2.845106e+00  wall=0.000000e+00s  cpu=0.000000e+00s  provider=0  solves=0  iterations=0
  certificate  stage=STEP 5 LOCAL  major=37  attempt=161  accepted  reason=success  P rel.=-1.095680e-09  objective=-4.653254e+01  upper=-4.653254e+01  gap= 1.529775e-07  wall=0.000000e+00s  cpu=0.000000e+00s  provider=0  solves=0  iterations=0
  certificate  stage=STEP 5  complete  reason=step5_complete  wall=5.146891e-02s  cpu=5.146400e-02s  provider=44  solves=2  iterations=42

STEP 6
  certificate  stage=STEP 6  complete  reason=candidate_set  wall=1.418000e-05s  cpu=1.400000e-05s  provider=0  solves=0  iterations=0

STEP 8
  certificate  stage=STEP 8  complete  reason=unchanged_problem_67  wall=1.820000e-06s  cpu=1.000000e-06s  provider=0  solves=0  iterations=0

STEP 9
  certificate  stage=STEP 9  failed  objective=-4.653254e+01  upper=-4.653254e+01  gap=-5.193963e-07  wall=0.000000e+00s  cpu=0.000000e+00s  provider=0  solves=0  iterations=0
  certificate  stage=STEP 9  complete  reason=paper_potential_convergence_failed  wall=1.604861e-03s  cpu=1.605000e-03s  provider=2  solves=0  iterations=0

STEP 7
  certificate  stage=STEP 7  complete  reason=continue_stage_ii  wall=9.800000e-07s  cpu=1.000000e-06s  provider=0  solves=0  iterations=0

STEP 4
  STAGE II STEP 4  major=38  upper=-4.653254e+01  LP_primal= 0.000000e+00  LP_dual= 4.336809e-17  active_cuts=43  certified
  certificate  stage=STEP 4  complete  reason=step4_complete  wall=3.711380e-04s  cpu=3.710000e-04s  provider=0  solves=1  iterations=1

STEP 5
  certificate  stage=STEP 5 LOCAL  major=38  attempt=162  accepted  reason=success  P rel.= 7.398062e-14  objective=-4.368743e+01  upper=-4.653254e+01  gap=-2.845106e+00  wall=0.000000e+00s  cpu=0.000000e+00s  provider=0  solves=0  iterations=0
  certificate  stage=STEP 5 LOCAL  major=38  attempt=163  accepted  reason=success  P rel.= 1.356072e-13  objective=-4.368743e+01  upper=-4.653254e+01  gap=-2.845106e+00  wall=0.000000e+00s  cpu=0.000000e+00s  provider=0  solves=0  iterations=0
  certificate  stage=STEP 5 LOCAL  major=38  attempt=164  accepted  reason=success  P rel.= 4.869792e-14  objective=-4.368743e+01  upper=-4.653254e+01  gap=-2.845106e+00  wall=0.000000e+00s  cpu=0.000000e+00s  provider=0  solves=0  iterations=0
  certificate  stage=STEP 5 LOCAL  major=38  attempt=165  accepted  reason=success  P rel.= 3.677483e-14  objective=-4.368743e+01  upper=-4.653254e+01  gap=-2.845106e+00  wall=0.000000e+00s  cpu=0.000000e+00s  provider=0  solves=0  iterations=0
  certificate  stage=STEP 5 LOCAL  major=38  attempt=166  accepted  reason=success  P rel.= 4.654314e-13  objective=-4.368743e+01  upper=-4.653254e+01  gap=-2.845106e+00  wall=0.000000e+00s  cpu=0.000000e+00s  provider=0  solves=0  iterations=0
  certificate  stage=STEP 5 LOCAL  major=38  attempt=167  accepted  reason=success  P rel.=-1.104227e-09  objective=-4.653254e+01  upper=-4.653254e+01  gap= 3.823729e-08  wall=0.000000e+00s  cpu=0.000000e+00s  provider=0  solves=0  iterations=0
  certificate  stage=STEP 5  complete  reason=step5_complete  wall=1.747487e-01s  cpu=1.747500e-01s  provider=156  solves=6  iterations=144

STEP 6
  certificate  stage=STEP 6  complete  reason=candidate_set  wall=1.379000e-05s  cpu=1.400000e-05s  provider=0  solves=0  iterations=0

STEP 8
  certificate  stage=STEP 8  complete  reason=unchanged_problem_67  wall=1.880000e-06s  cpu=2.000000e-06s  provider=0  solves=0  iterations=0

STEP 9
  certificate  stage=STEP 9  failed  objective=-4.653254e+01  upper=-4.653254e+01  gap=-5.248058e-07  wall=0.000000e+00s  cpu=0.000000e+00s  provider=0  solves=0  iterations=0
  certificate  stage=STEP 9  complete  reason=paper_potential_convergence_failed  wall=1.506381e-03s  cpu=1.506000e-03s  provider=2  solves=0  iterations=0

STEP 7
  certificate  stage=STEP 7  complete  reason=continue_stage_ii  wall=9.300000e-07s  cpu=1.000000e-06s  provider=0  solves=0  iterations=0

STEP 4
  STAGE II STEP 4  major=39  upper=-4.653254e+01  LP_primal= 7.105427e-15  LP_dual= 5.551115e-17  active_cuts=44  certified
  certificate  stage=STEP 4  complete  reason=step4_complete  wall=3.825080e-04s  cpu=3.830000e-04s  provider=0  solves=1  iterations=1

STEP 5
  certificate  stage=STEP 5 LOCAL  major=39  attempt=169  accepted  reason=success  P rel.= 8.231241e-14  objective=-4.368743e+01  upper=-4.653254e+01  gap=-2.845106e+00  wall=0.000000e+00s  cpu=0.000000e+00s  provider=0  solves=0  iterations=0
  certificate  stage=STEP 5 LOCAL  major=39  attempt=170  accepted  reason=success  P rel.=-1.115667e-09  objective=-4.653254e+01  upper=-4.653254e+01  gap= 9.558939e-09  wall=0.000000e+00s  cpu=0.000000e+00s  provider=0  solves=0  iterations=0
  certificate  stage=STEP 5  complete  reason=step5_complete  wall=4.978416e-02s  cpu=4.974500e-02s  provider=46  solves=3  iterations=42

STEP 6
  certificate  stage=STEP 6  complete  reason=candidate_set  wall=1.384000e-05s  cpu=1.400000e-05s  provider=0  solves=0  iterations=0

STEP 8
  certificate  stage=STEP 8  complete  reason=unchanged_problem_67  wall=1.480000e-06s  cpu=1.000000e-06s  provider=0  solves=0  iterations=0

STEP 9
  certificate  stage=STEP 9  failed  objective=-4.653254e+01  upper=-4.653254e+01  gap=-5.275098e-07  wall=0.000000e+00s  cpu=0.000000e+00s  provider=0  solves=0  iterations=0
  certificate  stage=STEP 9  complete  reason=paper_potential_convergence_failed  wall=1.494431e-03s  cpu=1.494000e-03s  provider=2  solves=0  iterations=0

STEP 7
  certificate  stage=STEP 7  complete  reason=continue_stage_ii  wall=9.400000e-07s  cpu=1.000000e-06s  provider=0  solves=0  iterations=0

STEP 4
  STAGE II STEP 4  major=40  upper=-4.653254e+01  LP_primal= 0.000000e+00  LP_dual= 5.551115e-17  active_cuts=45  certified
  certificate  stage=STEP 4  complete  reason=step4_complete  wall=3.578580e-04s  cpu=3.580000e-04s  provider=0  solves=1  iterations=1

STEP 5
  certificate  stage=STEP 5 LOCAL  major=40  attempt=171  accepted  reason=success  P rel.= 6.722899e-14  objective=-4.368743e+01  upper=-4.653254e+01  gap=-2.845106e+00  wall=0.000000e+00s  cpu=0.000000e+00s  provider=0  solves=0  iterations=0
  certificate  stage=STEP 5 LOCAL  major=40  attempt=172  accepted  reason=success  P rel.= 6.852185e-14  objective=-4.368743e+01  upper=-4.653254e+01  gap=-2.845106e+00  wall=0.000000e+00s  cpu=0.000000e+00s  provider=0  solves=0  iterations=0
  certificate  stage=STEP 5 LOCAL  major=40  attempt=173  accepted  reason=success  P rel.= 5.473129e-14  objective=-4.368743e+01  upper=-4.653254e+01  gap=-2.845106e+00  wall=0.000000e+00s  cpu=0.000000e+00s  provider=0  solves=0  iterations=0
  certificate  stage=STEP 5 LOCAL  major=40  attempt=174  accepted  reason=success  P rel.=-1.085175e-09  objective=-4.653254e+01  upper=-4.653254e+01  gap= 2.390180e-09  wall=0.000000e+00s  cpu=0.000000e+00s  provider=0  solves=0  iterations=0
  certificate  stage=STEP 5  complete  reason=step5_complete  wall=1.013493e-01s  cpu=1.013290e-01s  provider=93  solves=4  iterations=86

STEP 6
  certificate  stage=STEP 6  complete  reason=candidate_set  wall=1.441000e-05s  cpu=1.500000e-05s  provider=0  solves=0  iterations=0

STEP 8
  certificate  stage=STEP 8  complete  reason=unchanged_problem_67  wall=1.830000e-06s  cpu=2.000000e-06s  provider=0  solves=0  iterations=0

STEP 9
  certificate  stage=STEP 9  failed  objective=-4.653254e+01  upper=-4.653254e+01  gap=-5.288618e-07  wall=0.000000e+00s  cpu=0.000000e+00s  provider=0  solves=0  iterations=0
  certificate  stage=STEP 9  complete  reason=paper_potential_convergence_failed  wall=1.508131e-03s  cpu=1.508000e-03s  provider=2  solves=0  iterations=0

STEP 7
  certificate  stage=STEP 7  complete  reason=continue_stage_ii  wall=9.400000e-07s  cpu=1.000000e-06s  provider=0  solves=0  iterations=0

STEP 4
  STAGE II STEP 4  major=41  upper=-4.653254e+01  LP_primal= 0.000000e+00  LP_dual= 2.775558e-17  active_cuts=46  certified
  certificate  stage=STEP 4  complete  reason=step4_complete  wall=3.854670e-04s  cpu=3.860000e-04s  provider=0  solves=1  iterations=1

STEP 5
  certificate  stage=STEP 5 LOCAL  major=41  attempt=175  accepted  reason=success  P rel.=-1.088380e-09  objective=-4.653254e+01  upper=-4.653254e+01  gap= 5.975522e-10  wall=0.000000e+00s  cpu=0.000000e+00s  provider=0  solves=0  iterations=0
  certificate  stage=STEP 5  complete  reason=step5_complete  wall=2.261923e-02s  cpu=2.261300e-02s  provider=22  solves=1  iterations=19

STEP 6
  certificate  stage=STEP 6  complete  reason=candidate_set  wall=1.485000e-05s  cpu=1.500000e-05s  provider=0  solves=0  iterations=0

STEP 8
  certificate  stage=STEP 8  complete  reason=unchanged_problem_67  wall=1.510000e-06s  cpu=1.000000e-06s  provider=0  solves=0  iterations=0

STEP 9
  certificate  stage=STEP 9  failed  objective=-4.653254e+01  upper=-4.653254e+01  gap=-5.293062e-07  wall=0.000000e+00s  cpu=0.000000e+00s  provider=0  solves=0  iterations=0
  certificate  stage=STEP 9  complete  reason=paper_potential_convergence_failed  wall=1.503621e-03s  cpu=1.504000e-03s  provider=2  solves=0  iterations=0

STEP 7
  certificate  stage=STEP 7  complete  reason=continue_stage_ii  wall=9.400000e-07s  cpu=1.000000e-06s  provider=0  solves=0  iterations=0

STEP 4
  STAGE II STEP 4  major=42  upper=-4.653254e+01  LP_primal= 7.105427e-15  LP_dual= 2.775558e-17  active_cuts=47  certified
  certificate  stage=STEP 4  complete  reason=step4_complete  wall=3.680870e-04s  cpu=3.680000e-04s  provider=0  solves=1  iterations=1

STEP 5
  certificate  stage=STEP 5 LOCAL  major=42  attempt=176  accepted  reason=success  P rel.= 6.636708e-14  objective=-4.368743e+01  upper=-4.653254e+01  gap=-2.845106e+00  wall=0.000000e+00s  cpu=0.000000e+00s  provider=0  solves=0  iterations=0
  certificate  stage=STEP 5 LOCAL  major=42  attempt=177  accepted  reason=success  P rel.=-1.106275e-09  objective=-4.653254e+01  upper=-4.653254e+01  gap= 1.494058e-10  wall=0.000000e+00s  cpu=0.000000e+00s  provider=0  solves=0  iterations=0
  certificate  stage=STEP 5  complete  reason=step5_complete  wall=5.259299e-02s  cpu=5.257100e-02s  provider=48  solves=2  iterations=42

STEP 6
  certificate  stage=STEP 6  complete  reason=candidate_set  wall=1.382000e-05s  cpu=1.400000e-05s  provider=0  solves=0  iterations=0

STEP 8
  certificate  stage=STEP 8  complete  reason=unchanged_problem_67  wall=1.390000e-06s  cpu=1.000000e-06s  provider=0  solves=0  iterations=0

STEP 9
  certificate  stage=STEP 9  failed  objective=-4.653254e+01  upper=-4.653254e+01  gap=-5.293641e-07  wall=0.000000e+00s  cpu=0.000000e+00s  provider=0  solves=0  iterations=0
  certificate  stage=STEP 9  complete  reason=paper_potential_convergence_failed  wall=1.482221e-03s  cpu=1.483000e-03s  provider=2  solves=0  iterations=0

STEP 7
  certificate  stage=STEP 7  complete  reason=continue_stage_ii  wall=8.800000e-07s  cpu=1.000000e-06s  provider=0  solves=0  iterations=0

STEP 4
  STAGE II STEP 4  major=43  upper=-4.653254e+01  LP_primal= 0.000000e+00  LP_dual= 1.387779e-17  active_cuts=48  certified
  certificate  stage=STEP 4  complete  reason=step4_complete  wall=3.756280e-04s  cpu=3.760000e-04s  provider=0  solves=1  iterations=1

STEP 5
  certificate  stage=STEP 5 LOCAL  major=43  attempt=178  accepted  reason=success  P rel.=-1.095413e-09  objective=-4.653254e+01  upper=-4.653254e+01  gap= 3.734613e-11  wall=0.000000e+00s  cpu=0.000000e+00s  provider=0  solves=0  iterations=0
  certificate  stage=STEP 5  complete  reason=step5_complete  wall=2.782061e-02s  cpu=2.779100e-02s  provider=26  solves=1  iterations=22

STEP 6
  certificate  stage=STEP 6  complete  reason=candidate_set  wall=1.400000e-05s  cpu=1.400000e-05s  provider=0  solves=0  iterations=0

STEP 8
  certificate  stage=STEP 8  complete  reason=unchanged_problem_67  wall=1.509000e-06s  cpu=2.000000e-06s  provider=0  solves=0  iterations=0

STEP 9
  certificate  stage=STEP 9  failed  objective=-4.653254e+01  upper=-4.653254e+01  gap=-5.293931e-07  wall=0.000000e+00s  cpu=0.000000e+00s  provider=0  solves=0  iterations=0
  certificate  stage=STEP 9  complete  reason=paper_potential_convergence_failed  wall=1.499891e-03s  cpu=1.500000e-03s  provider=2  solves=0  iterations=0

STEP 7
  certificate  stage=STEP 7  complete  reason=continue_stage_ii  wall=9.300000e-07s  cpu=1.000000e-06s  provider=0  solves=0  iterations=0

STEP 4
  STAGE II STEP 4  major=44  upper=-4.653254e+01  LP_primal= 3.734613e-11  LP_dual= 1.387779e-17  active_cuts=49  certified
  certificate  stage=STEP 4  complete  reason=step4_complete  wall=3.836580e-04s  cpu=3.840000e-04s  provider=0  solves=1  iterations=1

STEP 5
  certificate  stage=STEP 5 LOCAL  major=44  attempt=179  accepted  reason=success  P rel.= 5.458764e-14  objective=-4.368743e+01  upper=-4.653254e+01  gap=-2.845106e+00  wall=0.000000e+00s  cpu=0.000000e+00s  provider=0  solves=0  iterations=0
  certificate  stage=STEP 5 LOCAL  major=44  attempt=180  accepted  reason=success  P rel.= 7.369331e-14  objective=-4.368743e+01  upper=-4.653254e+01  gap=-2.845106e+00  wall=0.000000e+00s  cpu=0.000000e+00s  provider=0  solves=0  iterations=0
  certificate  stage=STEP 5 LOCAL  major=44  attempt=182  accepted  reason=success  P rel.= 4.165899e-14  objective=-4.368743e+01  upper=-4.653254e+01  gap=-2.845106e+00  wall=0.000000e+00s  cpu=0.000000e+00s  provider=0  solves=0  iterations=0
  certificate  stage=STEP 5 LOCAL  major=44  attempt=183  accepted  reason=success  P rel.= 7.441157e-14  objective=-4.368743e+01  upper=-4.653254e+01  gap=-2.845106e+00  wall=0.000000e+00s  cpu=0.000000e+00s  provider=0  solves=0  iterations=0
  certificate  stage=STEP 5 LOCAL  major=44  attempt=184  accepted  reason=success  P rel.= 4.137168e-14  objective=-4.368743e+01  upper=-4.653254e+01  gap=-2.845106e+00  wall=0.000000e+00s  cpu=0.000000e+00s  provider=0  solves=0  iterations=0
  certificate  stage=STEP 5 LOCAL  major=44  attempt=185  accepted  reason=success  P rel.=-1.091897e-09  objective=-4.653254e+01  upper=-4.653254e+01  gap= 3.734613e-11  wall=0.000000e+00s  cpu=0.000000e+00s  provider=0  solves=0  iterations=0
  certificate  stage=STEP 5  complete  reason=step5_complete  wall=1.673363e-01s  cpu=1.673130e-01s  provider=157  solves=7  iterations=141

STEP 6
  certificate  stage=STEP 6  complete  reason=candidate_set  wall=1.444000e-05s  cpu=1.400000e-05s  provider=0  solves=0  iterations=0

STEP 8
  certificate  stage=STEP 8  complete  reason=unchanged_problem_67  wall=1.540000e-06s  cpu=1.000000e-06s  provider=0  solves=0  iterations=0

STEP 9
  certificate  stage=STEP 9  failed  objective=-4.653254e+01  upper=-4.653254e+01  gap=-5.293931e-07  wall=0.000000e+00s  cpu=0.000000e+00s  provider=0  solves=0  iterations=0
  certificate  stage=STEP 9  complete  reason=paper_potential_convergence_failed  wall=1.504010e-03s  cpu=1.504000e-03s  provider=2  solves=0  iterations=0

STEP 7
  certificate  stage=STEP 7  complete  reason=continue_stage_ii  wall=9.500000e-07s  cpu=1.000000e-06s  provider=0  solves=0  iterations=0

STEP 4
  STAGE II STEP 4  major=45  upper=-4.653254e+01  LP_primal= 3.734613e-11  LP_dual= 1.387779e-17  active_cuts=50  certified
  certificate  stage=STEP 4  complete  reason=step4_complete  wall=4.102380e-04s  cpu=4.100000e-04s  provider=0  solves=1  iterations=1

STEP 5
  certificate  stage=STEP 5 LOCAL  major=45  attempt=186  accepted  reason=success  P rel.= 5.688607e-14  objective=-4.368743e+01  upper=-4.653254e+01  gap=-2.845106e+00  wall=0.000000e+00s  cpu=0.000000e+00s  provider=0  solves=0  iterations=0
  certificate  stage=STEP 5 LOCAL  major=45  attempt=187  accepted  reason=success  P rel.= 7.369331e-14  objective=-4.368743e+01  upper=-4.653254e+01  gap=-2.845106e+00  wall=0.000000e+00s  cpu=0.000000e+00s  provider=0  solves=0  iterations=0
  certificate  stage=STEP 5 LOCAL  major=45  attempt=188  accepted  reason=success  P rel.= 7.369331e-14  objective=-4.368743e+01  upper=-4.653254e+01  gap=-2.845106e+00  wall=0.000000e+00s  cpu=0.000000e+00s  provider=0  solves=0  iterations=0
  certificate  stage=STEP 5 LOCAL  major=45  attempt=189  accepted  reason=success  P rel.= 4.137168e-14  objective=-4.368743e+01  upper=-4.653254e+01  gap=-2.845106e+00  wall=0.000000e+00s  cpu=0.000000e+00s  provider=0  solves=0  iterations=0
  certificate  stage=STEP 5 LOCAL  major=45  attempt=190  accepted  reason=success  P rel.= 4.165899e-14  objective=-4.368743e+01  upper=-4.653254e+01  gap=-2.845106e+00  wall=0.000000e+00s  cpu=0.000000e+00s  provider=0  solves=0  iterations=0
  certificate  stage=STEP 5 LOCAL  major=45  attempt=191  accepted  reason=success  P rel.= 2.475118e-13  objective=-4.368743e+01  upper=-4.653254e+01  gap=-2.845106e+00  wall=0.000000e+00s  cpu=0.000000e+00s  provider=0  solves=0  iterations=0
  certificate  stage=STEP 5 LOCAL  major=45  attempt=192  accepted  reason=success  P rel.= 3.490736e-14  objective=-4.368743e+01  upper=-4.653254e+01  gap=-2.845106e+00  wall=0.000000e+00s  cpu=0.000000e+00s  provider=0  solves=0  iterations=0
  certificate  stage=STEP 5 LOCAL  major=45  attempt=193  accepted  reason=success  P rel.= 4.970348e-14  objective=-4.368743e+01  upper=-4.653254e+01  gap=-2.845106e+00  wall=0.000000e+00s  cpu=0.000000e+00s  provider=0  solves=0  iterations=0
  certificate  stage=STEP 5 LOCAL  major=45  attempt=194  accepted  reason=success  P rel.=-1.098307e-09  objective=-4.653254e+01  upper=-4.653254e+01  gap= 3.736034e-11  wall=0.000000e+00s  cpu=0.000000e+00s  provider=0  solves=0  iterations=0
  certificate  stage=STEP 5  complete  reason=step5_complete  wall=2.796787e-01s  cpu=2.796360e-01s  provider=240  solves=9  iterations=219

STEP 6
  certificate  stage=STEP 6  complete  reason=candidate_set  wall=1.732000e-05s  cpu=1.700000e-05s  provider=0  solves=0  iterations=0

STEP 8
  certificate  stage=STEP 8  complete  reason=unchanged_problem_67  wall=2.190000e-06s  cpu=2.000000e-06s  provider=0  solves=0  iterations=0

STEP 9
  certificate  stage=STEP 9  failed  objective=-4.653254e+01  upper=-4.653254e+01  gap=-5.293931e-07  wall=0.000000e+00s  cpu=0.000000e+00s  provider=0  solves=0  iterations=0
  certificate  stage=STEP 9  complete  reason=paper_potential_convergence_failed  wall=1.620910e-03s  cpu=1.622000e-03s  provider=2  solves=0  iterations=0

STEP 7
  certificate  stage=STEP 7  complete  reason=continue_stage_ii  wall=9.800000e-07s  cpu=1.000000e-06s  provider=0  solves=0  iterations=0

STEP 4
  STAGE II STEP 4  major=46  upper=-4.653254e+01  LP_primal= 3.736034e-11  LP_dual= 1.387779e-17  active_cuts=51  certified
  certificate  stage=STEP 4  complete  reason=step4_complete  wall=4.665770e-04s  cpu=4.670000e-04s  provider=0  solves=1  iterations=1

STEP 5
  certificate  stage=STEP 5 LOCAL  major=46  attempt=195  accepted  reason=success  P rel.= 3.232163e-14  objective=-4.368743e+01  upper=-4.653254e+01  gap=-2.845106e+00  wall=0.000000e+00s  cpu=0.000000e+00s  provider=0  solves=0  iterations=0
  certificate  stage=STEP 5 LOCAL  major=46  attempt=196  accepted  reason=success  P rel.= 8.303067e-14  objective=-4.368743e+01  upper=-4.653254e+01  gap=-2.845106e+00  wall=0.000000e+00s  cpu=0.000000e+00s  provider=0  solves=0  iterations=0
  certificate  stage=STEP 5 LOCAL  major=46  attempt=197  accepted  reason=success  P rel.=-7.234909e-09  objective=-4.653254e+01  upper=-4.653254e+01  gap= 3.734613e-11  wall=0.000000e+00s  cpu=0.000000e+00s  provider=0  solves=0  iterations=0
  certificate  stage=STEP 5  complete  reason=step5_complete  wall=9.296178e-02s  cpu=9.295700e-02s  provider=80  solves=3  iterations=68

STEP 6
  certificate  stage=STEP 6  complete  reason=candidate_set  wall=2.372000e-05s  cpu=2.400000e-05s  provider=0  solves=0  iterations=0

STEP 8
  certificate  stage=STEP 8  complete  reason=unchanged_problem_67  wall=2.240000e-06s  cpu=2.000000e-06s  provider=0  solves=0  iterations=0

STEP 9
  certificate  stage=STEP 9  failed  objective=-4.653254e+01  upper=-4.653254e+01  gap=-5.293931e-07  wall=0.000000e+00s  cpu=0.000000e+00s  provider=0  solves=0  iterations=0
  certificate  stage=STEP 9  complete  reason=paper_potential_convergence_failed  wall=1.975178e-03s  cpu=1.976000e-03s  provider=2  solves=0  iterations=0

STEP 7
  certificate  stage=STEP 7  complete  reason=continue_stage_ii  wall=1.690000e-06s  cpu=2.000000e-06s  provider=0  solves=0  iterations=0

STEP 4
  STAGE II STEP 4  major=47  upper=-4.653254e+01  LP_primal= 7.513989e-11  LP_dual= 4.263256e-14  active_cuts=52  certified
  certificate  stage=STEP 4  complete  reason=step4_complete  wall=5.414560e-04s  cpu=5.420000e-04s  provider=0  solves=1  iterations=1

STEP 5
  certificate  stage=STEP 5 LOCAL  major=47  attempt=198  accepted  reason=success  P rel.=-3.463907e-08  objective=-4.653254e+01  upper=-4.653254e+01  gap= 1.998757e-11  wall=0.000000e+00s  cpu=0.000000e+00s  provider=0  solves=0  iterations=0
  certificate  stage=STEP 5  complete  reason=step5_complete  wall=3.654314e-02s  cpu=3.654400e-02s  provider=31  solves=1  iterations=28

STEP 6
  certificate  stage=STEP 6  complete  reason=candidate_set  wall=1.745000e-05s  cpu=1.700000e-05s  provider=0  solves=0  iterations=0

STEP 8
  certificate  stage=STEP 8  complete  reason=unchanged_problem_67  wall=2.180000e-06s  cpu=3.000000e-06s  provider=0  solves=0  iterations=0

STEP 9
  certificate  stage=STEP 9  failed  objective=-4.653254e+01  upper=-4.653254e+01  gap=-5.293846e-07  wall=0.000000e+00s  cpu=0.000000e+00s  provider=0  solves=0  iterations=0
  certificate  stage=STEP 9  complete  reason=paper_potential_convergence_failed  wall=1.604691e-03s  cpu=1.605000e-03s  provider=2  solves=0  iterations=0

STEP 7
  certificate  stage=STEP 7  complete  reason=continue_stage_ii  wall=9.900000e-07s  cpu=1.000000e-06s  provider=0  solves=0  iterations=0

STEP 4
  STAGE II STEP 4  major=48  upper=-4.653254e+01  LP_primal= 7.513989e-11  LP_dual= 4.263256e-14  active_cuts=53  certified
  certificate  stage=STEP 4  complete  reason=step4_complete  wall=4.740970e-04s  cpu=4.750000e-04s  provider=0  solves=1  iterations=1

STEP 5
  certificate  stage=STEP 5 LOCAL  major=48  attempt=199  accepted  reason=success  P rel.=-1.094612e-09  objective=-4.653254e+01  upper=-4.653254e+01  gap= 8.469669e-11  wall=0.000000e+00s  cpu=0.000000e+00s  provider=0  solves=0  iterations=0
  certificate  stage=STEP 5  complete  reason=step5_complete  wall=2.560857e-02s  cpu=2.560900e-02s  provider=23  solves=1  iterations=20

STEP 6
  certificate  stage=STEP 6  complete  reason=candidate_set  wall=1.580000e-05s  cpu=1.600000e-05s  provider=0  solves=0  iterations=0

STEP 8
  certificate  stage=STEP 8  complete  reason=unchanged_problem_67  wall=2.670000e-06s  cpu=3.000000e-06s  provider=0  solves=0  iterations=0

STEP 9
  certificate  stage=STEP 9  failed  objective=-4.653254e+01  upper=-4.653254e+01  gap=-5.293846e-07  wall=0.000000e+00s  cpu=0.000000e+00s  provider=0  solves=0  iterations=0
  certificate  stage=STEP 9  complete  reason=paper_potential_convergence_failed  wall=1.958108e-03s  cpu=1.943000e-03s  provider=2  solves=0  iterations=0

STEP 7
  certificate  stage=STEP 7  complete  reason=continue_stage_ii  wall=1.050000e-06s  cpu=1.000000e-06s  provider=0  solves=0  iterations=0

STEP 4
  STAGE II STEP 4  major=49  upper=-4.653254e+01  LP_primal= 8.469669e-11  LP_dual= 4.263256e-14  active_cuts=54  certified
  certificate  stage=STEP 4  complete  reason=step4_complete  wall=4.089770e-04s  cpu=4.090000e-04s  provider=0  solves=1  iterations=1

STEP 5
  certificate  stage=STEP 5 LOCAL  major=49  attempt=200  accepted  reason=success  P rel.= 6.435595e-14  objective=-4.368743e+01  upper=-4.653254e+01  gap=-2.845106e+00  wall=0.000000e+00s  cpu=0.000000e+00s  provider=0  solves=0  iterations=0
  certificate  stage=STEP 5 LOCAL  major=49  attempt=201  accepted  reason=success  P rel.=-1.108945e-09  objective=-4.653254e+01  upper=-4.653254e+01  gap= 8.468959e-11  wall=0.000000e+00s  cpu=0.000000e+00s  provider=0  solves=0  iterations=0
  certificate  stage=STEP 5  complete  reason=step5_complete  wall=5.738865e-02s  cpu=5.737300e-02s  provider=48  solves=2  iterations=46

STEP 6
  certificate  stage=STEP 6  complete  reason=candidate_set  wall=1.697000e-05s  cpu=1.700000e-05s  provider=0  solves=0  iterations=0

STEP 8
  certificate  stage=STEP 8  complete  reason=unchanged_problem_67  wall=1.640000e-06s  cpu=1.000000e-06s  provider=0  solves=0  iterations=0

STEP 9
  certificate  stage=STEP 9  failed  objective=-4.653254e+01  upper=-4.653254e+01  gap=-5.293846e-07  wall=0.000000e+00s  cpu=0.000000e+00s  provider=0  solves=0  iterations=0
  certificate  stage=STEP 9  complete  reason=paper_potential_convergence_failed  wall=1.623690e-03s  cpu=1.624000e-03s  provider=2  solves=0  iterations=0

STEP 7
  certificate  stage=STEP 7  complete  reason=continue_stage_ii  wall=1.010000e-06s  cpu=1.000000e-06s  provider=0  solves=0  iterations=0

STEP 4
  STAGE II STEP 4  major=50  upper=-4.653254e+01  LP_primal= 8.469669e-11  LP_dual= 4.263256e-14  active_cuts=55  certified
  certificate  stage=STEP 4  complete  reason=step4_complete  wall=4.272080e-04s  cpu=4.270000e-04s  provider=0  solves=1  iterations=1

STEP 5
  certificate  stage=STEP 5 LOCAL  major=50  attempt=202  accepted  reason=success  P rel.= 5.803528e-14  objective=-4.368743e+01  upper=-4.653254e+01  gap=-2.845106e+00  wall=0.000000e+00s  cpu=0.000000e+00s  provider=0  solves=0  iterations=0
  certificate  stage=STEP 5 LOCAL  major=50  attempt=203  accepted  reason=success  P rel.= 6.279015e-13  objective=-4.368743e+01  upper=-4.653254e+01  gap=-2.845106e+00  wall=0.000000e+00s  cpu=0.000000e+00s  provider=0  solves=0  iterations=0
  certificate  stage=STEP 5 LOCAL  major=50  attempt=204  accepted  reason=success  P rel.= 9.050056e-14  objective=-4.368743e+01  upper=-4.653254e+01  gap=-2.845106e+00  wall=0.000000e+00s  cpu=0.000000e+00s  provider=0  solves=0  iterations=0
  certificate  stage=STEP 5 LOCAL  major=50  attempt=206  accepted  reason=success  P rel.= 6.852185e-14  objective=-4.368743e+01  upper=-4.653254e+01  gap=-2.845106e+00  wall=0.000000e+00s  cpu=0.000000e+00s  provider=0  solves=0  iterations=0
  certificate  stage=STEP 5 LOCAL  major=50  attempt=207  accepted  reason=success  P rel.= 4.711775e-14  objective=-4.368743e+01  upper=-4.653254e+01  gap=-2.845106e+00  wall=0.000000e+00s  cpu=0.000000e+00s  provider=0  solves=0  iterations=0
  certificate  stage=STEP 5 LOCAL  major=50  attempt=208  accepted  reason=success  P rel.=-7.373082e-08  objective=-4.653254e+01  upper=-4.653254e+01  gap= 9.748646e-12  wall=0.000000e+00s  cpu=0.000000e+00s  provider=0  solves=0  iterations=0
  certificate  stage=STEP 5  complete  reason=step5_complete  wall=1.780882e-01s  cpu=1.780640e-01s  provider=155  solves=7  iterations=146

STEP 6
  certificate  stage=STEP 6  complete  reason=candidate_set  wall=1.681000e-05s  cpu=1.700000e-05s  provider=0  solves=0  iterations=0

STEP 8
  certificate  stage=STEP 8  complete  reason=unchanged_problem_67  wall=2.040000e-06s  cpu=2.000000e-06s  provider=0  solves=0  iterations=0

STEP 9
  certificate  stage=STEP 9  failed  objective=-4.653254e+01  upper=-4.653254e+01  gap=-5.293846e-07  wall=0.000000e+00s  cpu=0.000000e+00s  provider=0  solves=0  iterations=0
  certificate  stage=STEP 9  complete  reason=paper_potential_convergence_failed  wall=1.590721e-03s  cpu=1.591000e-03s  provider=2  solves=0  iterations=0

STEP 7
  certificate  stage=STEP 7  complete  reason=continue_stage_ii  wall=1.390000e-06s  cpu=1.000000e-06s  provider=0  solves=0  iterations=0

STEP 4
  STAGE II STEP 4  major=51  upper=-4.653254e+01  LP_primal= 8.469669e-11  LP_dual= 4.263256e-14  active_cuts=56  certified
  certificate  stage=STEP 4  complete  reason=step4_complete  wall=4.515180e-04s  cpu=4.520000e-04s  provider=0  solves=1  iterations=1

STEP 5
  certificate  stage=STEP 5 LOCAL  major=51  attempt=209  accepted  reason=success  P rel.= 1.544256e-13  objective=-4.368743e+01  upper=-4.653254e+01  gap=-2.845106e+00  wall=0.000000e+00s  cpu=0.000000e+00s  provider=0  solves=0  iterations=0
  certificate  stage=STEP 5 LOCAL  major=51  attempt=210  accepted  reason=success  P rel.=-1.095057e-09  objective=-4.653254e+01  upper=-4.653254e+01  gap= 8.469669e-11  wall=0.000000e+00s  cpu=0.000000e+00s  provider=0  solves=0  iterations=0
  certificate  stage=STEP 5  complete  reason=step5_complete  wall=6.039944e-02s  cpu=6.039300e-02s  provider=54  solves=2  iterations=47

STEP 6
  certificate  stage=STEP 6  complete  reason=candidate_set  wall=1.791000e-05s  cpu=1.800000e-05s  provider=0  solves=0  iterations=0

STEP 8
  certificate  stage=STEP 8  complete  reason=unchanged_problem_67  wall=2.090000e-06s  cpu=2.000000e-06s  provider=0  solves=0  iterations=0

STEP 9
  certificate  stage=STEP 9  failed  objective=-4.653254e+01  upper=-4.653254e+01  gap=-5.293846e-07  wall=0.000000e+00s  cpu=0.000000e+00s  provider=0  solves=0  iterations=0
  certificate  stage=STEP 9  complete  reason=paper_potential_convergence_failed  wall=1.488461e-03s  cpu=1.489000e-03s  provider=2  solves=0  iterations=0

STEP 7
  certificate  stage=STEP 7  complete  reason=continue_stage_ii  wall=9.600000e-07s  cpu=1.000000e-06s  provider=0  solves=0  iterations=0

STEP 4
  STAGE II STEP 4  major=52  upper=-4.653254e+01  LP_primal= 8.469669e-11  LP_dual= 4.263256e-14  active_cuts=57  certified
  certificate  stage=STEP 4  complete  reason=step4_complete  wall=4.290980e-04s  cpu=4.290000e-04s  provider=0  solves=1  iterations=1

STEP 5
  certificate  stage=STEP 5 LOCAL  major=52  attempt=211  accepted  reason=success  P rel.= 5.315112e-14  objective=-4.368743e+01  upper=-4.653254e+01  gap=-2.845106e+00  wall=0.000000e+00s  cpu=0.000000e+00s  provider=0  solves=0  iterations=0
  certificate  stage=STEP 5 LOCAL  major=52  attempt=212  accepted  reason=success  P rel.= 6.765994e-14  objective=-4.368743e+01  upper=-4.653254e+01  gap=-2.845106e+00  wall=0.000000e+00s  cpu=0.000000e+00s  provider=0  solves=0  iterations=0
  certificate  stage=STEP 5 LOCAL  major=52  attempt=213  accepted  reason=success  P rel.= 5.315112e-14  objective=-4.368743e+01  upper=-4.653254e+01  gap=-2.845106e+00  wall=0.000000e+00s  cpu=0.000000e+00s  provider=0  solves=0  iterations=0
  certificate  stage=STEP 5 LOCAL  major=52  attempt=214  accepted  reason=success  P rel.= 4.410107e-14  objective=-4.368743e+01  upper=-4.653254e+01  gap=-2.845106e+00  wall=0.000000e+00s  cpu=0.000000e+00s  provider=0  solves=0  iterations=0
  certificate  stage=STEP 5 LOCAL  major=52  attempt=215  accepted  reason=success  P rel.= 6.133927e-14  objective=-4.368743e+01  upper=-4.653254e+01  gap=-2.845106e+00  wall=0.000000e+00s  cpu=0.000000e+00s  provider=0  solves=0  iterations=0
  certificate  stage=STEP 5 LOCAL  major=52  attempt=216  accepted  reason=success  P rel.= 6.765994e-14  objective=-4.368743e+01  upper=-4.653254e+01  gap=-2.845106e+00  wall=0.000000e+00s  cpu=0.000000e+00s  provider=0  solves=0  iterations=0
  certificate  stage=STEP 5 LOCAL  major=52  attempt=217  accepted  reason=success  P rel.= 2.407602e-13  objective=-4.368743e+01  upper=-4.653254e+01  gap=-2.845106e+00  wall=0.000000e+00s  cpu=0.000000e+00s  provider=0  solves=0  iterations=0
  certificate  stage=STEP 5 LOCAL  major=52  attempt=218  accepted  reason=success  P rel.= 5.631146e-14  objective=-4.368743e+01  upper=-4.653254e+01  gap=-2.845106e+00  wall=0.000000e+00s  cpu=0.000000e+00s  provider=0  solves=0  iterations=0
  certificate  stage=STEP 5 LOCAL  major=52  attempt=219  accepted  reason=success  P rel.= 8.360528e-14  objective=-4.368743e+01  upper=-4.653254e+01  gap=-2.845106e+00  wall=0.000000e+00s  cpu=0.000000e+00s  provider=0  solves=0  iterations=0
  certificate  stage=STEP 5 LOCAL  major=52  attempt=220  accepted  reason=success  P rel.= 4.797966e-14  objective=-4.368743e+01  upper=-4.653254e+01  gap=-2.845106e+00  wall=0.000000e+00s  cpu=0.000000e+00s  provider=0  solves=0  iterations=0
  certificate  stage=STEP 5 LOCAL  major=52  attempt=221  accepted  reason=success  P rel.= 9.409185e-14  objective=-4.368743e+01  upper=-4.653254e+01  gap=-2.845106e+00  wall=0.000000e+00s  cpu=0.000000e+00s  provider=0  solves=0  iterations=0
  certificate  stage=STEP 5 LOCAL  major=52  attempt=222  accepted  reason=success  P rel.= 4.697410e-13  objective=-4.368743e+01  upper=-4.653254e+01  gap=-2.845106e+00  wall=0.000000e+00s  cpu=0.000000e+00s  provider=0  solves=0  iterations=0
  certificate  stage=STEP 5 LOCAL  major=52  attempt=223  accepted  reason=success  P rel.= 6.765994e-14  objective=-4.368743e+01  upper=-4.653254e+01  gap=-2.845106e+00  wall=0.000000e+00s  cpu=0.000000e+00s  provider=0  solves=0  iterations=0
  certificate  stage=STEP 5 LOCAL  major=52  attempt=224  accepted  reason=success  P rel.= 1.446572e-13  objective=-4.368743e+01  upper=-4.653254e+01  gap=-2.845106e+00  wall=0.000000e+00s  cpu=0.000000e+00s  provider=0  solves=0  iterations=0
  certificate  stage=STEP 5 LOCAL  major=52  attempt=225  accepted  reason=success  P rel.= 5.631146e-14  objective=-4.368743e+01  upper=-4.653254e+01  gap=-2.845106e+00  wall=0.000000e+00s  cpu=0.000000e+00s  provider=0  solves=0  iterations=0
  certificate  stage=STEP 5 LOCAL  major=52  attempt=226  accepted  reason=success  P rel.= 5.142730e-14  objective=-4.368743e+01  upper=-4.653254e+01  gap=-2.845106e+00  wall=0.000000e+00s  cpu=0.000000e+00s  provider=0  solves=0  iterations=0
  certificate  stage=STEP 5 LOCAL  major=52  attempt=228  accepted  reason=success  P rel.= 8.360528e-14  objective=-4.368743e+01  upper=-4.653254e+01  gap=-2.845106e+00  wall=0.000000e+00s  cpu=0.000000e+00s  provider=0  solves=0  iterations=0
  certificate  stage=STEP 5 LOCAL  major=52  attempt=229  accepted  reason=success  P rel.= 5.142730e-14  objective=-4.368743e+01  upper=-4.653254e+01  gap=-2.845106e+00  wall=0.000000e+00s  cpu=0.000000e+00s  provider=0  solves=0  iterations=0
  certificate  stage=STEP 5 LOCAL  major=52  attempt=230  accepted  reason=success  P rel.= 6.780359e-14  objective=-4.368743e+01  upper=-4.653254e+01  gap=-2.845106e+00  wall=0.000000e+00s  cpu=0.000000e+00s  provider=0  solves=0  iterations=0
  certificate  stage=STEP 5 LOCAL  major=52  attempt=231  accepted  reason=success  P rel.= 6.780359e-14  objective=-4.368743e+01  upper=-4.653254e+01  gap=-2.845106e+00  wall=0.000000e+00s  cpu=0.000000e+00s  provider=0  solves=0  iterations=0
  certificate  stage=STEP 5 LOCAL  major=52  attempt=232  accepted  reason=success  P rel.= 5.315112e-14  objective=-4.368743e+01  upper=-4.653254e+01  gap=-2.845106e+00  wall=0.000000e+00s  cpu=0.000000e+00s  provider=0  solves=0  iterations=0
  certificate  stage=STEP 5 LOCAL  major=52  attempt=233  accepted  reason=success  P rel.= 5.142730e-14  objective=-4.368743e+01  upper=-4.653254e+01  gap=-2.845106e+00  wall=0.000000e+00s  cpu=0.000000e+00s  provider=0  solves=0  iterations=0
  certificate  stage=STEP 5 LOCAL  major=52  attempt=235  accepted  reason=success  P rel.= 9.466646e-14  objective=-4.368743e+01  upper=-4.653254e+01  gap=-2.845106e+00  wall=0.000000e+00s  cpu=0.000000e+00s  provider=0  solves=0  iterations=0
  certificate  stage=STEP 5 LOCAL  major=52  attempt=236  accepted  reason=success  P rel.= 6.780359e-14  objective=-4.368743e+01  upper=-4.653254e+01  gap=-2.845106e+00  wall=0.000000e+00s  cpu=0.000000e+00s  provider=0  solves=0  iterations=0
  certificate  stage=STEP 5 LOCAL  major=52  attempt=237  accepted  reason=success  P rel.= 5.803528e-14  objective=-4.368743e+01  upper=-4.653254e+01  gap=-2.845106e+00  wall=0.000000e+00s  cpu=0.000000e+00s  provider=0  solves=0  iterations=0
  certificate  stage=STEP 5 LOCAL  major=52  attempt=238  accepted  reason=success  P rel.= 5.134111e-13  objective=-4.368743e+01  upper=-4.653254e+01  gap=-2.845106e+00  wall=0.000000e+00s  cpu=0.000000e+00s  provider=0  solves=0  iterations=0
  certificate  stage=STEP 5 LOCAL  major=52  attempt=239  accepted  reason=success  P rel.= 6.220118e-14  objective=-4.368743e+01  upper=-4.653254e+01  gap=-2.845106e+00  wall=0.000000e+00s  cpu=0.000000e+00s  provider=0  solves=0  iterations=0
  certificate  stage=STEP 5 LOCAL  major=52  attempt=240  accepted  reason=success  P rel.=-3.463907e-08  objective=-4.653254e+01  upper=-4.653254e+01  gap= 1.998757e-11  wall=0.000000e+00s  cpu=0.000000e+00s  provider=0  solves=0  iterations=0
  certificate  stage=STEP 5  complete  reason=step5_complete  wall=8.364940e-01s  cpu=8.363010e-01s  provider=712  solves=30  iterations=668

STEP 6
  certificate  stage=STEP 6  complete  reason=candidate_set  wall=2.022000e-05s  cpu=2.100000e-05s  provider=0  solves=0  iterations=0

STEP 8
  certificate  stage=STEP 8  complete  reason=unchanged_problem_67  wall=3.290000e-06s  cpu=3.000000e-06s  provider=0  solves=0  iterations=0

STEP 9
  certificate  stage=STEP 9  failed  objective=-4.653254e+01  upper=-4.653254e+01  gap=-5.293846e-07  wall=0.000000e+00s  cpu=0.000000e+00s  provider=0  solves=0  iterations=0
  certificate  stage=STEP 9  complete  reason=paper_potential_convergence_failed  wall=1.664779e-03s  cpu=1.665000e-03s  provider=2  solves=0  iterations=0

STEP 7
  certificate  stage=STEP 7  complete  reason=continue_stage_ii  wall=1.070000e-06s  cpu=1.000000e-06s  provider=0  solves=0  iterations=0

STEP 4
  STAGE II STEP 4  major=53  upper=-4.653254e+01  LP_primal= 8.413537e-11  LP_dual= 1.942890e-16  active_cuts=58  certified
  certificate  stage=STEP 4  complete  reason=step4_complete  wall=5.001070e-04s  cpu=5.000000e-04s  provider=0  solves=1  iterations=1

STEP 5
  certificate  stage=STEP 5 LOCAL  major=53  attempt=241  accepted  reason=success  P rel.= 3.174702e-14  objective=-4.368743e+01  upper=-4.653254e+01  gap=-2.845106e+00  wall=0.000000e+00s  cpu=0.000000e+00s  provider=0  solves=0  iterations=0
  certificate  stage=STEP 5 LOCAL  major=53  attempt=242  accepted  reason=success  P rel.= 2.182069e-13  objective=-4.368743e+01  upper=-4.653254e+01  gap=-2.845106e+00  wall=0.000000e+00s  cpu=0.000000e+00s  provider=0  solves=0  iterations=0
  certificate  stage=STEP 5 LOCAL  major=53  attempt=243  accepted  reason=success  P rel.=-1.109569e-09  objective=-4.653254e+01  upper=-4.653254e+01  gap= 8.412826e-11  wall=0.000000e+00s  cpu=0.000000e+00s  provider=0  solves=0  iterations=0
  certificate  stage=STEP 5  complete  reason=step5_complete  wall=9.864430e-02s  cpu=9.864500e-02s  provider=77  solves=3  iterations=69

STEP 6
  certificate  stage=STEP 6  complete  reason=candidate_set  wall=3.484900e-05s  cpu=3.500000e-05s  provider=0  solves=0  iterations=0

STEP 8
  certificate  stage=STEP 8  complete  reason=unchanged_problem_67  wall=3.160000e-06s  cpu=3.000000e-06s  provider=0  solves=0  iterations=0

STEP 9
  certificate  stage=STEP 9  failed  objective=-4.653254e+01  upper=-4.653254e+01  gap=-5.293847e-07  wall=0.000000e+00s  cpu=0.000000e+00s  provider=0  solves=0  iterations=0
  certificate  stage=STEP 9  complete  reason=paper_potential_convergence_failed  wall=1.688070e-03s  cpu=1.688000e-03s  provider=2  solves=0  iterations=0

STEP 7
  certificate  stage=STEP 7  complete  reason=continue_stage_ii  wall=1.050000e-06s  cpu=1.000000e-06s  provider=0  solves=0  iterations=0

STEP 4
  STAGE II STEP 4  major=54  upper=-4.653254e+01  LP_primal= 8.413537e-11  LP_dual= 1.942890e-16  active_cuts=59  certified
  certificate  stage=STEP 4  complete  reason=step4_complete  wall=4.930660e-04s  cpu=4.940000e-04s  provider=0  solves=1  iterations=1

STEP 5
  certificate  stage=STEP 5 LOCAL  major=54  attempt=244  accepted  reason=success  P rel.= 2.979336e-13  objective=-4.368743e+01  upper=-4.653254e+01  gap=-2.845106e+00  wall=0.000000e+00s  cpu=0.000000e+00s  provider=0  solves=0  iterations=0
  certificate  stage=STEP 5 LOCAL  major=54  attempt=245  accepted  reason=success  P rel.= 6.995837e-14  objective=-4.368743e+01  upper=-4.653254e+01  gap=-2.845106e+00  wall=0.000000e+00s  cpu=0.000000e+00s  provider=0  solves=0  iterations=0
  certificate  stage=STEP 5 LOCAL  major=54  attempt=246  accepted  reason=success  P rel.= 5.501859e-14  objective=-4.368743e+01  upper=-4.653254e+01  gap=-2.845106e+00  wall=0.000000e+00s  cpu=0.000000e+00s  provider=0  solves=0  iterations=0
  certificate  stage=STEP 5 LOCAL  major=54  attempt=247  accepted  reason=success  P rel.= 2.643191e-14  objective=-4.368743e+01  upper=-4.653254e+01  gap=-2.845106e+00  wall=0.000000e+00s  cpu=0.000000e+00s  provider=0  solves=0  iterations=0
  certificate  stage=STEP 5 LOCAL  major=54  attempt=248  accepted  reason=success  P rel.=-3.472151e-08  objective=-4.653254e+01  upper=-4.653254e+01  gap= 1.998757e-11  wall=0.000000e+00s  cpu=0.000000e+00s  provider=0  solves=0  iterations=0
  certificate  stage=STEP 5  complete  reason=step5_complete  wall=1.676925e-01s  cpu=1.676940e-01s  provider=142  solves=5  iterations=126

STEP 6
  certificate  stage=STEP 6  complete  reason=candidate_set  wall=1.884000e-05s  cpu=1.900000e-05s  provider=0  solves=0  iterations=0

STEP 8
  certificate  stage=STEP 8  complete  reason=unchanged_problem_67  wall=1.980000e-06s  cpu=1.000000e-06s  provider=0  solves=0  iterations=0

STEP 9
  certificate  stage=STEP 9  failed  objective=-4.653254e+01  upper=-4.653254e+01  gap=-5.293847e-07  wall=0.000000e+00s  cpu=0.000000e+00s  provider=0  solves=0  iterations=0
  certificate  stage=STEP 9  complete  reason=paper_potential_convergence_failed  wall=1.495951e-03s  cpu=1.497000e-03s  provider=2  solves=0  iterations=0

STEP 7
  certificate  stage=STEP 7  complete  reason=continue_stage_ii  wall=9.600000e-07s  cpu=1.000000e-06s  provider=0  solves=0  iterations=0

STEP 4
  STAGE II STEP 4  major=55  upper=-4.653254e+01  LP_primal= 8.413537e-11  LP_dual= 1.942890e-16  active_cuts=60  certified
  certificate  stage=STEP 4  complete  reason=step4_complete  wall=4.753280e-04s  cpu=4.760000e-04s  provider=0  solves=1  iterations=1

STEP 5
  certificate  stage=STEP 5 LOCAL  major=55  attempt=249  accepted  reason=success  P rel.= 4.639949e-14  objective=-4.368743e+01  upper=-4.653254e+01  gap=-2.845106e+00  wall=0.000000e+00s  cpu=0.000000e+00s  provider=0  solves=0  iterations=0
  certificate  stage=STEP 5 LOCAL  major=55  attempt=250  accepted  reason=success  P rel.= 4.654314e-14  objective=-4.368743e+01  upper=-4.653254e+01  gap=-2.845106e+00  wall=0.000000e+00s  cpu=0.000000e+00s  provider=0  solves=0  iterations=0
  certificate  stage=STEP 5 LOCAL  major=55  attempt=251  accepted  reason=success  P rel.= 2.442079e-14  objective=-4.368743e+01  upper=-4.653254e+01  gap=-2.845106e+00  wall=0.000000e+00s  cpu=0.000000e+00s  provider=0  solves=0  iterations=0
  certificate  stage=STEP 5 LOCAL  major=55  attempt=253  accepted  reason=success  P rel.= 6.483000e-13  objective=-4.368743e+01  upper=-4.653254e+01  gap=-2.845106e+00  wall=0.000000e+00s  cpu=0.000000e+00s  provider=0  solves=0  iterations=0
  certificate  stage=STEP 5 LOCAL  major=55  attempt=254  accepted  reason=success  P rel.=-1.096704e-09  objective=-4.653254e+01  upper=-4.653254e+01  gap= 8.412826e-11  wall=0.000000e+00s  cpu=0.000000e+00s  provider=0  solves=0  iterations=0
  certificate  stage=STEP 5  complete  reason=step5_complete  wall=1.363420e-01s  cpu=1.363160e-01s  provider=127  solves=6  iterations=117

STEP 6
  certificate  stage=STEP 6  complete  reason=candidate_set  wall=1.901000e-05s  cpu=1.900000e-05s  provider=0  solves=0  iterations=0

STEP 8
  certificate  stage=STEP 8  complete  reason=unchanged_problem_67  wall=2.310000e-06s  cpu=3.000000e-06s  provider=0  solves=0  iterations=0

STEP 9
  certificate  stage=STEP 9  failed  objective=-4.653254e+01  upper=-4.653254e+01  gap=-5.293847e-07  wall=0.000000e+00s  cpu=0.000000e+00s  provider=0  solves=0  iterations=0
  certificate  stage=STEP 9  complete  reason=paper_potential_convergence_failed  wall=1.681929e-03s  cpu=1.683000e-03s  provider=2  solves=0  iterations=0

STEP 7
  certificate  stage=STEP 7  complete  reason=continue_stage_ii  wall=1.080000e-06s  cpu=1.000000e-06s  provider=0  solves=0  iterations=0

STEP 4
  STAGE II STEP 4  major=56  upper=-4.653254e+01  LP_primal= 8.413537e-11  LP_dual= 1.942890e-16  active_cuts=61  certified
  certificate  stage=STEP 4  complete  reason=step4_complete  wall=4.933670e-04s  cpu=4.940000e-04s  provider=0  solves=1  iterations=1

STEP 5
  certificate  stage=STEP 5 LOCAL  major=56  attempt=255  accepted  reason=success  P rel.=-1.109480e-09  objective=-4.653254e+01  upper=-4.653254e+01  gap= 8.412115e-11  wall=0.000000e+00s  cpu=0.000000e+00s  provider=0  solves=0  iterations=0
  certificate  stage=STEP 5  complete  reason=step5_complete  wall=2.173324e-02s  cpu=2.173400e-02s  provider=21  solves=1  iterations=18

STEP 6
  certificate  stage=STEP 6  complete  reason=candidate_set  wall=1.781000e-05s  cpu=1.800000e-05s  provider=0  solves=0  iterations=0

STEP 8
  certificate  stage=STEP 8  complete  reason=unchanged_problem_67  wall=1.660000e-06s  cpu=2.000000e-06s  provider=0  solves=0  iterations=0

STEP 9
  certificate  stage=STEP 9  failed  objective=-4.653254e+01  upper=-4.653254e+01  gap=-5.293847e-07  wall=0.000000e+00s  cpu=0.000000e+00s  provider=0  solves=0  iterations=0
  certificate  stage=STEP 9  complete  reason=paper_potential_convergence_failed  wall=1.550191e-03s  cpu=1.551000e-03s  provider=2  solves=0  iterations=0

STEP 7
  certificate  stage=STEP 7  complete  reason=continue_stage_ii  wall=9.600000e-07s  cpu=1.000000e-06s  provider=0  solves=0  iterations=0

STEP 4
  STAGE II STEP 4  major=57  upper=-4.653254e+01  LP_primal= 8.413537e-11  LP_dual= 1.942890e-16  active_cuts=62  certified
  certificate  stage=STEP 4  complete  reason=step4_complete  wall=4.185470e-04s  cpu=4.190000e-04s  provider=0  solves=1  iterations=1

STEP 5
  certificate  stage=STEP 5 LOCAL  major=57  attempt=258  accepted  reason=success  P rel.= 2.643191e-14  objective=-4.368743e+01  upper=-4.653254e+01  gap=-2.845106e+00  wall=0.000000e+00s  cpu=0.000000e+00s  provider=0  solves=0  iterations=0
  certificate  stage=STEP 5 LOCAL  major=57  attempt=259  accepted  reason=success  P rel.= 4.639949e-14  objective=-4.368743e+01  upper=-4.653254e+01  gap=-2.845106e+00  wall=0.000000e+00s  cpu=0.000000e+00s  provider=0  solves=0  iterations=0
  certificate  stage=STEP 5 LOCAL  major=57  attempt=260  accepted  reason=success  P rel.=-1.420494e-09  objective=-4.653254e+01  upper=-4.653254e+01  gap= 8.413537e-11  wall=0.000000e+00s  cpu=0.000000e+00s  provider=0  solves=0  iterations=0
  certificate  stage=STEP 5  complete  reason=step5_complete  wall=8.639654e-02s  cpu=8.638500e-02s  provider=80  solves=5  iterations=71

STEP 6
  certificate  stage=STEP 6  complete  reason=candidate_set  wall=1.892000e-05s  cpu=1.900000e-05s  provider=0  solves=0  iterations=0

STEP 8
  certificate  stage=STEP 8  complete  reason=unchanged_problem_67  wall=2.110000e-06s  cpu=2.000000e-06s  provider=0  solves=0  iterations=0

STEP 9
  certificate  stage=STEP 9  failed  objective=-4.653254e+01  upper=-4.653254e+01  gap=-5.293847e-07  wall=0.000000e+00s  cpu=0.000000e+00s  provider=0  solves=0  iterations=0
  certificate  stage=STEP 9  complete  reason=paper_potential_convergence_failed  wall=1.522281e-03s  cpu=1.522000e-03s  provider=2  solves=0  iterations=0

STEP 7
  certificate  stage=STEP 7  complete  reason=continue_stage_ii  wall=1.000000e-06s  cpu=1.000000e-06s  provider=0  solves=0  iterations=0

STEP 4
  STAGE II STEP 4  major=58  upper=-4.653254e+01  LP_primal= 8.413537e-11  LP_dual= 1.942890e-16  active_cuts=63  certified
  certificate  stage=STEP 4  complete  reason=step4_complete  wall=4.759680e-04s  cpu=4.760000e-04s  provider=0  solves=1  iterations=1

STEP 5
  certificate  stage=STEP 5 LOCAL  major=58  attempt=261  accepted  reason=success  P rel.=-1.432424e-07  objective=-4.653254e+01  upper=-4.653254e+01  gap=-8.498091e-12  wall=0.000000e+00s  cpu=0.000000e+00s  provider=0  solves=0  iterations=0
  certificate  stage=STEP 5  complete  reason=step5_complete  wall=2.886527e-02s  cpu=2.886600e-02s  provider=26  solves=1  iterations=25

STEP 6
  certificate  stage=STEP 6  complete  reason=candidate_set  wall=1.973000e-05s  cpu=2.000000e-05s  provider=0  solves=0  iterations=0

STEP 8
  certificate  stage=STEP 8  complete  reason=unchanged_problem_67  wall=1.670000e-06s  cpu=2.000000e-06s  provider=0  solves=0  iterations=0

STEP 9
  certificate  stage=STEP 9  failed  objective=-4.653254e+01  upper=-4.653254e+01  gap=-5.293847e-07  wall=0.000000e+00s  cpu=0.000000e+00s  provider=0  solves=0  iterations=0
  certificate  stage=STEP 9  complete  reason=paper_potential_convergence_failed  wall=1.517710e-03s  cpu=1.518000e-03s  provider=2  solves=0  iterations=0

STEP 7
  certificate  stage=STEP 7  complete  reason=continue_stage_ii  wall=9.500000e-07s  cpu=1.000000e-06s  provider=0  solves=0  iterations=0

STEP 4
  STAGE II STEP 4  major=59  upper=-4.653254e+01  LP_primal= 8.469669e-11  LP_dual= 4.263256e-14  active_cuts=64  certified
  certificate  stage=STEP 4  complete  reason=step4_complete  wall=4.673870e-04s  cpu=4.670000e-04s  provider=0  solves=1  iterations=1

STEP 5
  certificate  stage=STEP 5 LOCAL  major=59  attempt=262  accepted  reason=success  P rel.= 3.077019e-13  objective=-4.368743e+01  upper=-4.653254e+01  gap=-2.845106e+00  wall=0.000000e+00s  cpu=0.000000e+00s  provider=0  solves=0  iterations=0
  certificate  stage=STEP 5 LOCAL  major=59  attempt=263  accepted  reason=success  P rel.= 5.315112e-14  objective=-4.368743e+01  upper=-4.653254e+01  gap=-2.845106e+00  wall=0.000000e+00s  cpu=0.000000e+00s  provider=0  solves=0  iterations=0
  certificate  stage=STEP 5 LOCAL  major=59  attempt=264  accepted  reason=success  P rel.= 6.220118e-14  objective=-4.368743e+01  upper=-4.653254e+01  gap=-2.845106e+00  wall=0.000000e+00s  cpu=0.000000e+00s  provider=0  solves=0  iterations=0
  certificate  stage=STEP 5 LOCAL  major=59  attempt=265  accepted  reason=success  P rel.= 5.315112e-14  objective=-4.368743e+01  upper=-4.653254e+01  gap=-2.845106e+00  wall=0.000000e+00s  cpu=0.000000e+00s  provider=0  solves=0  iterations=0
  certificate  stage=STEP 5 LOCAL  major=59  attempt=266  accepted  reason=success  P rel.= 6.220118e-14  objective=-4.368743e+01  upper=-4.653254e+01  gap=-2.845106e+00  wall=0.000000e+00s  cpu=0.000000e+00s  provider=0  solves=0  iterations=0
  certificate  stage=STEP 5 LOCAL  major=59  attempt=267  accepted  reason=success  P rel.= 6.852185e-14  objective=-4.368743e+01  upper=-4.653254e+01  gap=-2.845106e+00  wall=0.000000e+00s  cpu=0.000000e+00s  provider=0  solves=0  iterations=0
  certificate  stage=STEP 5 LOCAL  major=59  attempt=268  accepted  reason=success  P rel.= 4.711775e-14  objective=-4.368743e+01  upper=-4.653254e+01  gap=-2.845106e+00  wall=0.000000e+00s  cpu=0.000000e+00s  provider=0  solves=0  iterations=0
  certificate  stage=STEP 5 LOCAL  major=59  attempt=269  accepted  reason=success  P rel.= 5.631146e-14  objective=-4.368743e+01  upper=-4.653254e+01  gap=-2.845106e+00  wall=0.000000e+00s  cpu=0.000000e+00s  provider=0  solves=0  iterations=0
  certificate  stage=STEP 5 LOCAL  major=59  attempt=270  accepted  reason=success  P rel.=-1.093588e-09  objective=-4.653254e+01  upper=-4.653254e+01  gap= 8.468959e-11  wall=0.000000e+00s  cpu=0.000000e+00s  provider=0  solves=0  iterations=0
  certificate  stage=STEP 5  complete  reason=step5_complete  wall=2.555713e-01s  cpu=2.555580e-01s  provider=227  solves=9  iterations=210

STEP 6
  certificate  stage=STEP 6  complete  reason=candidate_set  wall=2.213000e-05s  cpu=2.200000e-05s  provider=0  solves=0  iterations=0

STEP 8
  certificate  stage=STEP 8  complete  reason=unchanged_problem_67  wall=2.410000e-06s  cpu=2.000000e-06s  provider=0  solves=0  iterations=0

STEP 9
  certificate  stage=STEP 9  failed  objective=-4.653254e+01  upper=-4.653254e+01  gap=-5.293846e-07  wall=0.000000e+00s  cpu=0.000000e+00s  provider=0  solves=0  iterations=0
  certificate  stage=STEP 9  complete  reason=paper_potential_convergence_failed  wall=2.350396e-03s  cpu=2.351000e-03s  provider=2  solves=0  iterations=0

STEP 7
  certificate  stage=STEP 7  complete  reason=continue_stage_ii  wall=1.260000e-06s  cpu=1.000000e-06s  provider=0  solves=0  iterations=0

STEP 4
  STAGE II STEP 4  major=60  upper=-4.653254e+01  LP_primal= 8.469669e-11  LP_dual= 4.263256e-14  active_cuts=65  certified
  certificate  stage=STEP 4  complete  reason=step4_complete  wall=5.596570e-04s  cpu=5.600000e-04s  provider=0  solves=1  iterations=1

STEP 5
  certificate  stage=STEP 5 LOCAL  major=60  attempt=271  accepted  reason=success  P rel.= 3.519466e-14  objective=-4.368743e+01  upper=-4.653254e+01  gap=-2.845106e+00  wall=0.000000e+00s  cpu=0.000000e+00s  provider=0  solves=0  iterations=0
  certificate  stage=STEP 5 LOCAL  major=60  attempt=272  accepted  reason=success  P rel.= 6.780359e-14  objective=-4.368743e+01  upper=-4.653254e+01  gap=-2.845106e+00  wall=0.000000e+00s  cpu=0.000000e+00s  provider=0  solves=0  iterations=0
  certificate  stage=STEP 5 LOCAL  major=60  attempt=273  accepted  reason=success  P rel.=-6.180202e-08  objective=-4.653254e+01  upper=-4.653254e+01  gap= 8.469669e-11  wall=0.000000e+00s  cpu=0.000000e+00s  provider=0  solves=0  iterations=0
  certificate  stage=STEP 5  complete  reason=step5_complete  wall=1.015034e-01s  cpu=1.014960e-01s  provider=76  solves=3  iterations=70

STEP 6
  certificate  stage=STEP 6  complete  reason=candidate_set  wall=2.352000e-05s  cpu=2.300000e-05s  provider=0  solves=0  iterations=0

STEP 8
  certificate  stage=STEP 8  complete  reason=unchanged_problem_67  wall=2.720000e-06s  cpu=3.000000e-06s  provider=0  solves=0  iterations=0

STEP 9
  certificate  stage=STEP 9  failed  objective=-4.653254e+01  upper=-4.653254e+01  gap=-5.293846e-07  wall=0.000000e+00s  cpu=0.000000e+00s  provider=0  solves=0  iterations=0
  certificate  stage=STEP 9  complete  reason=paper_potential_convergence_failed  wall=1.630400e-03s  cpu=1.631000e-03s  provider=2  solves=0  iterations=0

STEP 7
  certificate  stage=STEP 7  complete  reason=continue_stage_ii  wall=1.480000e-06s  cpu=2.000000e-06s  provider=0  solves=0  iterations=0

STEP 4
  STAGE II STEP 4  major=61  upper=-4.653254e+01  LP_primal= 8.469669e-11  LP_dual= 4.263256e-14  active_cuts=66  certified
  certificate  stage=STEP 4  complete  reason=step4_complete  wall=5.410570e-04s  cpu=5.410000e-04s  provider=0  solves=1  iterations=1

STEP 5
  certificate  stage=STEP 5 LOCAL  major=61  attempt=274  accepted  reason=success  P rel.= 4.884157e-14  objective=-4.368743e+01  upper=-4.653254e+01  gap=-2.845106e+00  wall=0.000000e+00s  cpu=0.000000e+00s  provider=0  solves=0  iterations=0
  certificate  stage=STEP 5 LOCAL  major=61  attempt=275  accepted  reason=success  P rel.= 4.410107e-14  objective=-4.368743e+01  upper=-4.653254e+01  gap=-2.845106e+00  wall=0.000000e+00s  cpu=0.000000e+00s  provider=0  solves=0  iterations=0
  certificate  stage=STEP 5 LOCAL  major=61  attempt=276  accepted  reason=success  P rel.=-1.105919e-09  objective=-4.653254e+01  upper=-4.653254e+01  gap= 8.468959e-11  wall=0.000000e+00s  cpu=0.000000e+00s  provider=0  solves=0  iterations=0
  certificate  stage=STEP 5  complete  reason=step5_complete  wall=9.258021e-02s  cpu=9.255500e-02s  provider=77  solves=3  iterations=70

STEP 6
  certificate  stage=STEP 6  complete  reason=candidate_set  wall=2.365000e-05s  cpu=2.400000e-05s  provider=0  solves=0  iterations=0

STEP 8
  certificate  stage=STEP 8  complete  reason=unchanged_problem_67  wall=2.270000e-06s  cpu=2.000000e-06s  provider=0  solves=0  iterations=0

STEP 9
  certificate  stage=STEP 9  failed  objective=-4.653254e+01  upper=-4.653254e+01  gap=-5.293846e-07  wall=0.000000e+00s  cpu=0.000000e+00s  provider=0  solves=0  iterations=0
  certificate  stage=STEP 9  complete  reason=paper_potential_convergence_failed  wall=2.023908e-03s  cpu=2.024000e-03s  provider=2  solves=0  iterations=0

STEP 7
  certificate  stage=STEP 7  complete  reason=continue_stage_ii  wall=1.180000e-06s  cpu=1.000000e-06s  provider=0  solves=0  iterations=0

STEP 4
  STAGE II STEP 4  major=62  upper=-4.653254e+01  LP_primal= 8.469669e-11  LP_dual= 4.263256e-14  active_cuts=67  certified
  certificate  stage=STEP 4  complete  reason=step4_complete  wall=5.842060e-04s  cpu=5.850000e-04s  provider=0  solves=1  iterations=1

STEP 5
  certificate  stage=STEP 5 LOCAL  major=62  attempt=277  accepted  reason=success  P rel.= 1.216730e-13  objective=-4.368743e+01  upper=-4.653254e+01  gap=-2.845106e+00  wall=0.000000e+00s  cpu=0.000000e+00s  provider=0  solves=0  iterations=0
  certificate  stage=STEP 5 LOCAL  major=62  attempt=278  accepted  reason=success  P rel.= 5.315112e-14  objective=-4.368743e+01  upper=-4.653254e+01  gap=-2.845106e+00  wall=0.000000e+00s  cpu=0.000000e+00s  provider=0  solves=0  iterations=0
  certificate  stage=STEP 5 LOCAL  major=62  attempt=279  accepted  reason=success  P rel.= 1.134848e-13  objective=-4.368743e+01  upper=-4.653254e+01  gap=-2.845106e+00  wall=0.000000e+00s  cpu=0.000000e+00s  provider=0  solves=0  iterations=0
  certificate  stage=STEP 5 LOCAL  major=62  attempt=280  accepted  reason=success  P rel.= 6.780359e-14  objective=-4.368743e+01  upper=-4.653254e+01  gap=-2.845106e+00  wall=0.000000e+00s  cpu=0.000000e+00s  provider=0  solves=0  iterations=0
  certificate  stage=STEP 5 LOCAL  major=62  attempt=281  accepted  reason=success  P rel.=-1.118916e-09  objective=-4.653254e+01  upper=-4.653254e+01  gap= 8.470380e-11  wall=0.000000e+00s  cpu=0.000000e+00s  provider=0  solves=0  iterations=0
  certificate  stage=STEP 5  complete  reason=step5_complete  wall=1.607131e-01s  cpu=1.606680e-01s  provider=127  solves=5  iterations=116

STEP 6
  certificate  stage=STEP 6  complete  reason=candidate_set  wall=2.288000e-05s  cpu=2.300000e-05s  provider=0  solves=0  iterations=0

STEP 8
  certificate  stage=STEP 8  complete  reason=unchanged_problem_67  wall=2.030000e-06s  cpu=2.000000e-06s  provider=0  solves=0  iterations=0

STEP 9
  certificate  stage=STEP 9  failed  objective=-4.653254e+01  upper=-4.653254e+01  gap=-5.293846e-07  wall=0.000000e+00s  cpu=0.000000e+00s  provider=0  solves=0  iterations=0
  certificate  stage=STEP 9  complete  reason=paper_potential_convergence_failed  wall=1.622600e-03s  cpu=1.623000e-03s  provider=2  solves=0  iterations=0

STEP 7
  certificate  stage=STEP 7  complete  reason=continue_stage_ii  wall=1.020000e-06s  cpu=1.000000e-06s  provider=0  solves=0  iterations=0

STEP 4
  STAGE II STEP 4  major=63  upper=-4.653254e+01  LP_primal= 8.470380e-11  LP_dual= 4.263256e-14  active_cuts=68  certified
  certificate  stage=STEP 4  complete  reason=step4_complete  wall=5.338470e-04s  cpu=5.340000e-04s  provider=0  solves=1  iterations=1

STEP 5
  certificate  stage=STEP 5 LOCAL  major=63  attempt=282  accepted  reason=success  P rel.=-1.100310e-09  objective=-4.653254e+01  upper=-4.653254e+01  gap= 8.468959e-11  wall=0.000000e+00s  cpu=0.000000e+00s  provider=0  solves=0  iterations=0
  certificate  stage=STEP 5  complete  reason=step5_complete  wall=2.503622e-02s  cpu=2.503700e-02s  provider=20  solves=1  iterations=19

STEP 6
  certificate  stage=STEP 6  complete  reason=candidate_set  wall=2.246000e-05s  cpu=2.200000e-05s  provider=0  solves=0  iterations=0

STEP 8
  certificate  stage=STEP 8  complete  reason=unchanged_problem_67  wall=2.010000e-06s  cpu=2.000000e-06s  provider=0  solves=0  iterations=0

STEP 9
  certificate  stage=STEP 9  failed  objective=-4.653254e+01  upper=-4.653254e+01  gap=-5.293846e-07  wall=0.000000e+00s  cpu=0.000000e+00s  provider=0  solves=0  iterations=0
  certificate  stage=STEP 9  complete  reason=paper_potential_convergence_failed  wall=1.617620e-03s  cpu=1.617000e-03s  provider=2  solves=0  iterations=0

STEP 7
  certificate  stage=STEP 7  complete  reason=continue_stage_ii  wall=1.000000e-06s  cpu=1.000000e-06s  provider=0  solves=0  iterations=0

STEP 4
  STAGE II STEP 4  major=64  upper=-4.653254e+01  LP_primal= 8.470380e-11  LP_dual= 4.263256e-14  active_cuts=69  certified
  certificate  stage=STEP 4  complete  reason=step4_complete  wall=4.925070e-04s  cpu=4.930000e-04s  provider=0  solves=1  iterations=1

STEP 5
  certificate  stage=STEP 5 LOCAL  major=64  attempt=283  accepted  reason=success  P rel.= 6.765994e-14  objective=-4.368743e+01  upper=-4.653254e+01  gap=-2.845106e+00  wall=0.000000e+00s  cpu=0.000000e+00s  provider=0  solves=0  iterations=0
  certificate  stage=STEP 5 LOCAL  major=64  attempt=284  accepted  reason=success  P rel.=-1.105963e-09  objective=-4.653254e+01  upper=-4.653254e+01  gap= 8.468959e-11  wall=0.000000e+00s  cpu=0.000000e+00s  provider=0  solves=0  iterations=0
  certificate  stage=STEP 5  complete  reason=step5_complete  wall=6.567112e-02s  cpu=6.566400e-02s  provider=50  solves=2  iterations=43

STEP 6
  certificate  stage=STEP 6  complete  reason=candidate_set  wall=2.109000e-05s  cpu=2.100000e-05s  provider=0  solves=0  iterations=0

STEP 8
  certificate  stage=STEP 8  complete  reason=unchanged_problem_67  wall=2.160000e-06s  cpu=2.000000e-06s  provider=0  solves=0  iterations=0

STEP 9
  certificate  stage=STEP 9  failed  objective=-4.653254e+01  upper=-4.653254e+01  gap=-5.293846e-07  wall=0.000000e+00s  cpu=0.000000e+00s  provider=0  solves=0  iterations=0
  certificate  stage=STEP 9  complete  reason=paper_potential_convergence_failed  wall=1.750439e-03s  cpu=1.751000e-03s  provider=2  solves=0  iterations=0

STEP 7
  certificate  stage=STEP 7  complete  reason=continue_stage_ii  wall=1.010000e-06s  cpu=1.000000e-06s  provider=0  solves=0  iterations=0

STEP 4
  STAGE II STEP 4  major=65  upper=-4.653254e+01  LP_primal= 8.470380e-11  LP_dual= 4.263256e-14  active_cuts=70  certified
  certificate  stage=STEP 4  complete  reason=step4_complete  wall=5.231070e-04s  cpu=5.240000e-04s  provider=0  solves=1  iterations=1

STEP 5
  certificate  stage=STEP 5 LOCAL  major=65  attempt=285  accepted  reason=success  P rel.=-1.108990e-09  objective=-4.653254e+01  upper=-4.653254e+01  gap= 8.468959e-11  wall=0.000000e+00s  cpu=0.000000e+00s  provider=0  solves=0  iterations=0
  certificate  stage=STEP 5  complete  reason=step5_complete  wall=3.071168e-02s  cpu=3.071300e-02s  provider=24  solves=1  iterations=21

STEP 6
  certificate  stage=STEP 6  complete  reason=candidate_set  wall=3.574000e-05s  cpu=3.500000e-05s  provider=0  solves=0  iterations=0

STEP 8
  certificate  stage=STEP 8  complete  reason=unchanged_problem_67  wall=2.300000e-06s  cpu=2.000000e-06s  provider=0  solves=0  iterations=0

STEP 9
  certificate  stage=STEP 9  failed  objective=-4.653254e+01  upper=-4.653254e+01  gap=-5.293846e-07  wall=0.000000e+00s  cpu=0.000000e+00s  provider=0  solves=0  iterations=0
  certificate  stage=STEP 9  complete  reason=paper_potential_convergence_failed  wall=1.644110e-03s  cpu=1.645000e-03s  provider=2  solves=0  iterations=0

STEP 7
  certificate  stage=STEP 7  complete  reason=continue_stage_ii  wall=1.140000e-06s  cpu=1.000000e-06s  provider=0  solves=0  iterations=0

STEP 4
  STAGE II STEP 4  major=66  upper=-4.653254e+01  LP_primal= 8.470380e-11  LP_dual= 4.263256e-14  active_cuts=71  certified
  certificate  stage=STEP 4  complete  reason=step4_complete  wall=5.292770e-04s  cpu=5.300000e-04s  provider=0  solves=1  iterations=1

STEP 5
  certificate  stage=STEP 5 LOCAL  major=66  attempt=287  accepted  reason=success  P rel.= 3.029614e-13  objective=-4.368743e+01  upper=-4.653254e+01  gap=-2.845106e+00  wall=0.000000e+00s  cpu=0.000000e+00s  provider=0  solves=0  iterations=0
  certificate  stage=STEP 5 LOCAL  major=66  attempt=288  accepted  reason=success  P rel.=-1.105295e-09  objective=-4.653254e+01  upper=-4.653254e+01  gap= 8.469669e-11  wall=0.000000e+00s  cpu=0.000000e+00s  provider=0  solves=0  iterations=0
  certificate  stage=STEP 5  complete  reason=step5_complete  wall=8.053834e-02s  cpu=8.038300e-02s  provider=51  solves=3  iterations=46

STEP 6
  certificate  stage=STEP 6  complete  reason=candidate_set  wall=4.541900e-05s  cpu=4.500000e-05s  provider=0  solves=0  iterations=0

STEP 8
  certificate  stage=STEP 8  complete  reason=unchanged_problem_67  wall=3.170000e-06s  cpu=3.000000e-06s  provider=0  solves=0  iterations=0

STEP 9
  certificate  stage=STEP 9  failed  objective=-4.653254e+01  upper=-4.653254e+01  gap=-5.293846e-07  wall=0.000000e+00s  cpu=0.000000e+00s  provider=0  solves=0  iterations=0
  certificate  stage=STEP 9  complete  reason=paper_potential_convergence_failed  wall=2.663463e-03s  cpu=2.643000e-03s  provider=2  solves=0  iterations=0

STEP 7
  certificate  stage=STEP 7  complete  reason=continue_stage_ii  wall=2.130000e-06s  cpu=2.000000e-06s  provider=0  solves=0  iterations=0

STEP 4
  STAGE II STEP 4  major=67  upper=-4.653254e+01  LP_primal= 8.470380e-11  LP_dual= 4.263256e-14  active_cuts=72  certified
  certificate  stage=STEP 4  complete  reason=step4_complete  wall=8.069250e-04s  cpu=8.070000e-04s  provider=0  solves=1  iterations=1

STEP 5
  certificate  stage=STEP 5 LOCAL  major=67  attempt=289  accepted  reason=success  P rel.= 3.964786e-14  objective=-4.368743e+01  upper=-4.653254e+01  gap=-2.845106e+00  wall=0.000000e+00s  cpu=0.000000e+00s  provider=0  solves=0  iterations=0
  certificate  stage=STEP 5 LOCAL  major=67  attempt=290  accepted  reason=success  P rel.= 6.220118e-14  objective=-4.368743e+01  upper=-4.653254e+01  gap=-2.845106e+00  wall=0.000000e+00s  cpu=0.000000e+00s  provider=0  solves=0  iterations=0
  certificate  stage=STEP 5 LOCAL  major=67  attempt=291  accepted  reason=success  P rel.=-1.108990e-09  objective=-4.653254e+01  upper=-4.653254e+01  gap= 8.469669e-11  wall=0.000000e+00s  cpu=0.000000e+00s  provider=0  solves=0  iterations=0
  certificate  stage=STEP 5  complete  reason=step5_complete  wall=8.895369e-02s  cpu=8.894500e-02s  provider=74  solves=3  iterations=67

STEP 6
  certificate  stage=STEP 6  complete  reason=candidate_set  wall=2.846000e-05s  cpu=2.800000e-05s  provider=0  solves=0  iterations=0

STEP 8
  certificate  stage=STEP 8  complete  reason=unchanged_problem_67  wall=3.230000e-06s  cpu=3.000000e-06s  provider=0  solves=0  iterations=0

STEP 9
  certificate  stage=STEP 9  failed  objective=-4.653254e+01  upper=-4.653254e+01  gap=-5.293846e-07  wall=0.000000e+00s  cpu=0.000000e+00s  provider=0  solves=0  iterations=0
  certificate  stage=STEP 9  complete  reason=paper_potential_convergence_failed  wall=2.069597e-03s  cpu=2.070000e-03s  provider=2  solves=0  iterations=0

STEP 7
  certificate  stage=STEP 7  complete  reason=continue_stage_ii  wall=1.990000e-06s  cpu=1.000000e-06s  provider=0  solves=0  iterations=0

STEP 4
  STAGE II STEP 4  major=68  upper=-4.653254e+01  LP_primal= 8.470380e-11  LP_dual= 4.263256e-14  active_cuts=73  certified
  certificate  stage=STEP 4  complete  reason=step4_complete  wall=7.746960e-04s  cpu=7.750000e-04s  provider=0  solves=1  iterations=1

STEP 5
  certificate  stage=STEP 5 LOCAL  major=68  attempt=292  accepted  reason=success  P rel.= 3.964786e-14  objective=-4.368743e+01  upper=-4.653254e+01  gap=-2.845106e+00  wall=0.000000e+00s  cpu=0.000000e+00s  provider=0  solves=0  iterations=0
  certificate  stage=STEP 5 LOCAL  major=68  attempt=293  accepted  reason=success  P rel.=-1.106453e-09  objective=-4.653254e+01  upper=-4.653254e+01  gap= 8.468959e-11  wall=0.000000e+00s  cpu=0.000000e+00s  provider=0  solves=0  iterations=0
  certificate  stage=STEP 5  complete  reason=step5_complete  wall=5.370578e-02s  cpu=5.370700e-02s  provider=47  solves=2  iterations=45

STEP 6
  certificate  stage=STEP 6  complete  reason=candidate_set  wall=2.380000e-05s  cpu=2.400000e-05s  provider=0  solves=0  iterations=0

STEP 8
  certificate  stage=STEP 8  complete  reason=unchanged_problem_67  wall=2.010000e-06s  cpu=2.000000e-06s  provider=0  solves=0  iterations=0

STEP 9
  certificate  stage=STEP 9  failed  objective=-4.653254e+01  upper=-4.653254e+01  gap=-5.293846e-07  wall=0.000000e+00s  cpu=0.000000e+00s  provider=0  solves=0  iterations=0
  certificate  stage=STEP 9  complete  reason=paper_potential_convergence_failed  wall=1.504591e-03s  cpu=1.505000e-03s  provider=2  solves=0  iterations=0

STEP 7
  certificate  stage=STEP 7  complete  reason=continue_stage_ii  wall=1.000000e-06s  cpu=1.000000e-06s  provider=0  solves=0  iterations=0

STEP 4
  STAGE II STEP 4  major=69  upper=-4.653254e+01  LP_primal= 8.470380e-11  LP_dual= 4.263256e-14  active_cuts=74  certified
  certificate  stage=STEP 4  complete  reason=step4_complete  wall=5.515770e-04s  cpu=5.520000e-04s  provider=0  solves=1  iterations=1

STEP 5
  certificate  stage=STEP 5 LOCAL  major=69  attempt=294  accepted  reason=success  P rel.= 1.261262e-13  objective=-4.368743e+01  upper=-4.653254e+01  gap=-2.845106e+00  wall=0.000000e+00s  cpu=0.000000e+00s  provider=0  solves=0  iterations=0
  certificate  stage=STEP 5 LOCAL  major=69  attempt=295  accepted  reason=success  P rel.=-3.463907e-08  objective=-4.653254e+01  upper=-4.653254e+01  gap= 1.998757e-11  wall=0.000000e+00s  cpu=0.000000e+00s  provider=0  solves=0  iterations=0
  certificate  stage=STEP 5  complete  reason=step5_complete  wall=6.184438e-02s  cpu=6.181600e-02s  provider=53  solves=2  iterations=51

STEP 6
  certificate  stage=STEP 6  complete  reason=candidate_set  wall=2.429000e-05s  cpu=2.500000e-05s  provider=0  solves=0  iterations=0

STEP 8
  certificate  stage=STEP 8  complete  reason=unchanged_problem_67  wall=2.140000e-06s  cpu=2.000000e-06s  provider=0  solves=0  iterations=0

STEP 9
  certificate  stage=STEP 9  failed  objective=-4.653254e+01  upper=-4.653254e+01  gap=-5.293846e-07  wall=0.000000e+00s  cpu=0.000000e+00s  provider=0  solves=0  iterations=0
  certificate  stage=STEP 9  complete  reason=paper_potential_convergence_failed  wall=1.534681e-03s  cpu=1.535000e-03s  provider=2  solves=0  iterations=0

STEP 7
  certificate  stage=STEP 7  complete  reason=continue_stage_ii  wall=1.110000e-06s  cpu=1.000000e-06s  provider=0  solves=0  iterations=0

STEP 4
  STAGE II STEP 4  major=70  upper=-4.653254e+01  LP_primal= 8.470380e-11  LP_dual= 4.263256e-14  active_cuts=75  certified
  certificate  stage=STEP 4  complete  reason=step4_complete  wall=5.385260e-04s  cpu=5.390000e-04s  provider=0  solves=1  iterations=1

STEP 5
  certificate  stage=STEP 5 LOCAL  major=70  attempt=297  accepted  reason=success  P rel.= 4.954546e-13  objective=-4.368743e+01  upper=-4.653254e+01  gap=-2.845106e+00  wall=0.000000e+00s  cpu=0.000000e+00s  provider=0  solves=0  iterations=0
  certificate  stage=STEP 5 LOCAL  major=70  attempt=298  accepted  reason=success  P rel.= 3.519466e-14  objective=-4.368743e+01  upper=-4.653254e+01  gap=-2.845106e+00  wall=0.000000e+00s  cpu=0.000000e+00s  provider=0  solves=0  iterations=0
  certificate  stage=STEP 5 LOCAL  major=70  attempt=299  accepted  reason=success  P rel.=-1.103648e-09  objective=-4.653254e+01  upper=-4.653254e+01  gap= 8.468959e-11  wall=0.000000e+00s  cpu=0.000000e+00s  provider=0  solves=0  iterations=0
  certificate  stage=STEP 5  complete  reason=step5_complete  wall=7.605073e-02s  cpu=7.601200e-02s  provider=72  solves=4  iterations=65

STEP 6
  certificate  stage=STEP 6  complete  reason=candidate_set  wall=2.290000e-05s  cpu=2.300000e-05s  provider=0  solves=0  iterations=0

STEP 8
  certificate  stage=STEP 8  complete  reason=unchanged_problem_67  wall=2.110000e-06s  cpu=2.000000e-06s  provider=0  solves=0  iterations=0

STEP 9
  certificate  stage=STEP 9  failed  objective=-4.653254e+01  upper=-4.653254e+01  gap=-5.293846e-07  wall=0.000000e+00s  cpu=0.000000e+00s  provider=0  solves=0  iterations=0
  certificate  stage=STEP 9  complete  reason=paper_potential_convergence_failed  wall=1.550951e-03s  cpu=1.551000e-03s  provider=2  solves=0  iterations=0

STEP 7
  certificate  stage=STEP 7  complete  reason=continue_stage_ii  wall=1.140000e-06s  cpu=1.000000e-06s  provider=0  solves=0  iterations=0

STEP 4
  STAGE II STEP 4  major=71  upper=-4.653254e+01  LP_primal= 8.470380e-11  LP_dual= 4.263256e-14  active_cuts=76  certified
  certificate  stage=STEP 4  complete  reason=step4_complete  wall=6.095860e-04s  cpu=6.100000e-04s  provider=0  solves=1  iterations=1

STEP 5
  certificate  stage=STEP 5 LOCAL  major=71  attempt=300  accepted  reason=success  P rel.= 6.852185e-14  objective=-4.368743e+01  upper=-4.653254e+01  gap=-2.845106e+00  wall=0.000000e+00s  cpu=0.000000e+00s  provider=0  solves=0  iterations=0
  certificate  stage=STEP 5 LOCAL  major=71  attempt=301  accepted  reason=success  P rel.= 4.410107e-14  objective=-4.368743e+01  upper=-4.653254e+01  gap=-2.845106e+00  wall=0.000000e+00s  cpu=0.000000e+00s  provider=0  solves=0  iterations=0
  certificate  stage=STEP 5 LOCAL  major=71  attempt=302  accepted  reason=success  P rel.= 7.153854e-14  objective=-4.368743e+01  upper=-4.653254e+01  gap=-2.845106e+00  wall=0.000000e+00s  cpu=0.000000e+00s  provider=0  solves=0  iterations=0
  certificate  stage=STEP 5 LOCAL  major=71  attempt=304  accepted  reason=success  P rel.= 5.717337e-14  objective=-4.368743e+01  upper=-4.653254e+01  gap=-2.845106e+00  wall=0.000000e+00s  cpu=0.000000e+00s  provider=0  solves=0  iterations=0
  certificate  stage=STEP 5 LOCAL  major=71  attempt=305  accepted  reason=success  P rel.= 5.803528e-14  objective=-4.368743e+01  upper=-4.653254e+01  gap=-2.845106e+00  wall=0.000000e+00s  cpu=0.000000e+00s  provider=0  solves=0  iterations=0
  certificate  stage=STEP 5 LOCAL  major=71  attempt=307  accepted  reason=success  P rel.=-1.094612e-09  objective=-4.653254e+01  upper=-4.653254e+01  gap= 8.469669e-11  wall=0.000000e+00s  cpu=0.000000e+00s  provider=0  solves=0  iterations=0
  certificate  stage=STEP 5  complete  reason=step5_complete  wall=1.728884e-01s  cpu=1.728530e-01s  provider=161  solves=8  iterations=142

STEP 6
  certificate  stage=STEP 6  complete  reason=candidate_set  wall=2.351000e-05s  cpu=2.400000e-05s  provider=0  solves=0  iterations=0

STEP 8
  certificate  stage=STEP 8  complete  reason=unchanged_problem_67  wall=1.860000e-06s  cpu=2.000000e-06s  provider=0  solves=0  iterations=0

STEP 9
  certificate  stage=STEP 9  failed  objective=-4.653254e+01  upper=-4.653254e+01  gap=-5.293846e-07  wall=0.000000e+00s  cpu=0.000000e+00s  provider=0  solves=0  iterations=0
  certificate  stage=STEP 9  complete  reason=paper_potential_convergence_failed  wall=1.555360e-03s  cpu=1.556000e-03s  provider=2  solves=0  iterations=0

STEP 7
  certificate  stage=STEP 7  complete  reason=continue_stage_ii  wall=1.150000e-06s  cpu=1.000000e-06s  provider=0  solves=0  iterations=0

STEP 4
  STAGE II STEP 4  major=72  upper=-4.653254e+01  LP_primal= 8.470380e-11  LP_dual= 4.263256e-14  active_cuts=77  certified
  certificate  stage=STEP 4  complete  reason=step4_complete  wall=5.288470e-04s  cpu=5.290000e-04s  provider=0  solves=1  iterations=1

STEP 5
  certificate  stage=STEP 5 LOCAL  major=72  attempt=308  accepted  reason=success  P rel.= 6.148292e-14  objective=-4.368743e+01  upper=-4.653254e+01  gap=-2.845106e+00  wall=0.000000e+00s  cpu=0.000000e+00s  provider=0  solves=0  iterations=0
  certificate  stage=STEP 5 LOCAL  major=72  attempt=309  accepted  reason=success  P rel.= 4.410107e-14  objective=-4.368743e+01  upper=-4.653254e+01  gap=-2.845106e+00  wall=0.000000e+00s  cpu=0.000000e+00s  provider=0  solves=0  iterations=0
  certificate  stage=STEP 5 LOCAL  major=72  attempt=310  accepted  reason=success  P rel.= 6.694168e-14  objective=-4.368743e+01  upper=-4.653254e+01  gap=-2.845106e+00  wall=0.000000e+00s  cpu=0.000000e+00s  provider=0  solves=0  iterations=0
  certificate  stage=STEP 5 LOCAL  major=72  attempt=311  accepted  reason=success  P rel.= 3.519466e-14  objective=-4.368743e+01  upper=-4.653254e+01  gap=-2.845106e+00  wall=0.000000e+00s  cpu=0.000000e+00s  provider=0  solves=0  iterations=0
  certificate  stage=STEP 5 LOCAL  major=72  attempt=312  accepted  reason=success  P rel.= 5.315112e-14  objective=-4.368743e+01  upper=-4.653254e+01  gap=-2.845106e+00  wall=0.000000e+00s  cpu=0.000000e+00s  provider=0  solves=0  iterations=0
  certificate  stage=STEP 5 LOCAL  major=72  attempt=313  accepted  reason=success  P rel.=-1.096749e-09  objective=-4.653254e+01  upper=-4.653254e+01  gap= 8.470380e-11  wall=0.000000e+00s  cpu=0.000000e+00s  provider=0  solves=0  iterations=0
  certificate  stage=STEP 5  complete  reason=step5_complete  wall=1.850840e-01s  cpu=1.847400e-01s  provider=149  solves=6  iterations=138

STEP 6
  certificate  stage=STEP 6  complete  reason=candidate_set  wall=4.220000e-05s  cpu=4.200000e-05s  provider=0  solves=0  iterations=0

STEP 8
  certificate  stage=STEP 8  complete  reason=unchanged_problem_67  wall=3.390000e-06s  cpu=3.000000e-06s  provider=0  solves=0  iterations=0

STEP 9
  certificate  stage=STEP 9  failed  objective=-4.653254e+01  upper=-4.653254e+01  gap=-5.293846e-07  wall=0.000000e+00s  cpu=0.000000e+00s  provider=0  solves=0  iterations=0
  certificate  stage=STEP 9  complete  reason=paper_potential_convergence_failed  wall=2.455295e-03s  cpu=2.456000e-03s  provider=2  solves=0  iterations=0

STEP 7
  certificate  stage=STEP 7  complete  reason=continue_stage_ii  wall=1.610000e-06s  cpu=1.000000e-06s  provider=0  solves=0  iterations=0

STEP 4
  STAGE II STEP 4  major=73  upper=-4.653254e+01  LP_primal= 8.470380e-11  LP_dual= 4.263256e-14  active_cuts=78  certified
  certificate  stage=STEP 4  complete  reason=step4_complete  wall=9.703540e-04s  cpu=8.630000e-04s  provider=0  solves=1  iterations=1

STEP 5
  certificate  stage=STEP 5 LOCAL  major=73  attempt=314  accepted  reason=success  P rel.= 5.315112e-14  objective=-4.368743e+01  upper=-4.653254e+01  gap=-2.845106e+00  wall=0.000000e+00s  cpu=0.000000e+00s  provider=0  solves=0  iterations=0
  certificate  stage=STEP 5 LOCAL  major=73  attempt=315  accepted  reason=success  P rel.= 3.519466e-14  objective=-4.368743e+01  upper=-4.653254e+01  gap=-2.845106e+00  wall=0.000000e+00s  cpu=0.000000e+00s  provider=0  solves=0  iterations=0
  certificate  stage=STEP 5 LOCAL  major=73  attempt=316  accepted  reason=success  P rel.= 5.315112e-14  objective=-4.368743e+01  upper=-4.653254e+01  gap=-2.845106e+00  wall=0.000000e+00s  cpu=0.000000e+00s  provider=0  solves=0  iterations=0
  certificate  stage=STEP 5 LOCAL  major=73  attempt=317  accepted  reason=success  P rel.= 7.857747e-14  objective=-4.368743e+01  upper=-4.653254e+01  gap=-2.845106e+00  wall=0.000000e+00s  cpu=0.000000e+00s  provider=0  solves=0  iterations=0
  certificate  stage=STEP 5 LOCAL  major=73  attempt=318  accepted  reason=success  P rel.= 6.765994e-14  objective=-4.368743e+01  upper=-4.653254e+01  gap=-2.845106e+00  wall=0.000000e+00s  cpu=0.000000e+00s  provider=0  solves=0  iterations=0
  certificate  stage=STEP 5 LOCAL  major=73  attempt=319  accepted  reason=success  P rel.= 5.315112e-14  objective=-4.368743e+01  upper=-4.653254e+01  gap=-2.845106e+00  wall=0.000000e+00s  cpu=0.000000e+00s  provider=0  solves=0  iterations=0
  certificate  stage=STEP 5 LOCAL  major=73  attempt=320  accepted  reason=success  P rel.= 6.765994e-14  objective=-4.368743e+01  upper=-4.653254e+01  gap=-2.845106e+00  wall=0.000000e+00s  cpu=0.000000e+00s  provider=0  solves=0  iterations=0
  certificate  stage=STEP 5 LOCAL  major=73  attempt=321  accepted  reason=success  P rel.= 5.579431e-13  objective=-4.368743e+01  upper=-4.653254e+01  gap=-2.845106e+00  wall=0.000000e+00s  cpu=0.000000e+00s  provider=0  solves=0  iterations=0
  certificate  stage=STEP 5 LOCAL  major=73  attempt=322  accepted  reason=success  P rel.= 6.320674e-14  objective=-4.368743e+01  upper=-4.653254e+01  gap=-2.845106e+00  wall=0.000000e+00s  cpu=0.000000e+00s  provider=0  solves=0  iterations=0
  certificate  stage=STEP 5 LOCAL  major=73  attempt=323  accepted  reason=success  P rel.= 6.852185e-14  objective=-4.368743e+01  upper=-4.653254e+01  gap=-2.845106e+00  wall=0.000000e+00s  cpu=0.000000e+00s  provider=0  solves=0  iterations=0
  certificate  stage=STEP 5 LOCAL  major=73  attempt=324  accepted  reason=success  P rel.=-1.106586e-09  objective=-4.653254e+01  upper=-4.653254e+01  gap= 8.469669e-11  wall=0.000000e+00s  cpu=0.000000e+00s  provider=0  solves=0  iterations=0
  certificate  stage=STEP 5  complete  reason=step5_complete  wall=4.389642e-01s  cpu=4.359120e-01s  provider=280  solves=11  iterations=254

STEP 6
  certificate  stage=STEP 6  complete  reason=candidate_set  wall=2.819000e-05s  cpu=2.800000e-05s  provider=0  solves=0  iterations=0

STEP 8
  certificate  stage=STEP 8  complete  reason=unchanged_problem_67  wall=2.110000e-06s  cpu=2.000000e-06s  provider=0  solves=0  iterations=0

STEP 9
  certificate  stage=STEP 9  failed  objective=-4.653254e+01  upper=-4.653254e+01  gap=-5.293846e-07  wall=0.000000e+00s  cpu=0.000000e+00s  provider=0  solves=0  iterations=0
  certificate  stage=STEP 9  complete  reason=paper_potential_convergence_failed  wall=1.626690e-03s  cpu=1.623000e-03s  provider=2  solves=0  iterations=0

STEP 7
  certificate  stage=STEP 7  complete  reason=continue_stage_ii  wall=1.870000e-06s  cpu=1.000000e-06s  provider=0  solves=0  iterations=0

STEP 4
  STAGE II STEP 4  major=74  upper=-4.653254e+01  LP_primal= 8.470380e-11  LP_dual= 4.263256e-14  active_cuts=79  certified
  certificate  stage=STEP 4  complete  reason=step4_complete  wall=5.735770e-04s  cpu=5.740000e-04s  provider=0  solves=1  iterations=1

STEP 5
  certificate  stage=STEP 5 LOCAL  major=74  attempt=325  accepted  reason=success  P rel.= 7.656635e-14  objective=-4.368743e+01  upper=-4.653254e+01  gap=-2.845106e+00  wall=0.000000e+00s  cpu=0.000000e+00s  provider=0  solves=0  iterations=0
  certificate  stage=STEP 5 LOCAL  major=74  attempt=326  accepted  reason=success  P rel.= 6.780359e-14  objective=-4.368743e+01  upper=-4.653254e+01  gap=-2.845106e+00  wall=0.000000e+00s  cpu=0.000000e+00s  provider=0  solves=0  iterations=0
  certificate  stage=STEP 5 LOCAL  major=74  attempt=327  accepted  reason=success  P rel.=-1.107343e-09  objective=-4.653254e+01  upper=-4.653254e+01  gap= 8.470380e-11  wall=0.000000e+00s  cpu=0.000000e+00s  provider=0  solves=0  iterations=0
  certificate  stage=STEP 5  complete  reason=step5_complete  wall=1.088746e-01s  cpu=1.084580e-01s  provider=75  solves=3  iterations=67

STEP 6
  certificate  stage=STEP 6  complete  reason=candidate_set  wall=3.360000e-05s  cpu=3.400000e-05s  provider=0  solves=0  iterations=0

STEP 8
  certificate  stage=STEP 8  complete  reason=unchanged_problem_67  wall=3.510000e-06s  cpu=3.000000e-06s  provider=0  solves=0  iterations=0

STEP 9
  certificate  stage=STEP 9  failed  objective=-4.653254e+01  upper=-4.653254e+01  gap=-5.293846e-07  wall=0.000000e+00s  cpu=0.000000e+00s  provider=0  solves=0  iterations=0
  certificate  stage=STEP 9  complete  reason=paper_potential_convergence_failed  wall=1.964878e-03s  cpu=1.965000e-03s  provider=2  solves=0  iterations=0

STEP 7
  certificate  stage=STEP 7  complete  reason=continue_stage_ii  wall=2.360000e-06s  cpu=2.000000e-06s  provider=0  solves=0  iterations=0

STEP 4
  STAGE II STEP 4  major=75  upper=-4.653254e+01  LP_primal= 8.470380e-11  LP_dual= 4.263256e-14  active_cuts=80  certified
  certificate  stage=STEP 4  complete  reason=step4_complete  wall=8.947940e-04s  cpu=8.950000e-04s  provider=0  solves=1  iterations=1

STEP 5
  certificate  stage=STEP 5 LOCAL  major=75  attempt=328  accepted  reason=success  P rel.=-8.737767e-09  objective=-4.653254e+01  upper=-4.653254e+01  gap= 8.469669e-11  wall=0.000000e+00s  cpu=0.000000e+00s  provider=0  solves=0  iterations=0
  certificate  stage=STEP 5  complete  reason=step5_complete  wall=3.006996e-02s  cpu=3.005000e-02s  provider=24  solves=1  iterations=21

STEP 6
  certificate  stage=STEP 6  complete  reason=candidate_set  wall=2.696900e-05s  cpu=2.700000e-05s  provider=0  solves=0  iterations=0

STEP 8
  certificate  stage=STEP 8  complete  reason=unchanged_problem_67  wall=2.110000e-06s  cpu=2.000000e-06s  provider=0  solves=0  iterations=0

STEP 9
  certificate  stage=STEP 9  failed  objective=-4.653254e+01  upper=-4.653254e+01  gap=-5.293846e-07  wall=0.000000e+00s  cpu=0.000000e+00s  provider=0  solves=0  iterations=0
  certificate  stage=STEP 9  complete  reason=paper_potential_convergence_failed  wall=1.634110e-03s  cpu=1.611000e-03s  provider=2  solves=0  iterations=0

STEP 7
  certificate  stage=STEP 7  complete  reason=continue_stage_ii  wall=2.270000e-06s  cpu=1.000000e-06s  provider=0  solves=0  iterations=0

STEP 4
  STAGE II STEP 4  major=76  upper=-4.653254e+01  LP_primal= 5.658052e-11  LP_dual= 2.789435e-14  active_cuts=81  certified
  certificate  stage=STEP 4  complete  reason=step4_complete  wall=6.561260e-04s  cpu=6.570000e-04s  provider=0  solves=1  iterations=1

STEP 5
  certificate  stage=STEP 5 LOCAL  major=76  attempt=329  accepted  reason=success  P rel.= 4.065343e-14  objective=-4.368743e+01  upper=-4.653254e+01  gap=-2.845106e+00  wall=0.000000e+00s  cpu=0.000000e+00s  provider=0  solves=0  iterations=0
  certificate  stage=STEP 5 LOCAL  major=76  attempt=330  accepted  reason=success  P rel.= 2.743747e-14  objective=-4.368743e+01  upper=-4.653254e+01  gap=-2.845106e+00  wall=0.000000e+00s  cpu=0.000000e+00s  provider=0  solves=0  iterations=0
  certificate  stage=STEP 5 LOCAL  major=76  attempt=331  accepted  reason=success  P rel.= 7.153854e-14  objective=-4.368743e+01  upper=-4.653254e+01  gap=-2.845106e+00  wall=0.000000e+00s  cpu=0.000000e+00s  provider=0  solves=0  iterations=0
  certificate  stage=STEP 5 LOCAL  major=76  attempt=332  accepted  reason=success  P rel.= 1.883274e-13  objective=-4.368743e+01  upper=-4.653254e+01  gap=-2.845106e+00  wall=0.000000e+00s  cpu=0.000000e+00s  provider=0  solves=0  iterations=0
  certificate  stage=STEP 5 LOCAL  major=76  attempt=333  accepted  reason=success  P rel.= 2.973590e-14  objective=-4.368743e+01  upper=-4.653254e+01  gap=-2.845106e+00  wall=0.000000e+00s  cpu=0.000000e+00s  provider=0  solves=0  iterations=0
  certificate  stage=STEP 5 LOCAL  major=76  attempt=334  accepted  reason=success  P rel.= 2.107370e-13  objective=-4.368743e+01  upper=-4.653254e+01  gap=-2.845106e+00  wall=0.000000e+00s  cpu=0.000000e+00s  provider=0  solves=0  iterations=0
  certificate  stage=STEP 5 LOCAL  major=76  attempt=335  accepted  reason=success  P rel.= 4.697410e-14  objective=-4.368743e+01  upper=-4.653254e+01  gap=-2.845106e+00  wall=0.000000e+00s  cpu=0.000000e+00s  provider=0  solves=0  iterations=0
  certificate  stage=STEP 5 LOCAL  major=76  attempt=336  accepted  reason=success  P rel.= 3.993517e-14  objective=-4.368743e+01  upper=-4.653254e+01  gap=-2.845106e+00  wall=0.000000e+00s  cpu=0.000000e+00s  provider=0  solves=0  iterations=0
  certificate  stage=STEP 5 LOCAL  major=76  attempt=337  accepted  reason=success  P rel.= 2.384618e-14  objective=-4.368743e+01  upper=-4.653254e+01  gap=-2.845106e+00  wall=0.000000e+00s  cpu=0.000000e+00s  provider=0  solves=0  iterations=0
  certificate  stage=STEP 5 LOCAL  major=76  attempt=338  accepted  reason=success  P rel.= 4.796530e-13  objective=-4.368743e+01  upper=-4.653254e+01  gap=-2.845106e+00  wall=0.000000e+00s  cpu=0.000000e+00s  provider=0  solves=0  iterations=0
  certificate  stage=STEP 5 LOCAL  major=76  attempt=339  accepted  reason=success  P rel.= 3.505101e-14  objective=-4.368743e+01  upper=-4.653254e+01  gap=-2.845106e+00  wall=0.000000e+00s  cpu=0.000000e+00s  provider=0  solves=0  iterations=0
  certificate  stage=STEP 5 LOCAL  major=76  attempt=340  accepted  reason=success  P rel.= 3.936056e-14  objective=-4.368743e+01  upper=-4.653254e+01  gap=-2.845106e+00  wall=0.000000e+00s  cpu=0.000000e+00s  provider=0  solves=0  iterations=0
  certificate  stage=STEP 5 LOCAL  major=76  attempt=341  accepted  reason=success  P rel.= 5.573685e-14  objective=-4.368743e+01  upper=-4.653254e+01  gap=-2.845106e+00  wall=0.000000e+00s  cpu=0.000000e+00s  provider=0  solves=0  iterations=0
  certificate  stage=STEP 5 LOCAL  major=76  attempt=342  accepted  reason=success  P rel.= 6.449960e-14  objective=-4.368743e+01  upper=-4.653254e+01  gap=-2.845106e+00  wall=0.000000e+00s  cpu=0.000000e+00s  provider=0  solves=0  iterations=0
  certificate  stage=STEP 5 LOCAL  major=76  attempt=343  accepted  reason=success  P rel.= 8.877674e-14  objective=-4.368743e+01  upper=-4.653254e+01  gap=-2.845106e+00  wall=0.000000e+00s  cpu=0.000000e+00s  provider=0  solves=0  iterations=0
  certificate  stage=STEP 5 LOCAL  major=76  attempt=344  accepted  reason=success  P rel.= 4.266455e-14  objective=-4.368743e+01  upper=-4.653254e+01  gap=-2.845106e+00  wall=0.000000e+00s  cpu=0.000000e+00s  provider=0  solves=0  iterations=0
  certificate  stage=STEP 5 LOCAL  major=76  attempt=345  accepted  reason=success  P rel.=-1.105963e-09  objective=-4.653254e+01  upper=-4.653254e+01  gap= 5.890399e-11  wall=0.000000e+00s  cpu=0.000000e+00s  provider=0  solves=0  iterations=0
  certificate  stage=STEP 5  complete  reason=step5_complete  wall=4.991824e-01s  cpu=4.991260e-01s  provider=443  solves=17  iterations=414

STEP 6
  certificate  stage=STEP 6  complete  reason=candidate_set  wall=2.425000e-05s  cpu=2.400000e-05s  provider=0  solves=0  iterations=0

STEP 8
  certificate  stage=STEP 8  complete  reason=unchanged_problem_67  wall=2.040000e-06s  cpu=2.000000e-06s  provider=0  solves=0  iterations=0

STEP 9
  certificate  stage=STEP 9  failed  objective=-4.653254e+01  upper=-4.653254e+01  gap=-5.293857e-07  wall=0.000000e+00s  cpu=0.000000e+00s  provider=0  solves=0  iterations=0
  certificate  stage=STEP 9  complete  reason=paper_potential_convergence_failed  wall=1.761529e-03s  cpu=1.762000e-03s  provider=2  solves=0  iterations=0

STEP 7
  certificate  stage=STEP 7  complete  reason=continue_stage_ii  wall=1.760000e-06s  cpu=2.000000e-06s  provider=0  solves=0  iterations=0

STEP 4
  STAGE II STEP 4  major=77  upper=-4.653254e+01  LP_primal= 5.890399e-11  LP_dual= 2.789435e-14  active_cuts=82  certified
  certificate  stage=STEP 4  complete  reason=step4_complete  wall=7.472550e-04s  cpu=7.480000e-04s  provider=0  solves=1  iterations=1

STEP 5
  certificate  stage=STEP 5 LOCAL  major=77  attempt=346  accepted  reason=success  P rel.= 3.993517e-14  objective=-4.368743e+01  upper=-4.653254e+01  gap=-2.845106e+00  wall=0.000000e+00s  cpu=0.000000e+00s  provider=0  solves=0  iterations=0
  certificate  stage=STEP 5 LOCAL  major=77  attempt=347  accepted  reason=success  P rel.= 3.993517e-14  objective=-4.368743e+01  upper=-4.653254e+01  gap=-2.845106e+00  wall=0.000000e+00s  cpu=0.000000e+00s  provider=0  solves=0  iterations=0
  certificate  stage=STEP 5 LOCAL  major=77  attempt=348  accepted  reason=success  P rel.= 4.596854e-14  objective=-4.368743e+01  upper=-4.653254e+01  gap=-2.845106e+00  wall=0.000000e+00s  cpu=0.000000e+00s  provider=0  solves=0  iterations=0
  certificate  stage=STEP 5 LOCAL  major=77  attempt=349  accepted  reason=success  P rel.= 5.386938e-14  objective=-4.368743e+01  upper=-4.653254e+01  gap=-2.845106e+00  wall=0.000000e+00s  cpu=0.000000e+00s  provider=0  solves=0  iterations=0
  certificate  stage=STEP 5 LOCAL  major=77  attempt=350  accepted  reason=success  P rel.=-1.096971e-09  objective=-4.653254e+01  upper=-4.653254e+01  gap= 5.891110e-11  wall=0.000000e+00s  cpu=0.000000e+00s  provider=0  solves=0  iterations=0
  certificate  stage=STEP 5  complete  reason=step5_complete  wall=1.373715e-01s  cpu=1.373560e-01s  provider=121  solves=5  iterations=112

STEP 6
  certificate  stage=STEP 6  complete  reason=candidate_set  wall=2.567000e-05s  cpu=2.500000e-05s  provider=0  solves=0  iterations=0

STEP 8
  certificate  stage=STEP 8  complete  reason=unchanged_problem_67  wall=2.180000e-06s  cpu=2.000000e-06s  provider=0  solves=0  iterations=0

STEP 9
  certificate  stage=STEP 9  failed  objective=-4.653254e+01  upper=-4.653254e+01  gap=-5.293857e-07  wall=0.000000e+00s  cpu=0.000000e+00s  provider=0  solves=0  iterations=0
  certificate  stage=STEP 9  complete  reason=paper_potential_convergence_failed  wall=1.573700e-03s  cpu=1.574000e-03s  provider=2  solves=0  iterations=0

STEP 7
  certificate  stage=STEP 7  complete  reason=continue_stage_ii  wall=9.900000e-07s  cpu=1.000000e-06s  provider=0  solves=0  iterations=0

STEP 4
  STAGE II STEP 4  major=78  upper=-4.653254e+01  LP_primal= 5.891110e-11  LP_dual= 2.789435e-14  active_cuts=83  certified
  certificate  stage=STEP 4  complete  reason=step4_complete  wall=5.276870e-04s  cpu=5.280000e-04s  provider=0  solves=1  iterations=1

STEP 5
  certificate  stage=STEP 5 LOCAL  major=78  attempt=351  accepted  reason=success  P rel.= 4.065343e-14  objective=-4.368743e+01  upper=-4.653254e+01  gap=-2.845106e+00  wall=0.000000e+00s  cpu=0.000000e+00s  provider=0  solves=0  iterations=0
  certificate  stage=STEP 5 LOCAL  major=78  attempt=352  accepted  reason=success  P rel.= 1.119047e-13  objective=-4.368743e+01  upper=-4.653254e+01  gap=-2.845106e+00  wall=0.000000e+00s  cpu=0.000000e+00s  provider=0  solves=0  iterations=0
  certificate  stage=STEP 5 LOCAL  major=78  attempt=353  accepted  reason=success  P rel.= 5.085269e-14  objective=-4.368743e+01  upper=-4.653254e+01  gap=-2.845106e+00  wall=0.000000e+00s  cpu=0.000000e+00s  provider=0  solves=0  iterations=0
  certificate  stage=STEP 5 LOCAL  major=78  attempt=354  accepted  reason=success  P rel.= 5.142730e-13  objective=-4.368743e+01  upper=-4.653254e+01  gap=-2.845106e+00  wall=0.000000e+00s  cpu=0.000000e+00s  provider=0  solves=0  iterations=0
  certificate  stage=STEP 5 LOCAL  major=78  attempt=355  accepted  reason=success  P rel.= 8.087590e-14  objective=-4.368743e+01  upper=-4.653254e+01  gap=-2.845106e+00  wall=0.000000e+00s  cpu=0.000000e+00s  provider=0  solves=0  iterations=0
  certificate  stage=STEP 5 LOCAL  major=78  attempt=356  accepted  reason=success  P rel.= 4.424472e-14  objective=-4.368743e+01  upper=-4.653254e+01  gap=-2.845106e+00  wall=0.000000e+00s  cpu=0.000000e+00s  provider=0  solves=0  iterations=0
  certificate  stage=STEP 5 LOCAL  major=78  attempt=357  accepted  reason=success  P rel.= 5.947180e-14  objective=-4.368743e+01  upper=-4.653254e+01  gap=-2.845106e+00  wall=0.000000e+00s  cpu=0.000000e+00s  provider=0  solves=0  iterations=0
  certificate  stage=STEP 5 LOCAL  major=78  attempt=358  accepted  reason=success  P rel.= 4.424472e-14  objective=-4.368743e+01  upper=-4.653254e+01  gap=-2.845106e+00  wall=0.000000e+00s  cpu=0.000000e+00s  provider=0  solves=0  iterations=0
  certificate  stage=STEP 5 LOCAL  major=78  attempt=359  accepted  reason=success  P rel.= 2.538325e-13  objective=-4.368743e+01  upper=-4.653254e+01  gap=-2.845106e+00  wall=0.000000e+00s  cpu=0.000000e+00s  provider=0  solves=0  iterations=0
  certificate  stage=STEP 5 LOCAL  major=78  attempt=360  accepted  reason=success  P rel.= 5.315112e-14  objective=-4.368743e+01  upper=-4.653254e+01  gap=-2.845106e+00  wall=0.000000e+00s  cpu=0.000000e+00s  provider=0  solves=0  iterations=0
  certificate  stage=STEP 5 LOCAL  major=78  attempt=361  accepted  reason=success  P rel.= 5.023499e-13  objective=-4.368743e+01  upper=-4.653254e+01  gap=-2.845106e+00  wall=0.000000e+00s  cpu=0.000000e+00s  provider=0  solves=0  iterations=0
  certificate  stage=STEP 5 LOCAL  major=78  attempt=362  accepted  reason=success  P rel.= 1.999631e-13  objective=-4.368743e+01  upper=-4.653254e+01  gap=-2.845106e+00  wall=0.000000e+00s  cpu=0.000000e+00s  provider=0  solves=0  iterations=0
  certificate  stage=STEP 5 LOCAL  major=78  attempt=363  accepted  reason=success  P rel.=-1.108233e-09  objective=-4.653254e+01  upper=-4.653254e+01  gap= 5.890399e-11  wall=0.000000e+00s  cpu=0.000000e+00s  provider=0  solves=0  iterations=0
  certificate  stage=STEP 5  complete  reason=step5_complete  wall=3.894893e-01s  cpu=3.894380e-01s  provider=324  solves=13  iterations=306

STEP 6
  certificate  stage=STEP 6  complete  reason=candidate_set  wall=2.494000e-05s  cpu=2.500000e-05s  provider=0  solves=0  iterations=0

STEP 8
  certificate  stage=STEP 8  complete  reason=unchanged_problem_67  wall=2.040000e-06s  cpu=2.000000e-06s  provider=0  solves=0  iterations=0

STEP 9
  certificate  stage=STEP 9  failed  objective=-4.653254e+01  upper=-4.653254e+01  gap=-5.293857e-07  wall=0.000000e+00s  cpu=0.000000e+00s  provider=0  solves=0  iterations=0
  certificate  stage=STEP 9  complete  reason=paper_potential_convergence_failed  wall=1.687710e-03s  cpu=1.688000e-03s  provider=2  solves=0  iterations=0

STEP 7
  certificate  stage=STEP 7  complete  reason=continue_stage_ii  wall=1.070000e-06s  cpu=1.000000e-06s  provider=0  solves=0  iterations=0

STEP 4
  STAGE II STEP 4  major=79  upper=-4.653254e+01  LP_primal= 5.891110e-11  LP_dual= 2.789435e-14  active_cuts=84  certified
  certificate  stage=STEP 4  complete  reason=step4_complete  wall=5.481370e-04s  cpu=5.480000e-04s  provider=0  solves=1  iterations=1

STEP 5
  certificate  stage=STEP 5 LOCAL  major=79  attempt=364  accepted  reason=success  P rel.= 3.993517e-14  objective=-4.368743e+01  upper=-4.653254e+01  gap=-2.845106e+00  wall=0.000000e+00s  cpu=0.000000e+00s  provider=0  solves=0  iterations=0
  certificate  stage=STEP 5 LOCAL  major=79  attempt=365  accepted  reason=success  P rel.= 4.957419e-13  objective=-4.368743e+01  upper=-4.653254e+01  gap=-2.845106e+00  wall=0.000000e+00s  cpu=0.000000e+00s  provider=0  solves=0  iterations=0
  certificate  stage=STEP 5 LOCAL  major=79  attempt=366  accepted  reason=success  P rel.= 3.059781e-14  objective=-4.368743e+01  upper=-4.653254e+01  gap=-2.845106e+00  wall=0.000000e+00s  cpu=0.000000e+00s  provider=0  solves=0  iterations=0
  certificate  stage=STEP 5 LOCAL  major=79  attempt=367  accepted  reason=success  P rel.= 4.697410e-14  objective=-4.368743e+01  upper=-4.653254e+01  gap=-2.845106e+00  wall=0.000000e+00s  cpu=0.000000e+00s  provider=0  solves=0  iterations=0
  certificate  stage=STEP 5 LOCAL  major=79  attempt=368  accepted  reason=success  P rel.=-1.114554e-09  objective=-4.653254e+01  upper=-4.653254e+01  gap= 5.890399e-11  wall=0.000000e+00s  cpu=0.000000e+00s  provider=0  solves=0  iterations=0
  certificate  stage=STEP 5  complete  reason=step5_complete  wall=1.435379e-01s  cpu=1.435200e-01s  provider=123  solves=5  iterations=113

STEP 6
  certificate  stage=STEP 6  complete  reason=candidate_set  wall=2.518000e-05s  cpu=2.500000e-05s  provider=0  solves=0  iterations=0

STEP 8
  certificate  stage=STEP 8  complete  reason=unchanged_problem_67  wall=2.050000e-06s  cpu=2.000000e-06s  provider=0  solves=0  iterations=0

STEP 9
  certificate  stage=STEP 9  failed  objective=-4.653254e+01  upper=-4.653254e+01  gap=-5.293857e-07  wall=0.000000e+00s  cpu=0.000000e+00s  provider=0  solves=0  iterations=0
  certificate  stage=STEP 9  complete  reason=paper_potential_convergence_failed  wall=1.593731e-03s  cpu=1.594000e-03s  provider=2  solves=0  iterations=0

STEP 7
  certificate  stage=STEP 7  indeterminate  reason=stage_ii_major_iteration_limit  wall=9.500000e-07s  cpu=1.000000e-06s  provider=0  solves=0  iterations=0
