HELD2.0  case=installed-held2-paper-rewrite  T=2.981500e+02 K  P=1.013000e+05 Pa

STEP 1
  certificate  stage=STEP 1  complete  reason=step1_complete  wall=2.879000e-05s  cpu=2.800000e-05s  provider=1  solves=0  iterations=0

STEP 2

REFERENCE PRESSURE ROOTS
  root   0  V= 3.117404e-05  P rel.= 8.913979e-09  G/RT=-5.405573e+01  strict_stable
  root   1  V= 8.254215e-04  P rel.=-3.776688e-09  G/RT=-4.979479e+01  unstable
  root   2  V= 1.899508e-02  P rel.=-1.740248e-10  G/RT=-5.058196e+01  strict_stable
  selected root 0  status=selected
  eval     1  TPD=-2.008860e-01  P rel.=-6.133651e-09  V= 4.695210e-05  certified
  certificate  stage=STEP 2  complete  reason=negative_tpd_witness  wall=4.549673e-01s  cpu=4.549380e-01s  provider=547  solves=1  iterations=1

STEP 3
  certificate  stage=STEP 3  complete  reason=step3_complete  wall=8.750146e-01s  cpu=8.749070e-01s  provider=4  solves=0  iterations=0

STEP 4
  STAGE II STEP 4  major=0  upper=-5.407118e+01  LP_primal= 0.000000e+00  LP_dual= 2.775558e-17  active_cuts=5  certified
  certificate  stage=STEP 4  complete  reason=step4_complete  wall=3.936870e-04s  cpu=3.940000e-04s  provider=0  solves=1  iterations=1

STEP 5
  certificate  stage=STEP 5 LOCAL  major=0  attempt=0  accepted  reason=success  P rel.=-1.247367e-03  objective=-5.524804e+01  upper=-5.407118e+01  gap= 1.176860e+00  wall=0.000000e+00s  cpu=0.000000e+00s  provider=0  solves=0  iterations=0
  certificate  stage=STEP 5  complete  reason=step5_complete  wall=3.071940e-02s  cpu=3.071900e-02s  provider=154  solves=1  iterations=22

STEP 6
  certificate  stage=STEP 6  complete  reason=candidate_set  wall=3.340000e-06s  cpu=3.000000e-06s  provider=0  solves=0  iterations=0

STEP 8
  certificate  stage=STEP 8  complete  reason=step8_complete  wall=5.677411e-02s  cpu=5.677600e-02s  provider=102  solves=2  iterations=14

STEP 9
  certificate  stage=STEP 9  failed  objective=-5.407406e+01  upper=-5.407118e+01  gap= 2.882546e-03  wall=0.000000e+00s  cpu=0.000000e+00s  provider=0  solves=0  iterations=0
  certificate  stage=STEP 9  complete  reason=paper_free_energy_convergence_failed  wall=1.745099e-03s  cpu=1.745000e-03s  provider=2  solves=0  iterations=0

STEP 7
  certificate  stage=STEP 7  complete  reason=continue_stage_ii  wall=1.040000e-06s  cpu=1.000000e-06s  provider=0  solves=0  iterations=0

STEP 4
  STAGE II STEP 4  major=1  upper=-5.412024e+01  LP_primal= 7.105427e-15  LP_dual= 6.938894e-18  active_cuts=6  certified
  certificate  stage=STEP 4  complete  reason=step4_complete  wall=2.032790e-04s  cpu=2.030000e-04s  provider=0  solves=1  iterations=1

STEP 5
  certificate  stage=STEP 5 LOCAL  major=1  attempt=1  accepted  reason=success  P rel.=-9.739908e-08  objective=-5.455126e+01  upper=-5.412024e+01  gap= 4.310163e-01  wall=0.000000e+00s  cpu=0.000000e+00s  provider=0  solves=0  iterations=0
  certificate  stage=STEP 5  complete  reason=step5_complete  wall=2.780298e-02s  cpu=2.780400e-02s  provider=23  solves=1  iterations=22

STEP 6
  certificate  stage=STEP 6  complete  reason=candidate_set  wall=3.750000e-06s  cpu=3.000000e-06s  provider=0  solves=0  iterations=0

STEP 8
  certificate  stage=STEP 8  complete  reason=problem_67_infeasible  wall=1.206590e-04s  cpu=1.210000e-04s  provider=2  solves=1  iterations=0

STEP 7
  certificate  stage=STEP 7  complete  reason=continue_stage_ii  wall=1.070000e-06s  cpu=1.000000e-06s  provider=0  solves=0  iterations=0

STEP 4
  STAGE II STEP 4  major=2  upper=-5.432653e+01  LP_primal= 0.000000e+00  LP_dual= 1.387779e-17  active_cuts=7  certified
  certificate  stage=STEP 4  complete  reason=step4_complete  wall=2.473190e-04s  cpu=2.480000e-04s  provider=0  solves=1  iterations=1

STEP 5
  certificate  stage=STEP 5 LOCAL  major=2  attempt=2  accepted  reason=success  P rel.= 4.395741e-14  objective=-5.148175e+01  upper=-5.432653e+01  gap=-2.844777e+00  wall=0.000000e+00s  cpu=0.000000e+00s  provider=0  solves=0  iterations=0
  certificate  stage=STEP 5 LOCAL  major=2  attempt=3  accepted  reason=success  P rel.= 3.849865e-14  objective=-5.148175e+01  upper=-5.432653e+01  gap=-2.844777e+00  wall=0.000000e+00s  cpu=0.000000e+00s  provider=0  solves=0  iterations=0
  certificate  stage=STEP 5 LOCAL  major=2  attempt=4  accepted  reason=success  P rel.=-1.181814e-09  objective=-5.464787e+01  upper=-5.432653e+01  gap= 3.213389e-01  wall=0.000000e+00s  cpu=0.000000e+00s  provider=0  solves=0  iterations=0
  certificate  stage=STEP 5  complete  reason=step5_complete  wall=8.318428e-02s  cpu=8.317500e-02s  provider=67  solves=3  iterations=63

STEP 6
  certificate  stage=STEP 6  complete  reason=candidate_set  wall=3.940000e-06s  cpu=4.000000e-06s  provider=0  solves=0  iterations=0

STEP 8
  certificate  stage=STEP 8  complete  reason=step8_complete  wall=5.669827e-02s  cpu=5.669100e-02s  provider=96  solves=1  iterations=12

STEP 9
  certificate  stage=STEP 9  failed  objective=-5.432772e+01  upper=-5.432653e+01  gap= 1.192397e-03  wall=0.000000e+00s  cpu=0.000000e+00s  provider=0  solves=0  iterations=0
  certificate  stage=STEP 9  complete  reason=paper_free_energy_convergence_failed  wall=2.704634e-03s  cpu=2.705000e-03s  provider=3  solves=0  iterations=0

STEP 7
  certificate  stage=STEP 7  complete  reason=continue_stage_ii  wall=2.760000e-06s  cpu=3.000000e-06s  provider=0  solves=0  iterations=0

STEP 4
  STAGE II STEP 4  major=3  upper=-5.437349e+01  LP_primal= 3.552714e-14  LP_dual= 5.551115e-17  active_cuts=8  certified
  certificate  stage=STEP 4  complete  reason=step4_complete  wall=4.308080e-04s  cpu=4.310000e-04s  provider=0  solves=1  iterations=1

STEP 5
  certificate  stage=STEP 5 LOCAL  major=3  attempt=5  accepted  reason=success  P rel.= 6.780359e-14  objective=-5.152891e+01  upper=-5.437349e+01  gap=-2.844580e+00  wall=0.000000e+00s  cpu=0.000000e+00s  provider=0  solves=0  iterations=0
  certificate  stage=STEP 5 LOCAL  major=3  attempt=6  accepted  reason=success  P rel.=-1.500707e-09  objective=-5.450398e+01  upper=-5.437349e+01  gap= 1.304901e-01  wall=0.000000e+00s  cpu=0.000000e+00s  provider=0  solves=0  iterations=0
  certificate  stage=STEP 5  complete  reason=step5_complete  wall=4.088598e-02s  cpu=4.088700e-02s  provider=34  solves=2  iterations=30

STEP 6
  certificate  stage=STEP 6  complete  reason=candidate_set  wall=4.180000e-06s  cpu=4.000000e-06s  provider=0  solves=0  iterations=0

STEP 8
  certificate  stage=STEP 8  complete  reason=step8_complete  wall=7.644753e-02s  cpu=7.644900e-02s  provider=129  solves=1  iterations=17

STEP 9
  certificate  stage=STEP 9  failed  objective=-5.437525e+01  upper=-5.437349e+01  gap= 1.753353e-03  wall=0.000000e+00s  cpu=0.000000e+00s  provider=0  solves=0  iterations=0
  certificate  stage=STEP 9  complete  reason=paper_free_energy_convergence_failed  wall=2.731334e-03s  cpu=2.732000e-03s  provider=3  solves=0  iterations=0

STEP 7
  certificate  stage=STEP 7  complete  reason=continue_stage_ii  wall=1.880000e-06s  cpu=1.000000e-06s  provider=0  solves=0  iterations=0

STEP 4
  STAGE II STEP 4  major=4  upper=-5.439670e+01  LP_primal= 7.105427e-15  LP_dual= 5.551115e-17  active_cuts=9  certified
  certificate  stage=STEP 4  complete  reason=step4_complete  wall=3.715680e-04s  cpu=3.710000e-04s  provider=0  solves=1  iterations=1

STEP 5
  certificate  stage=STEP 5 LOCAL  major=4  attempt=7  accepted  reason=success  P rel.=-1.332447e-09  objective=-5.442854e+01  upper=-5.439670e+01  gap= 3.183495e-02  wall=0.000000e+00s  cpu=0.000000e+00s  provider=0  solves=0  iterations=0
  certificate  stage=STEP 5  complete  reason=step5_complete  wall=1.996504e-02s  cpu=1.996500e-02s  provider=17  solves=1  iterations=15

STEP 6
  certificate  stage=STEP 6  complete  reason=candidate_set  wall=3.740000e-06s  cpu=4.000000e-06s  provider=0  solves=0  iterations=0

STEP 8
  certificate  stage=STEP 8  complete  reason=step8_complete  wall=6.976104e-02s  cpu=6.975600e-02s  provider=129  solves=1  iterations=16

STEP 9
  certificate  stage=STEP 9  failed  objective=-5.439753e+01  upper=-5.439670e+01  gap= 8.254420e-04  wall=0.000000e+00s  cpu=0.000000e+00s  provider=0  solves=0  iterations=0
  certificate  stage=STEP 9  complete  reason=paper_free_energy_convergence_failed  wall=2.852983e-03s  cpu=2.854000e-03s  provider=3  solves=0  iterations=0

STEP 7
  certificate  stage=STEP 7  complete  reason=continue_stage_ii  wall=1.310000e-06s  cpu=1.000000e-06s  provider=0  solves=0  iterations=0

STEP 4
  STAGE II STEP 4  major=5  upper=-5.440379e+01  LP_primal= 0.000000e+00  LP_dual= 0.000000e+00  active_cuts=10  certified
  certificate  stage=STEP 4  complete  reason=step4_complete  wall=3.001880e-04s  cpu=3.000000e-04s  provider=0  solves=1  iterations=1

STEP 5
  certificate  stage=STEP 5 LOCAL  major=5  attempt=8  accepted  reason=success  P rel.= 1.364691e-14  objective=-5.155893e+01  upper=-5.440379e+01  gap=-2.844852e+00  wall=0.000000e+00s  cpu=0.000000e+00s  provider=0  solves=0  iterations=0
  certificate  stage=STEP 5 LOCAL  major=5  attempt=9  accepted  reason=success  P rel.= 2.499539e-13  objective=-5.155893e+01  upper=-5.440379e+01  gap=-2.844852e+00  wall=0.000000e+00s  cpu=0.000000e+00s  provider=0  solves=0  iterations=0
  certificate  stage=STEP 5 LOCAL  major=5  attempt=10  accepted  reason=success  P rel.= 5.544955e-14  objective=-5.155893e+01  upper=-5.440379e+01  gap=-2.844852e+00  wall=0.000000e+00s  cpu=0.000000e+00s  provider=0  solves=0  iterations=0
  certificate  stage=STEP 5 LOCAL  major=5  attempt=11  accepted  reason=success  P rel.= 5.503296e-13  objective=-5.155893e+01  upper=-5.440379e+01  gap=-2.844852e+00  wall=0.000000e+00s  cpu=0.000000e+00s  provider=0  solves=0  iterations=0
  certificate  stage=STEP 5 LOCAL  major=5  attempt=12  accepted  reason=success  P rel.= 5.300747e-14  objective=-5.155893e+01  upper=-5.440379e+01  gap=-2.844852e+00  wall=0.000000e+00s  cpu=0.000000e+00s  provider=0  solves=0  iterations=0
  certificate  stage=STEP 5 LOCAL  major=5  attempt=13  accepted  reason=success  P rel.=-1.422586e-09  objective=-5.441195e+01  upper=-5.440379e+01  gap= 8.163752e-03  wall=0.000000e+00s  cpu=0.000000e+00s  provider=0  solves=0  iterations=0
  certificate  stage=STEP 5  complete  reason=step5_complete  wall=1.619092e-01s  cpu=1.619110e-01s  provider=137  solves=6  iterations=120

STEP 6
  certificate  stage=STEP 6  complete  reason=candidate_set  wall=4.000000e-06s  cpu=4.000000e-06s  provider=0  solves=0  iterations=0

STEP 8
  certificate  stage=STEP 8  complete  reason=problem_67_infeasible  wall=2.980880e-04s  cpu=2.990000e-04s  provider=3  solves=1  iterations=0

STEP 7
  certificate  stage=STEP 7  complete  reason=continue_stage_ii  wall=1.010000e-06s  cpu=1.000000e-06s  provider=0  solves=0  iterations=0

STEP 4
  STAGE II STEP 4  major=6  upper=-5.440484e+01  LP_primal= 0.000000e+00  LP_dual= 5.551115e-17  active_cuts=11  certified
  certificate  stage=STEP 4  complete  reason=step4_complete  wall=2.407790e-04s  cpu=2.410000e-04s  provider=0  solves=1  iterations=1

STEP 5
  certificate  stage=STEP 5 LOCAL  major=6  attempt=14  accepted  reason=success  P rel.= 4.165899e-14  objective=-5.155994e+01  upper=-5.440484e+01  gap=-2.844898e+00  wall=0.000000e+00s  cpu=0.000000e+00s  provider=0  solves=0  iterations=0
  certificate  stage=STEP 5 LOCAL  major=6  attempt=15  accepted  reason=success  P rel.= 3.648753e-14  objective=-5.155994e+01  upper=-5.440484e+01  gap=-2.844898e+00  wall=0.000000e+00s  cpu=0.000000e+00s  provider=0  solves=0  iterations=0
  certificate  stage=STEP 5 LOCAL  major=6  attempt=16  accepted  reason=success  P rel.=-1.375447e-09  objective=-5.440688e+01  upper=-5.440484e+01  gap= 2.038182e-03  wall=0.000000e+00s  cpu=0.000000e+00s  provider=0  solves=0  iterations=0
  certificate  stage=STEP 5  complete  reason=step5_complete  wall=7.419401e-02s  cpu=7.418100e-02s  provider=65  solves=3  iterations=59

STEP 6
  certificate  stage=STEP 6  complete  reason=candidate_set  wall=6.780000e-06s  cpu=7.000000e-06s  provider=0  solves=0  iterations=0

STEP 8
  certificate  stage=STEP 8  complete  reason=step8_complete  wall=8.471171e-02s  cpu=8.469300e-02s  provider=250  solves=2  iterations=17

STEP 9
  certificate  stage=STEP 9  failed  objective=-5.440580e+01  upper=-5.440484e+01  gap= 9.593880e-04  wall=0.000000e+00s  cpu=0.000000e+00s  provider=0  solves=0  iterations=0
  certificate  stage=STEP 9  complete  reason=paper_free_energy_convergence_failed  wall=2.500115e-03s  cpu=2.500000e-03s  provider=3  solves=0  iterations=0

STEP 7
  certificate  stage=STEP 7  complete  reason=continue_stage_ii  wall=1.070000e-06s  cpu=1.000000e-06s  provider=0  solves=0  iterations=0

STEP 4
  STAGE II STEP 4  major=7  upper=-5.440537e+01  LP_primal= 7.105427e-15  LP_dual= 2.775558e-17  active_cuts=12  certified
  certificate  stage=STEP 4  complete  reason=step4_complete  wall=2.519280e-04s  cpu=2.520000e-04s  provider=0  solves=1  iterations=1

STEP 5
  certificate  stage=STEP 5 LOCAL  major=7  attempt=17  accepted  reason=success  P rel.= 4.826696e-14  objective=-5.156045e+01  upper=-5.440537e+01  gap=-2.844920e+00  wall=0.000000e+00s  cpu=0.000000e+00s  provider=0  solves=0  iterations=0
  certificate  stage=STEP 5 LOCAL  major=7  attempt=18  accepted  reason=success  P rel.= 5.702972e-14  objective=-5.156045e+01  upper=-5.440537e+01  gap=-2.844920e+00  wall=0.000000e+00s  cpu=0.000000e+00s  provider=0  solves=0  iterations=0
  certificate  stage=STEP 5 LOCAL  major=7  attempt=19  accepted  reason=success  P rel.=-1.357330e-09  objective=-5.440588e+01  upper=-5.440537e+01  gap= 5.159061e-04  wall=0.000000e+00s  cpu=0.000000e+00s  provider=0  solves=0  iterations=0
  certificate  stage=STEP 5  complete  reason=step5_complete  wall=6.641613e-02s  cpu=6.641700e-02s  provider=62  solves=3  iterations=54

STEP 6
  certificate  stage=STEP 6  complete  reason=candidate_set  wall=4.730000e-06s  cpu=5.000000e-06s  provider=0  solves=0  iterations=0

STEP 8
  certificate  stage=STEP 8  complete  reason=step8_complete  wall=6.786525e-02s  cpu=6.771500e-02s  provider=134  solves=2  iterations=13

STEP 9
  certificate  stage=STEP 9  failed  objective=-5.440582e+01  upper=-5.440537e+01  gap= 4.505655e-04  wall=0.000000e+00s  cpu=0.000000e+00s  provider=0  solves=0  iterations=0
  certificate  stage=STEP 9  complete  reason=paper_free_energy_convergence_failed  wall=2.419905e-03s  cpu=2.420000e-03s  provider=3  solves=0  iterations=0

STEP 7
  certificate  stage=STEP 7  complete  reason=continue_stage_ii  wall=1.030000e-06s  cpu=1.000000e-06s  provider=0  solves=0  iterations=0

STEP 4
  STAGE II STEP 4  major=8  upper=-5.440540e+01  LP_primal= 0.000000e+00  LP_dual= 2.775558e-17  active_cuts=13  certified
  certificate  stage=STEP 4  complete  reason=step4_complete  wall=2.515090e-04s  cpu=2.520000e-04s  provider=0  solves=1  iterations=1

STEP 5
  certificate  stage=STEP 5 LOCAL  major=8  attempt=20  accepted  reason=success  P rel.= 2.930494e-14  objective=-5.156049e+01  upper=-5.440540e+01  gap=-2.844910e+00  wall=0.000000e+00s  cpu=0.000000e+00s  provider=0  solves=0  iterations=0
  certificate  stage=STEP 5 LOCAL  major=8  attempt=23  accepted  reason=success  P rel.= 2.054219e-14  objective=-5.156049e+01  upper=-5.440540e+01  gap=-2.844910e+00  wall=0.000000e+00s  cpu=0.000000e+00s  provider=0  solves=0  iterations=0
  certificate  stage=STEP 5 LOCAL  major=8  attempt=24  accepted  reason=success  P rel.=-1.348472e-09  objective=-5.440553e+01  upper=-5.440540e+01  gap= 1.292101e-04  wall=0.000000e+00s  cpu=0.000000e+00s  provider=0  solves=0  iterations=0
  certificate  stage=STEP 5  complete  reason=step5_complete  wall=6.218531e-02s  cpu=6.198700e-02s  provider=60  solves=5  iterations=49

STEP 6
  certificate  stage=STEP 6  complete  reason=candidate_set  wall=4.330000e-06s  cpu=4.000000e-06s  provider=0  solves=0  iterations=0

STEP 8
  certificate  stage=STEP 8  complete  reason=collapsed_phase_set  wall=1.383447e+00s  cpu=1.369169e+00s  provider=3680  solves=1  iterations=301

STEP 7
  certificate  stage=STEP 7  complete  reason=continue_stage_ii  wall=1.420000e-06s  cpu=2.000000e-06s  provider=0  solves=0  iterations=0

STEP 4
  STAGE II STEP 4  major=9  upper=-5.440542e+01  LP_primal= 0.000000e+00  LP_dual= 2.775558e-17  active_cuts=14  certified
  certificate  stage=STEP 4  complete  reason=step4_complete  wall=3.475680e-04s  cpu=3.480000e-04s  provider=0  solves=1  iterations=1

STEP 5
  certificate  stage=STEP 5 LOCAL  major=9  attempt=25  accepted  reason=success  P rel.= 6.033371e-14  objective=-5.156051e+01  upper=-5.440542e+01  gap=-2.844906e+00  wall=0.000000e+00s  cpu=0.000000e+00s  provider=0  solves=0  iterations=0
  certificate  stage=STEP 5 LOCAL  major=9  attempt=26  accepted  reason=success  P rel.=-1.360000e-09  objective=-5.440545e+01  upper=-5.440542e+01  gap= 3.236428e-05  wall=0.000000e+00s  cpu=0.000000e+00s  provider=0  solves=0  iterations=0
  certificate  stage=STEP 5  complete  reason=step5_complete  wall=5.271314e-02s  cpu=5.254900e-02s  provider=44  solves=2  iterations=41

STEP 6
  certificate  stage=STEP 6  complete  reason=candidate_set  wall=5.190000e-06s  cpu=5.000000e-06s  provider=0  solves=0  iterations=0

STEP 8
  certificate  stage=STEP 8  complete  reason=step8_complete  wall=1.484859e-01s  cpu=1.484880e-01s  provider=299  solves=2  iterations=19

STEP 9
  certificate  stage=STEP 9  failed  objective=-5.440583e+01  upper=-5.440542e+01  gap= 4.158546e-04  wall=0.000000e+00s  cpu=0.000000e+00s  provider=0  solves=0  iterations=0
  certificate  stage=STEP 9  complete  reason=paper_free_energy_convergence_failed  wall=1.830089e-03s  cpu=1.831000e-03s  provider=2  solves=0  iterations=0

STEP 7
  certificate  stage=STEP 7  complete  reason=continue_stage_ii  wall=1.330000e-06s  cpu=1.000000e-06s  provider=0  solves=0  iterations=0

STEP 4
  STAGE II STEP 4  major=10  upper=-5.440542e+01  LP_primal= 0.000000e+00  LP_dual= 2.775558e-17  active_cuts=15  certified
  certificate  stage=STEP 4  complete  reason=step4_complete  wall=2.889080e-04s  cpu=2.890000e-04s  provider=0  solves=1  iterations=1

STEP 5
  certificate  stage=STEP 5 LOCAL  major=10  attempt=27  accepted  reason=success  P rel.= 5.200191e-14  objective=-5.156052e+01  upper=-5.440542e+01  gap=-2.844903e+00  wall=0.000000e+00s  cpu=0.000000e+00s  provider=0  solves=0  iterations=0
  certificate  stage=STEP 5 LOCAL  major=10  attempt=28  accepted  reason=success  P rel.= 1.292865e-14  objective=-5.004093e+01  upper=-5.440542e+01  gap=-4.364492e+00  wall=0.000000e+00s  cpu=0.000000e+00s  provider=0  solves=0  iterations=0
  certificate  stage=STEP 5 LOCAL  major=10  attempt=29  accepted  reason=success  P rel.= 6.291944e-14  objective=-5.156052e+01  upper=-5.440542e+01  gap=-2.844903e+00  wall=0.000000e+00s  cpu=0.000000e+00s  provider=0  solves=0  iterations=0
  certificate  stage=STEP 5 LOCAL  major=10  attempt=30  accepted  reason=success  P rel.= 7.024567e-14  objective=-5.156052e+01  upper=-5.440542e+01  gap=-2.844903e+00  wall=0.000000e+00s  cpu=0.000000e+00s  provider=0  solves=0  iterations=0
  certificate  stage=STEP 5 LOCAL  major=10  attempt=31  accepted  reason=success  P rel.= 5.300747e-14  objective=-5.156052e+01  upper=-5.440542e+01  gap=-2.844903e+00  wall=0.000000e+00s  cpu=0.000000e+00s  provider=0  solves=0  iterations=0
  certificate  stage=STEP 5 LOCAL  major=10  attempt=32  accepted  reason=success  P rel.= 6.291944e-14  objective=-5.156052e+01  upper=-5.440542e+01  gap=-2.844903e+00  wall=0.000000e+00s  cpu=0.000000e+00s  provider=0  solves=0  iterations=0
  certificate  stage=STEP 5 LOCAL  major=10  attempt=33  accepted  reason=success  P rel.= 3.763674e-14  objective=-5.156052e+01  upper=-5.440542e+01  gap=-2.844903e+00  wall=0.000000e+00s  cpu=0.000000e+00s  provider=0  solves=0  iterations=0
  certificate  stage=STEP 5 LOCAL  major=10  attempt=34  accepted  reason=success  P rel.= 4.007882e-14  objective=-5.156052e+01  upper=-5.440542e+01  gap=-2.844903e+00  wall=0.000000e+00s  cpu=0.000000e+00s  provider=0  solves=0  iterations=0
  certificate  stage=STEP 5 LOCAL  major=10  attempt=35  accepted  reason=success  P rel.= 7.024567e-14  objective=-5.156052e+01  upper=-5.440542e+01  gap=-2.844903e+00  wall=0.000000e+00s  cpu=0.000000e+00s  provider=0  solves=0  iterations=0
  certificate  stage=STEP 5 LOCAL  major=10  attempt=36  accepted  reason=success  P rel.=-1.375313e-09  objective=-5.440543e+01  upper=-5.440542e+01  gap= 8.133108e-06  wall=0.000000e+00s  cpu=0.000000e+00s  provider=0  solves=0  iterations=0
  certificate  stage=STEP 5  complete  reason=step5_complete  wall=2.461339e-01s  cpu=2.461360e-01s  provider=204  solves=10  iterations=190

STEP 6
  certificate  stage=STEP 6  complete  reason=candidate_set  wall=5.530000e-06s  cpu=5.000000e-06s  provider=0  solves=0  iterations=0

STEP 8
  certificate  stage=STEP 8  complete  reason=unchanged_problem_67  wall=2.290000e-06s  cpu=2.000000e-06s  provider=0  solves=0  iterations=0

STEP 9
  certificate  stage=STEP 9  failed  objective=-5.440583e+01  upper=-5.440542e+01  gap= 4.081190e-04  wall=0.000000e+00s  cpu=0.000000e+00s  provider=0  solves=0  iterations=0
  certificate  stage=STEP 9  complete  reason=paper_free_energy_convergence_failed  wall=1.707620e-03s  cpu=1.708000e-03s  provider=2  solves=0  iterations=0

STEP 7
  certificate  stage=STEP 7  complete  reason=continue_stage_ii  wall=1.030000e-06s  cpu=1.000000e-06s  provider=0  solves=0  iterations=0

STEP 4
  STAGE II STEP 4  major=11  upper=-5.440542e+01  LP_primal= 7.105427e-15  LP_dual= 5.551115e-17  active_cuts=16  certified
  certificate  stage=STEP 4  complete  reason=step4_complete  wall=3.355580e-04s  cpu=3.360000e-04s  provider=0  solves=1  iterations=1

STEP 5
  certificate  stage=STEP 5 LOCAL  major=11  attempt=37  accepted  reason=success  P rel.=-1.378518e-09  objective=-5.440543e+01  upper=-5.440542e+01  gap= 2.032936e-06  wall=0.000000e+00s  cpu=0.000000e+00s  provider=0  solves=0  iterations=0
  certificate  stage=STEP 5  complete  reason=step5_complete  wall=2.938558e-02s  cpu=2.938600e-02s  provider=27  solves=1  iterations=18

STEP 6
  certificate  stage=STEP 6  complete  reason=candidate_set  wall=7.720000e-06s  cpu=7.000000e-06s  provider=0  solves=0  iterations=0

STEP 8
  certificate  stage=STEP 8  complete  reason=unchanged_problem_67  wall=1.500000e-06s  cpu=1.000000e-06s  provider=0  solves=0  iterations=0

STEP 9
  certificate  stage=STEP 9  failed  objective=-5.440583e+01  upper=-5.440542e+01  gap= 4.073105e-04  wall=0.000000e+00s  cpu=0.000000e+00s  provider=0  solves=0  iterations=0
  certificate  stage=STEP 9  complete  reason=paper_free_energy_convergence_failed  wall=1.729409e-03s  cpu=1.729000e-03s  provider=2  solves=0  iterations=0

STEP 7
  certificate  stage=STEP 7  complete  reason=continue_stage_ii  wall=9.600000e-07s  cpu=1.000000e-06s  provider=0  solves=0  iterations=0

STEP 4
  STAGE II STEP 4  major=12  upper=-5.440542e+01  LP_primal= 0.000000e+00  LP_dual= 1.387779e-17  active_cuts=17  certified
  certificate  stage=STEP 4  complete  reason=step4_complete  wall=2.835080e-04s  cpu=2.830000e-04s  provider=0  solves=1  iterations=1

STEP 5
  certificate  stage=STEP 5 LOCAL  major=12  attempt=38  accepted  reason=success  P rel.= 3.720579e-14  objective=-5.156052e+01  upper=-5.440542e+01  gap=-2.844905e+00  wall=0.000000e+00s  cpu=0.000000e+00s  provider=0  solves=0  iterations=0
  certificate  stage=STEP 5 LOCAL  major=12  attempt=39  accepted  reason=success  P rel.= 5.157095e-14  objective=-5.156052e+01  upper=-5.440542e+01  gap=-2.844905e+00  wall=0.000000e+00s  cpu=0.000000e+00s  provider=0  solves=0  iterations=0
  certificate  stage=STEP 5 LOCAL  major=12  attempt=40  accepted  reason=success  P rel.= 5.142730e-14  objective=-5.156052e+01  upper=-5.440542e+01  gap=-2.844905e+00  wall=0.000000e+00s  cpu=0.000000e+00s  provider=0  solves=0  iterations=0
  certificate  stage=STEP 5 LOCAL  major=12  attempt=41  accepted  reason=success  P rel.= 5.142730e-14  objective=-5.156052e+01  upper=-5.440542e+01  gap=-2.844905e+00  wall=0.000000e+00s  cpu=0.000000e+00s  provider=0  solves=0  iterations=0
  certificate  stage=STEP 5 LOCAL  major=12  attempt=42  accepted  reason=success  P rel.= 5.300747e-14  objective=-5.156052e+01  upper=-5.440542e+01  gap=-2.844905e+00  wall=0.000000e+00s  cpu=0.000000e+00s  provider=0  solves=0  iterations=0
  certificate  stage=STEP 5 LOCAL  major=12  attempt=43  accepted  reason=success  P rel.=-1.368280e-09  objective=-5.440542e+01  upper=-5.440542e+01  gap= 5.081993e-07  wall=0.000000e+00s  cpu=0.000000e+00s  provider=0  solves=0  iterations=0
  certificate  stage=STEP 5  complete  reason=step5_complete  wall=1.513898e-01s  cpu=1.513810e-01s  provider=137  solves=6  iterations=119

STEP 6
  certificate  stage=STEP 6  complete  reason=candidate_set  wall=7.850000e-06s  cpu=8.000000e-06s  provider=0  solves=0  iterations=0

STEP 8
  certificate  stage=STEP 8  complete  reason=unchanged_problem_67  wall=2.270000e-06s  cpu=2.000000e-06s  provider=0  solves=0  iterations=0

STEP 9
  certificate  stage=STEP 9  failed  objective=-5.440583e+01  upper=-5.440542e+01  gap= 4.069063e-04  wall=0.000000e+00s  cpu=0.000000e+00s  provider=0  solves=0  iterations=0
  certificate  stage=STEP 9  complete  reason=paper_free_energy_convergence_failed  wall=1.580881e-03s  cpu=1.581000e-03s  provider=2  solves=0  iterations=0

STEP 7
  certificate  stage=STEP 7  complete  reason=continue_stage_ii  wall=9.600000e-07s  cpu=1.000000e-06s  provider=0  solves=0  iterations=0

STEP 4
  STAGE II STEP 4  major=13  upper=-5.440542e+01  LP_primal= 0.000000e+00  LP_dual= 5.551115e-17  active_cuts=18  certified
  certificate  stage=STEP 4  complete  reason=step4_complete  wall=2.971780e-04s  cpu=2.970000e-04s  provider=0  solves=1  iterations=1

STEP 5
  certificate  stage=STEP 5 LOCAL  major=13  attempt=44  accepted  reason=success  P rel.= 4.050977e-14  objective=-5.004227e+01  upper=-5.440542e+01  gap=-4.363153e+00  wall=0.000000e+00s  cpu=0.000000e+00s  provider=0  solves=0  iterations=0
  certificate  stage=STEP 5 LOCAL  major=13  attempt=45  accepted  reason=success  P rel.= 7.283140e-14  objective=-5.156052e+01  upper=-5.440542e+01  gap=-2.844905e+00  wall=0.000000e+00s  cpu=0.000000e+00s  provider=0  solves=0  iterations=0
  certificate  stage=STEP 5 LOCAL  major=13  attempt=47  accepted  reason=success  P rel.=-1.373978e-09  objective=-5.440542e+01  upper=-5.440542e+01  gap= 1.270554e-07  wall=0.000000e+00s  cpu=0.000000e+00s  provider=0  solves=0  iterations=0
  certificate  stage=STEP 5  complete  reason=step5_complete  wall=5.944427e-02s  cpu=5.943000e-02s  provider=56  solves=4  iterations=45

STEP 6
  certificate  stage=STEP 6  complete  reason=candidate_set  wall=7.630000e-06s  cpu=7.000000e-06s  provider=0  solves=0  iterations=0

STEP 8
  certificate  stage=STEP 8  complete  reason=unchanged_problem_67  wall=2.010000e-06s  cpu=2.000000e-06s  provider=0  solves=0  iterations=0

STEP 9
  certificate  stage=STEP 9  failed  objective=-5.440583e+01  upper=-5.440542e+01  gap= 4.068147e-04  wall=0.000000e+00s  cpu=0.000000e+00s  provider=0  solves=0  iterations=0
  certificate  stage=STEP 9  complete  reason=paper_free_energy_convergence_failed  wall=1.684600e-03s  cpu=1.685000e-03s  provider=2  solves=0  iterations=0

STEP 7
  certificate  stage=STEP 7  complete  reason=continue_stage_ii  wall=9.600000e-07s  cpu=0.000000e+00s  provider=0  solves=0  iterations=0

STEP 4
  STAGE II STEP 4  major=14  upper=-5.440542e+01  LP_primal= 0.000000e+00  LP_dual= 8.326673e-17  active_cuts=19  certified
  certificate  stage=STEP 4  complete  reason=step4_complete  wall=3.237680e-04s  cpu=3.240000e-04s  provider=0  solves=1  iterations=1

STEP 5
  certificate  stage=STEP 5 LOCAL  major=14  attempt=48  accepted  reason=success  P rel.= 4.448893e-13  objective=-5.156052e+01  upper=-5.440542e+01  gap=-2.844905e+00  wall=0.000000e+00s  cpu=0.000000e+00s  provider=0  solves=0  iterations=0
  certificate  stage=STEP 5 LOCAL  major=14  attempt=49  accepted  reason=success  P rel.= 4.151534e-14  objective=-5.156052e+01  upper=-5.440542e+01  gap=-2.844905e+00  wall=0.000000e+00s  cpu=0.000000e+00s  provider=0  solves=0  iterations=0
  certificate  stage=STEP 5 LOCAL  major=14  attempt=50  accepted  reason=success  P rel.= 7.642269e-14  objective=-5.156052e+01  upper=-5.440542e+01  gap=-2.844905e+00  wall=0.000000e+00s  cpu=0.000000e+00s  provider=0  solves=0  iterations=0
  certificate  stage=STEP 5 LOCAL  major=14  attempt=51  accepted  reason=success  P rel.= 5.315112e-14  objective=-5.156052e+01  upper=-5.440542e+01  gap=-2.844905e+00  wall=0.000000e+00s  cpu=0.000000e+00s  provider=0  solves=0  iterations=0
  certificate  stage=STEP 5 LOCAL  major=14  attempt=52  accepted  reason=success  P rel.= 4.912887e-14  objective=-5.156052e+01  upper=-5.440542e+01  gap=-2.844905e+00  wall=0.000000e+00s  cpu=0.000000e+00s  provider=0  solves=0  iterations=0
  certificate  stage=STEP 5 LOCAL  major=14  attempt=53  accepted  reason=success  P rel.= 5.386938e-14  objective=-5.156052e+01  upper=-5.440542e+01  gap=-2.844905e+00  wall=0.000000e+00s  cpu=0.000000e+00s  provider=0  solves=0  iterations=0
  certificate  stage=STEP 5 LOCAL  major=14  attempt=54  accepted  reason=success  P rel.= 4.999078e-14  objective=-5.156052e+01  upper=-5.440542e+01  gap=-2.844905e+00  wall=0.000000e+00s  cpu=0.000000e+00s  provider=0  solves=0  iterations=0
  certificate  stage=STEP 5 LOCAL  major=14  attempt=55  accepted  reason=success  P rel.= 5.553574e-13  objective=-5.156052e+01  upper=-5.440542e+01  gap=-2.844905e+00  wall=0.000000e+00s  cpu=0.000000e+00s  provider=0  solves=0  iterations=0
  certificate  stage=STEP 5 LOCAL  major=14  attempt=56  accepted  reason=success  P rel.= 3.249401e-13  objective=-5.156052e+01  upper=-5.440542e+01  gap=-2.844905e+00  wall=0.000000e+00s  cpu=0.000000e+00s  provider=0  solves=0  iterations=0
  certificate  stage=STEP 5 LOCAL  major=14  attempt=57  accepted  reason=success  P rel.= 5.631146e-14  objective=-5.156052e+01  upper=-5.440542e+01  gap=-2.844905e+00  wall=0.000000e+00s  cpu=0.000000e+00s  provider=0  solves=0  iterations=0
  certificate  stage=STEP 5 LOCAL  major=14  attempt=59  accepted  reason=success  P rel.= 6.320674e-13  objective=-5.156052e+01  upper=-5.440542e+01  gap=-2.844905e+00  wall=0.000000e+00s  cpu=0.000000e+00s  provider=0  solves=0  iterations=0
  certificate  stage=STEP 5 LOCAL  major=14  attempt=60  accepted  reason=success  P rel.= 4.036612e-14  objective=-5.156052e+01  upper=-5.440542e+01  gap=-2.844905e+00  wall=0.000000e+00s  cpu=0.000000e+00s  provider=0  solves=0  iterations=0
  certificate  stage=STEP 5 LOCAL  major=14  attempt=61  accepted  reason=success  P rel.= 4.481932e-14  objective=-5.156052e+01  upper=-5.440542e+01  gap=-2.844905e+00  wall=0.000000e+00s  cpu=0.000000e+00s  provider=0  solves=0  iterations=0
  certificate  stage=STEP 5 LOCAL  major=14  attempt=62  accepted  reason=success  P rel.=-1.376782e-09  objective=-5.440542e+01  upper=-5.440542e+01  gap= 3.176315e-08  wall=0.000000e+00s  cpu=0.000000e+00s  provider=0  solves=0  iterations=0
  certificate  stage=STEP 5  complete  reason=step5_complete  wall=3.268337e-01s  cpu=3.268070e-01s  provider=306  solves=15  iterations=272

STEP 6
  certificate  stage=STEP 6  complete  reason=candidate_set  wall=8.740000e-06s  cpu=8.000000e-06s  provider=0  solves=0  iterations=0

STEP 8
  certificate  stage=STEP 8  complete  reason=unchanged_problem_67  wall=2.270000e-06s  cpu=2.000000e-06s  provider=0  solves=0  iterations=0

STEP 9
  certificate  stage=STEP 9  failed  objective=-5.440583e+01  upper=-5.440542e+01  gap= 4.067871e-04  wall=0.000000e+00s  cpu=0.000000e+00s  provider=0  solves=0  iterations=0
  certificate  stage=STEP 9  complete  reason=paper_free_energy_convergence_failed  wall=1.573351e-03s  cpu=1.573000e-03s  provider=2  solves=0  iterations=0

STEP 7
  certificate  stage=STEP 7  complete  reason=continue_stage_ii  wall=9.800000e-07s  cpu=1.000000e-06s  provider=0  solves=0  iterations=0

STEP 4
  STAGE II STEP 4  major=15  upper=-5.440542e+01  LP_primal= 0.000000e+00  LP_dual= 2.775558e-17  active_cuts=20  certified
  certificate  stage=STEP 4  complete  reason=step4_complete  wall=3.506480e-04s  cpu=3.510000e-04s  provider=0  solves=1  iterations=1

STEP 5
  certificate  stage=STEP 5 LOCAL  major=15  attempt=63  accepted  reason=success  P rel.=-1.370194e-09  objective=-5.440542e+01  upper=-5.440542e+01  gap= 7.940884e-09  wall=0.000000e+00s  cpu=0.000000e+00s  provider=0  solves=0  iterations=0
  certificate  stage=STEP 5  complete  reason=step5_complete  wall=2.171878e-02s  cpu=2.169800e-02s  provider=21  solves=1  iterations=18

STEP 6
  certificate  stage=STEP 6  complete  reason=candidate_set  wall=1.260000e-05s  cpu=1.200000e-05s  provider=0  solves=0  iterations=0

STEP 8
  certificate  stage=STEP 8  complete  reason=unchanged_problem_67  wall=1.670000e-06s  cpu=2.000000e-06s  provider=0  solves=0  iterations=0

STEP 9
  certificate  stage=STEP 9  failed  objective=-5.440583e+01  upper=-5.440542e+01  gap= 4.067825e-04  wall=0.000000e+00s  cpu=0.000000e+00s  provider=0  solves=0  iterations=0
  certificate  stage=STEP 9  complete  reason=paper_free_energy_convergence_failed  wall=1.610760e-03s  cpu=1.611000e-03s  provider=2  solves=0  iterations=0

STEP 7
  certificate  stage=STEP 7  complete  reason=continue_stage_ii  wall=9.600000e-07s  cpu=1.000000e-06s  provider=0  solves=0  iterations=0

STEP 4
  STAGE II STEP 4  major=16  upper=-5.440542e+01  LP_primal= 0.000000e+00  LP_dual= 0.000000e+00  active_cuts=21  certified
  certificate  stage=STEP 4  complete  reason=step4_complete  wall=2.959080e-04s  cpu=2.970000e-04s  provider=0  solves=1  iterations=1

STEP 5
  certificate  stage=STEP 5 LOCAL  major=16  attempt=64  accepted  reason=success  P rel.=-2.463440e-09  objective=-5.440542e+01  upper=-5.440542e+01  gap= 1.985235e-09  wall=0.000000e+00s  cpu=0.000000e+00s  provider=0  solves=0  iterations=0
  certificate  stage=STEP 5  complete  reason=step5_complete  wall=2.049519e-02s  cpu=2.049100e-02s  provider=18  solves=1  iterations=17

STEP 6
  certificate  stage=STEP 6  complete  reason=candidate_set  wall=1.272000e-05s  cpu=1.300000e-05s  provider=0  solves=0  iterations=0

STEP 8
  certificate  stage=STEP 8  complete  reason=unchanged_problem_67  wall=1.640000e-06s  cpu=2.000000e-06s  provider=0  solves=0  iterations=0

STEP 9
  certificate  stage=STEP 9  failed  objective=-5.440583e+01  upper=-5.440542e+01  gap= 4.067802e-04  wall=0.000000e+00s  cpu=0.000000e+00s  provider=0  solves=0  iterations=0
  certificate  stage=STEP 9  complete  reason=paper_free_energy_convergence_failed  wall=1.709160e-03s  cpu=1.709000e-03s  provider=2  solves=0  iterations=0

STEP 7
  certificate  stage=STEP 7  complete  reason=continue_stage_ii  wall=9.400000e-07s  cpu=1.000000e-06s  provider=0  solves=0  iterations=0

STEP 4
  STAGE II STEP 4  major=17  upper=-5.440542e+01  LP_primal= 0.000000e+00  LP_dual= 5.551115e-17  active_cuts=22  certified
  certificate  stage=STEP 4  complete  reason=step4_complete  wall=3.079890e-04s  cpu=3.090000e-04s  provider=0  solves=1  iterations=1

STEP 5
  certificate  stage=STEP 5 LOCAL  major=17  attempt=65  accepted  reason=success  P rel.= 5.774798e-14  objective=-5.156052e+01  upper=-5.440542e+01  gap=-2.844905e+00  wall=0.000000e+00s  cpu=0.000000e+00s  provider=0  solves=0  iterations=0
  certificate  stage=STEP 5 LOCAL  major=17  attempt=66  accepted  reason=success  P rel.= 5.904084e-14  objective=-5.156052e+01  upper=-5.440542e+01  gap=-2.844905e+00  wall=0.000000e+00s  cpu=0.000000e+00s  provider=0  solves=0  iterations=0
  certificate  stage=STEP 5 LOCAL  major=17  attempt=67  accepted  reason=success  P rel.= 3.892961e-14  objective=-5.156052e+01  upper=-5.440542e+01  gap=-2.844905e+00  wall=0.000000e+00s  cpu=0.000000e+00s  provider=0  solves=0  iterations=0
  certificate  stage=STEP 5 LOCAL  major=17  attempt=68  accepted  reason=success  P rel.= 6.119562e-14  objective=-5.156052e+01  upper=-5.440542e+01  gap=-2.844905e+00  wall=0.000000e+00s  cpu=0.000000e+00s  provider=0  solves=0  iterations=0
  certificate  stage=STEP 5 LOCAL  major=17  attempt=69  accepted  reason=success  P rel.= 4.884157e-14  objective=-5.156052e+01  upper=-5.440542e+01  gap=-2.844905e+00  wall=0.000000e+00s  cpu=0.000000e+00s  provider=0  solves=0  iterations=0
  certificate  stage=STEP 5 LOCAL  major=17  attempt=70  accepted  reason=success  P rel.=-1.375803e-09  objective=-5.440542e+01  upper=-5.440542e+01  gap= 4.962857e-10  wall=0.000000e+00s  cpu=0.000000e+00s  provider=0  solves=0  iterations=0
  certificate  stage=STEP 5  complete  reason=step5_complete  wall=1.467054e-01s  cpu=1.467070e-01s  provider=121  solves=6  iterations=113

STEP 6
  certificate  stage=STEP 6  complete  reason=candidate_set  wall=1.461000e-05s  cpu=1.500000e-05s  provider=0  solves=0  iterations=0

STEP 8
  certificate  stage=STEP 8  complete  reason=unchanged_problem_67  wall=2.830000e-06s  cpu=3.000000e-06s  provider=0  solves=0  iterations=0

STEP 9
  certificate  stage=STEP 9  failed  objective=-5.440583e+01  upper=-5.440542e+01  gap= 4.067802e-04  wall=0.000000e+00s  cpu=0.000000e+00s  provider=0  solves=0  iterations=0
  certificate  stage=STEP 9  complete  reason=paper_free_energy_convergence_failed  wall=1.737390e-03s  cpu=1.738000e-03s  provider=2  solves=0  iterations=0

STEP 7
  certificate  stage=STEP 7  complete  reason=continue_stage_ii  wall=1.460000e-06s  cpu=2.000000e-06s  provider=0  solves=0  iterations=0

STEP 4
  STAGE II STEP 4  major=18  upper=-5.440542e+01  LP_primal= 0.000000e+00  LP_dual= 5.746272e-18  active_cuts=23  certified
  certificate  stage=STEP 4  complete  reason=step4_complete  wall=3.778480e-04s  cpu=3.780000e-04s  provider=0  solves=1  iterations=1

STEP 5
  certificate  stage=STEP 5 LOCAL  major=18  attempt=71  accepted  reason=success  P rel.= 4.841062e-14  objective=-5.156052e+01  upper=-5.440542e+01  gap=-2.844905e+00  wall=0.000000e+00s  cpu=0.000000e+00s  provider=0  solves=0  iterations=0
  certificate  stage=STEP 5 LOCAL  major=18  attempt=72  accepted  reason=success  P rel.= 3.993517e-14  objective=-5.156052e+01  upper=-5.440542e+01  gap=-2.844905e+00  wall=0.000000e+00s  cpu=0.000000e+00s  provider=0  solves=0  iterations=0
  certificate  stage=STEP 5 LOCAL  major=18  attempt=73  accepted  reason=success  P rel.= 2.308483e-13  objective=-5.156052e+01  upper=-5.440542e+01  gap=-2.844905e+00  wall=0.000000e+00s  cpu=0.000000e+00s  provider=0  solves=0  iterations=0
  certificate  stage=STEP 5 LOCAL  major=18  attempt=74  accepted  reason=success  P rel.= 2.259641e-13  objective=-5.156052e+01  upper=-5.440542e+01  gap=-2.844905e+00  wall=0.000000e+00s  cpu=0.000000e+00s  provider=0  solves=0  iterations=0
  certificate  stage=STEP 5 LOCAL  major=18  attempt=75  accepted  reason=success  P rel.= 4.783601e-14  objective=-5.156052e+01  upper=-5.440542e+01  gap=-2.844905e+00  wall=0.000000e+00s  cpu=0.000000e+00s  provider=0  solves=0  iterations=0
  certificate  stage=STEP 5 LOCAL  major=18  attempt=76  accepted  reason=success  P rel.= 6.797598e-13  objective=-5.156052e+01  upper=-5.440542e+01  gap=-2.844905e+00  wall=0.000000e+00s  cpu=0.000000e+00s  provider=0  solves=0  iterations=0
  certificate  stage=STEP 5 LOCAL  major=18  attempt=77  accepted  reason=success  P rel.= 2.519650e-13  objective=-5.156052e+01  upper=-5.440542e+01  gap=-2.844905e+00  wall=0.000000e+00s  cpu=0.000000e+00s  provider=0  solves=0  iterations=0
  certificate  stage=STEP 5 LOCAL  major=18  attempt=78  accepted  reason=success  P rel.= 6.033371e-14  objective=-5.156052e+01  upper=-5.440542e+01  gap=-2.844905e+00  wall=0.000000e+00s  cpu=0.000000e+00s  provider=0  solves=0  iterations=0
  certificate  stage=STEP 5 LOCAL  major=18  attempt=79  accepted  reason=success  P rel.= 3.806770e-14  objective=-5.156052e+01  upper=-5.440542e+01  gap=-2.844905e+00  wall=0.000000e+00s  cpu=0.000000e+00s  provider=0  solves=0  iterations=0
  certificate  stage=STEP 5 LOCAL  major=18  attempt=80  accepted  reason=success  P rel.= 4.122803e-14  objective=-5.156052e+01  upper=-5.440542e+01  gap=-2.844905e+00  wall=0.000000e+00s  cpu=0.000000e+00s  provider=0  solves=0  iterations=0
  certificate  stage=STEP 5 LOCAL  major=18  attempt=81  accepted  reason=success  P rel.= 1.705145e-13  objective=-5.156052e+01  upper=-5.440542e+01  gap=-2.844905e+00  wall=0.000000e+00s  cpu=0.000000e+00s  provider=0  solves=0  iterations=0
  certificate  stage=STEP 5 LOCAL  major=18  attempt=82  accepted  reason=success  P rel.= 4.884157e-14  objective=-5.156052e+01  upper=-5.440542e+01  gap=-2.844905e+00  wall=0.000000e+00s  cpu=0.000000e+00s  provider=0  solves=0  iterations=0
  certificate  stage=STEP 5 LOCAL  major=18  attempt=83  accepted  reason=success  P rel.= 6.622342e-14  objective=-5.156052e+01  upper=-5.440542e+01  gap=-2.844905e+00  wall=0.000000e+00s  cpu=0.000000e+00s  provider=0  solves=0  iterations=0
  certificate  stage=STEP 5 LOCAL  major=18  attempt=84  accepted  reason=success  P rel.= 5.386938e-14  objective=-5.156052e+01  upper=-5.440542e+01  gap=-2.844905e+00  wall=0.000000e+00s  cpu=0.000000e+00s  provider=0  solves=0  iterations=0
  certificate  stage=STEP 5 LOCAL  major=18  attempt=85  accepted  reason=success  P rel.= 2.614461e-14  objective=-5.004233e+01  upper=-5.440542e+01  gap=-4.363095e+00  wall=0.000000e+00s  cpu=0.000000e+00s  provider=0  solves=0  iterations=0
  certificate  stage=STEP 5 LOCAL  major=18  attempt=87  accepted  reason=success  P rel.= 6.119562e-14  objective=-5.156052e+01  upper=-5.440542e+01  gap=-2.844905e+00  wall=0.000000e+00s  cpu=0.000000e+00s  provider=0  solves=0  iterations=0
  certificate  stage=STEP 5 LOCAL  major=18  attempt=88  accepted  reason=success  P rel.= 3.648753e-14  objective=-5.156052e+01  upper=-5.440542e+01  gap=-2.844905e+00  wall=0.000000e+00s  cpu=0.000000e+00s  provider=0  solves=0  iterations=0
  certificate  stage=STEP 5 LOCAL  major=18  attempt=89  accepted  reason=success  P rel.=-1.362093e-09  objective=-5.440542e+01  upper=-5.440542e+01  gap= 1.240608e-10  wall=0.000000e+00s  cpu=0.000000e+00s  provider=0  solves=0  iterations=0
  certificate  stage=STEP 5  complete  reason=step5_complete  wall=4.151967e-01s  cpu=4.151030e-01s  provider=356  solves=19  iterations=327

STEP 6
  certificate  stage=STEP 6  complete  reason=candidate_set  wall=9.160000e-06s  cpu=9.000000e-06s  provider=0  solves=0  iterations=0

STEP 8
  certificate  stage=STEP 8  complete  reason=unchanged_problem_67  wall=2.080000e-06s  cpu=2.000000e-06s  provider=0  solves=0  iterations=0

STEP 9
  certificate  stage=STEP 9  failed  objective=-5.440583e+01  upper=-5.440542e+01  gap= 4.067802e-04  wall=0.000000e+00s  cpu=0.000000e+00s  provider=0  solves=0  iterations=0
  certificate  stage=STEP 9  complete  reason=paper_free_energy_convergence_failed  wall=1.575991e-03s  cpu=1.576000e-03s  provider=2  solves=0  iterations=0

STEP 7
  certificate  stage=STEP 7  complete  reason=continue_stage_ii  wall=9.400000e-07s  cpu=1.000000e-06s  provider=0  solves=0  iterations=0

STEP 4
  STAGE II STEP 4  major=19  upper=-5.440542e+01  LP_primal= 0.000000e+00  LP_dual= 5.551115e-17  active_cuts=24  certified
  certificate  stage=STEP 4  complete  reason=step4_complete  wall=3.561480e-04s  cpu=3.570000e-04s  provider=0  solves=1  iterations=1

STEP 5
  certificate  stage=STEP 5 LOCAL  major=19  attempt=90  accepted  reason=success  P rel.= 3.878595e-14  objective=-5.156052e+01  upper=-5.440542e+01  gap=-2.844905e+00  wall=0.000000e+00s  cpu=0.000000e+00s  provider=0  solves=0  iterations=0
  certificate  stage=STEP 5 LOCAL  major=19  attempt=91  accepted  reason=success  P rel.=-1.365387e-09  objective=-5.440542e+01  upper=-5.440542e+01  gap= 3.102230e-11  wall=0.000000e+00s  cpu=0.000000e+00s  provider=0  solves=0  iterations=0
  certificate  stage=STEP 5  complete  reason=step5_complete  wall=4.738638e-02s  cpu=4.738700e-02s  provider=45  solves=2  iterations=40

STEP 6
  certificate  stage=STEP 6  complete  reason=candidate_set  wall=9.390000e-06s  cpu=1.000000e-05s  provider=0  solves=0  iterations=0

STEP 8
  certificate  stage=STEP 8  complete  reason=unchanged_problem_67  wall=1.680000e-06s  cpu=1.000000e-06s  provider=0  solves=0  iterations=0

STEP 9
  certificate  stage=STEP 9  failed  objective=-5.440583e+01  upper=-5.440542e+01  gap= 4.067802e-04  wall=0.000000e+00s  cpu=0.000000e+00s  provider=0  solves=0  iterations=0
  certificate  stage=STEP 9  complete  reason=paper_free_energy_convergence_failed  wall=1.567660e-03s  cpu=1.568000e-03s  provider=2  solves=0  iterations=0

STEP 7
  certificate  stage=STEP 7  complete  reason=continue_stage_ii  wall=9.300000e-07s  cpu=0.000000e+00s  provider=0  solves=0  iterations=0

STEP 4
  STAGE II STEP 4  major=20  upper=-5.440542e+01  LP_primal= 3.102230e-11  LP_dual= 5.551115e-17  active_cuts=25  certified
  certificate  stage=STEP 4  complete  reason=step4_complete  wall=3.212780e-04s  cpu=3.220000e-04s  provider=0  solves=1  iterations=1

STEP 5
  certificate  stage=STEP 5 LOCAL  major=20  attempt=92  accepted  reason=success  P rel.= 3.878595e-14  objective=-5.156052e+01  upper=-5.440542e+01  gap=-2.844905e+00  wall=0.000000e+00s  cpu=0.000000e+00s  provider=0  solves=0  iterations=0
  certificate  stage=STEP 5 LOCAL  major=20  attempt=93  accepted  reason=success  P rel.= 6.498802e-13  objective=-5.156052e+01  upper=-5.440542e+01  gap=-2.844905e+00  wall=0.000000e+00s  cpu=0.000000e+00s  provider=0  solves=0  iterations=0
  certificate  stage=STEP 5 LOCAL  major=20  attempt=94  accepted  reason=success  P rel.= 6.607977e-14  objective=-5.156052e+01  upper=-5.440542e+01  gap=-2.844905e+00  wall=0.000000e+00s  cpu=0.000000e+00s  provider=0  solves=0  iterations=0
  certificate  stage=STEP 5 LOCAL  major=20  attempt=95  accepted  reason=success  P rel.=-1.361781e-09  objective=-5.440542e+01  upper=-5.440542e+01  gap= 3.101519e-11  wall=0.000000e+00s  cpu=0.000000e+00s  provider=0  solves=0  iterations=0
  certificate  stage=STEP 5  complete  reason=step5_complete  wall=8.697375e-02s  cpu=8.695300e-02s  provider=79  solves=4  iterations=75

STEP 6
  certificate  stage=STEP 6  complete  reason=candidate_set  wall=1.017000e-05s  cpu=1.000000e-05s  provider=0  solves=0  iterations=0

STEP 8
  certificate  stage=STEP 8  complete  reason=unchanged_problem_67  wall=2.300000e-06s  cpu=2.000000e-06s  provider=0  solves=0  iterations=0

STEP 9
  certificate  stage=STEP 9  failed  objective=-5.440583e+01  upper=-5.440542e+01  gap= 4.067802e-04  wall=0.000000e+00s  cpu=0.000000e+00s  provider=0  solves=0  iterations=0
  certificate  stage=STEP 9  complete  reason=paper_free_energy_convergence_failed  wall=1.580621e-03s  cpu=1.581000e-03s  provider=2  solves=0  iterations=0

STEP 7
  certificate  stage=STEP 7  complete  reason=continue_stage_ii  wall=9.300000e-07s  cpu=1.000000e-06s  provider=0  solves=0  iterations=0

STEP 4
  STAGE II STEP 4  major=21  upper=-5.440542e+01  LP_primal= 3.102230e-11  LP_dual= 5.551115e-17  active_cuts=26  certified
  certificate  stage=STEP 4  complete  reason=step4_complete  wall=3.623380e-04s  cpu=3.630000e-04s  provider=0  solves=1  iterations=1

STEP 5
  certificate  stage=STEP 5 LOCAL  major=21  attempt=96  accepted  reason=success  P rel.=-3.843442e-09  objective=-5.440542e+01  upper=-5.440542e+01  gap= 3.102940e-11  wall=0.000000e+00s  cpu=0.000000e+00s  provider=0  solves=0  iterations=0
  certificate  stage=STEP 5  complete  reason=step5_complete  wall=2.221978e-02s  cpu=2.222000e-02s  provider=21  solves=1  iterations=18

STEP 6
  certificate  stage=STEP 6  complete  reason=candidate_set  wall=9.119000e-06s  cpu=9.000000e-06s  provider=0  solves=0  iterations=0

STEP 8
  certificate  stage=STEP 8  complete  reason=unchanged_problem_67  wall=1.410000e-06s  cpu=2.000000e-06s  provider=0  solves=0  iterations=0

STEP 9
  certificate  stage=STEP 9  failed  objective=-5.440583e+01  upper=-5.440542e+01  gap= 4.067802e-04  wall=0.000000e+00s  cpu=0.000000e+00s  provider=0  solves=0  iterations=0
  certificate  stage=STEP 9  complete  reason=paper_free_energy_convergence_failed  wall=1.641330e-03s  cpu=1.642000e-03s  provider=2  solves=0  iterations=0

STEP 7
  certificate  stage=STEP 7  complete  reason=continue_stage_ii  wall=9.400000e-07s  cpu=1.000000e-06s  provider=0  solves=0  iterations=0

STEP 4
  STAGE II STEP 4  major=22  upper=-5.440542e+01  LP_primal= 2.131628e-14  LP_dual= 9.020562e-17  active_cuts=27  certified
  certificate  stage=STEP 4  complete  reason=step4_complete  wall=3.331280e-04s  cpu=3.330000e-04s  provider=0  solves=1  iterations=1

STEP 5
  certificate  stage=STEP 5 LOCAL  major=22  attempt=97  accepted  reason=success  P rel.=-1.369838e-09  objective=-5.440542e+01  upper=-5.440542e+01  gap= 7.773338e-12  wall=0.000000e+00s  cpu=0.000000e+00s  provider=0  solves=0  iterations=0
  certificate  stage=STEP 5  complete  reason=step5_complete  wall=1.575338e-02s  cpu=1.573300e-02s  provider=14  solves=1  iterations=13

STEP 6
  certificate  stage=STEP 6  complete  reason=candidate_set  wall=9.540000e-06s  cpu=1.000000e-05s  provider=0  solves=0  iterations=0

STEP 8
  certificate  stage=STEP 8  complete  reason=unchanged_problem_67  wall=1.530000e-06s  cpu=2.000000e-06s  provider=0  solves=0  iterations=0

STEP 9
  certificate  stage=STEP 9  failed  objective=-5.440583e+01  upper=-5.440542e+01  gap= 4.067802e-04  wall=0.000000e+00s  cpu=0.000000e+00s  provider=0  solves=0  iterations=0
  certificate  stage=STEP 9  complete  reason=paper_free_energy_convergence_failed  wall=1.526781e-03s  cpu=1.527000e-03s  provider=2  solves=0  iterations=0

STEP 7
  certificate  stage=STEP 7  complete  reason=continue_stage_ii  wall=8.800000e-07s  cpu=1.000000e-06s  provider=0  solves=0  iterations=0

STEP 4
  STAGE II STEP 4  major=23  upper=-5.440542e+01  LP_primal= 7.773338e-12  LP_dual= 9.020562e-17  active_cuts=28  certified
  certificate  stage=STEP 4  complete  reason=step4_complete  wall=3.477280e-04s  cpu=3.480000e-04s  provider=0  solves=1  iterations=1

STEP 5
  certificate  stage=STEP 5 LOCAL  major=23  attempt=98  accepted  reason=success  P rel.= 4.841062e-14  objective=-5.156052e+01  upper=-5.440542e+01  gap=-2.844905e+00  wall=0.000000e+00s  cpu=0.000000e+00s  provider=0  solves=0  iterations=0
  certificate  stage=STEP 5 LOCAL  major=23  attempt=99  accepted  reason=success  P rel.= 5.631146e-14  objective=-5.156052e+01  upper=-5.440542e+01  gap=-2.844905e+00  wall=0.000000e+00s  cpu=0.000000e+00s  provider=0  solves=0  iterations=0
  certificate  stage=STEP 5 LOCAL  major=23  attempt=100  accepted  reason=success  P rel.= 4.553758e-14  objective=-5.156052e+01  upper=-5.440542e+01  gap=-2.844905e+00  wall=0.000000e+00s  cpu=0.000000e+00s  provider=0  solves=0  iterations=0
  certificate  stage=STEP 5 LOCAL  major=23  attempt=102  accepted  reason=success  P rel.= 4.338281e-14  objective=-5.156052e+01  upper=-5.440542e+01  gap=-2.844905e+00  wall=0.000000e+00s  cpu=0.000000e+00s  provider=0  solves=0  iterations=0
  certificate  stage=STEP 5 LOCAL  major=23  attempt=103  accepted  reason=success  P rel.= 5.918449e-14  objective=-5.156052e+01  upper=-5.440542e+01  gap=-2.844905e+00  wall=0.000000e+00s  cpu=0.000000e+00s  provider=0  solves=0  iterations=0
  certificate  stage=STEP 5 LOCAL  major=23  attempt=104  accepted  reason=success  P rel.=-1.373577e-09  objective=-5.440542e+01  upper=-5.440542e+01  gap= 7.780443e-12  wall=0.000000e+00s  cpu=0.000000e+00s  provider=0  solves=0  iterations=0
  certificate  stage=STEP 5  complete  reason=step5_complete  wall=1.302013e-01s  cpu=1.301500e-01s  provider=120  solves=7  iterations=106

STEP 6
  certificate  stage=STEP 6  complete  reason=candidate_set  wall=1.105000e-05s  cpu=1.100000e-05s  provider=0  solves=0  iterations=0

STEP 8
  certificate  stage=STEP 8  complete  reason=unchanged_problem_67  wall=2.010000e-06s  cpu=2.000000e-06s  provider=0  solves=0  iterations=0

STEP 9
  certificate  stage=STEP 9  failed  objective=-5.440583e+01  upper=-5.440542e+01  gap= 4.067802e-04  wall=0.000000e+00s  cpu=0.000000e+00s  provider=0  solves=0  iterations=0
  certificate  stage=STEP 9  complete  reason=paper_free_energy_convergence_failed  wall=1.641220e-03s  cpu=1.642000e-03s  provider=2  solves=0  iterations=0

STEP 7
  certificate  stage=STEP 7  complete  reason=continue_stage_ii  wall=1.010000e-06s  cpu=1.000000e-06s  provider=0  solves=0  iterations=0

STEP 4
  STAGE II STEP 4  major=24  upper=-5.440542e+01  LP_primal= 7.780443e-12  LP_dual= 9.020562e-17  active_cuts=29  certified
  certificate  stage=STEP 4  complete  reason=step4_complete  wall=4.143970e-04s  cpu=4.150000e-04s  provider=0  solves=1  iterations=1

STEP 5
  certificate  stage=STEP 5 LOCAL  major=24  attempt=105  accepted  reason=success  P rel.= 2.557000e-14  objective=-5.156052e+01  upper=-5.440542e+01  gap=-2.844905e+00  wall=0.000000e+00s  cpu=0.000000e+00s  provider=0  solves=0  iterations=0
  certificate  stage=STEP 5 LOCAL  major=24  attempt=106  accepted  reason=success  P rel.= 7.196949e-14  objective=-5.156052e+01  upper=-5.440542e+01  gap=-2.844905e+00  wall=0.000000e+00s  cpu=0.000000e+00s  provider=0  solves=0  iterations=0
  certificate  stage=STEP 5 LOCAL  major=24  attempt=107  accepted  reason=success  P rel.= 4.280820e-13  objective=-5.156052e+01  upper=-5.440542e+01  gap=-2.844905e+00  wall=0.000000e+00s  cpu=0.000000e+00s  provider=0  solves=0  iterations=0
  certificate  stage=STEP 5 LOCAL  major=24  attempt=108  accepted  reason=success  P rel.= 4.099819e-13  objective=-5.156052e+01  upper=-5.440542e+01  gap=-2.844905e+00  wall=0.000000e+00s  cpu=0.000000e+00s  provider=0  solves=0  iterations=0
  certificate  stage=STEP 5 LOCAL  major=24  attempt=109  accepted  reason=success  P rel.=-1.372687e-09  objective=-5.440542e+01  upper=-5.440542e+01  gap= 7.759127e-12  wall=0.000000e+00s  cpu=0.000000e+00s  provider=0  solves=0  iterations=0
  certificate  stage=STEP 5  complete  reason=step5_complete  wall=1.315394e-01s  cpu=1.314710e-01s  provider=114  solves=5  iterations=102

STEP 6
  certificate  stage=STEP 6  complete  reason=candidate_set  wall=1.292000e-05s  cpu=1.300000e-05s  provider=0  solves=0  iterations=0

STEP 8
  certificate  stage=STEP 8  complete  reason=unchanged_problem_67  wall=2.160000e-06s  cpu=2.000000e-06s  provider=0  solves=0  iterations=0

STEP 9
  certificate  stage=STEP 9  failed  objective=-5.440583e+01  upper=-5.440542e+01  gap= 4.067802e-04  wall=0.000000e+00s  cpu=0.000000e+00s  provider=0  solves=0  iterations=0
  certificate  stage=STEP 9  complete  reason=paper_free_energy_convergence_failed  wall=1.693640e-03s  cpu=1.694000e-03s  provider=2  solves=0  iterations=0

STEP 7
  certificate  stage=STEP 7  complete  reason=continue_stage_ii  wall=1.000000e-06s  cpu=0.000000e+00s  provider=0  solves=0  iterations=0

STEP 4
  STAGE II STEP 4  major=25  upper=-5.440542e+01  LP_primal= 7.780443e-12  LP_dual= 9.020562e-17  active_cuts=30  certified
  certificate  stage=STEP 4  complete  reason=step4_complete  wall=4.304880e-04s  cpu=4.300000e-04s  provider=0  solves=1  iterations=1

STEP 5
  certificate  stage=STEP 5 LOCAL  major=25  attempt=110  accepted  reason=success  P rel.= 2.815573e-14  objective=-5.156052e+01  upper=-5.440542e+01  gap=-2.844905e+00  wall=0.000000e+00s  cpu=0.000000e+00s  provider=0  solves=0  iterations=0
  certificate  stage=STEP 5 LOCAL  major=25  attempt=111  accepted  reason=success  P rel.= 4.927253e-14  objective=-5.156052e+01  upper=-5.440542e+01  gap=-2.844905e+00  wall=0.000000e+00s  cpu=0.000000e+00s  provider=0  solves=0  iterations=0
  certificate  stage=STEP 5 LOCAL  major=25  attempt=112  accepted  reason=success  P rel.= 3.706213e-14  objective=-5.156052e+01  upper=-5.440542e+01  gap=-2.844905e+00  wall=0.000000e+00s  cpu=0.000000e+00s  provider=0  solves=0  iterations=0
  certificate  stage=STEP 5 LOCAL  major=25  attempt=113  accepted  reason=success  P rel.= 4.898522e-14  objective=-5.156052e+01  upper=-5.440542e+01  gap=-2.844905e+00  wall=0.000000e+00s  cpu=0.000000e+00s  provider=0  solves=0  iterations=0
  certificate  stage=STEP 5 LOCAL  major=25  attempt=114  accepted  reason=success  P rel.= 4.309550e-14  objective=-5.004234e+01  upper=-5.440542e+01  gap=-4.363088e+00  wall=0.000000e+00s  cpu=0.000000e+00s  provider=0  solves=0  iterations=0
  certificate  stage=STEP 5 LOCAL  major=25  attempt=115  accepted  reason=success  P rel.= 6.277578e-14  objective=-5.004234e+01  upper=-5.440542e+01  gap=-4.363088e+00  wall=0.000000e+00s  cpu=0.000000e+00s  provider=0  solves=0  iterations=0
  certificate  stage=STEP 5 LOCAL  major=25  attempt=116  accepted  reason=success  P rel.=-1.367301e-09  objective=-5.440542e+01  upper=-5.440542e+01  gap= 7.752021e-12  wall=0.000000e+00s  cpu=0.000000e+00s  provider=0  solves=0  iterations=0
  certificate  stage=STEP 5  complete  reason=step5_complete  wall=1.546056e-01s  cpu=1.545840e-01s  provider=133  solves=7  iterations=111

STEP 6
  certificate  stage=STEP 6  complete  reason=candidate_set  wall=1.236000e-05s  cpu=1.200000e-05s  provider=0  solves=0  iterations=0

STEP 8
  certificate  stage=STEP 8  complete  reason=unchanged_problem_67  wall=2.120000e-06s  cpu=2.000000e-06s  provider=0  solves=0  iterations=0

STEP 9
  certificate  stage=STEP 9  failed  objective=-5.440583e+01  upper=-5.440542e+01  gap= 4.067802e-04  wall=0.000000e+00s  cpu=0.000000e+00s  provider=0  solves=0  iterations=0
  certificate  stage=STEP 9  complete  reason=paper_free_energy_convergence_failed  wall=1.683870e-03s  cpu=1.684000e-03s  provider=2  solves=0  iterations=0

STEP 7
  certificate  stage=STEP 7  complete  reason=continue_stage_ii  wall=1.080000e-06s  cpu=1.000000e-06s  provider=0  solves=0  iterations=0

STEP 4
  STAGE II STEP 4  major=26  upper=-5.440542e+01  LP_primal= 7.780443e-12  LP_dual= 9.020562e-17  active_cuts=31  certified
  certificate  stage=STEP 4  complete  reason=step4_complete  wall=4.960570e-04s  cpu=4.960000e-04s  provider=0  solves=1  iterations=1

STEP 5
  certificate  stage=STEP 5 LOCAL  major=26  attempt=117  accepted  reason=success  P rel.= 4.237725e-14  objective=-5.156052e+01  upper=-5.440542e+01  gap=-2.844905e+00  wall=0.000000e+00s  cpu=0.000000e+00s  provider=0  solves=0  iterations=0
  certificate  stage=STEP 5 LOCAL  major=26  attempt=118  accepted  reason=success  P rel.= 4.351209e-13  objective=-5.156052e+01  upper=-5.440542e+01  gap=-2.844905e+00  wall=0.000000e+00s  cpu=0.000000e+00s  provider=0  solves=0  iterations=0
  certificate  stage=STEP 5 LOCAL  major=26  attempt=119  accepted  reason=success  P rel.= 5.688607e-14  objective=-5.156052e+01  upper=-5.440542e+01  gap=-2.844905e+00  wall=0.000000e+00s  cpu=0.000000e+00s  provider=0  solves=0  iterations=0
  certificate  stage=STEP 5 LOCAL  major=26  attempt=120  accepted  reason=success  P rel.= 6.461453e-13  objective=-5.156052e+01  upper=-5.440542e+01  gap=-2.844905e+00  wall=0.000000e+00s  cpu=0.000000e+00s  provider=0  solves=0  iterations=0
  certificate  stage=STEP 5 LOCAL  major=26  attempt=121  accepted  reason=success  P rel.= 5.027809e-14  objective=-5.156052e+01  upper=-5.440542e+01  gap=-2.844905e+00  wall=0.000000e+00s  cpu=0.000000e+00s  provider=0  solves=0  iterations=0
  certificate  stage=STEP 5 LOCAL  major=26  attempt=122  accepted  reason=success  P rel.=-1.352567e-09  objective=-5.440542e+01  upper=-5.440542e+01  gap= 7.759127e-12  wall=0.000000e+00s  cpu=0.000000e+00s  provider=0  solves=0  iterations=0
  certificate  stage=STEP 5  complete  reason=step5_complete  wall=1.612292e-01s  cpu=1.612310e-01s  provider=136  solves=6  iterations=123

STEP 6
  certificate  stage=STEP 6  complete  reason=candidate_set  wall=1.262000e-05s  cpu=1.200000e-05s  provider=0  solves=0  iterations=0

STEP 8
  certificate  stage=STEP 8  complete  reason=unchanged_problem_67  wall=2.100000e-06s  cpu=3.000000e-06s  provider=0  solves=0  iterations=0

STEP 9
  certificate  stage=STEP 9  failed  objective=-5.440583e+01  upper=-5.440542e+01  gap= 4.067802e-04  wall=0.000000e+00s  cpu=0.000000e+00s  provider=0  solves=0  iterations=0
  certificate  stage=STEP 9  complete  reason=paper_free_energy_convergence_failed  wall=1.666110e-03s  cpu=1.666000e-03s  provider=2  solves=0  iterations=0

STEP 7
  certificate  stage=STEP 7  complete  reason=continue_stage_ii  wall=1.000000e-06s  cpu=1.000000e-06s  provider=0  solves=0  iterations=0

STEP 4
  STAGE II STEP 4  major=27  upper=-5.440542e+01  LP_primal= 7.780443e-12  LP_dual= 9.020562e-17  active_cuts=32  certified
  certificate  stage=STEP 4  complete  reason=step4_complete  wall=4.443570e-04s  cpu=4.450000e-04s  provider=0  solves=1  iterations=1

STEP 5
  certificate  stage=STEP 5 LOCAL  major=27  attempt=123  accepted  reason=success  P rel.= 4.898522e-14  objective=-5.156052e+01  upper=-5.440542e+01  gap=-2.844905e+00  wall=0.000000e+00s  cpu=0.000000e+00s  provider=0  solves=0  iterations=0
  certificate  stage=STEP 5 LOCAL  major=27  attempt=124  accepted  reason=success  P rel.= 4.410107e-14  objective=-5.156052e+01  upper=-5.440542e+01  gap=-2.844905e+00  wall=0.000000e+00s  cpu=0.000000e+00s  provider=0  solves=0  iterations=0
  certificate  stage=STEP 5 LOCAL  major=27  attempt=125  accepted  reason=success  P rel.=-1.372509e-09  objective=-5.440542e+01  upper=-5.440542e+01  gap= 7.766232e-12  wall=0.000000e+00s  cpu=0.000000e+00s  provider=0  solves=0  iterations=0
  certificate  stage=STEP 5  complete  reason=step5_complete  wall=6.861299e-02s  cpu=6.861300e-02s  provider=58  solves=3  iterations=53

STEP 6
  certificate  stage=STEP 6  complete  reason=candidate_set  wall=1.200000e-05s  cpu=1.200000e-05s  provider=0  solves=0  iterations=0

STEP 8
  certificate  stage=STEP 8  complete  reason=unchanged_problem_67  wall=1.600000e-06s  cpu=1.000000e-06s  provider=0  solves=0  iterations=0

STEP 9
  certificate  stage=STEP 9  failed  objective=-5.440583e+01  upper=-5.440542e+01  gap= 4.067802e-04  wall=0.000000e+00s  cpu=0.000000e+00s  provider=0  solves=0  iterations=0
  certificate  stage=STEP 9  complete  reason=paper_free_energy_convergence_failed  wall=1.972818e-03s  cpu=1.974000e-03s  provider=2  solves=0  iterations=0

STEP 7
  certificate  stage=STEP 7  complete  reason=continue_stage_ii  wall=1.080000e-06s  cpu=1.000000e-06s  provider=0  solves=0  iterations=0

STEP 4
  STAGE II STEP 4  major=28  upper=-5.440542e+01  LP_primal= 7.780443e-12  LP_dual= 9.020562e-17  active_cuts=33  certified
  certificate  stage=STEP 4  complete  reason=step4_complete  wall=4.029580e-04s  cpu=4.040000e-04s  provider=0  solves=1  iterations=1

STEP 5
  certificate  stage=STEP 5 LOCAL  major=28  attempt=126  accepted  reason=success  P rel.= 5.688607e-14  objective=-5.156052e+01  upper=-5.440542e+01  gap=-2.844905e+00  wall=0.000000e+00s  cpu=0.000000e+00s  provider=0  solves=0  iterations=0
  certificate  stage=STEP 5 LOCAL  major=28  attempt=127  accepted  reason=success  P rel.= 5.415668e-14  objective=-5.156052e+01  upper=-5.440542e+01  gap=-2.844905e+00  wall=0.000000e+00s  cpu=0.000000e+00s  provider=0  solves=0  iterations=0
  certificate  stage=STEP 5 LOCAL  major=28  attempt=128  accepted  reason=success  P rel.= 5.415668e-14  objective=-5.156052e+01  upper=-5.440542e+01  gap=-2.844905e+00  wall=0.000000e+00s  cpu=0.000000e+00s  provider=0  solves=0  iterations=0
  certificate  stage=STEP 5 LOCAL  major=28  attempt=129  accepted  reason=success  P rel.=-1.378963e-09  objective=-5.440542e+01  upper=-5.440542e+01  gap= 7.752021e-12  wall=0.000000e+00s  cpu=0.000000e+00s  provider=0  solves=0  iterations=0
  certificate  stage=STEP 5  complete  reason=step5_complete  wall=1.036848e-01s  cpu=1.036870e-01s  provider=88  solves=4  iterations=78

STEP 6
  certificate  stage=STEP 6  complete  reason=candidate_set  wall=2.246900e-05s  cpu=2.200000e-05s  provider=0  solves=0  iterations=0

STEP 8
  certificate  stage=STEP 8  complete  reason=unchanged_problem_67  wall=2.810000e-06s  cpu=3.000000e-06s  provider=0  solves=0  iterations=0

STEP 9
  certificate  stage=STEP 9  failed  objective=-5.440583e+01  upper=-5.440542e+01  gap= 4.067802e-04  wall=0.000000e+00s  cpu=0.000000e+00s  provider=0  solves=0  iterations=0
  certificate  stage=STEP 9  complete  reason=paper_free_energy_convergence_failed  wall=1.851069e-03s  cpu=1.851000e-03s  provider=2  solves=0  iterations=0

STEP 7
  certificate  stage=STEP 7  complete  reason=continue_stage_ii  wall=1.020000e-06s  cpu=1.000000e-06s  provider=0  solves=0  iterations=0

STEP 4
  STAGE II STEP 4  major=29  upper=-5.440542e+01  LP_primal= 7.780443e-12  LP_dual= 9.020562e-17  active_cuts=34  certified
  certificate  stage=STEP 4  complete  reason=step4_complete  wall=4.146870e-04s  cpu=4.150000e-04s  provider=0  solves=1  iterations=1

STEP 5
  certificate  stage=STEP 5 LOCAL  major=29  attempt=130  accepted  reason=success  P rel.= 6.076466e-14  objective=-5.004234e+01  upper=-5.440542e+01  gap=-4.363088e+00  wall=0.000000e+00s  cpu=0.000000e+00s  provider=0  solves=0  iterations=0
  certificate  stage=STEP 5 LOCAL  major=29  attempt=131  accepted  reason=success  P rel.=-1.365209e-09  objective=-5.440542e+01  upper=-5.440542e+01  gap= 7.766232e-12  wall=0.000000e+00s  cpu=0.000000e+00s  provider=0  solves=0  iterations=0
  certificate  stage=STEP 5  complete  reason=step5_complete  wall=3.678959e-02s  cpu=3.676500e-02s  provider=32  solves=2  iterations=29

STEP 6
  certificate  stage=STEP 6  complete  reason=candidate_set  wall=1.084000e-05s  cpu=1.100000e-05s  provider=0  solves=0  iterations=0

STEP 8
  certificate  stage=STEP 8  complete  reason=unchanged_problem_67  wall=1.420000e-06s  cpu=2.000000e-06s  provider=0  solves=0  iterations=0

STEP 9
  certificate  stage=STEP 9  failed  objective=-5.440583e+01  upper=-5.440542e+01  gap= 4.067802e-04  wall=0.000000e+00s  cpu=0.000000e+00s  provider=0  solves=0  iterations=0
  certificate  stage=STEP 9  complete  reason=paper_free_energy_convergence_failed  wall=1.574060e-03s  cpu=1.574000e-03s  provider=2  solves=0  iterations=0

STEP 7
  certificate  stage=STEP 7  complete  reason=continue_stage_ii  wall=1.210000e-06s  cpu=1.000000e-06s  provider=0  solves=0  iterations=0

STEP 4
  STAGE II STEP 4  major=30  upper=-5.440542e+01  LP_primal= 7.780443e-12  LP_dual= 9.020562e-17  active_cuts=35  certified
  certificate  stage=STEP 4  complete  reason=step4_complete  wall=4.115280e-04s  cpu=4.120000e-04s  provider=0  solves=1  iterations=1

STEP 5
  certificate  stage=STEP 5 LOCAL  major=30  attempt=132  accepted  reason=success  P rel.= 4.338281e-14  objective=-5.156052e+01  upper=-5.440542e+01  gap=-2.844905e+00  wall=0.000000e+00s  cpu=0.000000e+00s  provider=0  solves=0  iterations=0
  certificate  stage=STEP 5 LOCAL  major=30  attempt=133  accepted  reason=success  P rel.=-1.371752e-09  objective=-5.440542e+01  upper=-5.440542e+01  gap= 7.766232e-12  wall=0.000000e+00s  cpu=0.000000e+00s  provider=0  solves=0  iterations=0
  certificate  stage=STEP 5  complete  reason=step5_complete  wall=4.569747e-02s  cpu=4.569900e-02s  provider=43  solves=2  iterations=36

STEP 6
  certificate  stage=STEP 6  complete  reason=candidate_set  wall=1.280000e-05s  cpu=1.300000e-05s  provider=0  solves=0  iterations=0

STEP 8
  certificate  stage=STEP 8  complete  reason=unchanged_problem_67  wall=1.730000e-06s  cpu=1.000000e-06s  provider=0  solves=0  iterations=0

STEP 9
  certificate  stage=STEP 9  failed  objective=-5.440583e+01  upper=-5.440542e+01  gap= 4.067802e-04  wall=0.000000e+00s  cpu=0.000000e+00s  provider=0  solves=0  iterations=0
  certificate  stage=STEP 9  complete  reason=paper_free_energy_convergence_failed  wall=1.571110e-03s  cpu=1.571000e-03s  provider=2  solves=0  iterations=0

STEP 7
  certificate  stage=STEP 7  complete  reason=continue_stage_ii  wall=9.000000e-07s  cpu=1.000000e-06s  provider=0  solves=0  iterations=0

STEP 4
  STAGE II STEP 4  major=31  upper=-5.440542e+01  LP_primal= 7.780443e-12  LP_dual= 9.020562e-17  active_cuts=36  certified
  certificate  stage=STEP 4  complete  reason=step4_complete  wall=4.219380e-04s  cpu=4.220000e-04s  provider=0  solves=1  iterations=1

STEP 5
  certificate  stage=STEP 5 LOCAL  major=31  attempt=134  accepted  reason=success  P rel.= 5.631146e-14  objective=-5.156052e+01  upper=-5.440542e+01  gap=-2.844905e+00  wall=0.000000e+00s  cpu=0.000000e+00s  provider=0  solves=0  iterations=0
  certificate  stage=STEP 5 LOCAL  major=31  attempt=135  accepted  reason=success  P rel.=-1.361603e-09  objective=-5.440542e+01  upper=-5.440542e+01  gap= 7.759127e-12  wall=0.000000e+00s  cpu=0.000000e+00s  provider=0  solves=0  iterations=0
  certificate  stage=STEP 5  complete  reason=step5_complete  wall=4.794632e-02s  cpu=4.790700e-02s  provider=42  solves=2  iterations=39

STEP 6
  certificate  stage=STEP 6  complete  reason=candidate_set  wall=1.295900e-05s  cpu=1.300000e-05s  provider=0  solves=0  iterations=0

STEP 8
  certificate  stage=STEP 8  complete  reason=unchanged_problem_67  wall=1.560000e-06s  cpu=1.000000e-06s  provider=0  solves=0  iterations=0

STEP 9
  certificate  stage=STEP 9  failed  objective=-5.440583e+01  upper=-5.440542e+01  gap= 4.067802e-04  wall=0.000000e+00s  cpu=0.000000e+00s  provider=0  solves=0  iterations=0
  certificate  stage=STEP 9  complete  reason=paper_free_energy_convergence_failed  wall=1.619021e-03s  cpu=1.619000e-03s  provider=2  solves=0  iterations=0

STEP 7
  certificate  stage=STEP 7  complete  reason=continue_stage_ii  wall=1.000000e-06s  cpu=1.000000e-06s  provider=0  solves=0  iterations=0

STEP 4
  STAGE II STEP 4  major=32  upper=-5.440542e+01  LP_primal= 7.780443e-12  LP_dual= 9.020562e-17  active_cuts=37  certified
  certificate  stage=STEP 4  complete  reason=step4_complete  wall=4.242680e-04s  cpu=4.250000e-04s  provider=0  solves=1  iterations=1

STEP 5
  certificate  stage=STEP 5 LOCAL  major=32  attempt=137  accepted  reason=success  P rel.= 3.189067e-14  objective=-5.156052e+01  upper=-5.440542e+01  gap=-2.844905e+00  wall=0.000000e+00s  cpu=0.000000e+00s  provider=0  solves=0  iterations=0
  certificate  stage=STEP 5 LOCAL  major=32  attempt=138  accepted  reason=success  P rel.= 6.356587e-13  objective=-5.156052e+01  upper=-5.440542e+01  gap=-2.844905e+00  wall=0.000000e+00s  cpu=0.000000e+00s  provider=0  solves=0  iterations=0
  certificate  stage=STEP 5 LOCAL  major=32  attempt=139  accepted  reason=success  P rel.= 4.898522e-14  objective=-5.156052e+01  upper=-5.440542e+01  gap=-2.844905e+00  wall=0.000000e+00s  cpu=0.000000e+00s  provider=0  solves=0  iterations=0
  certificate  stage=STEP 5 LOCAL  major=32  attempt=141  accepted  reason=success  P rel.= 2.528270e-14  objective=-5.156052e+01  upper=-5.440542e+01  gap=-2.844905e+00  wall=0.000000e+00s  cpu=0.000000e+00s  provider=0  solves=0  iterations=0
  certificate  stage=STEP 5 LOCAL  major=32  attempt=142  accepted  reason=success  P rel.= 5.157095e-14  objective=-5.156052e+01  upper=-5.440542e+01  gap=-2.844905e+00  wall=0.000000e+00s  cpu=0.000000e+00s  provider=0  solves=0  iterations=0
  certificate  stage=STEP 5 LOCAL  major=32  attempt=143  accepted  reason=success  P rel.= 2.557000e-14  objective=-5.156052e+01  upper=-5.440542e+01  gap=-2.844905e+00  wall=0.000000e+00s  cpu=0.000000e+00s  provider=0  solves=0  iterations=0
  certificate  stage=STEP 5 LOCAL  major=32  attempt=144  accepted  reason=success  P rel.=-1.363250e-09  objective=-5.440542e+01  upper=-5.440542e+01  gap= 7.752021e-12  wall=0.000000e+00s  cpu=0.000000e+00s  provider=0  solves=0  iterations=0
  certificate  stage=STEP 5  complete  reason=step5_complete  wall=1.585385e-01s  cpu=1.584460e-01s  provider=147  solves=9  iterations=130

STEP 6
  certificate  stage=STEP 6  complete  reason=candidate_set  wall=1.138900e-05s  cpu=1.200000e-05s  provider=0  solves=0  iterations=0

STEP 8
  certificate  stage=STEP 8  complete  reason=unchanged_problem_67  wall=1.970000e-06s  cpu=2.000000e-06s  provider=0  solves=0  iterations=0

STEP 9
  certificate  stage=STEP 9  failed  objective=-5.440583e+01  upper=-5.440542e+01  gap= 4.067802e-04  wall=0.000000e+00s  cpu=0.000000e+00s  provider=0  solves=0  iterations=0
  certificate  stage=STEP 9  complete  reason=paper_free_energy_convergence_failed  wall=1.626880e-03s  cpu=1.627000e-03s  provider=2  solves=0  iterations=0

STEP 7
  certificate  stage=STEP 7  complete  reason=continue_stage_ii  wall=9.800000e-07s  cpu=0.000000e+00s  provider=0  solves=0  iterations=0

STEP 4
  STAGE II STEP 4  major=33  upper=-5.440542e+01  LP_primal= 7.780443e-12  LP_dual= 9.020562e-17  active_cuts=38  certified
  certificate  stage=STEP 4  complete  reason=step4_complete  wall=4.257480e-04s  cpu=4.260000e-04s  provider=0  solves=1  iterations=1

STEP 5
  certificate  stage=STEP 5 LOCAL  major=33  attempt=145  accepted  reason=success  P rel.=-1.371975e-09  objective=-5.440542e+01  upper=-5.440542e+01  gap= 7.766232e-12  wall=0.000000e+00s  cpu=0.000000e+00s  provider=0  solves=0  iterations=0
  certificate  stage=STEP 5  complete  reason=step5_complete  wall=2.183025e-02s  cpu=2.183200e-02s  provider=20  solves=1  iterations=16

STEP 6
  certificate  stage=STEP 6  complete  reason=candidate_set  wall=1.373000e-05s  cpu=1.300000e-05s  provider=0  solves=0  iterations=0

STEP 8
  certificate  stage=STEP 8  complete  reason=unchanged_problem_67  wall=1.890000e-06s  cpu=2.000000e-06s  provider=0  solves=0  iterations=0

STEP 9
  certificate  stage=STEP 9  failed  objective=-5.440583e+01  upper=-5.440542e+01  gap= 4.067802e-04  wall=0.000000e+00s  cpu=0.000000e+00s  provider=0  solves=0  iterations=0
  certificate  stage=STEP 9  complete  reason=paper_free_energy_convergence_failed  wall=1.584830e-03s  cpu=1.585000e-03s  provider=2  solves=0  iterations=0

STEP 7
  certificate  stage=STEP 7  complete  reason=continue_stage_ii  wall=9.700000e-07s  cpu=1.000000e-06s  provider=0  solves=0  iterations=0

STEP 4
  STAGE II STEP 4  major=34  upper=-5.440542e+01  LP_primal= 7.780443e-12  LP_dual= 9.020562e-17  active_cuts=39  certified
  certificate  stage=STEP 4  complete  reason=step4_complete  wall=4.058380e-04s  cpu=4.060000e-04s  provider=0  solves=1  iterations=1

STEP 5
  certificate  stage=STEP 5 LOCAL  major=34  attempt=146  accepted  reason=success  P rel.=-1.355994e-09  objective=-5.440542e+01  upper=-5.440542e+01  gap= 7.759127e-12  wall=0.000000e+00s  cpu=0.000000e+00s  provider=0  solves=0  iterations=0
  certificate  stage=STEP 5  complete  reason=step5_complete  wall=1.425132e-02s  cpu=1.425100e-02s  provider=13  solves=1  iterations=12

STEP 6
  certificate  stage=STEP 6  complete  reason=candidate_set  wall=1.220900e-05s  cpu=1.200000e-05s  provider=0  solves=0  iterations=0

STEP 8
  certificate  stage=STEP 8  complete  reason=unchanged_problem_67  wall=1.470000e-06s  cpu=1.000000e-06s  provider=0  solves=0  iterations=0

STEP 9
  certificate  stage=STEP 9  failed  objective=-5.440583e+01  upper=-5.440542e+01  gap= 4.067802e-04  wall=0.000000e+00s  cpu=0.000000e+00s  provider=0  solves=0  iterations=0
  certificate  stage=STEP 9  complete  reason=paper_free_energy_convergence_failed  wall=1.556381e-03s  cpu=1.557000e-03s  provider=2  solves=0  iterations=0

STEP 7
  certificate  stage=STEP 7  complete  reason=continue_stage_ii  wall=9.400000e-07s  cpu=1.000000e-06s  provider=0  solves=0  iterations=0

STEP 4
  STAGE II STEP 4  major=35  upper=-5.440542e+01  LP_primal= 7.780443e-12  LP_dual= 9.020562e-17  active_cuts=40  certified
  certificate  stage=STEP 4  complete  reason=step4_complete  wall=3.669380e-04s  cpu=3.670000e-04s  provider=0  solves=1  iterations=1

STEP 5
  certificate  stage=STEP 5 LOCAL  major=35  attempt=147  accepted  reason=success  P rel.= 5.128365e-14  objective=-5.156052e+01  upper=-5.440542e+01  gap=-2.844905e+00  wall=0.000000e+00s  cpu=0.000000e+00s  provider=0  solves=0  iterations=0
  certificate  stage=STEP 5 LOCAL  major=35  attempt=148  accepted  reason=success  P rel.= 5.078087e-13  objective=-5.156052e+01  upper=-5.440542e+01  gap=-2.844905e+00  wall=0.000000e+00s  cpu=0.000000e+00s  provider=0  solves=0  iterations=0
  certificate  stage=STEP 5 LOCAL  major=35  attempt=149  accepted  reason=success  P rel.=-1.370906e-09  objective=-5.440542e+01  upper=-5.440542e+01  gap= 7.780443e-12  wall=0.000000e+00s  cpu=0.000000e+00s  provider=0  solves=0  iterations=0
  certificate  stage=STEP 5  complete  reason=step5_complete  wall=6.431691e-02s  cpu=6.431000e-02s  provider=58  solves=3  iterations=55

STEP 6
  certificate  stage=STEP 6  complete  reason=candidate_set  wall=1.230000e-05s  cpu=1.300000e-05s  provider=0  solves=0  iterations=0

STEP 8
  certificate  stage=STEP 8  complete  reason=unchanged_problem_67  wall=1.679000e-06s  cpu=2.000000e-06s  provider=0  solves=0  iterations=0

STEP 9
  certificate  stage=STEP 9  failed  objective=-5.440583e+01  upper=-5.440542e+01  gap= 4.067802e-04  wall=0.000000e+00s  cpu=0.000000e+00s  provider=0  solves=0  iterations=0
  certificate  stage=STEP 9  complete  reason=paper_free_energy_convergence_failed  wall=1.676231e-03s  cpu=1.677000e-03s  provider=2  solves=0  iterations=0

STEP 7
  certificate  stage=STEP 7  complete  reason=continue_stage_ii  wall=9.600000e-07s  cpu=1.000000e-06s  provider=0  solves=0  iterations=0

STEP 4
  STAGE II STEP 4  major=36  upper=-5.440542e+01  LP_primal= 7.780443e-12  LP_dual= 9.020562e-17  active_cuts=41  certified
  certificate  stage=STEP 4  complete  reason=step4_complete  wall=3.907480e-04s  cpu=3.910000e-04s  provider=0  solves=1  iterations=1

STEP 5
  certificate  stage=STEP 5 LOCAL  major=36  attempt=151  accepted  reason=success  P rel.= 3.706213e-14  objective=-5.156052e+01  upper=-5.440542e+01  gap=-2.844905e+00  wall=0.000000e+00s  cpu=0.000000e+00s  provider=0  solves=0  iterations=0
  certificate  stage=STEP 5 LOCAL  major=36  attempt=152  accepted  reason=success  P rel.=-1.377717e-09  objective=-5.440542e+01  upper=-5.440542e+01  gap= 7.773338e-12  wall=0.000000e+00s  cpu=0.000000e+00s  provider=0  solves=0  iterations=0
  certificate  stage=STEP 5  complete  reason=step5_complete  wall=4.404772e-02s  cpu=4.404800e-02s  provider=42  solves=3  iterations=36

STEP 6
  certificate  stage=STEP 6  complete  reason=candidate_set  wall=1.283000e-05s  cpu=1.300000e-05s  provider=0  solves=0  iterations=0

STEP 8
  certificate  stage=STEP 8  complete  reason=unchanged_problem_67  wall=1.470000e-06s  cpu=2.000000e-06s  provider=0  solves=0  iterations=0

STEP 9
  certificate  stage=STEP 9  failed  objective=-5.440583e+01  upper=-5.440542e+01  gap= 4.067802e-04  wall=0.000000e+00s  cpu=0.000000e+00s  provider=0  solves=0  iterations=0
  certificate  stage=STEP 9  complete  reason=paper_free_energy_convergence_failed  wall=1.577831e-03s  cpu=1.578000e-03s  provider=2  solves=0  iterations=0

STEP 7
  certificate  stage=STEP 7  complete  reason=continue_stage_ii  wall=9.300000e-07s  cpu=1.000000e-06s  provider=0  solves=0  iterations=0

STEP 4
  STAGE II STEP 4  major=37  upper=-5.440542e+01  LP_primal= 7.780443e-12  LP_dual= 9.020562e-17  active_cuts=42  certified
  certificate  stage=STEP 4  complete  reason=step4_complete  wall=3.659680e-04s  cpu=3.660000e-04s  provider=0  solves=1  iterations=1

STEP 5
  certificate  stage=STEP 5 LOCAL  major=37  attempt=153  accepted  reason=success  P rel.= 5.688607e-14  objective=-5.156052e+01  upper=-5.440542e+01  gap=-2.844905e+00  wall=0.000000e+00s  cpu=0.000000e+00s  provider=0  solves=0  iterations=0
  certificate  stage=STEP 5 LOCAL  major=37  attempt=154  accepted  reason=success  P rel.=-1.372865e-09  objective=-5.440542e+01  upper=-5.440542e+01  gap= 7.759127e-12  wall=0.000000e+00s  cpu=0.000000e+00s  provider=0  solves=0  iterations=0
  certificate  stage=STEP 5  complete  reason=step5_complete  wall=4.895894e-02s  cpu=4.893100e-02s  provider=43  solves=2  iterations=39

STEP 6
  certificate  stage=STEP 6  complete  reason=candidate_set  wall=1.803000e-05s  cpu=1.800000e-05s  provider=0  solves=0  iterations=0

STEP 8
  certificate  stage=STEP 8  complete  reason=unchanged_problem_67  wall=2.400000e-06s  cpu=3.000000e-06s  provider=0  solves=0  iterations=0

STEP 9
  certificate  stage=STEP 9  failed  objective=-5.440583e+01  upper=-5.440542e+01  gap= 4.067802e-04  wall=0.000000e+00s  cpu=0.000000e+00s  provider=0  solves=0  iterations=0
  certificate  stage=STEP 9  complete  reason=paper_free_energy_convergence_failed  wall=1.721150e-03s  cpu=1.721000e-03s  provider=2  solves=0  iterations=0

STEP 7
  certificate  stage=STEP 7  complete  reason=continue_stage_ii  wall=9.200000e-07s  cpu=1.000000e-06s  provider=0  solves=0  iterations=0

STEP 4
  STAGE II STEP 4  major=38  upper=-5.440542e+01  LP_primal= 3.339551e-13  LP_dual= 9.415385e-14  active_cuts=43  certified
  certificate  stage=STEP 4  complete  reason=step4_complete  wall=4.175180e-04s  cpu=4.180000e-04s  provider=0  solves=1  iterations=1

STEP 5
  certificate  stage=STEP 5 LOCAL  major=38  attempt=155  accepted  reason=success  P rel.= 6.363769e-14  objective=-5.156052e+01  upper=-5.440542e+01  gap=-2.844905e+00  wall=0.000000e+00s  cpu=0.000000e+00s  provider=0  solves=0  iterations=0
  certificate  stage=STEP 5 LOCAL  major=38  attempt=156  accepted  reason=success  P rel.= 5.157095e-14  objective=-5.156052e+01  upper=-5.440542e+01  gap=-2.844905e+00  wall=0.000000e+00s  cpu=0.000000e+00s  provider=0  solves=0  iterations=0
  certificate  stage=STEP 5 LOCAL  major=38  attempt=157  accepted  reason=success  P rel.= 6.722899e-14  objective=-5.156052e+01  upper=-5.440542e+01  gap=-2.844905e+00  wall=0.000000e+00s  cpu=0.000000e+00s  provider=0  solves=0  iterations=0
  certificate  stage=STEP 5 LOCAL  major=38  attempt=158  accepted  reason=success  P rel.= 5.114000e-14  objective=-5.004234e+01  upper=-5.440542e+01  gap=-4.363089e+00  wall=0.000000e+00s  cpu=0.000000e+00s  provider=0  solves=0  iterations=0
  certificate  stage=STEP 5 LOCAL  major=38  attempt=159  accepted  reason=success  P rel.=-3.340130e-09  objective=-5.440542e+01  upper=-5.440542e+01  gap= 2.124523e-12  wall=0.000000e+00s  cpu=0.000000e+00s  provider=0  solves=0  iterations=0
  certificate  stage=STEP 5  complete  reason=step5_complete  wall=1.139356e-01s  cpu=1.138970e-01s  provider=96  solves=5  iterations=88

STEP 6
  certificate  stage=STEP 6  complete  reason=candidate_set  wall=1.712000e-05s  cpu=1.700000e-05s  provider=0  solves=0  iterations=0

STEP 8
  certificate  stage=STEP 8  complete  reason=unchanged_problem_67  wall=2.140000e-06s  cpu=2.000000e-06s  provider=0  solves=0  iterations=0

STEP 9
  certificate  stage=STEP 9  failed  objective=-5.440583e+01  upper=-5.440542e+01  gap= 4.067802e-04  wall=0.000000e+00s  cpu=0.000000e+00s  provider=0  solves=0  iterations=0
  certificate  stage=STEP 9  complete  reason=paper_free_energy_convergence_failed  wall=1.840339e-03s  cpu=1.841000e-03s  provider=2  solves=0  iterations=0

STEP 7
  certificate  stage=STEP 7  complete  reason=continue_stage_ii  wall=1.060000e-06s  cpu=1.000000e-06s  provider=0  solves=0  iterations=0

STEP 4
  STAGE II STEP 4  major=39  upper=-5.440542e+01  LP_primal= 2.124523e-12  LP_dual= 9.415385e-14  active_cuts=44  certified
  certificate  stage=STEP 4  complete  reason=step4_complete  wall=4.709870e-04s  cpu=4.720000e-04s  provider=0  solves=1  iterations=1

STEP 5
  certificate  stage=STEP 5 LOCAL  major=39  attempt=160  accepted  reason=success  P rel.= 5.947180e-14  objective=-5.156052e+01  upper=-5.440542e+01  gap=-2.844905e+00  wall=0.000000e+00s  cpu=0.000000e+00s  provider=0  solves=0  iterations=0
  certificate  stage=STEP 5 LOCAL  major=39  attempt=161  accepted  reason=success  P rel.=-1.367701e-09  objective=-5.440542e+01  upper=-5.440542e+01  gap= 2.110312e-12  wall=0.000000e+00s  cpu=0.000000e+00s  provider=0  solves=0  iterations=0
  certificate  stage=STEP 5  complete  reason=step5_complete  wall=4.685684e-02s  cpu=4.679800e-02s  provider=39  solves=2  iterations=35

STEP 6
  certificate  stage=STEP 6  complete  reason=candidate_set  wall=1.903000e-05s  cpu=1.900000e-05s  provider=0  solves=0  iterations=0

STEP 8
  certificate  stage=STEP 8  complete  reason=unchanged_problem_67  wall=2.770000e-06s  cpu=3.000000e-06s  provider=0  solves=0  iterations=0

STEP 9
  certificate  stage=STEP 9  failed  objective=-5.440583e+01  upper=-5.440542e+01  gap= 4.067802e-04  wall=0.000000e+00s  cpu=0.000000e+00s  provider=0  solves=0  iterations=0
  certificate  stage=STEP 9  complete  reason=paper_free_energy_convergence_failed  wall=1.837809e-03s  cpu=1.838000e-03s  provider=2  solves=0  iterations=0

STEP 7
  certificate  stage=STEP 7  complete  reason=continue_stage_ii  wall=1.520000e-06s  cpu=2.000000e-06s  provider=0  solves=0  iterations=0

STEP 4
  STAGE II STEP 4  major=40  upper=-5.440542e+01  LP_primal= 2.124523e-12  LP_dual= 9.415385e-14  active_cuts=45  certified
  certificate  stage=STEP 4  complete  reason=step4_complete  wall=4.871070e-04s  cpu=4.880000e-04s  provider=0  solves=1  iterations=1

STEP 5
  certificate  stage=STEP 5 LOCAL  major=40  attempt=162  accepted  reason=success  P rel.= 4.726140e-14  objective=-5.156052e+01  upper=-5.440542e+01  gap=-2.844905e+00  wall=0.000000e+00s  cpu=0.000000e+00s  provider=0  solves=0  iterations=0
  certificate  stage=STEP 5 LOCAL  major=40  attempt=163  accepted  reason=success  P rel.= 1.432207e-13  objective=-5.156052e+01  upper=-5.440542e+01  gap=-2.844905e+00  wall=0.000000e+00s  cpu=0.000000e+00s  provider=0  solves=0  iterations=0
  certificate  stage=STEP 5 LOCAL  major=40  attempt=164  accepted  reason=success  P rel.= 5.731702e-14  objective=-5.156052e+01  upper=-5.440542e+01  gap=-2.844905e+00  wall=0.000000e+00s  cpu=0.000000e+00s  provider=0  solves=0  iterations=0
  certificate  stage=STEP 5 LOCAL  major=40  attempt=165  accepted  reason=success  P rel.= 2.355888e-14  objective=-5.156052e+01  upper=-5.440542e+01  gap=-2.844905e+00  wall=0.000000e+00s  cpu=0.000000e+00s  provider=0  solves=0  iterations=0
  certificate  stage=STEP 5 LOCAL  major=40  attempt=166  accepted  reason=success  P rel.= 4.539393e-13  objective=-5.156052e+01  upper=-5.440542e+01  gap=-2.844905e+00  wall=0.000000e+00s  cpu=0.000000e+00s  provider=0  solves=0  iterations=0
  certificate  stage=STEP 5 LOCAL  major=40  attempt=167  accepted  reason=success  P rel.=-1.384260e-09  objective=-5.440542e+01  upper=-5.440542e+01  gap= 2.110312e-12  wall=0.000000e+00s  cpu=0.000000e+00s  provider=0  solves=0  iterations=0
  certificate  stage=STEP 5  complete  reason=step5_complete  wall=1.558061e-01s  cpu=1.558080e-01s  provider=130  solves=6  iterations=124

STEP 6
  certificate  stage=STEP 6  complete  reason=candidate_set  wall=2.046000e-05s  cpu=2.000000e-05s  provider=0  solves=0  iterations=0

STEP 8
  certificate  stage=STEP 8  complete  reason=unchanged_problem_67  wall=3.430000e-06s  cpu=3.000000e-06s  provider=0  solves=0  iterations=0

STEP 9
  certificate  stage=STEP 9  failed  objective=-5.440583e+01  upper=-5.440542e+01  gap= 4.067802e-04  wall=0.000000e+00s  cpu=0.000000e+00s  provider=0  solves=0  iterations=0
  certificate  stage=STEP 9  complete  reason=paper_free_energy_convergence_failed  wall=1.718320e-03s  cpu=1.718000e-03s  provider=2  solves=0  iterations=0

STEP 7
  certificate  stage=STEP 7  complete  reason=continue_stage_ii  wall=1.479000e-06s  cpu=1.000000e-06s  provider=0  solves=0  iterations=0

STEP 4
  STAGE II STEP 4  major=41  upper=-5.440542e+01  LP_primal= 2.124523e-12  LP_dual= 9.415385e-14  active_cuts=46  certified
  certificate  stage=STEP 4  complete  reason=step4_complete  wall=4.643770e-04s  cpu=4.640000e-04s  provider=0  solves=1  iterations=1

STEP 5
  certificate  stage=STEP 5 LOCAL  major=41  attempt=169  accepted  reason=success  P rel.= 9.107517e-14  objective=-5.156052e+01  upper=-5.440542e+01  gap=-2.844905e+00  wall=0.000000e+00s  cpu=0.000000e+00s  provider=0  solves=0  iterations=0
  certificate  stage=STEP 5 LOCAL  major=41  attempt=170  accepted  reason=success  P rel.= 4.999078e-14  objective=-5.156052e+01  upper=-5.440542e+01  gap=-2.844905e+00  wall=0.000000e+00s  cpu=0.000000e+00s  provider=0  solves=0  iterations=0
  certificate  stage=STEP 5 LOCAL  major=41  attempt=171  accepted  reason=success  P rel.= 3.260893e-14  objective=-5.156052e+01  upper=-5.440542e+01  gap=-2.844905e+00  wall=0.000000e+00s  cpu=0.000000e+00s  provider=0  solves=0  iterations=0
  certificate  stage=STEP 5 LOCAL  major=41  attempt=172  accepted  reason=success  P rel.= 5.157095e-14  objective=-5.156052e+01  upper=-5.440542e+01  gap=-2.844905e+00  wall=0.000000e+00s  cpu=0.000000e+00s  provider=0  solves=0  iterations=0
  certificate  stage=STEP 5 LOCAL  major=41  attempt=173  accepted  reason=success  P rel.= 5.702972e-14  objective=-5.156052e+01  upper=-5.440542e+01  gap=-2.844905e+00  wall=0.000000e+00s  cpu=0.000000e+00s  provider=0  solves=0  iterations=0
  certificate  stage=STEP 5 LOCAL  major=41  attempt=174  accepted  reason=success  P rel.=-1.369259e-09  objective=-5.440542e+01  upper=-5.440542e+01  gap= 2.110312e-12  wall=0.000000e+00s  cpu=0.000000e+00s  provider=0  solves=0  iterations=0
  certificate  stage=STEP 5  complete  reason=step5_complete  wall=1.569132e-01s  cpu=1.569100e-01s  provider=132  solves=7  iterations=115

STEP 6
  certificate  stage=STEP 6  complete  reason=candidate_set  wall=2.906000e-05s  cpu=2.900000e-05s  provider=0  solves=0  iterations=0

STEP 8
  certificate  stage=STEP 8  complete  reason=unchanged_problem_67  wall=2.550900e-05s  cpu=9.000000e-06s  provider=0  solves=0  iterations=0

STEP 9
  certificate  stage=STEP 9  failed  objective=-5.440583e+01  upper=-5.440542e+01  gap= 4.067802e-04  wall=0.000000e+00s  cpu=0.000000e+00s  provider=0  solves=0  iterations=0
  certificate  stage=STEP 9  complete  reason=paper_free_energy_convergence_failed  wall=1.857359e-03s  cpu=1.857000e-03s  provider=2  solves=0  iterations=0

STEP 7
  certificate  stage=STEP 7  complete  reason=continue_stage_ii  wall=1.140000e-06s  cpu=1.000000e-06s  provider=0  solves=0  iterations=0

STEP 4
  STAGE II STEP 4  major=42  upper=-5.440542e+01  LP_primal= 2.124523e-12  LP_dual= 9.415385e-14  active_cuts=47  certified
  certificate  stage=STEP 4  complete  reason=step4_complete  wall=4.872970e-04s  cpu=4.880000e-04s  provider=0  solves=1  iterations=1

STEP 5
  certificate  stage=STEP 5 LOCAL  major=42  attempt=175  accepted  reason=success  P rel.=-1.383058e-09  objective=-5.440542e+01  upper=-5.440542e+01  gap= 2.103206e-12  wall=0.000000e+00s  cpu=0.000000e+00s  provider=0  solves=0  iterations=0
  certificate  stage=STEP 5  complete  reason=step5_complete  wall=1.616762e-02s  cpu=1.616800e-02s  provider=13  solves=1  iterations=12

STEP 6
  certificate  stage=STEP 6  complete  reason=candidate_set  wall=1.481000e-05s  cpu=1.500000e-05s  provider=0  solves=0  iterations=0

STEP 8
  certificate  stage=STEP 8  complete  reason=unchanged_problem_67  wall=1.550000e-06s  cpu=1.000000e-06s  provider=0  solves=0  iterations=0

STEP 9
  certificate  stage=STEP 9  failed  objective=-5.440583e+01  upper=-5.440542e+01  gap= 4.067802e-04  wall=0.000000e+00s  cpu=0.000000e+00s  provider=0  solves=0  iterations=0
  certificate  stage=STEP 9  complete  reason=paper_free_energy_convergence_failed  wall=1.715019e-03s  cpu=1.715000e-03s  provider=2  solves=0  iterations=0

STEP 7
  certificate  stage=STEP 7  complete  reason=continue_stage_ii  wall=1.160000e-06s  cpu=1.000000e-06s  provider=0  solves=0  iterations=0

STEP 4
  STAGE II STEP 4  major=43  upper=-5.440542e+01  LP_primal= 2.124523e-12  LP_dual= 9.415385e-14  active_cuts=48  certified
  certificate  stage=STEP 4  complete  reason=step4_complete  wall=4.286780e-04s  cpu=4.290000e-04s  provider=0  solves=1  iterations=1

STEP 5
  certificate  stage=STEP 5 LOCAL  major=43  attempt=176  accepted  reason=success  P rel.= 7.556078e-14  objective=-5.156052e+01  upper=-5.440542e+01  gap=-2.844905e+00  wall=0.000000e+00s  cpu=0.000000e+00s  provider=0  solves=0  iterations=0
  certificate  stage=STEP 5 LOCAL  major=43  attempt=177  accepted  reason=success  P rel.=-1.361425e-09  objective=-5.440542e+01  upper=-5.440542e+01  gap= 2.103206e-12  wall=0.000000e+00s  cpu=0.000000e+00s  provider=0  solves=0  iterations=0
  certificate  stage=STEP 5  complete  reason=step5_complete  wall=6.162024e-02s  cpu=6.162100e-02s  provider=52  solves=2  iterations=43

STEP 6
  certificate  stage=STEP 6  complete  reason=candidate_set  wall=2.519000e-05s  cpu=2.500000e-05s  provider=0  solves=0  iterations=0

STEP 8
  certificate  stage=STEP 8  complete  reason=unchanged_problem_67  wall=2.340000e-06s  cpu=2.000000e-06s  provider=0  solves=0  iterations=0

STEP 9
  certificate  stage=STEP 9  failed  objective=-5.440583e+01  upper=-5.440542e+01  gap= 4.067802e-04  wall=0.000000e+00s  cpu=0.000000e+00s  provider=0  solves=0  iterations=0
  certificate  stage=STEP 9  complete  reason=paper_free_energy_convergence_failed  wall=2.134717e-03s  cpu=2.135000e-03s  provider=2  solves=0  iterations=0

STEP 7
  certificate  stage=STEP 7  complete  reason=continue_stage_ii  wall=1.050000e-06s  cpu=1.000000e-06s  provider=0  solves=0  iterations=0

STEP 4
  STAGE II STEP 4  major=44  upper=-5.440542e+01  LP_primal= 2.124523e-12  LP_dual= 9.415385e-14  active_cuts=49  certified
  certificate  stage=STEP 4  complete  reason=step4_complete  wall=4.574980e-04s  cpu=4.580000e-04s  provider=0  solves=1  iterations=1

STEP 5
  certificate  stage=STEP 5 LOCAL  major=44  attempt=178  accepted  reason=success  P rel.=-1.350875e-09  objective=-5.440542e+01  upper=-5.440542e+01  gap= 2.096101e-12  wall=0.000000e+00s  cpu=0.000000e+00s  provider=0  solves=0  iterations=0
  certificate  stage=STEP 5  complete  reason=step5_complete  wall=2.181767e-02s  cpu=2.181800e-02s  provider=18  solves=1  iterations=16

STEP 6
  certificate  stage=STEP 6  complete  reason=candidate_set  wall=1.549000e-05s  cpu=1.500000e-05s  provider=0  solves=0  iterations=0

STEP 8
  certificate  stage=STEP 8  complete  reason=unchanged_problem_67  wall=1.500000e-06s  cpu=1.000000e-06s  provider=0  solves=0  iterations=0

STEP 9
  certificate  stage=STEP 9  failed  objective=-5.440583e+01  upper=-5.440542e+01  gap= 4.067802e-04  wall=0.000000e+00s  cpu=0.000000e+00s  provider=0  solves=0  iterations=0
  certificate  stage=STEP 9  complete  reason=paper_free_energy_convergence_failed  wall=1.717200e-03s  cpu=1.718000e-03s  provider=2  solves=0  iterations=0

STEP 7
  certificate  stage=STEP 7  complete  reason=continue_stage_ii  wall=9.400000e-07s  cpu=1.000000e-06s  provider=0  solves=0  iterations=0

STEP 4
  STAGE II STEP 4  major=45  upper=-5.440542e+01  LP_primal= 7.780443e-12  LP_dual= 9.020562e-17  active_cuts=50  certified
  certificate  stage=STEP 4  complete  reason=step4_complete  wall=4.188270e-04s  cpu=4.190000e-04s  provider=0  solves=1  iterations=1

STEP 5
  certificate  stage=STEP 5 LOCAL  major=45  attempt=179  accepted  reason=success  P rel.= 3.907326e-14  objective=-5.156052e+01  upper=-5.440542e+01  gap=-2.844905e+00  wall=0.000000e+00s  cpu=0.000000e+00s  provider=0  solves=0  iterations=0
  certificate  stage=STEP 5 LOCAL  major=45  attempt=180  accepted  reason=success  P rel.= 4.898522e-14  objective=-5.156052e+01  upper=-5.440542e+01  gap=-2.844905e+00  wall=0.000000e+00s  cpu=0.000000e+00s  provider=0  solves=0  iterations=0
  certificate  stage=STEP 5 LOCAL  major=45  attempt=182  accepted  reason=success  P rel.= 4.639949e-14  objective=-5.004234e+01  upper=-5.440542e+01  gap=-4.363088e+00  wall=0.000000e+00s  cpu=0.000000e+00s  provider=0  solves=0  iterations=0
  certificate  stage=STEP 5 LOCAL  major=45  attempt=183  accepted  reason=success  P rel.= 5.688607e-14  objective=-5.156052e+01  upper=-5.440542e+01  gap=-2.844905e+00  wall=0.000000e+00s  cpu=0.000000e+00s  provider=0  solves=0  iterations=0
  certificate  stage=STEP 5 LOCAL  major=45  attempt=184  accepted  reason=success  P rel.= 5.817893e-14  objective=-5.156052e+01  upper=-5.440542e+01  gap=-2.844905e+00  wall=0.000000e+00s  cpu=0.000000e+00s  provider=0  solves=0  iterations=0
  certificate  stage=STEP 5 LOCAL  major=45  attempt=185  accepted  reason=success  P rel.=-1.355327e-09  objective=-5.440542e+01  upper=-5.440542e+01  gap= 7.759127e-12  wall=0.000000e+00s  cpu=0.000000e+00s  provider=0  solves=0  iterations=0
  certificate  stage=STEP 5  complete  reason=step5_complete  wall=1.347516e-01s  cpu=1.347530e-01s  provider=119  solves=7  iterations=104

STEP 6
  certificate  stage=STEP 6  complete  reason=candidate_set  wall=1.595000e-05s  cpu=1.600000e-05s  provider=0  solves=0  iterations=0

STEP 8
  certificate  stage=STEP 8  complete  reason=unchanged_problem_67  wall=1.950000e-06s  cpu=2.000000e-06s  provider=0  solves=0  iterations=0

STEP 9
  certificate  stage=STEP 9  failed  objective=-5.440583e+01  upper=-5.440542e+01  gap= 4.067802e-04  wall=0.000000e+00s  cpu=0.000000e+00s  provider=0  solves=0  iterations=0
  certificate  stage=STEP 9  complete  reason=paper_free_energy_convergence_failed  wall=1.559911e-03s  cpu=1.560000e-03s  provider=2  solves=0  iterations=0

STEP 7
  certificate  stage=STEP 7  complete  reason=continue_stage_ii  wall=9.600000e-07s  cpu=1.000000e-06s  provider=0  solves=0  iterations=0

STEP 4
  STAGE II STEP 4  major=46  upper=-5.440542e+01  LP_primal= 7.780443e-12  LP_dual= 9.020562e-17  active_cuts=51  certified
  certificate  stage=STEP 4  complete  reason=step4_complete  wall=4.573770e-04s  cpu=4.580000e-04s  provider=0  solves=1  iterations=1

STEP 5
  certificate  stage=STEP 5 LOCAL  major=46  attempt=186  accepted  reason=success  P rel.= 1.034292e-13  objective=-5.156052e+01  upper=-5.440542e+01  gap=-2.844905e+00  wall=0.000000e+00s  cpu=0.000000e+00s  provider=0  solves=0  iterations=0
  certificate  stage=STEP 5 LOCAL  major=46  attempt=187  accepted  reason=success  P rel.= 3.907326e-14  objective=-5.156052e+01  upper=-5.440542e+01  gap=-2.844905e+00  wall=0.000000e+00s  cpu=0.000000e+00s  provider=0  solves=0  iterations=0
  certificate  stage=STEP 5 LOCAL  major=46  attempt=188  accepted  reason=success  P rel.=-1.363606e-09  objective=-5.440542e+01  upper=-5.440542e+01  gap= 7.759127e-12  wall=0.000000e+00s  cpu=0.000000e+00s  provider=0  solves=0  iterations=0
  certificate  stage=STEP 5  complete  reason=step5_complete  wall=7.006326e-02s  cpu=7.002500e-02s  provider=66  solves=3  iterations=58

STEP 6
  certificate  stage=STEP 6  complete  reason=candidate_set  wall=1.669000e-05s  cpu=1.700000e-05s  provider=0  solves=0  iterations=0

STEP 8
  certificate  stage=STEP 8  complete  reason=unchanged_problem_67  wall=2.000000e-06s  cpu=2.000000e-06s  provider=0  solves=0  iterations=0

STEP 9
  certificate  stage=STEP 9  failed  objective=-5.440583e+01  upper=-5.440542e+01  gap= 4.067802e-04  wall=0.000000e+00s  cpu=0.000000e+00s  provider=0  solves=0  iterations=0
  certificate  stage=STEP 9  complete  reason=paper_free_energy_convergence_failed  wall=1.660631e-03s  cpu=1.661000e-03s  provider=2  solves=0  iterations=0

STEP 7
  certificate  stage=STEP 7  complete  reason=continue_stage_ii  wall=9.600000e-07s  cpu=1.000000e-06s  provider=0  solves=0  iterations=0

STEP 4
  STAGE II STEP 4  major=47  upper=-5.440542e+01  LP_primal= 7.780443e-12  LP_dual= 9.020562e-17  active_cuts=52  certified
  certificate  stage=STEP 4  complete  reason=step4_complete  wall=4.527780e-04s  cpu=4.530000e-04s  provider=0  solves=1  iterations=1

STEP 5
  certificate  stage=STEP 5 LOCAL  major=47  attempt=189  accepted  reason=success  P rel.= 3.706213e-14  objective=-5.156052e+01  upper=-5.440542e+01  gap=-2.844905e+00  wall=0.000000e+00s  cpu=0.000000e+00s  provider=0  solves=0  iterations=0
  certificate  stage=STEP 5 LOCAL  major=47  attempt=190  accepted  reason=success  P rel.= 4.295185e-14  objective=-5.004234e+01  upper=-5.440542e+01  gap=-4.363088e+00  wall=0.000000e+00s  cpu=0.000000e+00s  provider=0  solves=0  iterations=0
  certificate  stage=STEP 5 LOCAL  major=47  attempt=191  accepted  reason=success  P rel.= 2.582857e-13  objective=-5.156052e+01  upper=-5.440542e+01  gap=-2.844905e+00  wall=0.000000e+00s  cpu=0.000000e+00s  provider=0  solves=0  iterations=0
  certificate  stage=STEP 5 LOCAL  major=47  attempt=192  accepted  reason=success  P rel.= 6.378135e-14  objective=-5.156052e+01  upper=-5.440542e+01  gap=-2.844905e+00  wall=0.000000e+00s  cpu=0.000000e+00s  provider=0  solves=0  iterations=0
  certificate  stage=STEP 5 LOCAL  major=47  attempt=193  accepted  reason=success  P rel.= 3.907326e-14  objective=-5.156052e+01  upper=-5.440542e+01  gap=-2.844905e+00  wall=0.000000e+00s  cpu=0.000000e+00s  provider=0  solves=0  iterations=0
  certificate  stage=STEP 5 LOCAL  major=47  attempt=194  accepted  reason=success  P rel.=-1.351409e-09  objective=-5.440542e+01  upper=-5.440542e+01  gap= 7.752021e-12  wall=0.000000e+00s  cpu=0.000000e+00s  provider=0  solves=0  iterations=0
  certificate  stage=STEP 5  complete  reason=step5_complete  wall=1.303981e-01s  cpu=1.303510e-01s  provider=120  solves=6  iterations=108

STEP 6
  certificate  stage=STEP 6  complete  reason=candidate_set  wall=1.705000e-05s  cpu=1.700000e-05s  provider=0  solves=0  iterations=0

STEP 8
  certificate  stage=STEP 8  complete  reason=unchanged_problem_67  wall=1.960000e-06s  cpu=2.000000e-06s  provider=0  solves=0  iterations=0

STEP 9
  certificate  stage=STEP 9  failed  objective=-5.440583e+01  upper=-5.440542e+01  gap= 4.067802e-04  wall=0.000000e+00s  cpu=0.000000e+00s  provider=0  solves=0  iterations=0
  certificate  stage=STEP 9  complete  reason=paper_free_energy_convergence_failed  wall=1.569551e-03s  cpu=1.570000e-03s  provider=2  solves=0  iterations=0

STEP 7
  certificate  stage=STEP 7  complete  reason=continue_stage_ii  wall=9.700000e-07s  cpu=1.000000e-06s  provider=0  solves=0  iterations=0

STEP 4
  STAGE II STEP 4  major=48  upper=-5.440542e+01  LP_primal= 7.780443e-12  LP_dual= 9.020562e-17  active_cuts=53  certified
  certificate  stage=STEP 4  complete  reason=step4_complete  wall=4.431770e-04s  cpu=4.430000e-04s  provider=0  solves=1  iterations=1

STEP 5
  certificate  stage=STEP 5 LOCAL  major=48  attempt=195  accepted  reason=success  P rel.= 3.232163e-14  objective=-5.156052e+01  upper=-5.440542e+01  gap=-2.844905e+00  wall=0.000000e+00s  cpu=0.000000e+00s  provider=0  solves=0  iterations=0
  certificate  stage=STEP 5 LOCAL  major=48  attempt=196  accepted  reason=success  P rel.= 8.762753e-14  objective=-5.156052e+01  upper=-5.440542e+01  gap=-2.844905e+00  wall=0.000000e+00s  cpu=0.000000e+00s  provider=0  solves=0  iterations=0
  certificate  stage=STEP 5 LOCAL  major=48  attempt=197  accepted  reason=success  P rel.=-8.935451e-09  objective=-5.440542e+01  upper=-5.440542e+01  gap= 7.766232e-12  wall=0.000000e+00s  cpu=0.000000e+00s  provider=0  solves=0  iterations=0
  certificate  stage=STEP 5  complete  reason=step5_complete  wall=6.598690e-02s  cpu=6.596100e-02s  provider=60  solves=3  iterations=57

STEP 6
  certificate  stage=STEP 6  complete  reason=candidate_set  wall=2.154000e-05s  cpu=2.200000e-05s  provider=0  solves=0  iterations=0

STEP 8
  certificate  stage=STEP 8  complete  reason=unchanged_problem_67  wall=2.260000e-06s  cpu=3.000000e-06s  provider=0  solves=0  iterations=0

STEP 9
  certificate  stage=STEP 9  failed  objective=-5.440583e+01  upper=-5.440542e+01  gap= 4.067802e-04  wall=0.000000e+00s  cpu=0.000000e+00s  provider=0  solves=0  iterations=0
  certificate  stage=STEP 9  complete  reason=paper_free_energy_convergence_failed  wall=1.641410e-03s  cpu=1.642000e-03s  provider=2  solves=0  iterations=0

STEP 7
  certificate  stage=STEP 7  complete  reason=continue_stage_ii  wall=1.510000e-06s  cpu=1.000000e-06s  provider=0  solves=0  iterations=0

STEP 4
  STAGE II STEP 4  major=49  upper=-5.440542e+01  LP_primal= 3.076650e-12  LP_dual= 1.665335e-14  active_cuts=54  certified
  certificate  stage=STEP 4  complete  reason=step4_complete  wall=4.400670e-04s  cpu=4.400000e-04s  provider=0  solves=1  iterations=1

STEP 5
  certificate  stage=STEP 5 LOCAL  major=49  attempt=198  accepted  reason=success  P rel.=-1.369037e-09  objective=-5.440542e+01  upper=-5.440542e+01  gap= 3.780087e-12  wall=0.000000e+00s  cpu=0.000000e+00s  provider=0  solves=0  iterations=0
  certificate  stage=STEP 5  complete  reason=step5_complete  wall=2.754853e-02s  cpu=2.753700e-02s  provider=26  solves=1  iterations=18

STEP 6
  certificate  stage=STEP 6  complete  reason=candidate_set  wall=1.519000e-05s  cpu=1.500000e-05s  provider=0  solves=0  iterations=0

STEP 8
  certificate  stage=STEP 8  complete  reason=unchanged_problem_67  wall=1.450000e-06s  cpu=1.000000e-06s  provider=0  solves=0  iterations=0

STEP 9
  certificate  stage=STEP 9  failed  objective=-5.440583e+01  upper=-5.440542e+01  gap= 4.067802e-04  wall=0.000000e+00s  cpu=0.000000e+00s  provider=0  solves=0  iterations=0
  certificate  stage=STEP 9  complete  reason=paper_free_energy_convergence_failed  wall=1.555741e-03s  cpu=1.556000e-03s  provider=2  solves=0  iterations=0

STEP 7
  certificate  stage=STEP 7  complete  reason=continue_stage_ii  wall=8.700000e-07s  cpu=1.000000e-06s  provider=0  solves=0  iterations=0

STEP 4
  STAGE II STEP 4  major=50  upper=-5.440542e+01  LP_primal= 3.780087e-12  LP_dual= 1.665335e-14  active_cuts=55  certified
  certificate  stage=STEP 4  complete  reason=step4_complete  wall=3.834480e-04s  cpu=3.840000e-04s  provider=0  solves=1  iterations=1

STEP 5
  certificate  stage=STEP 5 LOCAL  major=50  attempt=199  accepted  reason=success  P rel.=-1.363561e-09  objective=-5.440542e+01  upper=-5.440542e+01  gap= 3.772982e-12  wall=0.000000e+00s  cpu=0.000000e+00s  provider=0  solves=0  iterations=0
  certificate  stage=STEP 5  complete  reason=step5_complete  wall=2.062370e-02s  cpu=2.062400e-02s  provider=21  solves=1  iterations=16

STEP 6
  certificate  stage=STEP 6  complete  reason=candidate_set  wall=1.536000e-05s  cpu=1.500000e-05s  provider=0  solves=0  iterations=0

STEP 8
  certificate  stage=STEP 8  complete  reason=unchanged_problem_67  wall=1.400000e-06s  cpu=1.000000e-06s  provider=0  solves=0  iterations=0

STEP 9
  certificate  stage=STEP 9  failed  objective=-5.440583e+01  upper=-5.440542e+01  gap= 4.067802e-04  wall=0.000000e+00s  cpu=0.000000e+00s  provider=0  solves=0  iterations=0
  certificate  stage=STEP 9  complete  reason=paper_free_energy_convergence_failed  wall=1.546681e-03s  cpu=1.547000e-03s  provider=2  solves=0  iterations=0

STEP 7
  certificate  stage=STEP 7  complete  reason=continue_stage_ii  wall=8.900000e-07s  cpu=1.000000e-06s  provider=0  solves=0  iterations=0

STEP 4
  STAGE II STEP 4  major=51  upper=-5.440542e+01  LP_primal= 3.780087e-12  LP_dual= 1.665335e-14  active_cuts=56  certified
  certificate  stage=STEP 4  complete  reason=step4_complete  wall=4.002970e-04s  cpu=4.010000e-04s  provider=0  solves=1  iterations=1

STEP 5
  certificate  stage=STEP 5 LOCAL  major=51  attempt=200  accepted  reason=success  P rel.= 6.062101e-14  objective=-5.156052e+01  upper=-5.440542e+01  gap=-2.844905e+00  wall=0.000000e+00s  cpu=0.000000e+00s  provider=0  solves=0  iterations=0
  certificate  stage=STEP 5 LOCAL  major=51  attempt=201  accepted  reason=success  P rel.=-1.366410e-09  objective=-5.440542e+01  upper=-5.440542e+01  gap= 3.765876e-12  wall=0.000000e+00s  cpu=0.000000e+00s  provider=0  solves=0  iterations=0
  certificate  stage=STEP 5  complete  reason=step5_complete  wall=3.944545e-02s  cpu=3.941300e-02s  provider=37  solves=2  iterations=33

STEP 6
  certificate  stage=STEP 6  complete  reason=candidate_set  wall=1.584000e-05s  cpu=1.600000e-05s  provider=0  solves=0  iterations=0

STEP 8
  certificate  stage=STEP 8  complete  reason=unchanged_problem_67  wall=1.880000e-06s  cpu=1.000000e-06s  provider=0  solves=0  iterations=0

STEP 9
  certificate  stage=STEP 9  failed  objective=-5.440583e+01  upper=-5.440542e+01  gap= 4.067802e-04  wall=0.000000e+00s  cpu=0.000000e+00s  provider=0  solves=0  iterations=0
  certificate  stage=STEP 9  complete  reason=paper_free_energy_convergence_failed  wall=1.570440e-03s  cpu=1.571000e-03s  provider=2  solves=0  iterations=0

STEP 7
  certificate  stage=STEP 7  complete  reason=continue_stage_ii  wall=8.900000e-07s  cpu=0.000000e+00s  provider=0  solves=0  iterations=0

STEP 4
  STAGE II STEP 4  major=52  upper=-5.440542e+01  LP_primal= 3.780087e-12  LP_dual= 1.665335e-14  active_cuts=57  certified
  certificate  stage=STEP 4  complete  reason=step4_complete  wall=3.996180e-04s  cpu=3.990000e-04s  provider=0  solves=1  iterations=1

STEP 5
  certificate  stage=STEP 5 LOCAL  major=52  attempt=202  accepted  reason=success  P rel.= 4.654314e-14  objective=-5.156052e+01  upper=-5.440542e+01  gap=-2.844905e+00  wall=0.000000e+00s  cpu=0.000000e+00s  provider=0  solves=0  iterations=0
  certificate  stage=STEP 5 LOCAL  major=52  attempt=203  accepted  reason=success  P rel.= 6.363769e-13  objective=-5.156052e+01  upper=-5.440542e+01  gap=-2.844905e+00  wall=0.000000e+00s  cpu=0.000000e+00s  provider=0  solves=0  iterations=0
  certificate  stage=STEP 5 LOCAL  major=52  attempt=204  accepted  reason=success  P rel.= 6.478691e-14  objective=-5.156052e+01  upper=-5.440542e+01  gap=-2.844905e+00  wall=0.000000e+00s  cpu=0.000000e+00s  provider=0  solves=0  iterations=0
  certificate  stage=STEP 5 LOCAL  major=52  attempt=206  accepted  reason=success  P rel.= 4.797966e-14  objective=-5.156052e+01  upper=-5.440542e+01  gap=-2.844905e+00  wall=0.000000e+00s  cpu=0.000000e+00s  provider=0  solves=0  iterations=0
  certificate  stage=STEP 5 LOCAL  major=52  attempt=207  accepted  reason=success  P rel.= 3.677483e-14  objective=-5.156052e+01  upper=-5.440542e+01  gap=-2.844905e+00  wall=0.000000e+00s  cpu=0.000000e+00s  provider=0  solves=0  iterations=0
  certificate  stage=STEP 5 LOCAL  major=52  attempt=208  accepted  reason=success  P rel.=-3.021637e-09  objective=-5.440542e+01  upper=-5.440542e+01  gap= 3.780087e-12  wall=0.000000e+00s  cpu=0.000000e+00s  provider=0  solves=0  iterations=0
  certificate  stage=STEP 5  complete  reason=step5_complete  wall=1.520558e-01s  cpu=1.520360e-01s  provider=139  solves=7  iterations=126

STEP 6
  certificate  stage=STEP 6  complete  reason=candidate_set  wall=1.920000e-05s  cpu=1.900000e-05s  provider=0  solves=0  iterations=0

STEP 8
  certificate  stage=STEP 8  complete  reason=unchanged_problem_67  wall=2.360000e-06s  cpu=3.000000e-06s  provider=0  solves=0  iterations=0

STEP 9
  certificate  stage=STEP 9  failed  objective=-5.440583e+01  upper=-5.440542e+01  gap= 4.067802e-04  wall=0.000000e+00s  cpu=0.000000e+00s  provider=0  solves=0  iterations=0
  certificate  stage=STEP 9  complete  reason=paper_free_energy_convergence_failed  wall=1.709599e-03s  cpu=1.710000e-03s  provider=2  solves=0  iterations=0

STEP 7
  certificate  stage=STEP 7  complete  reason=continue_stage_ii  wall=1.050000e-06s  cpu=1.000000e-06s  provider=0  solves=0  iterations=0

STEP 4
  STAGE II STEP 4  major=53  upper=-5.440542e+01  LP_primal= 3.780087e-12  LP_dual= 1.665335e-14  active_cuts=58  certified
  certificate  stage=STEP 4  complete  reason=step4_complete  wall=4.945470e-04s  cpu=4.950000e-04s  provider=0  solves=1  iterations=1

STEP 5
  certificate  stage=STEP 5 LOCAL  major=53  attempt=209  accepted  reason=success  P rel.= 1.745368e-13  objective=-5.156052e+01  upper=-5.440542e+01  gap=-2.844905e+00  wall=0.000000e+00s  cpu=0.000000e+00s  provider=0  solves=0  iterations=0
  certificate  stage=STEP 5 LOCAL  major=53  attempt=210  accepted  reason=success  P rel.=-1.375491e-09  objective=-5.440542e+01  upper=-5.440542e+01  gap= 3.780087e-12  wall=0.000000e+00s  cpu=0.000000e+00s  provider=0  solves=0  iterations=0
  certificate  stage=STEP 5  complete  reason=step5_complete  wall=4.576638e-02s  cpu=4.576700e-02s  provider=38  solves=2  iterations=36

STEP 6
  certificate  stage=STEP 6  complete  reason=candidate_set  wall=1.795000e-05s  cpu=1.800000e-05s  provider=0  solves=0  iterations=0

STEP 8
  certificate  stage=STEP 8  complete  reason=unchanged_problem_67  wall=1.730000e-06s  cpu=2.000000e-06s  provider=0  solves=0  iterations=0

STEP 9
  certificate  stage=STEP 9  failed  objective=-5.440583e+01  upper=-5.440542e+01  gap= 4.067802e-04  wall=0.000000e+00s  cpu=0.000000e+00s  provider=0  solves=0  iterations=0
  certificate  stage=STEP 9  complete  reason=paper_free_energy_convergence_failed  wall=1.684560e-03s  cpu=1.684000e-03s  provider=2  solves=0  iterations=0

STEP 7
  certificate  stage=STEP 7  complete  reason=continue_stage_ii  wall=1.010000e-06s  cpu=1.000000e-06s  provider=0  solves=0  iterations=0

STEP 4
  STAGE II STEP 4  major=54  upper=-5.440542e+01  LP_primal= 3.780087e-12  LP_dual= 1.665335e-14  active_cuts=59  certified
  certificate  stage=STEP 4  complete  reason=step4_complete  wall=4.379770e-04s  cpu=4.390000e-04s  provider=0  solves=1  iterations=1

STEP 5
  certificate  stage=STEP 5 LOCAL  major=54  attempt=211  accepted  reason=success  P rel.= 5.803528e-14  objective=-5.156052e+01  upper=-5.440542e+01  gap=-2.844905e+00  wall=0.000000e+00s  cpu=0.000000e+00s  provider=0  solves=0  iterations=0
  certificate  stage=STEP 5 LOCAL  major=54  attempt=212  accepted  reason=success  P rel.= 3.433275e-14  objective=-5.156052e+01  upper=-5.440542e+01  gap=-2.844905e+00  wall=0.000000e+00s  cpu=0.000000e+00s  provider=0  solves=0  iterations=0
  certificate  stage=STEP 5 LOCAL  major=54  attempt=213  accepted  reason=success  P rel.= 4.654314e-14  objective=-5.156052e+01  upper=-5.440542e+01  gap=-2.844905e+00  wall=0.000000e+00s  cpu=0.000000e+00s  provider=0  solves=0  iterations=0
  certificate  stage=STEP 5 LOCAL  major=54  attempt=214  accepted  reason=success  P rel.= 6.363769e-14  objective=-5.156052e+01  upper=-5.440542e+01  gap=-2.844905e+00  wall=0.000000e+00s  cpu=0.000000e+00s  provider=0  solves=0  iterations=0
  certificate  stage=STEP 5 LOCAL  major=54  attempt=215  accepted  reason=success  P rel.= 6.809090e-14  objective=-5.156052e+01  upper=-5.440542e+01  gap=-2.844905e+00  wall=0.000000e+00s  cpu=0.000000e+00s  provider=0  solves=0  iterations=0
  certificate  stage=STEP 5 LOCAL  major=54  attempt=216  accepted  reason=success  P rel.= 4.955983e-14  objective=-5.156052e+01  upper=-5.440542e+01  gap=-2.844905e+00  wall=0.000000e+00s  cpu=0.000000e+00s  provider=0  solves=0  iterations=0
  certificate  stage=STEP 5 LOCAL  major=54  attempt=217  accepted  reason=success  P rel.= 2.249585e-13  objective=-5.156052e+01  upper=-5.440542e+01  gap=-2.844905e+00  wall=0.000000e+00s  cpu=0.000000e+00s  provider=0  solves=0  iterations=0
  certificate  stage=STEP 5 LOCAL  major=54  attempt=218  accepted  reason=success  P rel.= 5.458764e-14  objective=-5.156052e+01  upper=-5.440542e+01  gap=-2.844905e+00  wall=0.000000e+00s  cpu=0.000000e+00s  provider=0  solves=0  iterations=0
  certificate  stage=STEP 5 LOCAL  major=54  attempt=219  accepted  reason=success  P rel.= 7.283140e-14  objective=-5.156052e+01  upper=-5.440542e+01  gap=-2.844905e+00  wall=0.000000e+00s  cpu=0.000000e+00s  provider=0  solves=0  iterations=0
  certificate  stage=STEP 5 LOCAL  major=54  attempt=220  accepted  reason=success  P rel.= 7.441157e-14  objective=-5.156052e+01  upper=-5.440542e+01  gap=-2.844905e+00  wall=0.000000e+00s  cpu=0.000000e+00s  provider=0  solves=0  iterations=0
  certificate  stage=STEP 5 LOCAL  major=54  attempt=221  accepted  reason=success  P rel.= 1.107554e-13  objective=-5.156052e+01  upper=-5.440542e+01  gap=-2.844905e+00  wall=0.000000e+00s  cpu=0.000000e+00s  provider=0  solves=0  iterations=0
  certificate  stage=STEP 5 LOCAL  major=54  attempt=222  accepted  reason=success  P rel.= 5.076650e-13  objective=-5.156052e+01  upper=-5.440542e+01  gap=-2.844905e+00  wall=0.000000e+00s  cpu=0.000000e+00s  provider=0  solves=0  iterations=0
  certificate  stage=STEP 5 LOCAL  major=54  attempt=223  accepted  reason=success  P rel.= 3.677483e-14  objective=-5.156052e+01  upper=-5.440542e+01  gap=-2.844905e+00  wall=0.000000e+00s  cpu=0.000000e+00s  provider=0  solves=0  iterations=0
  certificate  stage=STEP 5 LOCAL  major=54  attempt=224  accepted  reason=success  P rel.= 1.922059e-13  objective=-5.156052e+01  upper=-5.440542e+01  gap=-2.844905e+00  wall=0.000000e+00s  cpu=0.000000e+00s  provider=0  solves=0  iterations=0
  certificate  stage=STEP 5 LOCAL  major=54  attempt=225  accepted  reason=success  P rel.= 7.225680e-14  objective=-5.156052e+01  upper=-5.440542e+01  gap=-2.844905e+00  wall=0.000000e+00s  cpu=0.000000e+00s  provider=0  solves=0  iterations=0
  certificate  stage=STEP 5 LOCAL  major=54  attempt=226  accepted  reason=success  P rel.= 6.823455e-14  objective=-5.156052e+01  upper=-5.440542e+01  gap=-2.844905e+00  wall=0.000000e+00s  cpu=0.000000e+00s  provider=0  solves=0  iterations=0
  certificate  stage=STEP 5 LOCAL  major=54  attempt=228  accepted  reason=success  P rel.= 4.539393e-14  objective=-5.156052e+01  upper=-5.440542e+01  gap=-2.844905e+00  wall=0.000000e+00s  cpu=0.000000e+00s  provider=0  solves=0  iterations=0
  certificate  stage=STEP 5 LOCAL  major=54  attempt=229  accepted  reason=success  P rel.= 7.283140e-14  objective=-5.156052e+01  upper=-5.440542e+01  gap=-2.844905e+00  wall=0.000000e+00s  cpu=0.000000e+00s  provider=0  solves=0  iterations=0
  certificate  stage=STEP 5 LOCAL  major=54  attempt=230  accepted  reason=success  P rel.= 5.803528e-14  objective=-5.156052e+01  upper=-5.440542e+01  gap=-2.844905e+00  wall=0.000000e+00s  cpu=0.000000e+00s  provider=0  solves=0  iterations=0
  certificate  stage=STEP 5 LOCAL  major=54  attempt=231  accepted  reason=success  P rel.= 4.927253e-14  objective=-5.156052e+01  upper=-5.440542e+01  gap=-2.844905e+00  wall=0.000000e+00s  cpu=0.000000e+00s  provider=0  solves=0  iterations=0
  certificate  stage=STEP 5 LOCAL  major=54  attempt=232  accepted  reason=success  P rel.= 6.033371e-14  objective=-5.156052e+01  upper=-5.440542e+01  gap=-2.844905e+00  wall=0.000000e+00s  cpu=0.000000e+00s  provider=0  solves=0  iterations=0
  certificate  stage=STEP 5 LOCAL  major=54  attempt=233  accepted  reason=success  P rel.= 6.708533e-14  objective=-5.156052e+01  upper=-5.440542e+01  gap=-2.844905e+00  wall=0.000000e+00s  cpu=0.000000e+00s  provider=0  solves=0  iterations=0
  certificate  stage=STEP 5 LOCAL  major=54  attempt=235  accepted  reason=success  P rel.= 9.524106e-14  objective=-5.156052e+01  upper=-5.440542e+01  gap=-2.844905e+00  wall=0.000000e+00s  cpu=0.000000e+00s  provider=0  solves=0  iterations=0
  certificate  stage=STEP 5 LOCAL  major=54  attempt=236  accepted  reason=success  P rel.= 5.458764e-14  objective=-5.156052e+01  upper=-5.440542e+01  gap=-2.844905e+00  wall=0.000000e+00s  cpu=0.000000e+00s  provider=0  solves=0  iterations=0
  certificate  stage=STEP 5 LOCAL  major=54  attempt=237  accepted  reason=success  P rel.= 5.286382e-14  objective=-5.156052e+01  upper=-5.440542e+01  gap=-2.844905e+00  wall=0.000000e+00s  cpu=0.000000e+00s  provider=0  solves=0  iterations=0
  certificate  stage=STEP 5 LOCAL  major=54  attempt=238  accepted  reason=success  P rel.= 5.134111e-13  objective=-5.156052e+01  upper=-5.440542e+01  gap=-2.844905e+00  wall=0.000000e+00s  cpu=0.000000e+00s  provider=0  solves=0  iterations=0
  certificate  stage=STEP 5 LOCAL  major=54  attempt=239  accepted  reason=success  P rel.= 5.473129e-14  objective=-5.156052e+01  upper=-5.440542e+01  gap=-2.844905e+00  wall=0.000000e+00s  cpu=0.000000e+00s  provider=0  solves=0  iterations=0
  certificate  stage=STEP 5 LOCAL  major=54  attempt=240  accepted  reason=success  P rel.=-1.367612e-09  objective=-5.440542e+01  upper=-5.440542e+01  gap= 3.765876e-12  wall=0.000000e+00s  cpu=0.000000e+00s  provider=0  solves=0  iterations=0
  certificate  stage=STEP 5  complete  reason=step5_complete  wall=8.160610e-01s  cpu=8.085960e-01s  provider=604  solves=30  iterations=555

STEP 6
  certificate  stage=STEP 6  complete  reason=candidate_set  wall=1.858900e-05s  cpu=1.800000e-05s  provider=0  solves=0  iterations=0

STEP 8
  certificate  stage=STEP 8  complete  reason=unchanged_problem_67  wall=2.090000e-06s  cpu=3.000000e-06s  provider=0  solves=0  iterations=0

STEP 9
  certificate  stage=STEP 9  failed  objective=-5.440583e+01  upper=-5.440542e+01  gap= 4.067802e-04  wall=0.000000e+00s  cpu=0.000000e+00s  provider=0  solves=0  iterations=0
  certificate  stage=STEP 9  complete  reason=paper_free_energy_convergence_failed  wall=1.558531e-03s  cpu=1.559000e-03s  provider=2  solves=0  iterations=0

STEP 7
  certificate  stage=STEP 7  complete  reason=continue_stage_ii  wall=1.200000e-06s  cpu=1.000000e-06s  provider=0  solves=0  iterations=0

STEP 4
  STAGE II STEP 4  major=55  upper=-5.440542e+01  LP_primal= 3.780087e-12  LP_dual= 1.665335e-14  active_cuts=60  certified
  certificate  stage=STEP 4  complete  reason=step4_complete  wall=4.947670e-04s  cpu=4.950000e-04s  provider=0  solves=1  iterations=1

STEP 5
  certificate  stage=STEP 5 LOCAL  major=55  attempt=241  accepted  reason=success  P rel.= 4.654314e-14  objective=-5.156052e+01  upper=-5.440542e+01  gap=-2.844905e+00  wall=0.000000e+00s  cpu=0.000000e+00s  provider=0  solves=0  iterations=0
  certificate  stage=STEP 5 LOCAL  major=55  attempt=242  accepted  reason=success  P rel.= 2.420531e-13  objective=-5.156052e+01  upper=-5.440542e+01  gap=-2.844905e+00  wall=0.000000e+00s  cpu=0.000000e+00s  provider=0  solves=0  iterations=0
  certificate  stage=STEP 5 LOCAL  major=55  attempt=243  accepted  reason=success  P rel.=-1.363695e-09  objective=-5.440542e+01  upper=-5.440542e+01  gap= 3.780087e-12  wall=0.000000e+00s  cpu=0.000000e+00s  provider=0  solves=0  iterations=0
  certificate  stage=STEP 5  complete  reason=step5_complete  wall=7.282831e-02s  cpu=7.279100e-02s  provider=67  solves=3  iterations=61

STEP 6
  certificate  stage=STEP 6  complete  reason=candidate_set  wall=1.869000e-05s  cpu=1.900000e-05s  provider=0  solves=0  iterations=0

STEP 8
  certificate  stage=STEP 8  complete  reason=unchanged_problem_67  wall=2.020000e-06s  cpu=2.000000e-06s  provider=0  solves=0  iterations=0

STEP 9
  certificate  stage=STEP 9  failed  objective=-5.440583e+01  upper=-5.440542e+01  gap= 4.067802e-04  wall=0.000000e+00s  cpu=0.000000e+00s  provider=0  solves=0  iterations=0
  certificate  stage=STEP 9  complete  reason=paper_free_energy_convergence_failed  wall=1.661320e-03s  cpu=1.662000e-03s  provider=2  solves=0  iterations=0

STEP 7
  certificate  stage=STEP 7  complete  reason=continue_stage_ii  wall=9.500000e-07s  cpu=1.000000e-06s  provider=0  solves=0  iterations=0

STEP 4
  STAGE II STEP 4  major=56  upper=-5.440542e+01  LP_primal= 3.780087e-12  LP_dual= 1.665335e-14  active_cuts=61  certified
  certificate  stage=STEP 4  complete  reason=step4_complete  wall=4.644370e-04s  cpu=4.650000e-04s  provider=0  solves=1  iterations=1

STEP 5
  certificate  stage=STEP 5 LOCAL  major=56  attempt=244  accepted  reason=success  P rel.= 3.074146e-13  objective=-5.156052e+01  upper=-5.440542e+01  gap=-2.844905e+00  wall=0.000000e+00s  cpu=0.000000e+00s  provider=0  solves=0  iterations=0
  certificate  stage=STEP 5 LOCAL  major=56  attempt=245  accepted  reason=success  P rel.= 5.114000e-14  objective=-5.004234e+01  upper=-5.440542e+01  gap=-4.363087e+00  wall=0.000000e+00s  cpu=0.000000e+00s  provider=0  solves=0  iterations=0
  certificate  stage=STEP 5 LOCAL  major=56  attempt=246  accepted  reason=success  P rel.= 4.697410e-14  objective=-5.156052e+01  upper=-5.440542e+01  gap=-2.844905e+00  wall=0.000000e+00s  cpu=0.000000e+00s  provider=0  solves=0  iterations=0
  certificate  stage=STEP 5 LOCAL  major=56  attempt=247  accepted  reason=success  P rel.= 1.810011e-14  objective=-5.004234e+01  upper=-5.440542e+01  gap=-4.363087e+00  wall=0.000000e+00s  cpu=0.000000e+00s  provider=0  solves=0  iterations=0
  certificate  stage=STEP 5 LOCAL  major=56  attempt=248  accepted  reason=success  P rel.=-2.851774e-09  objective=-5.433588e+01  upper=-5.440542e+01  gap=-6.954264e-02  wall=0.000000e+00s  cpu=0.000000e+00s  provider=0  solves=0  iterations=0
  certificate  stage=STEP 5 LOCAL  major=56  attempt=249  accepted  reason=success  P rel.= 4.841062e-14  objective=-5.156052e+01  upper=-5.440542e+01  gap=-2.844905e+00  wall=0.000000e+00s  cpu=0.000000e+00s  provider=0  solves=0  iterations=0
  certificate  stage=STEP 5 LOCAL  major=56  attempt=250  accepted  reason=success  P rel.= 6.105196e-14  objective=-5.156052e+01  upper=-5.440542e+01  gap=-2.844905e+00  wall=0.000000e+00s  cpu=0.000000e+00s  provider=0  solves=0  iterations=0
  certificate  stage=STEP 5 LOCAL  major=56  attempt=251  accepted  reason=success  P rel.= 5.286382e-14  objective=-5.156052e+01  upper=-5.440542e+01  gap=-2.844905e+00  wall=0.000000e+00s  cpu=0.000000e+00s  provider=0  solves=0  iterations=0
  certificate  stage=STEP 5 LOCAL  major=56  attempt=253  accepted  reason=success  P rel.= 6.349404e-13  objective=-5.156052e+01  upper=-5.440542e+01  gap=-2.844905e+00  wall=0.000000e+00s  cpu=0.000000e+00s  provider=0  solves=0  iterations=0
  certificate  stage=STEP 5 LOCAL  major=56  attempt=254  accepted  reason=success  P rel.=-1.362004e-09  objective=-5.440542e+01  upper=-5.440542e+01  gap= 3.772982e-12  wall=0.000000e+00s  cpu=0.000000e+00s  provider=0  solves=0  iterations=0
  certificate  stage=STEP 5  complete  reason=step5_complete  wall=2.128644e-01s  cpu=2.128520e-01s  provider=198  solves=11  iterations=175

STEP 6
  certificate  stage=STEP 6  complete  reason=candidate_set  wall=3.701000e-05s  cpu=3.700000e-05s  provider=0  solves=0  iterations=0

STEP 8
  certificate  stage=STEP 8  complete  reason=unchanged_problem_67  wall=3.040000e-06s  cpu=3.000000e-06s  provider=0  solves=0  iterations=0

STEP 9
  certificate  stage=STEP 9  failed  objective=-5.440583e+01  upper=-5.440542e+01  gap= 4.067802e-04  wall=0.000000e+00s  cpu=0.000000e+00s  provider=0  solves=0  iterations=0
  certificate  stage=STEP 9  complete  reason=paper_free_energy_convergence_failed  wall=2.673383e-03s  cpu=2.674000e-03s  provider=2  solves=0  iterations=0

STEP 7
  certificate  stage=STEP 7  complete  reason=continue_stage_ii  wall=1.670000e-06s  cpu=1.000000e-06s  provider=0  solves=0  iterations=0

STEP 4
  STAGE II STEP 4  major=57  upper=-5.440542e+01  LP_primal= 3.780087e-12  LP_dual= 1.665335e-14  active_cuts=62  certified
  certificate  stage=STEP 4  complete  reason=step4_complete  wall=6.078260e-04s  cpu=6.080000e-04s  provider=0  solves=1  iterations=1

STEP 5
  certificate  stage=STEP 5 LOCAL  major=57  attempt=255  accepted  reason=success  P rel.=-1.366143e-09  objective=-5.440542e+01  upper=-5.440542e+01  gap= 3.780087e-12  wall=0.000000e+00s  cpu=0.000000e+00s  provider=0  solves=0  iterations=0
  certificate  stage=STEP 5  complete  reason=step5_complete  wall=1.839073e-02s  cpu=1.839100e-02s  provider=14  solves=1  iterations=13

STEP 6
  certificate  stage=STEP 6  complete  reason=candidate_set  wall=1.924000e-05s  cpu=1.900000e-05s  provider=0  solves=0  iterations=0

STEP 8
  certificate  stage=STEP 8  complete  reason=unchanged_problem_67  wall=1.840000e-06s  cpu=2.000000e-06s  provider=0  solves=0  iterations=0

STEP 9
  certificate  stage=STEP 9  failed  objective=-5.440583e+01  upper=-5.440542e+01  gap= 4.067802e-04  wall=0.000000e+00s  cpu=0.000000e+00s  provider=0  solves=0  iterations=0
  certificate  stage=STEP 9  complete  reason=paper_free_energy_convergence_failed  wall=1.777809e-03s  cpu=1.778000e-03s  provider=2  solves=0  iterations=0

STEP 7
  certificate  stage=STEP 7  complete  reason=continue_stage_ii  wall=1.430000e-06s  cpu=1.000000e-06s  provider=0  solves=0  iterations=0

STEP 4
  STAGE II STEP 4  major=58  upper=-5.440542e+01  LP_primal= 3.780087e-12  LP_dual= 1.665335e-14  active_cuts=63  certified
  certificate  stage=STEP 4  complete  reason=step4_complete  wall=4.723470e-04s  cpu=4.720000e-04s  provider=0  solves=1  iterations=1

STEP 5
  certificate  stage=STEP 5 LOCAL  major=58  attempt=258  accepted  reason=success  P rel.= 3.102876e-14  objective=-5.156052e+01  upper=-5.440542e+01  gap=-2.844905e+00  wall=0.000000e+00s  cpu=0.000000e+00s  provider=0  solves=0  iterations=0
  certificate  stage=STEP 5 LOCAL  major=58  attempt=259  accepted  reason=success  P rel.= 3.677483e-14  objective=-5.156052e+01  upper=-5.440542e+01  gap=-2.844905e+00  wall=0.000000e+00s  cpu=0.000000e+00s  provider=0  solves=0  iterations=0
  certificate  stage=STEP 5 LOCAL  major=58  attempt=260  accepted  reason=success  P rel.=-1.845329e-09  objective=-5.440542e+01  upper=-5.440542e+01  gap= 3.772982e-12  wall=0.000000e+00s  cpu=0.000000e+00s  provider=0  solves=0  iterations=0
  certificate  stage=STEP 5  complete  reason=step5_complete  wall=7.367105e-02s  cpu=7.366400e-02s  provider=64  solves=5  iterations=53

STEP 6
  certificate  stage=STEP 6  complete  reason=candidate_set  wall=1.954000e-05s  cpu=2.000000e-05s  provider=0  solves=0  iterations=0

STEP 8
  certificate  stage=STEP 8  complete  reason=unchanged_problem_67  wall=1.840000e-06s  cpu=1.000000e-06s  provider=0  solves=0  iterations=0

STEP 9
  certificate  stage=STEP 9  failed  objective=-5.440583e+01  upper=-5.440542e+01  gap= 4.067802e-04  wall=0.000000e+00s  cpu=0.000000e+00s  provider=0  solves=0  iterations=0
  certificate  stage=STEP 9  complete  reason=paper_free_energy_convergence_failed  wall=1.796129e-03s  cpu=1.796000e-03s  provider=2  solves=0  iterations=0

STEP 7
  certificate  stage=STEP 7  complete  reason=continue_stage_ii  wall=1.080000e-06s  cpu=1.000000e-06s  provider=0  solves=0  iterations=0

STEP 4
  STAGE II STEP 4  major=59  upper=-5.440542e+01  LP_primal= 3.780087e-12  LP_dual= 1.665335e-14  active_cuts=64  certified
  certificate  stage=STEP 4  complete  reason=step4_complete  wall=5.073770e-04s  cpu=5.080000e-04s  provider=0  solves=1  iterations=1

STEP 5
  certificate  stage=STEP 5 LOCAL  major=59  attempt=261  accepted  reason=success  P rel.=-5.759516e-09  objective=-5.440542e+01  upper=-5.440542e+01  gap= 3.772982e-12  wall=0.000000e+00s  cpu=0.000000e+00s  provider=0  solves=0  iterations=0
  certificate  stage=STEP 5  complete  reason=step5_complete  wall=2.246885e-02s  cpu=2.246900e-02s  provider=19  solves=1  iterations=18

STEP 6
  certificate  stage=STEP 6  complete  reason=candidate_set  wall=1.891000e-05s  cpu=1.900000e-05s  provider=0  solves=0  iterations=0

STEP 8
  certificate  stage=STEP 8  complete  reason=unchanged_problem_67  wall=1.560000e-06s  cpu=2.000000e-06s  provider=0  solves=0  iterations=0

STEP 9
  certificate  stage=STEP 9  failed  objective=-5.440583e+01  upper=-5.440542e+01  gap= 4.067802e-04  wall=0.000000e+00s  cpu=0.000000e+00s  provider=0  solves=0  iterations=0
  certificate  stage=STEP 9  complete  reason=paper_free_energy_convergence_failed  wall=1.788659e-03s  cpu=1.789000e-03s  provider=2  solves=0  iterations=0

STEP 7
  certificate  stage=STEP 7  complete  reason=continue_stage_ii  wall=1.570000e-06s  cpu=1.000000e-06s  provider=0  solves=0  iterations=0

STEP 4
  STAGE II STEP 4  major=60  upper=-5.440542e+01  LP_primal= 3.780087e-12  LP_dual= 1.665335e-14  active_cuts=65  certified
  certificate  stage=STEP 4  complete  reason=step4_complete  wall=4.474470e-04s  cpu=4.470000e-04s  provider=0  solves=1  iterations=1

STEP 5
  certificate  stage=STEP 5 LOCAL  major=60  attempt=262  accepted  reason=success  P rel.= 3.397362e-13  objective=-5.156052e+01  upper=-5.440542e+01  gap=-2.844905e+00  wall=0.000000e+00s  cpu=0.000000e+00s  provider=0  solves=0  iterations=0
  certificate  stage=STEP 5 LOCAL  major=60  attempt=263  accepted  reason=success  P rel.= 5.803528e-14  objective=-5.156052e+01  upper=-5.440542e+01  gap=-2.844905e+00  wall=0.000000e+00s  cpu=0.000000e+00s  provider=0  solves=0  iterations=0
  certificate  stage=STEP 5 LOCAL  major=60  attempt=264  accepted  reason=success  P rel.= 4.539393e-14  objective=-5.156052e+01  upper=-5.440542e+01  gap=-2.844905e+00  wall=0.000000e+00s  cpu=0.000000e+00s  provider=0  solves=0  iterations=0
  certificate  stage=STEP 5 LOCAL  major=60  attempt=265  accepted  reason=success  P rel.=-1.366366e-09  objective=-5.440542e+01  upper=-5.440542e+01  gap= 3.772982e-12  wall=0.000000e+00s  cpu=0.000000e+00s  provider=0  solves=0  iterations=0
  certificate  stage=STEP 5  complete  reason=step5_complete  wall=1.034830e-01s  cpu=1.034840e-01s  provider=88  solves=4  iterations=84

STEP 6
  certificate  stage=STEP 6  complete  reason=candidate_set  wall=2.362000e-05s  cpu=2.400000e-05s  provider=0  solves=0  iterations=0

STEP 8
  certificate  stage=STEP 8  complete  reason=unchanged_problem_67  wall=2.350000e-06s  cpu=3.000000e-06s  provider=0  solves=0  iterations=0

STEP 9
  certificate  stage=STEP 9  failed  objective=-5.440583e+01  upper=-5.440542e+01  gap= 4.067802e-04  wall=0.000000e+00s  cpu=0.000000e+00s  provider=0  solves=0  iterations=0
  certificate  stage=STEP 9  complete  reason=paper_free_energy_convergence_failed  wall=1.875609e-03s  cpu=1.876000e-03s  provider=2  solves=0  iterations=0

STEP 7
  certificate  stage=STEP 7  complete  reason=continue_stage_ii  wall=1.660000e-06s  cpu=2.000000e-06s  provider=0  solves=0  iterations=0

STEP 4
  STAGE II STEP 4  major=61  upper=-5.440542e+01  LP_primal= 3.780087e-12  LP_dual= 1.665335e-14  active_cuts=66  certified
  certificate  stage=STEP 4  complete  reason=step4_complete  wall=4.770770e-04s  cpu=4.770000e-04s  provider=0  solves=1  iterations=1

STEP 5
  certificate  stage=STEP 5 LOCAL  major=61  attempt=266  accepted  reason=success  P rel.= 4.367011e-14  objective=-5.156052e+01  upper=-5.440542e+01  gap=-2.844905e+00  wall=0.000000e+00s  cpu=0.000000e+00s  provider=0  solves=0  iterations=0
  certificate  stage=STEP 5 LOCAL  major=61  attempt=267  accepted  reason=success  P rel.= 6.105196e-14  objective=-5.156052e+01  upper=-5.440542e+01  gap=-2.844905e+00  wall=0.000000e+00s  cpu=0.000000e+00s  provider=0  solves=0  iterations=0
  certificate  stage=STEP 5 LOCAL  major=61  attempt=268  accepted  reason=success  P rel.= 1.953663e-14  objective=-5.004234e+01  upper=-5.440542e+01  gap=-4.363087e+00  wall=0.000000e+00s  cpu=0.000000e+00s  provider=0  solves=0  iterations=0
  certificate  stage=STEP 5 LOCAL  major=61  attempt=269  accepted  reason=success  P rel.= 4.697410e-14  objective=-5.156052e+01  upper=-5.440542e+01  gap=-2.844905e+00  wall=0.000000e+00s  cpu=0.000000e+00s  provider=0  solves=0  iterations=0
  certificate  stage=STEP 5 LOCAL  major=61  attempt=270  accepted  reason=success  P rel.=-1.363339e-09  objective=-5.440542e+01  upper=-5.440542e+01  gap= 3.765876e-12  wall=0.000000e+00s  cpu=0.000000e+00s  provider=0  solves=0  iterations=0
  certificate  stage=STEP 5  complete  reason=step5_complete  wall=1.078564e-01s  cpu=1.078510e-01s  provider=93  solves=5  iterations=84

STEP 6
  certificate  stage=STEP 6  complete  reason=candidate_set  wall=2.475000e-05s  cpu=2.400000e-05s  provider=0  solves=0  iterations=0

STEP 8
  certificate  stage=STEP 8  complete  reason=unchanged_problem_67  wall=2.680000e-06s  cpu=2.000000e-06s  provider=0  solves=0  iterations=0

STEP 9
  certificate  stage=STEP 9  failed  objective=-5.440583e+01  upper=-5.440542e+01  gap= 4.067802e-04  wall=0.000000e+00s  cpu=0.000000e+00s  provider=0  solves=0  iterations=0
  certificate  stage=STEP 9  complete  reason=paper_free_energy_convergence_failed  wall=1.826270e-03s  cpu=1.827000e-03s  provider=2  solves=0  iterations=0

STEP 7
  certificate  stage=STEP 7  complete  reason=continue_stage_ii  wall=1.610000e-06s  cpu=1.000000e-06s  provider=0  solves=0  iterations=0

STEP 4
  STAGE II STEP 4  major=62  upper=-5.440542e+01  LP_primal= 3.780087e-12  LP_dual= 1.665335e-14  active_cuts=67  certified
  certificate  stage=STEP 4  complete  reason=step4_complete  wall=4.954270e-04s  cpu=4.960000e-04s  provider=0  solves=1  iterations=1

STEP 5
  certificate  stage=STEP 5 LOCAL  major=62  attempt=271  accepted  reason=success  P rel.= 6.823455e-14  objective=-5.156052e+01  upper=-5.440542e+01  gap=-2.844905e+00  wall=0.000000e+00s  cpu=0.000000e+00s  provider=0  solves=0  iterations=0
  certificate  stage=STEP 5 LOCAL  major=62  attempt=272  accepted  reason=success  P rel.= 4.208994e-14  objective=-5.156052e+01  upper=-5.440542e+01  gap=-2.844905e+00  wall=0.000000e+00s  cpu=0.000000e+00s  provider=0  solves=0  iterations=0
  certificate  stage=STEP 5 LOCAL  major=62  attempt=273  accepted  reason=success  P rel.=-7.837699e-08  objective=-5.440542e+01  upper=-5.440542e+01  gap= 3.765876e-12  wall=0.000000e+00s  cpu=0.000000e+00s  provider=0  solves=0  iterations=0
  certificate  stage=STEP 5  complete  reason=step5_complete  wall=7.053145e-02s  cpu=7.052700e-02s  provider=60  solves=3  iterations=57

STEP 6
  certificate  stage=STEP 6  complete  reason=candidate_set  wall=2.592900e-05s  cpu=2.500000e-05s  provider=0  solves=0  iterations=0

STEP 8
  certificate  stage=STEP 8  complete  reason=unchanged_problem_67  wall=2.370000e-06s  cpu=2.000000e-06s  provider=0  solves=0  iterations=0

STEP 9
  certificate  stage=STEP 9  failed  objective=-5.440583e+01  upper=-5.440542e+01  gap= 4.067802e-04  wall=0.000000e+00s  cpu=0.000000e+00s  provider=0  solves=0  iterations=0
  certificate  stage=STEP 9  complete  reason=paper_free_energy_convergence_failed  wall=1.857469e-03s  cpu=1.858000e-03s  provider=2  solves=0  iterations=0

STEP 7
  certificate  stage=STEP 7  complete  reason=continue_stage_ii  wall=1.480000e-06s  cpu=2.000000e-06s  provider=0  solves=0  iterations=0

STEP 4
  STAGE II STEP 4  major=63  upper=-5.440542e+01  LP_primal= 3.780087e-12  LP_dual= 1.665335e-14  active_cuts=68  certified
  certificate  stage=STEP 4  complete  reason=step4_complete  wall=5.008570e-04s  cpu=5.010000e-04s  provider=0  solves=1  iterations=1

STEP 5
  certificate  stage=STEP 5 LOCAL  major=63  attempt=274  accepted  reason=success  P rel.= 6.033371e-14  objective=-5.156052e+01  upper=-5.440542e+01  gap=-2.844905e+00  wall=0.000000e+00s  cpu=0.000000e+00s  provider=0  solves=0  iterations=0
  certificate  stage=STEP 5 LOCAL  major=63  attempt=275  accepted  reason=success  P rel.= 1.853107e-14  objective=-5.004234e+01  upper=-5.440542e+01  gap=-4.363087e+00  wall=0.000000e+00s  cpu=0.000000e+00s  provider=0  solves=0  iterations=0
  certificate  stage=STEP 5 LOCAL  major=63  attempt=276  accepted  reason=success  P rel.=-1.376915e-09  objective=-5.440542e+01  upper=-5.440542e+01  gap= 3.787193e-12  wall=0.000000e+00s  cpu=0.000000e+00s  provider=0  solves=0  iterations=0
  certificate  stage=STEP 5  complete  reason=step5_complete  wall=5.431360e-02s  cpu=5.431500e-02s  provider=46  solves=3  iterations=42

STEP 6
  certificate  stage=STEP 6  complete  reason=candidate_set  wall=2.613000e-05s  cpu=2.600000e-05s  provider=0  solves=0  iterations=0

STEP 8
  certificate  stage=STEP 8  complete  reason=unchanged_problem_67  wall=2.380000e-06s  cpu=2.000000e-06s  provider=0  solves=0  iterations=0

STEP 9
  certificate  stage=STEP 9  failed  objective=-5.440583e+01  upper=-5.440542e+01  gap= 4.067802e-04  wall=0.000000e+00s  cpu=0.000000e+00s  provider=0  solves=0  iterations=0
  certificate  stage=STEP 9  complete  reason=paper_free_energy_convergence_failed  wall=1.818199e-03s  cpu=1.819000e-03s  provider=2  solves=0  iterations=0

STEP 7
  certificate  stage=STEP 7  complete  reason=continue_stage_ii  wall=1.570000e-06s  cpu=2.000000e-06s  provider=0  solves=0  iterations=0

STEP 4
  STAGE II STEP 4  major=64  upper=-5.440542e+01  LP_primal= 3.787193e-12  LP_dual= 1.665335e-14  active_cuts=69  certified
  certificate  stage=STEP 4  complete  reason=step4_complete  wall=5.139270e-04s  cpu=5.140000e-04s  provider=0  solves=1  iterations=1

STEP 5
  certificate  stage=STEP 5 LOCAL  major=64  attempt=277  accepted  reason=success  P rel.= 1.009871e-13  objective=-5.156052e+01  upper=-5.440542e+01  gap=-2.844905e+00  wall=0.000000e+00s  cpu=0.000000e+00s  provider=0  solves=0  iterations=0
  certificate  stage=STEP 5 LOCAL  major=64  attempt=278  accepted  reason=success  P rel.= 3.102876e-14  objective=-5.156052e+01  upper=-5.440542e+01  gap=-2.844905e+00  wall=0.000000e+00s  cpu=0.000000e+00s  provider=0  solves=0  iterations=0
  certificate  stage=STEP 5 LOCAL  major=64  attempt=279  accepted  reason=success  P rel.= 1.081697e-13  objective=-5.156052e+01  upper=-5.440542e+01  gap=-2.844905e+00  wall=0.000000e+00s  cpu=0.000000e+00s  provider=0  solves=0  iterations=0
  certificate  stage=STEP 5 LOCAL  major=64  attempt=280  accepted  reason=success  P rel.= 6.033371e-14  objective=-5.156052e+01  upper=-5.440542e+01  gap=-2.844905e+00  wall=0.000000e+00s  cpu=0.000000e+00s  provider=0  solves=0  iterations=0
  certificate  stage=STEP 5 LOCAL  major=64  attempt=281  accepted  reason=success  P rel.=-1.366766e-09  objective=-5.440542e+01  upper=-5.440542e+01  gap= 3.772982e-12  wall=0.000000e+00s  cpu=0.000000e+00s  provider=0  solves=0  iterations=0
  certificate  stage=STEP 5  complete  reason=step5_complete  wall=1.317722e-01s  cpu=1.317330e-01s  provider=112  solves=5  iterations=103

STEP 6
  certificate  stage=STEP 6  complete  reason=candidate_set  wall=2.045000e-05s  cpu=2.100000e-05s  provider=0  solves=0  iterations=0

STEP 8
  certificate  stage=STEP 8  complete  reason=unchanged_problem_67  wall=2.080000e-06s  cpu=2.000000e-06s  provider=0  solves=0  iterations=0

STEP 9
  certificate  stage=STEP 9  failed  objective=-5.440583e+01  upper=-5.440542e+01  gap= 4.067802e-04  wall=0.000000e+00s  cpu=0.000000e+00s  provider=0  solves=0  iterations=0
  certificate  stage=STEP 9  complete  reason=paper_free_energy_convergence_failed  wall=2.106887e-03s  cpu=2.101000e-03s  provider=2  solves=0  iterations=0

STEP 7
  certificate  stage=STEP 7  complete  reason=continue_stage_ii  wall=1.310000e-06s  cpu=1.000000e-06s  provider=0  solves=0  iterations=0

STEP 4
  STAGE II STEP 4  major=65  upper=-5.440542e+01  LP_primal= 3.787193e-12  LP_dual= 1.665335e-14  active_cuts=70  certified
  certificate  stage=STEP 4  complete  reason=step4_complete  wall=5.800170e-04s  cpu=5.810000e-04s  provider=0  solves=1  iterations=1

STEP 5
  certificate  stage=STEP 5 LOCAL  major=65  attempt=282  accepted  reason=success  P rel.=-1.367879e-09  objective=-5.440542e+01  upper=-5.440542e+01  gap= 3.765876e-12  wall=0.000000e+00s  cpu=0.000000e+00s  provider=0  solves=0  iterations=0
  certificate  stage=STEP 5  complete  reason=step5_complete  wall=2.353838e-02s  cpu=2.353200e-02s  provider=21  solves=1  iterations=16

STEP 6
  certificate  stage=STEP 6  complete  reason=candidate_set  wall=2.304000e-05s  cpu=2.300000e-05s  provider=0  solves=0  iterations=0

STEP 8
  certificate  stage=STEP 8  complete  reason=unchanged_problem_67  wall=2.130000e-06s  cpu=2.000000e-06s  provider=0  solves=0  iterations=0

STEP 9
  certificate  stage=STEP 9  failed  objective=-5.440583e+01  upper=-5.440542e+01  gap= 4.067802e-04  wall=0.000000e+00s  cpu=0.000000e+00s  provider=0  solves=0  iterations=0
  certificate  stage=STEP 9  complete  reason=paper_free_energy_convergence_failed  wall=1.694920e-03s  cpu=1.695000e-03s  provider=2  solves=0  iterations=0

STEP 7
  certificate  stage=STEP 7  complete  reason=continue_stage_ii  wall=1.390000e-06s  cpu=2.000000e-06s  provider=0  solves=0  iterations=0

STEP 4
  STAGE II STEP 4  major=66  upper=-5.440542e+01  LP_primal= 3.787193e-12  LP_dual= 1.665335e-14  active_cuts=71  certified
  certificate  stage=STEP 4  complete  reason=step4_complete  wall=4.276580e-04s  cpu=4.280000e-04s  provider=0  solves=1  iterations=1

STEP 5
  certificate  stage=STEP 5 LOCAL  major=66  attempt=283  accepted  reason=success  P rel.= 3.562562e-14  objective=-5.156052e+01  upper=-5.440542e+01  gap=-2.844905e+00  wall=0.000000e+00s  cpu=0.000000e+00s  provider=0  solves=0  iterations=0
  certificate  stage=STEP 5 LOCAL  major=66  attempt=284  accepted  reason=success  P rel.=-1.364051e-09  objective=-5.440542e+01  upper=-5.440542e+01  gap= 3.765876e-12  wall=0.000000e+00s  cpu=0.000000e+00s  provider=0  solves=0  iterations=0
  certificate  stage=STEP 5  complete  reason=step5_complete  wall=4.749014e-02s  cpu=4.745100e-02s  provider=42  solves=2  iterations=38

STEP 6
  certificate  stage=STEP 6  complete  reason=candidate_set  wall=2.382000e-05s  cpu=2.400000e-05s  provider=0  solves=0  iterations=0

STEP 8
  certificate  stage=STEP 8  complete  reason=unchanged_problem_67  wall=2.480000e-06s  cpu=2.000000e-06s  provider=0  solves=0  iterations=0

STEP 9
  certificate  stage=STEP 9  failed  objective=-5.440583e+01  upper=-5.440542e+01  gap= 4.067802e-04  wall=0.000000e+00s  cpu=0.000000e+00s  provider=0  solves=0  iterations=0
  certificate  stage=STEP 9  complete  reason=paper_free_energy_convergence_failed  wall=1.703750e-03s  cpu=1.704000e-03s  provider=2  solves=0  iterations=0

STEP 7
  certificate  stage=STEP 7  complete  reason=continue_stage_ii  wall=1.490000e-06s  cpu=1.000000e-06s  provider=0  solves=0  iterations=0

STEP 4
  STAGE II STEP 4  major=67  upper=-5.440542e+01  LP_primal= 3.787193e-12  LP_dual= 1.665335e-14  active_cuts=72  certified
  certificate  stage=STEP 4  complete  reason=step4_complete  wall=4.731070e-04s  cpu=4.730000e-04s  provider=0  solves=1  iterations=1

STEP 5
  certificate  stage=STEP 5 LOCAL  major=67  attempt=285  accepted  reason=success  P rel.=-1.362627e-09  objective=-5.440542e+01  upper=-5.440542e+01  gap= 3.765876e-12  wall=0.000000e+00s  cpu=0.000000e+00s  provider=0  solves=0  iterations=0
  certificate  stage=STEP 5  complete  reason=step5_complete  wall=2.129376e-02s  cpu=2.129400e-02s  provider=20  solves=1  iterations=17

STEP 6
  certificate  stage=STEP 6  complete  reason=candidate_set  wall=2.374000e-05s  cpu=2.400000e-05s  provider=0  solves=0  iterations=0

STEP 8
  certificate  stage=STEP 8  complete  reason=unchanged_problem_67  wall=2.010000e-06s  cpu=2.000000e-06s  provider=0  solves=0  iterations=0

STEP 9
  certificate  stage=STEP 9  failed  objective=-5.440583e+01  upper=-5.440542e+01  gap= 4.067802e-04  wall=0.000000e+00s  cpu=0.000000e+00s  provider=0  solves=0  iterations=0
  certificate  stage=STEP 9  complete  reason=paper_free_energy_convergence_failed  wall=1.657250e-03s  cpu=1.657000e-03s  provider=2  solves=0  iterations=0

STEP 7
  certificate  stage=STEP 7  complete  reason=continue_stage_ii  wall=1.340000e-06s  cpu=1.000000e-06s  provider=0  solves=0  iterations=0

STEP 4
  STAGE II STEP 4  major=68  upper=-5.440542e+01  LP_primal= 3.787193e-12  LP_dual= 1.665335e-14  active_cuts=73  certified
  certificate  stage=STEP 4  complete  reason=step4_complete  wall=4.443280e-04s  cpu=4.450000e-04s  provider=0  solves=1  iterations=1

STEP 5
  certificate  stage=STEP 5 LOCAL  major=68  attempt=287  accepted  reason=success  P rel.= 3.033923e-13  objective=-5.156052e+01  upper=-5.440542e+01  gap=-2.844905e+00  wall=0.000000e+00s  cpu=0.000000e+00s  provider=0  solves=0  iterations=0
  certificate  stage=STEP 5 LOCAL  major=68  attempt=288  accepted  reason=success  P rel.=-1.369927e-09  objective=-5.440542e+01  upper=-5.440542e+01  gap= 3.780087e-12  wall=0.000000e+00s  cpu=0.000000e+00s  provider=0  solves=0  iterations=0
  certificate  stage=STEP 5  complete  reason=step5_complete  wall=4.159563e-02s  cpu=4.154300e-02s  provider=39  solves=3  iterations=34

STEP 6
  certificate  stage=STEP 6  complete  reason=candidate_set  wall=2.314900e-05s  cpu=2.300000e-05s  provider=0  solves=0  iterations=0

STEP 8
  certificate  stage=STEP 8  complete  reason=unchanged_problem_67  wall=2.240000e-06s  cpu=2.000000e-06s  provider=0  solves=0  iterations=0

STEP 9
  certificate  stage=STEP 9  failed  objective=-5.440583e+01  upper=-5.440542e+01  gap= 4.067802e-04  wall=0.000000e+00s  cpu=0.000000e+00s  provider=0  solves=0  iterations=0
  certificate  stage=STEP 9  complete  reason=paper_free_energy_convergence_failed  wall=1.880799e-03s  cpu=1.875000e-03s  provider=2  solves=0  iterations=0

STEP 7
  certificate  stage=STEP 7  complete  reason=continue_stage_ii  wall=1.140000e-06s  cpu=1.000000e-06s  provider=0  solves=0  iterations=0

STEP 4
  STAGE II STEP 4  major=69  upper=-5.440542e+01  LP_primal= 3.787193e-12  LP_dual= 1.665335e-14  active_cuts=74  certified
  certificate  stage=STEP 4  complete  reason=step4_complete  wall=4.968870e-04s  cpu=4.890000e-04s  provider=0  solves=1  iterations=1

STEP 5
  certificate  stage=STEP 5 LOCAL  major=69  attempt=289  accepted  reason=success  P rel.= 5.286382e-14  objective=-5.156052e+01  upper=-5.440542e+01  gap=-2.844905e+00  wall=0.000000e+00s  cpu=0.000000e+00s  provider=0  solves=0  iterations=0
  certificate  stage=STEP 5 LOCAL  major=69  attempt=290  accepted  reason=success  P rel.= 7.283140e-14  objective=-5.156052e+01  upper=-5.440542e+01  gap=-2.844905e+00  wall=0.000000e+00s  cpu=0.000000e+00s  provider=0  solves=0  iterations=0
  certificate  stage=STEP 5 LOCAL  major=69  attempt=291  accepted  reason=success  P rel.=-1.369927e-09  objective=-5.440542e+01  upper=-5.440542e+01  gap= 3.780087e-12  wall=0.000000e+00s  cpu=0.000000e+00s  provider=0  solves=0  iterations=0
  certificate  stage=STEP 5  complete  reason=step5_complete  wall=5.817491e-02s  cpu=5.816300e-02s  provider=54  solves=3  iterations=50

STEP 6
  certificate  stage=STEP 6  complete  reason=candidate_set  wall=3.702000e-05s  cpu=3.700000e-05s  provider=0  solves=0  iterations=0

STEP 8
  certificate  stage=STEP 8  complete  reason=unchanged_problem_67  wall=2.910000e-06s  cpu=3.000000e-06s  provider=0  solves=0  iterations=0

STEP 9
  certificate  stage=STEP 9  failed  objective=-5.440583e+01  upper=-5.440542e+01  gap= 4.067802e-04  wall=0.000000e+00s  cpu=0.000000e+00s  provider=0  solves=0  iterations=0
  certificate  stage=STEP 9  complete  reason=paper_free_energy_convergence_failed  wall=1.933318e-03s  cpu=1.933000e-03s  provider=2  solves=0  iterations=0

STEP 7
  certificate  stage=STEP 7  complete  reason=continue_stage_ii  wall=1.070000e-06s  cpu=1.000000e-06s  provider=0  solves=0  iterations=0

STEP 4
  STAGE II STEP 4  major=70  upper=-5.440542e+01  LP_primal= 3.787193e-12  LP_dual= 1.665335e-14  active_cuts=75  certified
  certificate  stage=STEP 4  complete  reason=step4_complete  wall=5.290070e-04s  cpu=5.300000e-04s  provider=0  solves=1  iterations=1

STEP 5
  certificate  stage=STEP 5 LOCAL  major=70  attempt=292  accepted  reason=success  P rel.= 2.427713e-14  objective=-5.156052e+01  upper=-5.440542e+01  gap=-2.844905e+00  wall=0.000000e+00s  cpu=0.000000e+00s  provider=0  solves=0  iterations=0
  certificate  stage=STEP 5 LOCAL  major=70  attempt=293  accepted  reason=success  P rel.=-1.371396e-09  objective=-5.440542e+01  upper=-5.440542e+01  gap= 3.765876e-12  wall=0.000000e+00s  cpu=0.000000e+00s  provider=0  solves=0  iterations=0
  certificate  stage=STEP 5  complete  reason=step5_complete  wall=5.223784e-02s  cpu=5.219800e-02s  provider=49  solves=2  iterations=42

STEP 6
  certificate  stage=STEP 6  complete  reason=candidate_set  wall=2.582000e-05s  cpu=2.600000e-05s  provider=0  solves=0  iterations=0

STEP 8
  certificate  stage=STEP 8  complete  reason=unchanged_problem_67  wall=3.120000e-06s  cpu=3.000000e-06s  provider=0  solves=0  iterations=0

STEP 9
  certificate  stage=STEP 9  failed  objective=-5.440583e+01  upper=-5.440542e+01  gap= 4.067802e-04  wall=0.000000e+00s  cpu=0.000000e+00s  provider=0  solves=0  iterations=0
  certificate  stage=STEP 9  complete  reason=paper_free_energy_convergence_failed  wall=1.727500e-03s  cpu=1.727000e-03s  provider=2  solves=0  iterations=0

STEP 7
  certificate  stage=STEP 7  complete  reason=continue_stage_ii  wall=9.800000e-07s  cpu=1.000000e-06s  provider=0  solves=0  iterations=0

STEP 4
  STAGE II STEP 4  major=71  upper=-5.440542e+01  LP_primal= 3.787193e-12  LP_dual= 1.665335e-14  active_cuts=76  certified
  certificate  stage=STEP 4  complete  reason=step4_complete  wall=4.938470e-04s  cpu=4.940000e-04s  provider=0  solves=1  iterations=1

STEP 5
  certificate  stage=STEP 5 LOCAL  major=71  attempt=294  accepted  reason=success  P rel.= 1.037165e-13  objective=-5.156052e+01  upper=-5.440542e+01  gap=-2.844905e+00  wall=0.000000e+00s  cpu=0.000000e+00s  provider=0  solves=0  iterations=0
  certificate  stage=STEP 5 LOCAL  major=71  attempt=295  accepted  reason=success  P rel.=-1.371218e-09  objective=-5.440542e+01  upper=-5.440542e+01  gap= 3.765876e-12  wall=0.000000e+00s  cpu=0.000000e+00s  provider=0  solves=0  iterations=0
  certificate  stage=STEP 5  complete  reason=step5_complete  wall=4.964715e-02s  cpu=4.963100e-02s  provider=43  solves=2  iterations=38

STEP 6
  certificate  stage=STEP 6  complete  reason=candidate_set  wall=4.280000e-05s  cpu=4.300000e-05s  provider=0  solves=0  iterations=0

STEP 8
  certificate  stage=STEP 8  complete  reason=unchanged_problem_67  wall=3.410000e-06s  cpu=4.000000e-06s  provider=0  solves=0  iterations=0

STEP 9
  certificate  stage=STEP 9  failed  objective=-5.440583e+01  upper=-5.440542e+01  gap= 4.067802e-04  wall=0.000000e+00s  cpu=0.000000e+00s  provider=0  solves=0  iterations=0
  certificate  stage=STEP 9  complete  reason=paper_free_energy_convergence_failed  wall=1.938288e-03s  cpu=1.939000e-03s  provider=2  solves=0  iterations=0

STEP 7
  certificate  stage=STEP 7  complete  reason=continue_stage_ii  wall=1.090000e-06s  cpu=1.000000e-06s  provider=0  solves=0  iterations=0

STEP 4
  STAGE II STEP 4  major=72  upper=-5.440542e+01  LP_primal= 3.787193e-12  LP_dual= 1.665335e-14  active_cuts=77  certified
  certificate  stage=STEP 4  complete  reason=step4_complete  wall=5.066870e-04s  cpu=5.070000e-04s  provider=0  solves=1  iterations=1

STEP 5
  certificate  stage=STEP 5 LOCAL  major=72  attempt=297  accepted  reason=success  P rel.= 4.632767e-13  objective=-5.156052e+01  upper=-5.440542e+01  gap=-2.844905e+00  wall=0.000000e+00s  cpu=0.000000e+00s  provider=0  solves=0  iterations=0
  certificate  stage=STEP 5 LOCAL  major=72  attempt=298  accepted  reason=success  P rel.= 5.559320e-14  objective=-5.156052e+01  upper=-5.440542e+01  gap=-2.844905e+00  wall=0.000000e+00s  cpu=0.000000e+00s  provider=0  solves=0  iterations=0
  certificate  stage=STEP 5 LOCAL  major=72  attempt=299  accepted  reason=success  P rel.=-1.366410e-09  objective=-5.440542e+01  upper=-5.440542e+01  gap= 3.780087e-12  wall=0.000000e+00s  cpu=0.000000e+00s  provider=0  solves=0  iterations=0
  certificate  stage=STEP 5  complete  reason=step5_complete  wall=7.448050e-02s  cpu=7.445100e-02s  provider=69  solves=4  iterations=57

STEP 6
  certificate  stage=STEP 6  complete  reason=candidate_set  wall=2.279000e-05s  cpu=2.300000e-05s  provider=0  solves=0  iterations=0

STEP 8
  certificate  stage=STEP 8  complete  reason=unchanged_problem_67  wall=1.740000e-06s  cpu=1.000000e-06s  provider=0  solves=0  iterations=0

STEP 9
  certificate  stage=STEP 9  failed  objective=-5.440583e+01  upper=-5.440542e+01  gap= 4.067802e-04  wall=0.000000e+00s  cpu=0.000000e+00s  provider=0  solves=0  iterations=0
  certificate  stage=STEP 9  complete  reason=paper_free_energy_convergence_failed  wall=1.662410e-03s  cpu=1.662000e-03s  provider=2  solves=0  iterations=0

STEP 7
  certificate  stage=STEP 7  complete  reason=continue_stage_ii  wall=9.800000e-07s  cpu=1.000000e-06s  provider=0  solves=0  iterations=0

STEP 4
  STAGE II STEP 4  major=73  upper=-5.440542e+01  LP_primal= 3.787193e-12  LP_dual= 1.665335e-14  active_cuts=78  certified
  certificate  stage=STEP 4  complete  reason=step4_complete  wall=5.210570e-04s  cpu=5.220000e-04s  provider=0  solves=1  iterations=1

STEP 5
  certificate  stage=STEP 5 LOCAL  major=73  attempt=300  accepted  reason=success  P rel.= 2.413348e-14  objective=-5.004234e+01  upper=-5.440542e+01  gap=-4.363087e+00  wall=0.000000e+00s  cpu=0.000000e+00s  provider=0  solves=0  iterations=0
  certificate  stage=STEP 5 LOCAL  major=73  attempt=301  accepted  reason=success  P rel.= 6.651073e-14  objective=-5.004234e+01  upper=-5.440542e+01  gap=-4.363087e+00  wall=0.000000e+00s  cpu=0.000000e+00s  provider=0  solves=0  iterations=0
  certificate  stage=STEP 5 LOCAL  major=73  attempt=302  accepted  reason=success  P rel.= 6.378135e-14  objective=-5.156052e+01  upper=-5.440542e+01  gap=-2.844905e+00  wall=0.000000e+00s  cpu=0.000000e+00s  provider=0  solves=0  iterations=0
  certificate  stage=STEP 5 LOCAL  major=73  attempt=304  accepted  reason=success  P rel.= 4.208994e-14  objective=-5.156052e+01  upper=-5.440542e+01  gap=-2.844905e+00  wall=0.000000e+00s  cpu=0.000000e+00s  provider=0  solves=0  iterations=0
  certificate  stage=STEP 5 LOCAL  major=73  attempt=305  accepted  reason=success  P rel.= 4.898522e-14  objective=-5.156052e+01  upper=-5.440542e+01  gap=-2.844905e+00  wall=0.000000e+00s  cpu=0.000000e+00s  provider=0  solves=0  iterations=0
  certificate  stage=STEP 5 LOCAL  major=73  attempt=307  accepted  reason=success  P rel.=-1.363561e-09  objective=-5.440542e+01  upper=-5.440542e+01  gap= 3.780087e-12  wall=0.000000e+00s  cpu=0.000000e+00s  provider=0  solves=0  iterations=0
  certificate  stage=STEP 5  complete  reason=step5_complete  wall=1.168706e-01s  cpu=1.168520e-01s  provider=108  solves=8  iterations=94

STEP 6
  certificate  stage=STEP 6  complete  reason=candidate_set  wall=6.504000e-05s  cpu=4.700000e-05s  provider=0  solves=0  iterations=0

STEP 8
  certificate  stage=STEP 8  complete  reason=unchanged_problem_67  wall=2.940000e-06s  cpu=3.000000e-06s  provider=0  solves=0  iterations=0

STEP 9
  certificate  stage=STEP 9  failed  objective=-5.440583e+01  upper=-5.440542e+01  gap= 4.067802e-04  wall=0.000000e+00s  cpu=0.000000e+00s  provider=0  solves=0  iterations=0
  certificate  stage=STEP 9  complete  reason=paper_free_energy_convergence_failed  wall=2.623595e-03s  cpu=2.624000e-03s  provider=2  solves=0  iterations=0

STEP 7
  certificate  stage=STEP 7  complete  reason=continue_stage_ii  wall=1.790000e-06s  cpu=1.000000e-06s  provider=0  solves=0  iterations=0

STEP 4
  STAGE II STEP 4  major=74  upper=-5.440542e+01  LP_primal= 3.787193e-12  LP_dual= 1.665335e-14  active_cuts=79  certified
  certificate  stage=STEP 4  complete  reason=step4_complete  wall=7.404460e-04s  cpu=7.410000e-04s  provider=0  solves=1  iterations=1

STEP 5
  certificate  stage=STEP 5 LOCAL  major=74  attempt=308  accepted  reason=success  P rel.= 8.446719e-14  objective=-5.156052e+01  upper=-5.440542e+01  gap=-2.844905e+00  wall=0.000000e+00s  cpu=0.000000e+00s  provider=0  solves=0  iterations=0
  certificate  stage=STEP 5 LOCAL  major=74  attempt=309  accepted  reason=success  P rel.= 5.487494e-14  objective=-5.156052e+01  upper=-5.440542e+01  gap=-2.844905e+00  wall=0.000000e+00s  cpu=0.000000e+00s  provider=0  solves=0  iterations=0
  certificate  stage=STEP 5 LOCAL  major=74  attempt=310  accepted  reason=success  P rel.= 6.105196e-14  objective=-5.156052e+01  upper=-5.440542e+01  gap=-2.844905e+00  wall=0.000000e+00s  cpu=0.000000e+00s  provider=0  solves=0  iterations=0
  certificate  stage=STEP 5 LOCAL  major=74  attempt=311  accepted  reason=success  P rel.= 4.223359e-14  objective=-5.156052e+01  upper=-5.440542e+01  gap=-2.844905e+00  wall=0.000000e+00s  cpu=0.000000e+00s  provider=0  solves=0  iterations=0
  certificate  stage=STEP 5 LOCAL  major=74  attempt=312  accepted  reason=success  P rel.= 7.383696e-14  objective=-5.156052e+01  upper=-5.440542e+01  gap=-2.844905e+00  wall=0.000000e+00s  cpu=0.000000e+00s  provider=0  solves=0  iterations=0
  certificate  stage=STEP 5 LOCAL  major=74  attempt=313  accepted  reason=success  P rel.=-1.388355e-09  objective=-5.440542e+01  upper=-5.440542e+01  gap= 3.780087e-12  wall=0.000000e+00s  cpu=0.000000e+00s  provider=0  solves=0  iterations=0
  certificate  stage=STEP 5  complete  reason=step5_complete  wall=1.618861e-01s  cpu=1.618590e-01s  provider=130  solves=6  iterations=120

STEP 6
  certificate  stage=STEP 6  complete  reason=candidate_set  wall=2.493000e-05s  cpu=2.500000e-05s  provider=0  solves=0  iterations=0

STEP 8
  certificate  stage=STEP 8  complete  reason=unchanged_problem_67  wall=2.150000e-06s  cpu=2.000000e-06s  provider=0  solves=0  iterations=0

STEP 9
  certificate  stage=STEP 9  failed  objective=-5.440583e+01  upper=-5.440542e+01  gap= 4.067802e-04  wall=0.000000e+00s  cpu=0.000000e+00s  provider=0  solves=0  iterations=0
  certificate  stage=STEP 9  complete  reason=paper_free_energy_convergence_failed  wall=1.781280e-03s  cpu=1.782000e-03s  provider=2  solves=0  iterations=0

STEP 7
  certificate  stage=STEP 7  complete  reason=continue_stage_ii  wall=1.020000e-06s  cpu=1.000000e-06s  provider=0  solves=0  iterations=0

STEP 4
  STAGE II STEP 4  major=75  upper=-5.440542e+01  LP_primal= 3.787193e-12  LP_dual= 1.665335e-14  active_cuts=80  certified
  certificate  stage=STEP 4  complete  reason=step4_complete  wall=5.461170e-04s  cpu=5.470000e-04s  provider=0  solves=1  iterations=1

STEP 5
  certificate  stage=STEP 5 LOCAL  major=75  attempt=314  accepted  reason=success  P rel.= 4.797966e-14  objective=-5.156052e+01  upper=-5.440542e+01  gap=-2.844905e+00  wall=0.000000e+00s  cpu=0.000000e+00s  provider=0  solves=0  iterations=0
  certificate  stage=STEP 5 LOCAL  major=75  attempt=315  accepted  reason=success  P rel.= 5.200191e-14  objective=-5.156052e+01  upper=-5.440542e+01  gap=-2.844905e+00  wall=0.000000e+00s  cpu=0.000000e+00s  provider=0  solves=0  iterations=0
  certificate  stage=STEP 5 LOCAL  major=75  attempt=316  accepted  reason=success  P rel.= 4.223359e-14  objective=-5.156052e+01  upper=-5.440542e+01  gap=-2.844905e+00  wall=0.000000e+00s  cpu=0.000000e+00s  provider=0  solves=0  iterations=0
  certificate  stage=STEP 5 LOCAL  major=75  attempt=317  accepted  reason=success  P rel.= 4.036612e-14  objective=-5.156052e+01  upper=-5.440542e+01  gap=-2.844905e+00  wall=0.000000e+00s  cpu=0.000000e+00s  provider=0  solves=0  iterations=0
  certificate  stage=STEP 5 LOCAL  major=75  attempt=318  accepted  reason=success  P rel.= 4.539393e-14  objective=-5.156052e+01  upper=-5.440542e+01  gap=-2.844905e+00  wall=0.000000e+00s  cpu=0.000000e+00s  provider=0  solves=0  iterations=0
  certificate  stage=STEP 5 LOCAL  major=75  attempt=319  accepted  reason=success  P rel.= 6.105196e-14  objective=-5.156052e+01  upper=-5.440542e+01  gap=-2.844905e+00  wall=0.000000e+00s  cpu=0.000000e+00s  provider=0  solves=0  iterations=0
  certificate  stage=STEP 5 LOCAL  major=75  attempt=320  accepted  reason=success  P rel.= 6.105196e-14  objective=-5.156052e+01  upper=-5.440542e+01  gap=-2.844905e+00  wall=0.000000e+00s  cpu=0.000000e+00s  provider=0  solves=0  iterations=0
  certificate  stage=STEP 5 LOCAL  major=75  attempt=321  accepted  reason=success  P rel.= 5.432907e-13  objective=-5.156052e+01  upper=-5.440542e+01  gap=-2.844905e+00  wall=0.000000e+00s  cpu=0.000000e+00s  provider=0  solves=0  iterations=0
  certificate  stage=STEP 5 LOCAL  major=75  attempt=322  accepted  reason=success  P rel.= 5.803528e-14  objective=-5.156052e+01  upper=-5.440542e+01  gap=-2.844905e+00  wall=0.000000e+00s  cpu=0.000000e+00s  provider=0  solves=0  iterations=0
  certificate  stage=STEP 5 LOCAL  major=75  attempt=323  accepted  reason=success  P rel.= 2.154775e-14  objective=-5.004234e+01  upper=-5.440542e+01  gap=-4.363087e+00  wall=0.000000e+00s  cpu=0.000000e+00s  provider=0  solves=0  iterations=0
  certificate  stage=STEP 5 LOCAL  major=75  attempt=324  accepted  reason=success  P rel.=-1.365164e-09  objective=-5.440542e+01  upper=-5.440542e+01  gap= 3.765876e-12  wall=0.000000e+00s  cpu=0.000000e+00s  provider=0  solves=0  iterations=0
  certificate  stage=STEP 5  complete  reason=step5_complete  wall=2.843972e-01s  cpu=2.843330e-01s  provider=234  solves=11  iterations=209

STEP 6
  certificate  stage=STEP 6  complete  reason=candidate_set  wall=2.884000e-05s  cpu=2.900000e-05s  provider=0  solves=0  iterations=0

STEP 8
  certificate  stage=STEP 8  complete  reason=unchanged_problem_67  wall=2.950000e-06s  cpu=2.000000e-06s  provider=0  solves=0  iterations=0

STEP 9
  certificate  stage=STEP 9  failed  objective=-5.440583e+01  upper=-5.440542e+01  gap= 4.067802e-04  wall=0.000000e+00s  cpu=0.000000e+00s  provider=0  solves=0  iterations=0
  certificate  stage=STEP 9  complete  reason=paper_free_energy_convergence_failed  wall=1.963298e-03s  cpu=1.964000e-03s  provider=2  solves=0  iterations=0

STEP 7
  certificate  stage=STEP 7  complete  reason=continue_stage_ii  wall=1.470000e-06s  cpu=2.000000e-06s  provider=0  solves=0  iterations=0

STEP 4
  STAGE II STEP 4  major=76  upper=-5.440542e+01  LP_primal= 3.787193e-12  LP_dual= 1.665335e-14  active_cuts=81  certified
  certificate  stage=STEP 4  complete  reason=step4_complete  wall=7.234860e-04s  cpu=7.180000e-04s  provider=0  solves=1  iterations=1

STEP 5
  certificate  stage=STEP 5 LOCAL  major=76  attempt=325  accepted  reason=success  P rel.= 8.101955e-14  objective=-5.156052e+01  upper=-5.440542e+01  gap=-2.844905e+00  wall=0.000000e+00s  cpu=0.000000e+00s  provider=0  solves=0  iterations=0
  certificate  stage=STEP 5 LOCAL  major=76  attempt=326  accepted  reason=success  P rel.= 4.697410e-14  objective=-5.156052e+01  upper=-5.440542e+01  gap=-2.844905e+00  wall=0.000000e+00s  cpu=0.000000e+00s  provider=0  solves=0  iterations=0
  certificate  stage=STEP 5 LOCAL  major=76  attempt=327  accepted  reason=success  P rel.=-1.379364e-09  objective=-5.440542e+01  upper=-5.440542e+01  gap= 3.780087e-12  wall=0.000000e+00s  cpu=0.000000e+00s  provider=0  solves=0  iterations=0
  certificate  stage=STEP 5  complete  reason=step5_complete  wall=7.780254e-02s  cpu=7.777400e-02s  provider=63  solves=3  iterations=59

STEP 6
  certificate  stage=STEP 6  complete  reason=candidate_set  wall=2.547900e-05s  cpu=2.500000e-05s  provider=0  solves=0  iterations=0

STEP 8
  certificate  stage=STEP 8  complete  reason=unchanged_problem_67  wall=2.050000e-06s  cpu=2.000000e-06s  provider=0  solves=0  iterations=0

STEP 9
  certificate  stage=STEP 9  failed  objective=-5.440583e+01  upper=-5.440542e+01  gap= 4.067802e-04  wall=0.000000e+00s  cpu=0.000000e+00s  provider=0  solves=0  iterations=0
  certificate  stage=STEP 9  complete  reason=paper_free_energy_convergence_failed  wall=1.770520e-03s  cpu=1.770000e-03s  provider=2  solves=0  iterations=0

STEP 7
  certificate  stage=STEP 7  complete  reason=continue_stage_ii  wall=1.020000e-06s  cpu=1.000000e-06s  provider=0  solves=0  iterations=0

STEP 4
  STAGE II STEP 4  major=77  upper=-5.440542e+01  LP_primal= 3.787193e-12  LP_dual= 1.665335e-14  active_cuts=82  certified
  certificate  stage=STEP 4  complete  reason=step4_complete  wall=5.150960e-04s  cpu=5.160000e-04s  provider=0  solves=1  iterations=1

STEP 5
  certificate  stage=STEP 5 LOCAL  major=77  attempt=328  accepted  reason=success  P rel.=-1.074207e-08  objective=-5.440542e+01  upper=-5.440542e+01  gap= 3.780087e-12  wall=0.000000e+00s  cpu=0.000000e+00s  provider=0  solves=0  iterations=0
  certificate  stage=STEP 5  complete  reason=step5_complete  wall=2.684275e-02s  cpu=2.683700e-02s  provider=22  solves=1  iterations=21

STEP 6
  certificate  stage=STEP 6  complete  reason=candidate_set  wall=2.912000e-05s  cpu=2.900000e-05s  provider=0  solves=0  iterations=0

STEP 8
  certificate  stage=STEP 8  complete  reason=unchanged_problem_67  wall=1.880000e-06s  cpu=1.000000e-06s  provider=0  solves=0  iterations=0

STEP 9
  certificate  stage=STEP 9  failed  objective=-5.440583e+01  upper=-5.440542e+01  gap= 4.067802e-04  wall=0.000000e+00s  cpu=0.000000e+00s  provider=0  solves=0  iterations=0
  certificate  stage=STEP 9  complete  reason=paper_free_energy_convergence_failed  wall=1.988378e-03s  cpu=1.989000e-03s  provider=2  solves=0  iterations=0

STEP 7
  certificate  stage=STEP 7  complete  reason=continue_stage_ii  wall=1.440000e-06s  cpu=1.000000e-06s  provider=0  solves=0  iterations=0

STEP 4
  STAGE II STEP 4  major=78  upper=-5.440542e+01  LP_primal= 7.498357e-11  LP_dual= 2.775558e-17  active_cuts=83  certified
  certificate  stage=STEP 4  complete  reason=step4_complete  wall=4.407380e-04s  cpu=4.410000e-04s  provider=0  solves=1  iterations=1

STEP 5
  certificate  stage=STEP 5 LOCAL  major=78  attempt=329  accepted  reason=success  P rel.= 5.530590e-14  objective=-5.156052e+01  upper=-5.440542e+01  gap=-2.844905e+00  wall=0.000000e+00s  cpu=0.000000e+00s  provider=0  solves=0  iterations=0
  certificate  stage=STEP 5 LOCAL  major=78  attempt=330  accepted  reason=success  P rel.= 4.984713e-14  objective=-5.156052e+01  upper=-5.440542e+01  gap=-2.844905e+00  wall=0.000000e+00s  cpu=0.000000e+00s  provider=0  solves=0  iterations=0
  certificate  stage=STEP 5 LOCAL  major=78  attempt=331  accepted  reason=success  P rel.= 5.746067e-14  objective=-5.156052e+01  upper=-5.440542e+01  gap=-2.844905e+00  wall=0.000000e+00s  cpu=0.000000e+00s  provider=0  solves=0  iterations=0
  certificate  stage=STEP 5 LOCAL  major=78  attempt=332  accepted  reason=success  P rel.= 1.776971e-13  objective=-5.156052e+01  upper=-5.440542e+01  gap=-2.844905e+00  wall=0.000000e+00s  cpu=0.000000e+00s  provider=0  solves=0  iterations=0
  certificate  stage=STEP 5 LOCAL  major=78  attempt=333  accepted  reason=success  P rel.= 4.410107e-14  objective=-5.156052e+01  upper=-5.440542e+01  gap=-2.844905e+00  wall=0.000000e+00s  cpu=0.000000e+00s  provider=0  solves=0  iterations=0
  certificate  stage=STEP 5 LOCAL  major=78  attempt=334  accepted  reason=success  P rel.= 2.049909e-13  objective=-5.156052e+01  upper=-5.440542e+01  gap=-2.844905e+00  wall=0.000000e+00s  cpu=0.000000e+00s  provider=0  solves=0  iterations=0
  certificate  stage=STEP 5 LOCAL  major=78  attempt=335  accepted  reason=success  P rel.= 2.341522e-14  objective=-5.156052e+01  upper=-5.440542e+01  gap=-2.844905e+00  wall=0.000000e+00s  cpu=0.000000e+00s  provider=0  solves=0  iterations=0
  certificate  stage=STEP 5 LOCAL  major=78  attempt=336  accepted  reason=success  P rel.= 2.916129e-14  objective=-5.156052e+01  upper=-5.440542e+01  gap=-2.844905e+00  wall=0.000000e+00s  cpu=0.000000e+00s  provider=0  solves=0  iterations=0
  certificate  stage=STEP 5 LOCAL  major=78  attempt=337  accepted  reason=success  P rel.= 5.228921e-14  objective=-5.156052e+01  upper=-5.440542e+01  gap=-2.844905e+00  wall=0.000000e+00s  cpu=0.000000e+00s  provider=0  solves=0  iterations=0
  certificate  stage=STEP 5 LOCAL  major=78  attempt=338  accepted  reason=success  P rel.= 4.615528e-13  objective=-5.156052e+01  upper=-5.440542e+01  gap=-2.844905e+00  wall=0.000000e+00s  cpu=0.000000e+00s  provider=0  solves=0  iterations=0
  certificate  stage=STEP 5 LOCAL  major=78  attempt=339  accepted  reason=success  P rel.= 5.070904e-14  objective=-5.004237e+01  upper=-5.440542e+01  gap=-4.363053e+00  wall=0.000000e+00s  cpu=0.000000e+00s  provider=0  solves=0  iterations=0
  certificate  stage=STEP 5 LOCAL  major=78  attempt=340  accepted  reason=success  P rel.= 5.042174e-14  objective=-5.156052e+01  upper=-5.440542e+01  gap=-2.844905e+00  wall=0.000000e+00s  cpu=0.000000e+00s  provider=0  solves=0  iterations=0
  certificate  stage=STEP 5 LOCAL  major=78  attempt=341  accepted  reason=success  P rel.= 4.424472e-14  objective=-5.004237e+01  upper=-5.440542e+01  gap=-4.363053e+00  wall=0.000000e+00s  cpu=0.000000e+00s  provider=0  solves=0  iterations=0
  certificate  stage=STEP 5 LOCAL  major=78  attempt=342  accepted  reason=success  P rel.= 4.137168e-14  objective=-5.156052e+01  upper=-5.440542e+01  gap=-2.844905e+00  wall=0.000000e+00s  cpu=0.000000e+00s  provider=0  solves=0  iterations=0
  certificate  stage=STEP 5 LOCAL  major=78  attempt=343  accepted  reason=success  P rel.= 1.292865e-13  objective=-5.156052e+01  upper=-5.440542e+01  gap=-2.844905e+00  wall=0.000000e+00s  cpu=0.000000e+00s  provider=0  solves=0  iterations=0
  certificate  stage=STEP 5 LOCAL  major=78  attempt=344  accepted  reason=success  P rel.= 5.631146e-14  objective=-5.156052e+01  upper=-5.440542e+01  gap=-2.844905e+00  wall=0.000000e+00s  cpu=0.000000e+00s  provider=0  solves=0  iterations=0
  certificate  stage=STEP 5 LOCAL  major=78  attempt=345  accepted  reason=success  P rel.=-1.378162e-09  objective=-5.440542e+01  upper=-5.440542e+01  gap= 2.022873e-09  wall=0.000000e+00s  cpu=0.000000e+00s  provider=0  solves=0  iterations=0
  certificate  stage=STEP 5  complete  reason=step5_complete  wall=3.911469e-01s  cpu=3.910590e-01s  provider=352  solves=17  iterations=329

STEP 6
  certificate  stage=STEP 6  complete  reason=candidate_set  wall=3.015000e-05s  cpu=3.000000e-05s  provider=0  solves=0  iterations=0

STEP 8
  certificate  stage=STEP 8  complete  reason=unchanged_problem_67  wall=2.670000e-06s  cpu=3.000000e-06s  provider=0  solves=0  iterations=0

STEP 9
  certificate  stage=STEP 9  failed  objective=-5.440583e+01  upper=-5.440542e+01  gap= 4.067802e-04  wall=0.000000e+00s  cpu=0.000000e+00s  provider=0  solves=0  iterations=0
  certificate  stage=STEP 9  complete  reason=paper_free_energy_convergence_failed  wall=1.725099e-03s  cpu=1.726000e-03s  provider=2  solves=0  iterations=0

STEP 7
  certificate  stage=STEP 7  complete  reason=continue_stage_ii  wall=9.700000e-07s  cpu=1.000000e-06s  provider=0  solves=0  iterations=0

STEP 4
  STAGE II STEP 4  major=79  upper=-5.440542e+01  LP_primal= 3.642242e-11  LP_dual= 5.464379e-17  active_cuts=84  certified
  certificate  stage=STEP 4  complete  reason=step4_complete  wall=5.206170e-04s  cpu=5.210000e-04s  provider=0  solves=1  iterations=1

STEP 5
  certificate  stage=STEP 5 LOCAL  major=79  attempt=346  accepted  reason=success  P rel.= 4.036612e-14  objective=-5.156052e+01  upper=-5.440542e+01  gap=-2.844905e+00  wall=0.000000e+00s  cpu=0.000000e+00s  provider=0  solves=0  iterations=0
  certificate  stage=STEP 5 LOCAL  major=79  attempt=347  accepted  reason=success  P rel.= 3.174702e-14  objective=-5.156052e+01  upper=-5.440542e+01  gap=-2.844905e+00  wall=0.000000e+00s  cpu=0.000000e+00s  provider=0  solves=0  iterations=0
  certificate  stage=STEP 5 LOCAL  major=79  attempt=348  accepted  reason=success  P rel.= 4.079708e-14  objective=-5.156052e+01  upper=-5.440542e+01  gap=-2.844905e+00  wall=0.000000e+00s  cpu=0.000000e+00s  provider=0  solves=0  iterations=0
  certificate  stage=STEP 5 LOCAL  major=79  attempt=349  accepted  reason=success  P rel.= 3.303989e-14  objective=-5.156052e+01  upper=-5.440542e+01  gap=-2.844905e+00  wall=0.000000e+00s  cpu=0.000000e+00s  provider=0  solves=0  iterations=0
  certificate  stage=STEP 5 LOCAL  major=79  attempt=350  accepted  reason=success  P rel.=-1.363383e-09  objective=-5.440542e+01  upper=-5.440542e+01  gap= 4.866436e-10  wall=0.000000e+00s  cpu=0.000000e+00s  provider=0  solves=0  iterations=0
  certificate  stage=STEP 5  complete  reason=step5_complete  wall=1.083664e-01s  cpu=1.083610e-01s  provider=100  solves=5  iterations=90

STEP 6
  certificate  stage=STEP 6  complete  reason=candidate_set  wall=2.290000e-05s  cpu=2.300000e-05s  provider=0  solves=0  iterations=0

STEP 8
  certificate  stage=STEP 8  complete  reason=unchanged_problem_67  wall=1.540000e-06s  cpu=1.000000e-06s  provider=0  solves=0  iterations=0

STEP 9
  certificate  stage=STEP 9  failed  objective=-5.440583e+01  upper=-5.440542e+01  gap= 4.067802e-04  wall=0.000000e+00s  cpu=0.000000e+00s  provider=0  solves=0  iterations=0
  certificate  stage=STEP 9  complete  reason=paper_free_energy_convergence_failed  wall=1.714390e-03s  cpu=1.715000e-03s  provider=2  solves=0  iterations=0

STEP 7
  certificate  stage=STEP 7  indeterminate  reason=stage_ii_major_iteration_limit  wall=9.100000e-07s  cpu=1.000000e-06s  provider=0  solves=0  iterations=0
