HELD2.0  case=installed-held2-paper-rewrite  T=2.981500e+02 K  P=1.013000e+05 Pa

STEP 1
  certificate  stage=STEP 1  complete  reason=step1_complete  wall=1.924900e-05s  cpu=1.900000e-05s  provider=1  solves=0  iterations=0

STEP 2

REFERENCE PRESSURE ROOTS
  root   0  V= 3.122397e-05  P rel.= 3.678682e-09  G/RT=-5.276888e+01  strict_stable
  root   1  V= 8.000470e-04  P rel.=-3.815982e-10  G/RT=-4.850512e+01  unstable
  root   2  V= 1.929479e-02  P rel.=-1.821661e-10  G/RT=-4.933497e+01  strict_stable
  selected root 0  status=selected
  eval     1  TPD=-2.048502e-01  P rel.=-6.133651e-09  V= 4.695210e-05  certified
  certificate  stage=STEP 2  complete  reason=negative_tpd_witness  wall=4.650260e-01s  cpu=4.649200e-01s  provider=549  solves=1  iterations=1

STEP 3
  certificate  stage=STEP 3  complete  reason=step3_complete  wall=8.764432e-01s  cpu=8.761050e-01s  provider=4  solves=0  iterations=0

STEP 4
  STAGE II STEP 4  major=0  upper=-5.278405e+01  LP_primal= 0.000000e+00  LP_dual= 0.000000e+00  active_cuts=5  certified
  certificate  stage=STEP 4  complete  reason=step4_complete  wall=3.905380e-04s  cpu=3.910000e-04s  provider=0  solves=1  iterations=1

STEP 5
  certificate  stage=STEP 5 LOCAL  major=0  attempt=0  accepted  reason=success  P rel.=-9.093655e-04  objective=-5.398291e+01  upper=-5.278405e+01  gap= 1.198858e+00  wall=0.000000e+00s  cpu=0.000000e+00s  provider=0  solves=0  iterations=0
  certificate  stage=STEP 5  complete  reason=step5_complete  wall=2.972597e-02s  cpu=2.972600e-02s  provider=154  solves=1  iterations=23

STEP 6
  certificate  stage=STEP 6  complete  reason=candidate_set  wall=5.570000e-06s  cpu=5.000000e-06s  provider=0  solves=0  iterations=0

STEP 8
  certificate  stage=STEP 8  complete  reason=step8_complete  wall=5.507968e-02s  cpu=5.507400e-02s  provider=108  solves=2  iterations=15

STEP 9
  certificate  stage=STEP 9  failed  objective=-5.278685e+01  upper=-5.278405e+01  gap= 2.795332e-03  wall=0.000000e+00s  cpu=0.000000e+00s  provider=0  solves=0  iterations=0
  certificate  stage=STEP 9  complete  reason=paper_free_energy_convergence_failed  wall=1.872619e-03s  cpu=1.873000e-03s  provider=2  solves=0  iterations=0

STEP 7
  certificate  stage=STEP 7  complete  reason=continue_stage_ii  wall=1.090000e-06s  cpu=2.000000e-06s  provider=0  solves=0  iterations=0

STEP 4
  STAGE II STEP 4  major=1  upper=-5.284341e+01  LP_primal= 0.000000e+00  LP_dual= 3.469447e-17  active_cuts=6  certified
  certificate  stage=STEP 4  complete  reason=step4_complete  wall=1.782590e-04s  cpu=1.790000e-04s  provider=0  solves=1  iterations=1

STEP 5
  certificate  stage=STEP 5 LOCAL  major=1  attempt=1  accepted  reason=success  P rel.=-9.752532e-08  objective=-5.332305e+01  upper=-5.284341e+01  gap= 4.796320e-01  wall=0.000000e+00s  cpu=0.000000e+00s  provider=0  solves=0  iterations=0
  certificate  stage=STEP 5  complete  reason=step5_complete  wall=2.664113e-02s  cpu=2.662700e-02s  provider=24  solves=1  iterations=23

STEP 6
  certificate  stage=STEP 6  complete  reason=candidate_set  wall=3.140000e-06s  cpu=3.000000e-06s  provider=0  solves=0  iterations=0

STEP 8
  certificate  stage=STEP 8  complete  reason=problem_67_infeasible  wall=9.892900e-05s  cpu=1.000000e-04s  provider=2  solves=1  iterations=0

STEP 7
  certificate  stage=STEP 7  complete  reason=continue_stage_ii  wall=9.300000e-07s  cpu=1.000000e-06s  provider=0  solves=0  iterations=0

STEP 4
  STAGE II STEP 4  major=2  upper=-5.308995e+01  LP_primal= 7.105427e-15  LP_dual= 1.110223e-16  active_cuts=7  certified
  certificate  stage=STEP 4  complete  reason=step4_complete  wall=2.210990e-04s  cpu=2.210000e-04s  provider=0  solves=1  iterations=1

STEP 5
  certificate  stage=STEP 5 LOCAL  major=2  attempt=2  accepted  reason=success  P rel.= 5.257652e-14  objective=-5.024532e+01  upper=-5.308995e+01  gap=-2.844630e+00  wall=0.000000e+00s  cpu=0.000000e+00s  provider=0  solves=0  iterations=0
  certificate  stage=STEP 5 LOCAL  major=2  attempt=3  accepted  reason=success  P rel.= 4.036612e-14  objective=-5.024532e+01  upper=-5.308995e+01  gap=-2.844630e+00  wall=0.000000e+00s  cpu=0.000000e+00s  provider=0  solves=0  iterations=0
  certificate  stage=STEP 5 LOCAL  major=2  attempt=4  accepted  reason=success  P rel.=-1.186888e-09  objective=-5.342644e+01  upper=-5.308995e+01  gap= 3.364978e-01  wall=0.000000e+00s  cpu=0.000000e+00s  provider=0  solves=0  iterations=0
  certificate  stage=STEP 5  complete  reason=step5_complete  wall=7.853034e-02s  cpu=7.837100e-02s  provider=68  solves=3  iterations=63

STEP 6
  certificate  stage=STEP 6  complete  reason=candidate_set  wall=3.180000e-06s  cpu=3.000000e-06s  provider=0  solves=0  iterations=0

STEP 8
  certificate  stage=STEP 8  complete  reason=step8_complete  wall=5.350924e-02s  cpu=5.348000e-02s  provider=96  solves=1  iterations=12

STEP 9
  certificate  stage=STEP 9  failed  objective=-5.309143e+01  upper=-5.308995e+01  gap= 1.482944e-03  wall=0.000000e+00s  cpu=0.000000e+00s  provider=0  solves=0  iterations=0
  certificate  stage=STEP 9  complete  reason=paper_free_energy_convergence_failed  wall=2.245727e-03s  cpu=2.246000e-03s  provider=3  solves=0  iterations=0

STEP 7
  certificate  stage=STEP 7  complete  reason=continue_stage_ii  wall=9.600000e-07s  cpu=1.000000e-06s  provider=0  solves=0  iterations=0

STEP 4
  STAGE II STEP 4  major=3  upper=-5.315890e+01  LP_primal= 2.131628e-14  LP_dual= 5.551115e-17  active_cuts=8  certified
  certificate  stage=STEP 4  complete  reason=step4_complete  wall=2.372680e-04s  cpu=2.370000e-04s  provider=0  solves=1  iterations=1

STEP 5
  certificate  stage=STEP 5 LOCAL  major=3  attempt=5  accepted  reason=success  P rel.= 4.668680e-14  objective=-5.031460e+01  upper=-5.315890e+01  gap=-2.844299e+00  wall=0.000000e+00s  cpu=0.000000e+00s  provider=0  solves=0  iterations=0
  certificate  stage=STEP 5 LOCAL  major=3  attempt=6  accepted  reason=success  P rel.=-1.552698e-09  objective=-5.332905e+01  upper=-5.315890e+01  gap= 1.701445e-01  wall=0.000000e+00s  cpu=0.000000e+00s  provider=0  solves=0  iterations=0
  certificate  stage=STEP 5  complete  reason=step5_complete  wall=3.795373e-02s  cpu=3.794100e-02s  provider=35  solves=2  iterations=30

STEP 6
  certificate  stage=STEP 6  complete  reason=candidate_set  wall=4.810000e-06s  cpu=5.000000e-06s  provider=0  solves=0  iterations=0

STEP 8
  certificate  stage=STEP 8  complete  reason=step8_complete  wall=6.164305e-02s  cpu=6.161000e-02s  provider=120  solves=1  iterations=15

STEP 9
  certificate  stage=STEP 9  failed  objective=-5.316076e+01  upper=-5.315890e+01  gap= 1.854905e-03  wall=0.000000e+00s  cpu=0.000000e+00s  provider=0  solves=0  iterations=0
  certificate  stage=STEP 9  complete  reason=paper_free_energy_convergence_failed  wall=2.277896e-03s  cpu=2.278000e-03s  provider=3  solves=0  iterations=0

STEP 7
  certificate  stage=STEP 7  complete  reason=continue_stage_ii  wall=1.430000e-06s  cpu=2.000000e-06s  provider=0  solves=0  iterations=0

STEP 4
  STAGE II STEP 4  major=4  upper=-5.317026e+01  LP_primal= 7.105427e-15  LP_dual= 5.551115e-17  active_cuts=9  certified
  certificate  stage=STEP 4  complete  reason=step4_complete  wall=2.466780e-04s  cpu=2.470000e-04s  provider=0  solves=1  iterations=1

STEP 5
  certificate  stage=STEP 5 LOCAL  major=4  attempt=7  accepted  reason=success  P rel.=-1.348917e-09  objective=-5.321167e+01  upper=-5.317026e+01  gap= 4.140257e-02  wall=0.000000e+00s  cpu=0.000000e+00s  provider=0  solves=0  iterations=0
  certificate  stage=STEP 5  complete  reason=step5_complete  wall=1.834739e-02s  cpu=1.834800e-02s  provider=17  solves=1  iterations=15

STEP 6
  certificate  stage=STEP 6  complete  reason=candidate_set  wall=4.820000e-06s  cpu=5.000000e-06s  provider=0  solves=0  iterations=0

STEP 8
  certificate  stage=STEP 8  complete  reason=step8_complete  wall=7.446237e-02s  cpu=7.444600e-02s  provider=141  solves=1  iterations=19

STEP 9
  certificate  stage=STEP 9  failed  objective=-5.317120e+01  upper=-5.317026e+01  gap= 9.335811e-04  wall=0.000000e+00s  cpu=0.000000e+00s  provider=0  solves=0  iterations=0
  certificate  stage=STEP 9  complete  reason=paper_free_energy_convergence_failed  wall=2.292786e-03s  cpu=2.293000e-03s  provider=3  solves=0  iterations=0

STEP 7
  certificate  stage=STEP 7  complete  reason=continue_stage_ii  wall=1.520000e-06s  cpu=2.000000e-06s  provider=0  solves=0  iterations=0

STEP 4
  STAGE II STEP 4  major=5  upper=-5.317573e+01  LP_primal= 0.000000e+00  LP_dual= 1.387779e-17  active_cuts=10  certified
  certificate  stage=STEP 4  complete  reason=step4_complete  wall=2.858680e-04s  cpu=2.860000e-04s  provider=0  solves=1  iterations=1

STEP 5
  certificate  stage=STEP 5 LOCAL  major=5  attempt=8  accepted  reason=success  P rel.= 4.467567e-14  objective=-4.890546e+01  upper=-5.317573e+01  gap=-4.270269e+00  wall=0.000000e+00s  cpu=0.000000e+00s  provider=0  solves=0  iterations=0
  certificate  stage=STEP 5 LOCAL  major=5  attempt=9  accepted  reason=success  P rel.= 2.160521e-13  objective=-5.033083e+01  upper=-5.317573e+01  gap=-2.844894e+00  wall=0.000000e+00s  cpu=0.000000e+00s  provider=0  solves=0  iterations=0
  certificate  stage=STEP 5 LOCAL  major=5  attempt=10  accepted  reason=success  P rel.= 5.128365e-14  objective=-4.890546e+01  upper=-5.317573e+01  gap=-4.270269e+00  wall=0.000000e+00s  cpu=0.000000e+00s  provider=0  solves=0  iterations=0
  certificate  stage=STEP 5 LOCAL  major=5  attempt=11  accepted  reason=success  P rel.= 5.672805e-13  objective=-5.033083e+01  upper=-5.317573e+01  gap=-2.844894e+00  wall=0.000000e+00s  cpu=0.000000e+00s  provider=0  solves=0  iterations=0
  certificate  stage=STEP 5 LOCAL  major=5  attempt=12  accepted  reason=success  P rel.= 4.740505e-14  objective=-5.033083e+01  upper=-5.317573e+01  gap=-2.844894e+00  wall=0.000000e+00s  cpu=0.000000e+00s  provider=0  solves=0  iterations=0
  certificate  stage=STEP 5 LOCAL  major=5  attempt=13  accepted  reason=success  P rel.=-1.276271e-09  objective=-5.318629e+01  upper=-5.317573e+01  gap= 1.056018e-02  wall=0.000000e+00s  cpu=0.000000e+00s  provider=0  solves=0  iterations=0
  certificate  stage=STEP 5  complete  reason=step5_complete  wall=1.300070e-01s  cpu=1.299410e-01s  provider=114  solves=6  iterations=103

STEP 6
  certificate  stage=STEP 6  complete  reason=candidate_set  wall=5.880000e-06s  cpu=6.000000e-06s  provider=0  solves=0  iterations=0

STEP 8
  certificate  stage=STEP 8  complete  reason=step8_complete  wall=7.004719e-02s  cpu=7.004800e-02s  provider=123  solves=1  iterations=16

STEP 9
  certificate  stage=STEP 9  failed  objective=-5.317634e+01  upper=-5.317573e+01  gap= 6.138051e-04  wall=0.000000e+00s  cpu=0.000000e+00s  provider=0  solves=0  iterations=0
  certificate  stage=STEP 9  complete  reason=paper_free_energy_convergence_failed  wall=2.460906e-03s  cpu=2.461000e-03s  provider=3  solves=0  iterations=0

STEP 7
  certificate  stage=STEP 7  complete  reason=continue_stage_ii  wall=1.590000e-06s  cpu=1.000000e-06s  provider=0  solves=0  iterations=0

STEP 4
  STAGE II STEP 4  major=6  upper=-5.317860e+01  LP_primal= 0.000000e+00  LP_dual= 5.551115e-17  active_cuts=11  certified
  certificate  stage=STEP 4  complete  reason=step4_complete  wall=2.870980e-04s  cpu=2.870000e-04s  provider=0  solves=1  iterations=1

STEP 5
  certificate  stage=STEP 5 LOCAL  major=6  attempt=14  accepted  reason=success  P rel.= 2.528270e-14  objective=-5.033375e+01  upper=-5.317860e+01  gap=-2.844851e+00  wall=0.000000e+00s  cpu=0.000000e+00s  provider=0  solves=0  iterations=0
  certificate  stage=STEP 5 LOCAL  major=6  attempt=15  accepted  reason=success  P rel.= 4.539393e-14  objective=-5.033375e+01  upper=-5.317860e+01  gap=-2.844851e+00  wall=0.000000e+00s  cpu=0.000000e+00s  provider=0  solves=0  iterations=0
  certificate  stage=STEP 5 LOCAL  major=6  attempt=16  accepted  reason=success  P rel.=-1.300976e-09  objective=-5.318128e+01  upper=-5.317860e+01  gap= 2.681584e-03  wall=0.000000e+00s  cpu=0.000000e+00s  provider=0  solves=0  iterations=0
  certificate  stage=STEP 5  complete  reason=step5_complete  wall=7.825106e-02s  cpu=7.825200e-02s  provider=65  solves=3  iterations=59

STEP 6
  certificate  stage=STEP 6  complete  reason=candidate_set  wall=6.110000e-06s  cpu=6.000000e-06s  provider=0  solves=0  iterations=0

STEP 8
  certificate  stage=STEP 8  complete  reason=problem_67_infeasible  wall=2.772480e-04s  cpu=2.780000e-04s  provider=3  solves=1  iterations=0

STEP 7
  certificate  stage=STEP 7  complete  reason=continue_stage_ii  wall=1.680000e-06s  cpu=1.000000e-06s  provider=0  solves=0  iterations=0

STEP 4
  STAGE II STEP 4  major=7  upper=-5.317860e+01  LP_primal= 0.000000e+00  LP_dual= 6.396793e-18  active_cuts=12  certified
  certificate  stage=STEP 4  complete  reason=step4_complete  wall=2.670480e-04s  cpu=2.670000e-04s  provider=0  solves=1  iterations=1

STEP 5
  certificate  stage=STEP 5 LOCAL  major=7  attempt=17  accepted  reason=success  P rel.= 3.303989e-14  objective=-5.033372e+01  upper=-5.317860e+01  gap=-2.844879e+00  wall=0.000000e+00s  cpu=0.000000e+00s  provider=0  solves=0  iterations=0
  certificate  stage=STEP 5 LOCAL  major=7  attempt=18  accepted  reason=success  P rel.= 4.467567e-14  objective=-5.033372e+01  upper=-5.317860e+01  gap=-2.844879e+00  wall=0.000000e+00s  cpu=0.000000e+00s  provider=0  solves=0  iterations=0
  certificate  stage=STEP 5 LOCAL  major=7  attempt=19  accepted  reason=success  P rel.=-1.287043e-09  objective=-5.317927e+01  upper=-5.317860e+01  gap= 6.671538e-04  wall=0.000000e+00s  cpu=0.000000e+00s  provider=0  solves=0  iterations=0
  certificate  stage=STEP 5  complete  reason=step5_complete  wall=7.702338e-02s  cpu=7.701900e-02s  provider=65  solves=3  iterations=54

STEP 6
  certificate  stage=STEP 6  complete  reason=candidate_set  wall=6.020000e-06s  cpu=6.000000e-06s  provider=0  solves=0  iterations=0

STEP 8
  certificate  stage=STEP 8  complete  reason=step8_complete  wall=1.108547e-01s  cpu=1.108560e-01s  provider=217  solves=2  iterations=19

STEP 9
  certificate  stage=STEP 9  failed  objective=-5.317897e+01  upper=-5.317860e+01  gap= 3.661651e-04  wall=0.000000e+00s  cpu=0.000000e+00s  provider=0  solves=0  iterations=0
  certificate  stage=STEP 9  complete  reason=paper_free_energy_convergence_failed  wall=1.665370e-03s  cpu=1.665000e-03s  provider=2  solves=0  iterations=0

STEP 7
  certificate  stage=STEP 7  complete  reason=continue_stage_ii  wall=1.570000e-06s  cpu=1.000000e-06s  provider=0  solves=0  iterations=0

STEP 4
  STAGE II STEP 4  major=8  upper=-5.317860e+01  LP_primal= 0.000000e+00  LP_dual= 1.853986e-17  active_cuts=13  certified
  certificate  stage=STEP 4  complete  reason=step4_complete  wall=2.714190e-04s  cpu=2.710000e-04s  provider=0  solves=1  iterations=1

STEP 5
  certificate  stage=STEP 5 LOCAL  major=8  attempt=20  accepted  reason=success  P rel.= 4.884157e-14  objective=-5.033371e+01  upper=-5.317860e+01  gap=-2.844891e+00  wall=0.000000e+00s  cpu=0.000000e+00s  provider=0  solves=0  iterations=0
  certificate  stage=STEP 5 LOCAL  major=8  attempt=23  accepted  reason=success  P rel.= 5.702972e-14  objective=-5.033371e+01  upper=-5.317860e+01  gap=-2.844891e+00  wall=0.000000e+00s  cpu=0.000000e+00s  provider=0  solves=0  iterations=0
  certificate  stage=STEP 5 LOCAL  major=8  attempt=24  accepted  reason=success  P rel.=-1.262338e-09  objective=-5.317877e+01  upper=-5.317860e+01  gap= 1.670482e-04  wall=0.000000e+00s  cpu=0.000000e+00s  provider=0  solves=0  iterations=0
  certificate  stage=STEP 5  complete  reason=step5_complete  wall=7.045207e-02s  cpu=7.045300e-02s  provider=62  solves=5  iterations=49

STEP 6
  certificate  stage=STEP 6  complete  reason=candidate_set  wall=8.420000e-06s  cpu=9.000000e-06s  provider=0  solves=0  iterations=0

STEP 8
  certificate  stage=STEP 8  complete  reason=step8_complete  wall=5.646475e-02s  cpu=5.646500e-02s  provider=99  solves=2  iterations=13

STEP 9
  certificate  stage=STEP 9  failed  objective=-5.317897e+01  upper=-5.317860e+01  gap= 3.647141e-04  wall=0.000000e+00s  cpu=0.000000e+00s  provider=0  solves=0  iterations=0
  certificate  stage=STEP 9  complete  reason=paper_free_energy_convergence_failed  wall=1.647920e-03s  cpu=1.648000e-03s  provider=2  solves=0  iterations=0

STEP 7
  certificate  stage=STEP 7  complete  reason=continue_stage_ii  wall=1.010000e-06s  cpu=1.000000e-06s  provider=0  solves=0  iterations=0

STEP 4
  STAGE II STEP 4  major=9  upper=-5.317861e+01  LP_primal= 7.105427e-15  LP_dual= 5.551115e-17  active_cuts=14  certified
  certificate  stage=STEP 4  complete  reason=step4_complete  wall=2.669280e-04s  cpu=2.680000e-04s  provider=0  solves=1  iterations=1

STEP 5
  certificate  stage=STEP 5 LOCAL  major=9  attempt=25  accepted  reason=success  P rel.= 1.824376e-14  objective=-4.889545e+01  upper=-5.317861e+01  gap=-4.283154e+00  wall=0.000000e+00s  cpu=0.000000e+00s  provider=0  solves=0  iterations=0
  certificate  stage=STEP 5 LOCAL  major=9  attempt=26  accepted  reason=success  P rel.=-1.271018e-09  objective=-5.317865e+01  upper=-5.317861e+01  gap= 4.246979e-05  wall=0.000000e+00s  cpu=0.000000e+00s  provider=0  solves=0  iterations=0
  certificate  stage=STEP 5  complete  reason=step5_complete  wall=4.276025e-02s  cpu=4.276100e-02s  provider=36  solves=2  iterations=31

STEP 6
  certificate  stage=STEP 6  complete  reason=candidate_set  wall=4.430000e-06s  cpu=5.000000e-06s  provider=0  solves=0  iterations=0

STEP 8
  certificate  stage=STEP 8  complete  reason=step8_complete  wall=5.408713e-02s  cpu=5.408800e-02s  provider=108  solves=2  iterations=13

STEP 9
  certificate  stage=STEP 9  failed  objective=-5.317897e+01  upper=-5.317861e+01  gap= 3.639584e-04  wall=0.000000e+00s  cpu=0.000000e+00s  provider=0  solves=0  iterations=0
  certificate  stage=STEP 9  complete  reason=paper_free_energy_convergence_failed  wall=1.636231e-03s  cpu=1.636000e-03s  provider=2  solves=0  iterations=0

STEP 7
  certificate  stage=STEP 7  complete  reason=continue_stage_ii  wall=1.840000e-06s  cpu=1.000000e-06s  provider=0  solves=0  iterations=0

STEP 4
  STAGE II STEP 4  major=10  upper=-5.317861e+01  LP_primal= 0.000000e+00  LP_dual= 8.239937e-18  active_cuts=15  certified
  certificate  stage=STEP 4  complete  reason=step4_complete  wall=2.678890e-04s  cpu=2.680000e-04s  provider=0  solves=1  iterations=1

STEP 5
  certificate  stage=STEP 5 LOCAL  major=10  attempt=27  accepted  reason=success  P rel.= 6.019005e-14  objective=-5.033370e+01  upper=-5.317861e+01  gap=-2.844901e+00  wall=0.000000e+00s  cpu=0.000000e+00s  provider=0  solves=0  iterations=0
  certificate  stage=STEP 5 LOCAL  major=10  attempt=28  accepted  reason=success  P rel.= 2.398983e-14  objective=-4.889746e+01  upper=-5.317861e+01  gap=-4.281149e+00  wall=0.000000e+00s  cpu=0.000000e+00s  provider=0  solves=0  iterations=0
  certificate  stage=STEP 5 LOCAL  major=10  attempt=29  accepted  reason=success  P rel.= 2.944859e-14  objective=-5.033370e+01  upper=-5.317861e+01  gap=-2.844901e+00  wall=0.000000e+00s  cpu=0.000000e+00s  provider=0  solves=0  iterations=0
  certificate  stage=STEP 5 LOCAL  major=10  attempt=30  accepted  reason=success  P rel.= 6.852185e-14  objective=-5.033370e+01  upper=-5.317861e+01  gap=-2.844901e+00  wall=0.000000e+00s  cpu=0.000000e+00s  provider=0  solves=0  iterations=0
  certificate  stage=STEP 5 LOCAL  major=10  attempt=31  accepted  reason=success  P rel.= 6.665438e-14  objective=-5.033370e+01  upper=-5.317861e+01  gap=-2.844901e+00  wall=0.000000e+00s  cpu=0.000000e+00s  provider=0  solves=0  iterations=0
  certificate  stage=STEP 5 LOCAL  major=10  attempt=32  accepted  reason=success  P rel.= 3.720579e-14  objective=-5.033370e+01  upper=-5.317861e+01  gap=-2.844901e+00  wall=0.000000e+00s  cpu=0.000000e+00s  provider=0  solves=0  iterations=0
  certificate  stage=STEP 5 LOCAL  major=10  attempt=33  accepted  reason=success  P rel.= 6.521786e-14  objective=-5.033370e+01  upper=-5.317861e+01  gap=-2.844901e+00  wall=0.000000e+00s  cpu=0.000000e+00s  provider=0  solves=0  iterations=0
  certificate  stage=STEP 5 LOCAL  major=10  attempt=34  accepted  reason=success  P rel.= 6.737264e-14  objective=-5.033370e+01  upper=-5.317861e+01  gap=-2.844901e+00  wall=0.000000e+00s  cpu=0.000000e+00s  provider=0  solves=0  iterations=0
  certificate  stage=STEP 5 LOCAL  major=10  attempt=35  accepted  reason=success  P rel.= 5.085269e-14  objective=-5.033370e+01  upper=-5.317861e+01  gap=-2.844901e+00  wall=0.000000e+00s  cpu=0.000000e+00s  provider=0  solves=0  iterations=0
  certificate  stage=STEP 5 LOCAL  major=10  attempt=36  accepted  reason=success  P rel.=-1.260780e-09  objective=-5.317862e+01  upper=-5.317861e+01  gap= 1.142374e-05  wall=0.000000e+00s  cpu=0.000000e+00s  provider=0  solves=0  iterations=0
  certificate  stage=STEP 5  complete  reason=step5_complete  wall=2.196499e-01s  cpu=2.196510e-01s  provider=201  solves=10  iterations=189

STEP 6
  certificate  stage=STEP 6  complete  reason=candidate_set  wall=8.860000e-06s  cpu=9.000000e-06s  provider=0  solves=0  iterations=0

STEP 8
  certificate  stage=STEP 8  complete  reason=step8_complete  wall=9.802837e-02s  cpu=9.800200e-02s  provider=294  solves=2  iterations=27

STEP 9
  certificate  stage=STEP 9  failed  objective=-5.317897e+01  upper=-5.317861e+01  gap= 3.636421e-04  wall=0.000000e+00s  cpu=0.000000e+00s  provider=0  solves=0  iterations=0
  certificate  stage=STEP 9  complete  reason=paper_free_energy_convergence_failed  wall=1.605310e-03s  cpu=1.605000e-03s  provider=2  solves=0  iterations=0

STEP 7
  certificate  stage=STEP 7  complete  reason=continue_stage_ii  wall=1.600000e-06s  cpu=1.000000e-06s  provider=0  solves=0  iterations=0

STEP 4
  STAGE II STEP 4  major=11  upper=-5.317861e+01  LP_primal= 0.000000e+00  LP_dual= 5.551115e-17  active_cuts=16  certified
  certificate  stage=STEP 4  complete  reason=step4_complete  wall=2.611090e-04s  cpu=2.610000e-04s  provider=0  solves=1  iterations=1

STEP 5
  certificate  stage=STEP 5 LOCAL  major=11  attempt=37  accepted  reason=success  P rel.=-1.279164e-09  objective=-5.317861e+01  upper=-5.317861e+01  gap= 3.883360e-06  wall=0.000000e+00s  cpu=0.000000e+00s  provider=0  solves=0  iterations=0
  certificate  stage=STEP 5  complete  reason=step5_complete  wall=2.275934e-02s  cpu=2.276000e-02s  provider=22  solves=1  iterations=17

STEP 6
  certificate  stage=STEP 6  complete  reason=candidate_set  wall=1.037000e-05s  cpu=1.100000e-05s  provider=0  solves=0  iterations=0

STEP 8
  certificate  stage=STEP 8  complete  reason=step8_complete  wall=5.197561e-02s  cpu=5.197600e-02s  provider=99  solves=2  iterations=13

STEP 9
  certificate  stage=STEP 9  failed  objective=-5.317897e+01  upper=-5.317861e+01  gap= 3.634233e-04  wall=0.000000e+00s  cpu=0.000000e+00s  provider=0  solves=0  iterations=0
  certificate  stage=STEP 9  complete  reason=paper_free_energy_convergence_failed  wall=1.566470e-03s  cpu=1.567000e-03s  provider=2  solves=0  iterations=0

STEP 7
  certificate  stage=STEP 7  complete  reason=continue_stage_ii  wall=1.350000e-06s  cpu=1.000000e-06s  provider=0  solves=0  iterations=0

STEP 4
  STAGE II STEP 4  major=12  upper=-5.317861e+01  LP_primal= 0.000000e+00  LP_dual= 2.775558e-17  active_cuts=17  certified
  certificate  stage=STEP 4  complete  reason=step4_complete  wall=2.553480e-04s  cpu=2.550000e-04s  provider=0  solves=1  iterations=1

STEP 5
  certificate  stage=STEP 5 LOCAL  major=12  attempt=38  accepted  reason=success  P rel.= 2.557000e-14  objective=-5.033370e+01  upper=-5.317861e+01  gap=-2.844905e+00  wall=0.000000e+00s  cpu=0.000000e+00s  provider=0  solves=0  iterations=0
  certificate  stage=STEP 5 LOCAL  major=12  attempt=39  accepted  reason=success  P rel.= 3.418910e-14  objective=-5.033370e+01  upper=-5.317861e+01  gap=-2.844905e+00  wall=0.000000e+00s  cpu=0.000000e+00s  provider=0  solves=0  iterations=0
  certificate  stage=STEP 5 LOCAL  major=12  attempt=40  accepted  reason=success  P rel.= 4.668680e-14  objective=-5.033370e+01  upper=-5.317861e+01  gap=-2.844905e+00  wall=0.000000e+00s  cpu=0.000000e+00s  provider=0  solves=0  iterations=0
  certificate  stage=STEP 5 LOCAL  major=12  attempt=41  accepted  reason=success  P rel.= 4.955983e-14  objective=-5.033370e+01  upper=-5.317861e+01  gap=-2.844905e+00  wall=0.000000e+00s  cpu=0.000000e+00s  provider=0  solves=0  iterations=0
  certificate  stage=STEP 5 LOCAL  major=12  attempt=42  accepted  reason=success  P rel.= 6.995837e-14  objective=-5.033370e+01  upper=-5.317861e+01  gap=-2.844905e+00  wall=0.000000e+00s  cpu=0.000000e+00s  provider=0  solves=0  iterations=0
  certificate  stage=STEP 5 LOCAL  major=12  attempt=43  accepted  reason=success  P rel.=-1.264074e-09  objective=-5.317861e+01  upper=-5.317861e+01  gap= 4.389363e-06  wall=0.000000e+00s  cpu=0.000000e+00s  provider=0  solves=0  iterations=0
  certificate  stage=STEP 5  complete  reason=step5_complete  wall=1.406541e-01s  cpu=1.406270e-01s  provider=124  solves=6  iterations=116

STEP 6
  certificate  stage=STEP 6  complete  reason=candidate_set  wall=8.260000e-06s  cpu=9.000000e-06s  provider=0  solves=0  iterations=0

STEP 8
  certificate  stage=STEP 8  complete  reason=step8_complete  wall=5.625104e-02s  cpu=5.624600e-02s  provider=99  solves=2  iterations=13

STEP 9
  certificate  stage=STEP 9  failed  objective=-5.317897e+01  upper=-5.317861e+01  gap= 3.631909e-04  wall=0.000000e+00s  cpu=0.000000e+00s  provider=0  solves=0  iterations=0
  certificate  stage=STEP 9  complete  reason=paper_free_energy_convergence_failed  wall=1.648630e-03s  cpu=1.649000e-03s  provider=2  solves=0  iterations=0

STEP 7
  certificate  stage=STEP 7  complete  reason=continue_stage_ii  wall=1.150000e-06s  cpu=1.000000e-06s  provider=0  solves=0  iterations=0

STEP 4
  STAGE II STEP 4  major=13  upper=-5.317861e+01  LP_primal= 0.000000e+00  LP_dual= 2.775558e-17  active_cuts=18  certified
  certificate  stage=STEP 4  complete  reason=step4_complete  wall=2.738180e-04s  cpu=2.740000e-04s  provider=0  solves=1  iterations=1

STEP 5
  certificate  stage=STEP 5 LOCAL  major=13  attempt=44  accepted  reason=success  P rel.= 3.160337e-14  objective=-4.889925e+01  upper=-5.317861e+01  gap=-4.279356e+00  wall=0.000000e+00s  cpu=0.000000e+00s  provider=0  solves=0  iterations=0
  certificate  stage=STEP 5 LOCAL  major=13  attempt=45  accepted  reason=success  P rel.= 4.999078e-14  objective=-5.033370e+01  upper=-5.317861e+01  gap=-2.844904e+00  wall=0.000000e+00s  cpu=0.000000e+00s  provider=0  solves=0  iterations=0
  certificate  stage=STEP 5 LOCAL  major=13  attempt=47  accepted  reason=success  P rel.=-3.511283e-09  objective=-5.303722e+01  upper=-5.317861e+01  gap=-1.413906e-01  wall=0.000000e+00s  cpu=0.000000e+00s  provider=0  solves=0  iterations=0
  certificate  stage=STEP 5 LOCAL  major=13  attempt=48  accepted  reason=success  P rel.= 4.141478e-13  objective=-5.033370e+01  upper=-5.317861e+01  gap=-2.844904e+00  wall=0.000000e+00s  cpu=0.000000e+00s  provider=0  solves=0  iterations=0
  certificate  stage=STEP 5 LOCAL  major=13  attempt=49  accepted  reason=success  P rel.= 4.137168e-14  objective=-5.033370e+01  upper=-5.317861e+01  gap=-2.844904e+00  wall=0.000000e+00s  cpu=0.000000e+00s  provider=0  solves=0  iterations=0
  certificate  stage=STEP 5 LOCAL  major=13  attempt=50  accepted  reason=success  P rel.= 5.243286e-14  objective=-5.033370e+01  upper=-5.317861e+01  gap=-2.844904e+00  wall=0.000000e+00s  cpu=0.000000e+00s  provider=0  solves=0  iterations=0
  certificate  stage=STEP 5 LOCAL  major=13  attempt=51  accepted  reason=success  P rel.= 3.605657e-14  objective=-4.889925e+01  upper=-5.317861e+01  gap=-4.279356e+00  wall=0.000000e+00s  cpu=0.000000e+00s  provider=0  solves=0  iterations=0
  certificate  stage=STEP 5 LOCAL  major=13  attempt=52  accepted  reason=success  P rel.= 4.481932e-14  objective=-5.033370e+01  upper=-5.317861e+01  gap=-2.844904e+00  wall=0.000000e+00s  cpu=0.000000e+00s  provider=0  solves=0  iterations=0
  certificate  stage=STEP 5 LOCAL  major=13  attempt=53  accepted  reason=success  P rel.= 5.243286e-14  objective=-5.033370e+01  upper=-5.317861e+01  gap=-2.844904e+00  wall=0.000000e+00s  cpu=0.000000e+00s  provider=0  solves=0  iterations=0
  certificate  stage=STEP 5 LOCAL  major=13  attempt=54  accepted  reason=success  P rel.= 2.987955e-14  objective=-5.033370e+01  upper=-5.317861e+01  gap=-2.844904e+00  wall=0.000000e+00s  cpu=0.000000e+00s  provider=0  solves=0  iterations=0
  certificate  stage=STEP 5 LOCAL  major=13  attempt=55  accepted  reason=success  P rel.= 5.480312e-13  objective=-5.033370e+01  upper=-5.317861e+01  gap=-2.844904e+00  wall=0.000000e+00s  cpu=0.000000e+00s  provider=0  solves=0  iterations=0
  certificate  stage=STEP 5 LOCAL  major=13  attempt=56  accepted  reason=success  P rel.= 3.462005e-13  objective=-5.033370e+01  upper=-5.317861e+01  gap=-2.844904e+00  wall=0.000000e+00s  cpu=0.000000e+00s  provider=0  solves=0  iterations=0
  certificate  stage=STEP 5 LOCAL  major=13  attempt=57  accepted  reason=success  P rel.= 6.809090e-14  objective=-5.033370e+01  upper=-5.317861e+01  gap=-2.844904e+00  wall=0.000000e+00s  cpu=0.000000e+00s  provider=0  solves=0  iterations=0
  certificate  stage=STEP 5 LOCAL  major=13  attempt=59  accepted  reason=success  P rel.= 6.378135e-13  objective=-5.033370e+01  upper=-5.317861e+01  gap=-2.844904e+00  wall=0.000000e+00s  cpu=0.000000e+00s  provider=0  solves=0  iterations=0
  certificate  stage=STEP 5 LOCAL  major=13  attempt=60  accepted  reason=success  P rel.= 5.300747e-14  objective=-5.033370e+01  upper=-5.317861e+01  gap=-2.844904e+00  wall=0.000000e+00s  cpu=0.000000e+00s  provider=0  solves=0  iterations=0
  certificate  stage=STEP 5 LOCAL  major=13  attempt=61  accepted  reason=success  P rel.= 4.539393e-14  objective=-5.033370e+01  upper=-5.317861e+01  gap=-2.844904e+00  wall=0.000000e+00s  cpu=0.000000e+00s  provider=0  solves=0  iterations=0
  certificate  stage=STEP 5 LOCAL  major=13  attempt=62  accepted  reason=success  P rel.=-1.262249e-09  objective=-5.317861e+01  upper=-5.317861e+01  gap= 1.097608e-06  wall=0.000000e+00s  cpu=0.000000e+00s  provider=0  solves=0  iterations=0
  certificate  stage=STEP 5  complete  reason=step5_complete  wall=4.324143e-01s  cpu=4.324090e-01s  provider=361  solves=19  iterations=318

STEP 6
  certificate  stage=STEP 6  complete  reason=candidate_set  wall=9.500000e-06s  cpu=1.000000e-05s  provider=0  solves=0  iterations=0

STEP 8
  certificate  stage=STEP 8  complete  reason=step8_complete  wall=5.660016e-02s  cpu=5.660100e-02s  provider=99  solves=2  iterations=13

STEP 9
  certificate  stage=STEP 9  failed  objective=-5.317897e+01  upper=-5.317861e+01  gap= 3.627777e-04  wall=0.000000e+00s  cpu=0.000000e+00s  provider=0  solves=0  iterations=0
  certificate  stage=STEP 9  complete  reason=paper_free_energy_convergence_failed  wall=1.694129e-03s  cpu=1.694000e-03s  provider=2  solves=0  iterations=0

STEP 7
  certificate  stage=STEP 7  complete  reason=continue_stage_ii  wall=1.070000e-06s  cpu=1.000000e-06s  provider=0  solves=0  iterations=0

STEP 4
  STAGE II STEP 4  major=14  upper=-5.317861e+01  LP_primal= 0.000000e+00  LP_dual= 2.775558e-17  active_cuts=19  certified
  certificate  stage=STEP 4  complete  reason=step4_complete  wall=2.762590e-04s  cpu=2.760000e-04s  provider=0  solves=1  iterations=1

STEP 5
  certificate  stage=STEP 5 LOCAL  major=14  attempt=63  accepted  reason=success  P rel.=-1.280811e-09  objective=-5.317861e+01  upper=-5.317861e+01  gap= 2.744356e-07  wall=0.000000e+00s  cpu=0.000000e+00s  provider=0  solves=0  iterations=0
  certificate  stage=STEP 5  complete  reason=step5_complete  wall=2.680978e-02s  cpu=2.681000e-02s  provider=23  solves=1  iterations=18

STEP 6
  certificate  stage=STEP 6  complete  reason=candidate_set  wall=7.380000e-06s  cpu=8.000000e-06s  provider=0  solves=0  iterations=0

STEP 8
  certificate  stage=STEP 8  complete  reason=step8_complete  wall=5.271602e-02s  cpu=5.270000e-02s  provider=99  solves=2  iterations=13

STEP 9
  certificate  stage=STEP 9  failed  objective=-5.317897e+01  upper=-5.317861e+01  gap= 3.625710e-04  wall=0.000000e+00s  cpu=0.000000e+00s  provider=0  solves=0  iterations=0
  certificate  stage=STEP 9  complete  reason=paper_free_energy_convergence_failed  wall=1.571981e-03s  cpu=1.572000e-03s  provider=2  solves=0  iterations=0

STEP 7
  certificate  stage=STEP 7  complete  reason=continue_stage_ii  wall=9.800000e-07s  cpu=1.000000e-06s  provider=0  solves=0  iterations=0

STEP 4
  STAGE II STEP 4  major=15  upper=-5.317861e+01  LP_primal= 7.105427e-15  LP_dual= 1.387779e-17  active_cuts=20  certified
  certificate  stage=STEP 4  complete  reason=step4_complete  wall=2.704380e-04s  cpu=2.710000e-04s  provider=0  solves=1  iterations=1

STEP 5
  certificate  stage=STEP 5 LOCAL  major=15  attempt=64  accepted  reason=success  P rel.=-2.269630e-09  objective=-5.317861e+01  upper=-5.317861e+01  gap= 6.860473e-08  wall=0.000000e+00s  cpu=0.000000e+00s  provider=0  solves=0  iterations=0
  certificate  stage=STEP 5  complete  reason=step5_complete  wall=2.014354e-02s  cpu=2.014400e-02s  provider=18  solves=1  iterations=17

STEP 6
  certificate  stage=STEP 6  complete  reason=candidate_set  wall=7.200000e-06s  cpu=7.000000e-06s  provider=0  solves=0  iterations=0

STEP 8
  certificate  stage=STEP 8  complete  reason=step8_complete  wall=5.276136e-02s  cpu=5.274900e-02s  provider=99  solves=2  iterations=13

STEP 9
  certificate  stage=STEP 9  failed  objective=-5.317897e+01  upper=-5.317861e+01  gap= 3.625247e-04  wall=0.000000e+00s  cpu=0.000000e+00s  provider=0  solves=0  iterations=0
  certificate  stage=STEP 9  complete  reason=paper_free_energy_convergence_failed  wall=1.708190e-03s  cpu=1.708000e-03s  provider=2  solves=0  iterations=0

STEP 7
  certificate  stage=STEP 7  complete  reason=continue_stage_ii  wall=1.070000e-06s  cpu=1.000000e-06s  provider=0  solves=0  iterations=0

STEP 4
  STAGE II STEP 4  major=16  upper=-5.317861e+01  LP_primal= 0.000000e+00  LP_dual= 5.551115e-17  active_cuts=21  certified
  certificate  stage=STEP 4  complete  reason=step4_complete  wall=2.872880e-04s  cpu=2.880000e-04s  provider=0  solves=1  iterations=1

STEP 5
  certificate  stage=STEP 5 LOCAL  major=16  attempt=65  accepted  reason=success  P rel.= 5.746067e-14  objective=-5.033370e+01  upper=-5.317861e+01  gap=-2.844903e+00  wall=0.000000e+00s  cpu=0.000000e+00s  provider=0  solves=0  iterations=0
  certificate  stage=STEP 5 LOCAL  major=16  attempt=66  accepted  reason=success  P rel.= 3.921691e-14  objective=-5.033370e+01  upper=-5.317861e+01  gap=-2.844903e+00  wall=0.000000e+00s  cpu=0.000000e+00s  provider=0  solves=0  iterations=0
  certificate  stage=STEP 5 LOCAL  major=16  attempt=67  accepted  reason=success  P rel.= 6.191387e-14  objective=-5.033370e+01  upper=-5.317861e+01  gap=-2.844903e+00  wall=0.000000e+00s  cpu=0.000000e+00s  provider=0  solves=0  iterations=0
  certificate  stage=STEP 5 LOCAL  major=16  attempt=68  accepted  reason=success  P rel.= 5.200191e-14  objective=-5.033370e+01  upper=-5.317861e+01  gap=-2.844903e+00  wall=0.000000e+00s  cpu=0.000000e+00s  provider=0  solves=0  iterations=0
  certificate  stage=STEP 5 LOCAL  major=16  attempt=69  accepted  reason=success  P rel.= 6.521786e-14  objective=-5.033370e+01  upper=-5.317861e+01  gap=-2.844903e+00  wall=0.000000e+00s  cpu=0.000000e+00s  provider=0  solves=0  iterations=0
  certificate  stage=STEP 5 LOCAL  major=16  attempt=70  accepted  reason=success  P rel.=-1.260202e-09  objective=-5.317861e+01  upper=-5.317861e+01  gap= 1.715169e-08  wall=0.000000e+00s  cpu=0.000000e+00s  provider=0  solves=0  iterations=0
  certificate  stage=STEP 5  complete  reason=step5_complete  wall=1.323402e-01s  cpu=1.323360e-01s  provider=120  solves=6  iterations=114

STEP 6
  certificate  stage=STEP 6  complete  reason=candidate_set  wall=6.530000e-06s  cpu=7.000000e-06s  provider=0  solves=0  iterations=0

STEP 8
  certificate  stage=STEP 8  complete  reason=step8_complete  wall=5.452845e-02s  cpu=5.450200e-02s  provider=99  solves=2  iterations=13

STEP 9
  certificate  stage=STEP 9  failed  objective=-5.317897e+01  upper=-5.317861e+01  gap= 3.625104e-04  wall=0.000000e+00s  cpu=0.000000e+00s  provider=0  solves=0  iterations=0
  certificate  stage=STEP 9  complete  reason=paper_free_energy_convergence_failed  wall=1.590780e-03s  cpu=1.591000e-03s  provider=2  solves=0  iterations=0

STEP 7
  certificate  stage=STEP 7  complete  reason=continue_stage_ii  wall=1.210000e-06s  cpu=1.000000e-06s  provider=0  solves=0  iterations=0

STEP 4
  STAGE II STEP 4  major=17  upper=-5.317861e+01  LP_primal= 0.000000e+00  LP_dual= 2.775558e-17  active_cuts=22  certified
  certificate  stage=STEP 4  complete  reason=step4_complete  wall=3.304580e-04s  cpu=3.310000e-04s  provider=0  solves=1  iterations=1

STEP 5
  certificate  stage=STEP 5 LOCAL  major=17  attempt=71  accepted  reason=success  P rel.= 2.715017e-14  objective=-5.033370e+01  upper=-5.317861e+01  gap=-2.844903e+00  wall=0.000000e+00s  cpu=0.000000e+00s  provider=0  solves=0  iterations=0
  certificate  stage=STEP 5 LOCAL  major=17  attempt=72  accepted  reason=success  P rel.= 3.189067e-14  objective=-5.033370e+01  upper=-5.317861e+01  gap=-2.844903e+00  wall=0.000000e+00s  cpu=0.000000e+00s  provider=0  solves=0  iterations=0
  certificate  stage=STEP 5 LOCAL  major=17  attempt=73  accepted  reason=success  P rel.= 2.215109e-13  objective=-5.033370e+01  upper=-5.317861e+01  gap=-2.844903e+00  wall=0.000000e+00s  cpu=0.000000e+00s  provider=0  solves=0  iterations=0
  certificate  stage=STEP 5 LOCAL  major=17  attempt=74  accepted  reason=success  P rel.= 2.048473e-13  objective=-5.033370e+01  upper=-5.317861e+01  gap=-2.844903e+00  wall=0.000000e+00s  cpu=0.000000e+00s  provider=0  solves=0  iterations=0
  certificate  stage=STEP 5 LOCAL  major=17  attempt=75  accepted  reason=success  P rel.= 3.849865e-14  objective=-5.033370e+01  upper=-5.317861e+01  gap=-2.844903e+00  wall=0.000000e+00s  cpu=0.000000e+00s  provider=0  solves=0  iterations=0
  certificate  stage=STEP 5 LOCAL  major=17  attempt=76  accepted  reason=success  P rel.= 6.727208e-13  objective=-5.033370e+01  upper=-5.317861e+01  gap=-2.844903e+00  wall=0.000000e+00s  cpu=0.000000e+00s  provider=0  solves=0  iterations=0
  certificate  stage=STEP 5 LOCAL  major=17  attempt=77  accepted  reason=success  P rel.= 2.330030e-13  objective=-5.033370e+01  upper=-5.317861e+01  gap=-2.844903e+00  wall=0.000000e+00s  cpu=0.000000e+00s  provider=0  solves=0  iterations=0
  certificate  stage=STEP 5 LOCAL  major=17  attempt=78  accepted  reason=success  P rel.= 6.636708e-14  objective=-5.033370e+01  upper=-5.317861e+01  gap=-2.844903e+00  wall=0.000000e+00s  cpu=0.000000e+00s  provider=0  solves=0  iterations=0
  certificate  stage=STEP 5 LOCAL  major=17  attempt=79  accepted  reason=success  P rel.= 1.810011e-14  objective=-5.033370e+01  upper=-5.317861e+01  gap=-2.844903e+00  wall=0.000000e+00s  cpu=0.000000e+00s  provider=0  solves=0  iterations=0
  certificate  stage=STEP 5 LOCAL  major=17  attempt=80  accepted  reason=success  P rel.= 2.111680e-14  objective=-5.033370e+01  upper=-5.317861e+01  gap=-2.844903e+00  wall=0.000000e+00s  cpu=0.000000e+00s  provider=0  solves=0  iterations=0
  certificate  stage=STEP 5 LOCAL  major=17  attempt=81  accepted  reason=success  P rel.= 1.903385e-13  objective=-5.033370e+01  upper=-5.317861e+01  gap=-2.844903e+00  wall=0.000000e+00s  cpu=0.000000e+00s  provider=0  solves=0  iterations=0
  certificate  stage=STEP 5 LOCAL  major=17  attempt=82  accepted  reason=success  P rel.= 1.810011e-14  objective=-5.033370e+01  upper=-5.317861e+01  gap=-2.844903e+00  wall=0.000000e+00s  cpu=0.000000e+00s  provider=0  solves=0  iterations=0
  certificate  stage=STEP 5 LOCAL  major=17  attempt=83  accepted  reason=success  P rel.= 6.636708e-14  objective=-5.033370e+01  upper=-5.317861e+01  gap=-2.844903e+00  wall=0.000000e+00s  cpu=0.000000e+00s  provider=0  solves=0  iterations=0
  certificate  stage=STEP 5 LOCAL  major=17  attempt=84  accepted  reason=success  P rel.= 3.849865e-14  objective=-5.033370e+01  upper=-5.317861e+01  gap=-2.844903e+00  wall=0.000000e+00s  cpu=0.000000e+00s  provider=0  solves=0  iterations=0
  certificate  stage=STEP 5 LOCAL  major=17  attempt=85  accepted  reason=success  P rel.= 3.490736e-14  objective=-4.889905e+01  upper=-5.317861e+01  gap=-4.279552e+00  wall=0.000000e+00s  cpu=0.000000e+00s  provider=0  solves=0  iterations=0
  certificate  stage=STEP 5 LOCAL  major=17  attempt=87  accepted  reason=success  P rel.= 3.720579e-14  objective=-5.033370e+01  upper=-5.317861e+01  gap=-2.844903e+00  wall=0.000000e+00s  cpu=0.000000e+00s  provider=0  solves=0  iterations=0
  certificate  stage=STEP 5 LOCAL  major=17  attempt=88  accepted  reason=success  P rel.= 1.810011e-14  objective=-5.033370e+01  upper=-5.317861e+01  gap=-2.844903e+00  wall=0.000000e+00s  cpu=0.000000e+00s  provider=0  solves=0  iterations=0
  certificate  stage=STEP 5 LOCAL  major=17  attempt=89  accepted  reason=success  P rel.=-1.266255e-09  objective=-5.317861e+01  upper=-5.317861e+01  gap= 4.287863e-09  wall=0.000000e+00s  cpu=0.000000e+00s  provider=0  solves=0  iterations=0
  certificate  stage=STEP 5  complete  reason=step5_complete  wall=4.088826e-01s  cpu=4.087230e-01s  provider=362  solves=19  iterations=335

STEP 6
  certificate  stage=STEP 6  complete  reason=candidate_set  wall=1.030000e-05s  cpu=1.000000e-05s  provider=0  solves=0  iterations=0

STEP 8
  certificate  stage=STEP 8  complete  reason=step8_complete  wall=5.727064e-02s  cpu=5.727200e-02s  provider=99  solves=2  iterations=13

STEP 9
  certificate  stage=STEP 9  failed  objective=-5.317897e+01  upper=-5.317861e+01  gap= 3.625082e-04  wall=0.000000e+00s  cpu=0.000000e+00s  provider=0  solves=0  iterations=0
  certificate  stage=STEP 9  complete  reason=paper_free_energy_convergence_failed  wall=1.715119e-03s  cpu=1.715000e-03s  provider=2  solves=0  iterations=0

STEP 7
  certificate  stage=STEP 7  complete  reason=continue_stage_ii  wall=1.260000e-06s  cpu=1.000000e-06s  provider=0  solves=0  iterations=0

STEP 4
  STAGE II STEP 4  major=18  upper=-5.317861e+01  LP_primal= 0.000000e+00  LP_dual= 5.551115e-17  active_cuts=23  certified
  certificate  stage=STEP 4  complete  reason=step4_complete  wall=2.968180e-04s  cpu=2.970000e-04s  provider=0  solves=1  iterations=1

STEP 5
  certificate  stage=STEP 5 LOCAL  major=18  attempt=90  accepted  reason=success  P rel.= 2.312792e-14  objective=-5.033370e+01  upper=-5.317861e+01  gap=-2.844904e+00  wall=0.000000e+00s  cpu=0.000000e+00s  provider=0  solves=0  iterations=0
  certificate  stage=STEP 5 LOCAL  major=18  attempt=91  accepted  reason=success  P rel.=-1.267502e-09  objective=-5.317861e+01  upper=-5.317861e+01  gap= 1.071953e-09  wall=0.000000e+00s  cpu=0.000000e+00s  provider=0  solves=0  iterations=0
  certificate  stage=STEP 5  complete  reason=step5_complete  wall=5.304695e-02s  cpu=5.304800e-02s  provider=44  solves=2  iterations=40

STEP 6
  certificate  stage=STEP 6  complete  reason=candidate_set  wall=9.660000e-06s  cpu=1.000000e-05s  provider=0  solves=0  iterations=0

STEP 8
  certificate  stage=STEP 8  complete  reason=step8_complete  wall=5.668785e-02s  cpu=5.668900e-02s  provider=99  solves=2  iterations=13

STEP 9
  certificate  stage=STEP 9  failed  objective=-5.317897e+01  upper=-5.317861e+01  gap= 3.625071e-04  wall=0.000000e+00s  cpu=0.000000e+00s  provider=0  solves=0  iterations=0
  certificate  stage=STEP 9  complete  reason=paper_free_energy_convergence_failed  wall=1.649440e-03s  cpu=1.649000e-03s  provider=2  solves=0  iterations=0

STEP 7
  certificate  stage=STEP 7  complete  reason=continue_stage_ii  wall=1.030000e-06s  cpu=1.000000e-06s  provider=0  solves=0  iterations=0

STEP 4
  STAGE II STEP 4  major=19  upper=-5.317861e+01  LP_primal= 7.105427e-15  LP_dual= 8.673617e-18  active_cuts=24  certified
  certificate  stage=STEP 4  complete  reason=step4_complete  wall=3.059180e-04s  cpu=3.070000e-04s  provider=0  solves=1  iterations=1

STEP 5
  certificate  stage=STEP 5 LOCAL  major=19  attempt=92  accepted  reason=success  P rel.= 1.996758e-14  objective=-5.033370e+01  upper=-5.317861e+01  gap=-2.844903e+00  wall=0.000000e+00s  cpu=0.000000e+00s  provider=0  solves=0  iterations=0
  certificate  stage=STEP 5 LOCAL  major=19  attempt=93  accepted  reason=success  P rel.= 6.547644e-13  objective=-5.033370e+01  upper=-5.317861e+01  gap=-2.844903e+00  wall=0.000000e+00s  cpu=0.000000e+00s  provider=0  solves=0  iterations=0
  certificate  stage=STEP 5 LOCAL  major=19  attempt=94  accepted  reason=success  P rel.= 4.884157e-14  objective=-5.033370e+01  upper=-5.317861e+01  gap=-2.844903e+00  wall=0.000000e+00s  cpu=0.000000e+00s  provider=0  solves=0  iterations=0
  certificate  stage=STEP 5 LOCAL  major=19  attempt=95  accepted  reason=success  P rel.=-1.266923e-09  objective=-5.317861e+01  upper=-5.317861e+01  gap= 2.679883e-10  wall=0.000000e+00s  cpu=0.000000e+00s  provider=0  solves=0  iterations=0
  certificate  stage=STEP 5  complete  reason=step5_complete  wall=1.073339e-01s  cpu=1.073350e-01s  provider=86  solves=4  iterations=80

STEP 6
  certificate  stage=STEP 6  complete  reason=candidate_set  wall=9.510000e-06s  cpu=1.000000e-05s  provider=0  solves=0  iterations=0

STEP 8
  certificate  stage=STEP 8  complete  reason=step8_complete  wall=5.697472e-02s  cpu=5.697600e-02s  provider=99  solves=2  iterations=13

STEP 9
  certificate  stage=STEP 9  failed  objective=-5.317897e+01  upper=-5.317861e+01  gap= 3.625071e-04  wall=0.000000e+00s  cpu=0.000000e+00s  provider=0  solves=0  iterations=0
  certificate  stage=STEP 9  complete  reason=paper_free_energy_convergence_failed  wall=1.686170e-03s  cpu=1.687000e-03s  provider=2  solves=0  iterations=0

STEP 7
  certificate  stage=STEP 7  complete  reason=continue_stage_ii  wall=1.100000e-06s  cpu=1.000000e-06s  provider=0  solves=0  iterations=0

STEP 4
  STAGE II STEP 4  major=20  upper=-5.317861e+01  LP_primal= 7.105427e-15  LP_dual= 8.326673e-17  active_cuts=25  certified
  certificate  stage=STEP 4  complete  reason=step4_complete  wall=3.006680e-04s  cpu=3.010000e-04s  provider=0  solves=1  iterations=1

STEP 5
  certificate  stage=STEP 5 LOCAL  major=20  attempt=96  accepted  reason=success  P rel.=-3.526062e-09  objective=-5.317861e+01  upper=-5.317861e+01  gap= 6.701129e-11  wall=0.000000e+00s  cpu=0.000000e+00s  provider=0  solves=0  iterations=0
  certificate  stage=STEP 5  complete  reason=step5_complete  wall=2.609142e-02s  cpu=2.609200e-02s  provider=22  solves=1  iterations=18

STEP 6
  certificate  stage=STEP 6  complete  reason=candidate_set  wall=9.030000e-06s  cpu=9.000000e-06s  provider=0  solves=0  iterations=0

STEP 8
  certificate  stage=STEP 8  complete  reason=step8_complete  wall=5.680234e-02s  cpu=5.679800e-02s  provider=99  solves=2  iterations=13

STEP 9
  certificate  stage=STEP 9  failed  objective=-5.317897e+01  upper=-5.317861e+01  gap= 3.625071e-04  wall=0.000000e+00s  cpu=0.000000e+00s  provider=0  solves=0  iterations=0
  certificate  stage=STEP 9  complete  reason=paper_free_energy_convergence_failed  wall=1.608430e-03s  cpu=1.609000e-03s  provider=2  solves=0  iterations=0

STEP 7
  certificate  stage=STEP 7  complete  reason=continue_stage_ii  wall=1.060000e-06s  cpu=1.000000e-06s  provider=0  solves=0  iterations=0

STEP 4
  STAGE II STEP 4  major=21  upper=-5.317861e+01  LP_primal= 6.701129e-11  LP_dual= 8.326673e-17  active_cuts=26  certified
  certificate  stage=STEP 4  complete  reason=step4_complete  wall=2.924580e-04s  cpu=2.930000e-04s  provider=0  solves=1  iterations=1

STEP 5
  certificate  stage=STEP 5 LOCAL  major=21  attempt=97  accepted  reason=success  P rel.=-1.271196e-09  objective=-5.317861e+01  upper=-5.317861e+01  gap= 6.700418e-11  wall=0.000000e+00s  cpu=0.000000e+00s  provider=0  solves=0  iterations=0
  certificate  stage=STEP 5  complete  reason=step5_complete  wall=1.801798e-02s  cpu=1.801800e-02s  provider=16  solves=1  iterations=13

STEP 6
  certificate  stage=STEP 6  complete  reason=candidate_set  wall=8.040000e-06s  cpu=8.000000e-06s  provider=0  solves=0  iterations=0

STEP 8
  certificate  stage=STEP 8  complete  reason=step8_complete  wall=5.360128e-02s  cpu=5.360200e-02s  provider=99  solves=2  iterations=13

STEP 9
  certificate  stage=STEP 9  failed  objective=-5.317897e+01  upper=-5.317861e+01  gap= 3.625071e-04  wall=0.000000e+00s  cpu=0.000000e+00s  provider=0  solves=0  iterations=0
  certificate  stage=STEP 9  complete  reason=paper_free_energy_convergence_failed  wall=1.786640e-03s  cpu=1.787000e-03s  provider=2  solves=0  iterations=0

STEP 7
  certificate  stage=STEP 7  complete  reason=continue_stage_ii  wall=1.280000e-06s  cpu=1.000000e-06s  provider=0  solves=0  iterations=0

STEP 4
  STAGE II STEP 4  major=22  upper=-5.317861e+01  LP_primal= 6.701129e-11  LP_dual= 8.326673e-17  active_cuts=27  certified
  certificate  stage=STEP 4  complete  reason=step4_complete  wall=3.154480e-04s  cpu=3.160000e-04s  provider=0  solves=1  iterations=1

STEP 5
  certificate  stage=STEP 5 LOCAL  major=22  attempt=98  accepted  reason=success  P rel.= 3.936056e-14  objective=-5.033370e+01  upper=-5.317861e+01  gap=-2.844903e+00  wall=0.000000e+00s  cpu=0.000000e+00s  provider=0  solves=0  iterations=0
  certificate  stage=STEP 5 LOCAL  major=22  attempt=99  accepted  reason=success  P rel.= 2.987955e-14  objective=-5.033370e+01  upper=-5.317861e+01  gap=-2.844903e+00  wall=0.000000e+00s  cpu=0.000000e+00s  provider=0  solves=0  iterations=0
  certificate  stage=STEP 5 LOCAL  major=22  attempt=100  accepted  reason=success  P rel.= 4.137168e-14  objective=-5.033370e+01  upper=-5.317861e+01  gap=-2.844903e+00  wall=0.000000e+00s  cpu=0.000000e+00s  provider=0  solves=0  iterations=0
  certificate  stage=STEP 5 LOCAL  major=22  attempt=102  accepted  reason=success  P rel.= 4.841062e-14  objective=-5.033370e+01  upper=-5.317861e+01  gap=-2.844903e+00  wall=0.000000e+00s  cpu=0.000000e+00s  provider=0  solves=0  iterations=0
  certificate  stage=STEP 5 LOCAL  major=22  attempt=103  accepted  reason=success  P rel.= 3.763674e-14  objective=-5.033370e+01  upper=-5.317861e+01  gap=-2.844903e+00  wall=0.000000e+00s  cpu=0.000000e+00s  provider=0  solves=0  iterations=0
  certificate  stage=STEP 5 LOCAL  major=22  attempt=104  accepted  reason=success  P rel.=-1.263451e-09  objective=-5.317861e+01  upper=-5.317861e+01  gap= 6.701839e-11  wall=0.000000e+00s  cpu=0.000000e+00s  provider=0  solves=0  iterations=0
  certificate  stage=STEP 5  complete  reason=step5_complete  wall=1.322829e-01s  cpu=1.322650e-01s  provider=120  solves=7  iterations=112

STEP 6
  certificate  stage=STEP 6  complete  reason=candidate_set  wall=1.115000e-05s  cpu=1.100000e-05s  provider=0  solves=0  iterations=0

STEP 8
  certificate  stage=STEP 8  complete  reason=step8_complete  wall=5.317065e-02s  cpu=5.315500e-02s  provider=99  solves=2  iterations=13

STEP 9
  certificate  stage=STEP 9  failed  objective=-5.317897e+01  upper=-5.317861e+01  gap= 3.625071e-04  wall=0.000000e+00s  cpu=0.000000e+00s  provider=0  solves=0  iterations=0
  certificate  stage=STEP 9  complete  reason=paper_free_energy_convergence_failed  wall=1.557001e-03s  cpu=1.557000e-03s  provider=2  solves=0  iterations=0

STEP 7
  certificate  stage=STEP 7  complete  reason=continue_stage_ii  wall=1.200000e-06s  cpu=1.000000e-06s  provider=0  solves=0  iterations=0

STEP 4
  STAGE II STEP 4  major=23  upper=-5.317861e+01  LP_primal= 6.701839e-11  LP_dual= 8.326673e-17  active_cuts=28  certified
  certificate  stage=STEP 4  complete  reason=step4_complete  wall=3.610280e-04s  cpu=3.620000e-04s  provider=0  solves=1  iterations=1

STEP 5
  certificate  stage=STEP 5 LOCAL  major=23  attempt=105  accepted  reason=success  P rel.= 4.841062e-14  objective=-5.033370e+01  upper=-5.317861e+01  gap=-2.844903e+00  wall=0.000000e+00s  cpu=0.000000e+00s  provider=0  solves=0  iterations=0
  certificate  stage=STEP 5 LOCAL  major=23  attempt=106  accepted  reason=success  P rel.= 3.663118e-14  objective=-5.033370e+01  upper=-5.317861e+01  gap=-2.844903e+00  wall=0.000000e+00s  cpu=0.000000e+00s  provider=0  solves=0  iterations=0
  certificate  stage=STEP 5 LOCAL  major=23  attempt=107  accepted  reason=success  P rel.= 4.483369e-13  objective=-5.033370e+01  upper=-5.317861e+01  gap=-2.844903e+00  wall=0.000000e+00s  cpu=0.000000e+00s  provider=0  solves=0  iterations=0
  certificate  stage=STEP 5 LOCAL  major=23  attempt=108  accepted  reason=success  P rel.= 4.290876e-13  objective=-5.033370e+01  upper=-5.317861e+01  gap=-2.844903e+00  wall=0.000000e+00s  cpu=0.000000e+00s  provider=0  solves=0  iterations=0
  certificate  stage=STEP 5 LOCAL  major=23  attempt=109  accepted  reason=success  P rel.=-1.260424e-09  objective=-5.317861e+01  upper=-5.317861e+01  gap= 6.701129e-11  wall=0.000000e+00s  cpu=0.000000e+00s  provider=0  solves=0  iterations=0
  certificate  stage=STEP 5  complete  reason=step5_complete  wall=1.297907e-01s  cpu=1.296160e-01s  provider=113  solves=5  iterations=103

STEP 6
  certificate  stage=STEP 6  complete  reason=candidate_set  wall=1.079000e-05s  cpu=1.100000e-05s  provider=0  solves=0  iterations=0

STEP 8
  certificate  stage=STEP 8  complete  reason=step8_complete  wall=5.223271e-02s  cpu=5.223500e-02s  provider=99  solves=2  iterations=13

STEP 9
  certificate  stage=STEP 9  failed  objective=-5.317897e+01  upper=-5.317861e+01  gap= 3.625071e-04  wall=0.000000e+00s  cpu=0.000000e+00s  provider=0  solves=0  iterations=0
  certificate  stage=STEP 9  complete  reason=paper_free_energy_convergence_failed  wall=1.565501e-03s  cpu=1.565000e-03s  provider=2  solves=0  iterations=0

STEP 7
  certificate  stage=STEP 7  complete  reason=continue_stage_ii  wall=1.090000e-06s  cpu=1.000000e-06s  provider=0  solves=0  iterations=0

STEP 4
  STAGE II STEP 4  major=24  upper=-5.317861e+01  LP_primal= 6.701839e-11  LP_dual= 8.326673e-17  active_cuts=29  certified
  certificate  stage=STEP 4  complete  reason=step4_complete  wall=3.416980e-04s  cpu=3.420000e-04s  provider=0  solves=1  iterations=1

STEP 5
  certificate  stage=STEP 5 LOCAL  major=24  attempt=110  accepted  reason=success  P rel.= 6.019005e-14  objective=-5.033370e+01  upper=-5.317861e+01  gap=-2.844903e+00  wall=0.000000e+00s  cpu=0.000000e+00s  provider=0  solves=0  iterations=0
  certificate  stage=STEP 5 LOCAL  major=24  attempt=111  accepted  reason=success  P rel.= 3.505101e-14  objective=-5.033370e+01  upper=-5.317861e+01  gap=-2.844903e+00  wall=0.000000e+00s  cpu=0.000000e+00s  provider=0  solves=0  iterations=0
  certificate  stage=STEP 5 LOCAL  major=24  attempt=112  accepted  reason=success  P rel.= 4.295185e-14  objective=-5.033370e+01  upper=-5.317861e+01  gap=-2.844903e+00  wall=0.000000e+00s  cpu=0.000000e+00s  provider=0  solves=0  iterations=0
  certificate  stage=STEP 5 LOCAL  major=24  attempt=113  accepted  reason=success  P rel.= 3.663118e-14  objective=-5.033370e+01  upper=-5.317861e+01  gap=-2.844903e+00  wall=0.000000e+00s  cpu=0.000000e+00s  provider=0  solves=0  iterations=0
  certificate  stage=STEP 5 LOCAL  major=24  attempt=114  accepted  reason=success  P rel.= 4.668680e-14  objective=-4.889906e+01  upper=-5.317861e+01  gap=-4.279547e+00  wall=0.000000e+00s  cpu=0.000000e+00s  provider=0  solves=0  iterations=0
  certificate  stage=STEP 5 LOCAL  major=24  attempt=115  accepted  reason=success  P rel.= 3.792404e-14  objective=-4.889906e+01  upper=-5.317861e+01  gap=-4.279547e+00  wall=0.000000e+00s  cpu=0.000000e+00s  provider=0  solves=0  iterations=0
  certificate  stage=STEP 5 LOCAL  major=24  attempt=116  accepted  reason=success  P rel.=-1.256151e-09  objective=-5.317861e+01  upper=-5.317861e+01  gap= 6.700418e-11  wall=0.000000e+00s  cpu=0.000000e+00s  provider=0  solves=0  iterations=0
  certificate  stage=STEP 5  complete  reason=step5_complete  wall=1.528726e-01s  cpu=1.528360e-01s  provider=136  solves=7  iterations=119

STEP 6
  certificate  stage=STEP 6  complete  reason=candidate_set  wall=1.811000e-05s  cpu=1.800000e-05s  provider=0  solves=0  iterations=0

STEP 8
  certificate  stage=STEP 8  complete  reason=step8_complete  wall=5.734866e-02s  cpu=5.735000e-02s  provider=99  solves=2  iterations=13

STEP 9
  certificate  stage=STEP 9  failed  objective=-5.317897e+01  upper=-5.317861e+01  gap= 3.625071e-04  wall=0.000000e+00s  cpu=0.000000e+00s  provider=0  solves=0  iterations=0
  certificate  stage=STEP 9  complete  reason=paper_free_energy_convergence_failed  wall=1.761130e-03s  cpu=1.761000e-03s  provider=2  solves=0  iterations=0

STEP 7
  certificate  stage=STEP 7  complete  reason=continue_stage_ii  wall=1.140000e-06s  cpu=1.000000e-06s  provider=0  solves=0  iterations=0

STEP 4
  STAGE II STEP 4  major=25  upper=-5.317861e+01  LP_primal= 6.701839e-11  LP_dual= 8.326673e-17  active_cuts=30  certified
  certificate  stage=STEP 4  complete  reason=step4_complete  wall=3.432880e-04s  cpu=3.440000e-04s  provider=0  solves=1  iterations=1

STEP 5
  certificate  stage=STEP 5 LOCAL  major=25  attempt=117  accepted  reason=success  P rel.= 5.487494e-14  objective=-5.033370e+01  upper=-5.317861e+01  gap=-2.844903e+00  wall=0.000000e+00s  cpu=0.000000e+00s  provider=0  solves=0  iterations=0
  certificate  stage=STEP 5 LOCAL  major=25  attempt=118  accepted  reason=success  P rel.= 3.999263e-13  objective=-5.033370e+01  upper=-5.317861e+01  gap=-2.844903e+00  wall=0.000000e+00s  cpu=0.000000e+00s  provider=0  solves=0  iterations=0
  certificate  stage=STEP 5 LOCAL  major=25  attempt=119  accepted  reason=success  P rel.= 3.663118e-14  objective=-5.033370e+01  upper=-5.317861e+01  gap=-2.844903e+00  wall=0.000000e+00s  cpu=0.000000e+00s  provider=0  solves=0  iterations=0
  certificate  stage=STEP 5 LOCAL  major=25  attempt=120  accepted  reason=success  P rel.= 6.695605e-13  objective=-5.033370e+01  upper=-5.317861e+01  gap=-2.844903e+00  wall=0.000000e+00s  cpu=0.000000e+00s  provider=0  solves=0  iterations=0
  certificate  stage=STEP 5 LOCAL  major=25  attempt=121  accepted  reason=success  P rel.= 6.019005e-14  objective=-5.033370e+01  upper=-5.317861e+01  gap=-2.844903e+00  wall=0.000000e+00s  cpu=0.000000e+00s  provider=0  solves=0  iterations=0
  certificate  stage=STEP 5 LOCAL  major=25  attempt=122  accepted  reason=success  P rel.=-1.268259e-09  objective=-5.317861e+01  upper=-5.317861e+01  gap= 6.700418e-11  wall=0.000000e+00s  cpu=0.000000e+00s  provider=0  solves=0  iterations=0
  certificate  stage=STEP 5  complete  reason=step5_complete  wall=1.645521e-01s  cpu=1.645460e-01s  provider=137  solves=6  iterations=128

STEP 6
  certificate  stage=STEP 6  complete  reason=candidate_set  wall=1.127000e-05s  cpu=1.200000e-05s  provider=0  solves=0  iterations=0

STEP 8
  certificate  stage=STEP 8  complete  reason=step8_complete  wall=5.578995e-02s  cpu=5.579000e-02s  provider=99  solves=2  iterations=13

STEP 9
  certificate  stage=STEP 9  failed  objective=-5.317897e+01  upper=-5.317861e+01  gap= 3.625071e-04  wall=0.000000e+00s  cpu=0.000000e+00s  provider=0  solves=0  iterations=0
  certificate  stage=STEP 9  complete  reason=paper_free_energy_convergence_failed  wall=1.847508e-03s  cpu=1.848000e-03s  provider=2  solves=0  iterations=0

STEP 7
  certificate  stage=STEP 7  complete  reason=continue_stage_ii  wall=1.130000e-06s  cpu=1.000000e-06s  provider=0  solves=0  iterations=0

STEP 4
  STAGE II STEP 4  major=26  upper=-5.317861e+01  LP_primal= 6.701839e-11  LP_dual= 8.326673e-17  active_cuts=31  certified
  certificate  stage=STEP 4  complete  reason=step4_complete  wall=3.355080e-04s  cpu=3.350000e-04s  provider=0  solves=1  iterations=1

STEP 5
  certificate  stage=STEP 5 LOCAL  major=26  attempt=123  accepted  reason=success  P rel.= 3.045416e-14  objective=-5.033370e+01  upper=-5.317861e+01  gap=-2.844903e+00  wall=0.000000e+00s  cpu=0.000000e+00s  provider=0  solves=0  iterations=0
  certificate  stage=STEP 5 LOCAL  major=26  attempt=124  accepted  reason=success  P rel.= 5.961545e-14  objective=-5.033370e+01  upper=-5.317861e+01  gap=-2.844903e+00  wall=0.000000e+00s  cpu=0.000000e+00s  provider=0  solves=0  iterations=0
  certificate  stage=STEP 5 LOCAL  major=26  attempt=125  accepted  reason=success  P rel.=-1.259712e-09  objective=-5.317861e+01  upper=-5.317861e+01  gap= 6.701129e-11  wall=0.000000e+00s  cpu=0.000000e+00s  provider=0  solves=0  iterations=0
  certificate  stage=STEP 5  complete  reason=step5_complete  wall=6.289796e-02s  cpu=6.289900e-02s  provider=53  solves=3  iterations=50

STEP 6
  certificate  stage=STEP 6  complete  reason=candidate_set  wall=1.145000e-05s  cpu=1.100000e-05s  provider=0  solves=0  iterations=0

STEP 8
  certificate  stage=STEP 8  complete  reason=step8_complete  wall=5.494324e-02s  cpu=5.493700e-02s  provider=99  solves=2  iterations=13

STEP 9
  certificate  stage=STEP 9  failed  objective=-5.317897e+01  upper=-5.317861e+01  gap= 3.625071e-04  wall=0.000000e+00s  cpu=0.000000e+00s  provider=0  solves=0  iterations=0
  certificate  stage=STEP 9  complete  reason=paper_free_energy_convergence_failed  wall=1.662920e-03s  cpu=1.663000e-03s  provider=2  solves=0  iterations=0

STEP 7
  certificate  stage=STEP 7  complete  reason=continue_stage_ii  wall=1.330000e-06s  cpu=1.000000e-06s  provider=0  solves=0  iterations=0

STEP 4
  STAGE II STEP 4  major=27  upper=-5.317861e+01  LP_primal= 6.701839e-11  LP_dual= 8.326673e-17  active_cuts=32  certified
  certificate  stage=STEP 4  complete  reason=step4_complete  wall=3.408270e-04s  cpu=3.410000e-04s  provider=0  solves=1  iterations=1

STEP 5
  certificate  stage=STEP 5 LOCAL  major=27  attempt=126  accepted  reason=success  P rel.= 3.936056e-14  objective=-5.033370e+01  upper=-5.317861e+01  gap=-2.844903e+00  wall=0.000000e+00s  cpu=0.000000e+00s  provider=0  solves=0  iterations=0
  certificate  stage=STEP 5 LOCAL  major=27  attempt=127  accepted  reason=success  P rel.= 7.613539e-14  objective=-5.033370e+01  upper=-5.317861e+01  gap=-2.844903e+00  wall=0.000000e+00s  cpu=0.000000e+00s  provider=0  solves=0  iterations=0
  certificate  stage=STEP 5 LOCAL  major=27  attempt=128  accepted  reason=success  P rel.= 5.803528e-14  objective=-4.889906e+01  upper=-5.317861e+01  gap=-4.279547e+00  wall=0.000000e+00s  cpu=0.000000e+00s  provider=0  solves=0  iterations=0
  certificate  stage=STEP 5 LOCAL  major=27  attempt=129  accepted  reason=success  P rel.=-1.261849e-09  objective=-5.317861e+01  upper=-5.317861e+01  gap= 6.699707e-11  wall=0.000000e+00s  cpu=0.000000e+00s  provider=0  solves=0  iterations=0
  certificate  stage=STEP 5  complete  reason=step5_complete  wall=9.118481e-02s  cpu=9.118500e-02s  provider=78  solves=4  iterations=70

STEP 6
  certificate  stage=STEP 6  complete  reason=candidate_set  wall=1.212000e-05s  cpu=1.200000e-05s  provider=0  solves=0  iterations=0

STEP 8
  certificate  stage=STEP 8  complete  reason=step8_complete  wall=5.462795e-02s  cpu=5.453700e-02s  provider=99  solves=2  iterations=13

STEP 9
  certificate  stage=STEP 9  failed  objective=-5.317897e+01  upper=-5.317861e+01  gap= 3.625071e-04  wall=0.000000e+00s  cpu=0.000000e+00s  provider=0  solves=0  iterations=0
  certificate  stage=STEP 9  complete  reason=paper_free_energy_convergence_failed  wall=1.862309e-03s  cpu=1.863000e-03s  provider=2  solves=0  iterations=0

STEP 7
  certificate  stage=STEP 7  complete  reason=continue_stage_ii  wall=1.080000e-06s  cpu=1.000000e-06s  provider=0  solves=0  iterations=0

STEP 4
  STAGE II STEP 4  major=28  upper=-5.317861e+01  LP_primal= 6.701839e-11  LP_dual= 8.326673e-17  active_cuts=33  certified
  certificate  stage=STEP 4  complete  reason=step4_complete  wall=3.224780e-04s  cpu=3.230000e-04s  provider=0  solves=1  iterations=1

STEP 5
  certificate  stage=STEP 5 LOCAL  major=28  attempt=130  accepted  reason=success  P rel.= 5.257652e-14  objective=-4.889906e+01  upper=-5.317861e+01  gap=-4.279547e+00  wall=0.000000e+00s  cpu=0.000000e+00s  provider=0  solves=0  iterations=0
  certificate  stage=STEP 5 LOCAL  major=28  attempt=131  accepted  reason=success  P rel.=-1.260157e-09  objective=-5.317861e+01  upper=-5.317861e+01  gap= 6.700418e-11  wall=0.000000e+00s  cpu=0.000000e+00s  provider=0  solves=0  iterations=0
  certificate  stage=STEP 5  complete  reason=step5_complete  wall=3.920758e-02s  cpu=3.907000e-02s  provider=34  solves=2  iterations=30

STEP 6
  certificate  stage=STEP 6  complete  reason=candidate_set  wall=1.210000e-05s  cpu=1.200000e-05s  provider=0  solves=0  iterations=0

STEP 8
  certificate  stage=STEP 8  complete  reason=step8_complete  wall=5.223281e-02s  cpu=5.206300e-02s  provider=99  solves=2  iterations=13

STEP 9
  certificate  stage=STEP 9  failed  objective=-5.317897e+01  upper=-5.317861e+01  gap= 3.625071e-04  wall=0.000000e+00s  cpu=0.000000e+00s  provider=0  solves=0  iterations=0
  certificate  stage=STEP 9  complete  reason=paper_free_energy_convergence_failed  wall=1.533251e-03s  cpu=1.533000e-03s  provider=2  solves=0  iterations=0

STEP 7
  certificate  stage=STEP 7  complete  reason=continue_stage_ii  wall=1.070000e-06s  cpu=1.000000e-06s  provider=0  solves=0  iterations=0

STEP 4
  STAGE II STEP 4  major=29  upper=-5.317861e+01  LP_primal= 6.701839e-11  LP_dual= 8.326673e-17  active_cuts=34  certified
  certificate  stage=STEP 4  complete  reason=step4_complete  wall=3.201080e-04s  cpu=3.210000e-04s  provider=0  solves=1  iterations=1

STEP 5
  certificate  stage=STEP 5 LOCAL  major=29  attempt=132  accepted  reason=success  P rel.= 3.418910e-14  objective=-4.889906e+01  upper=-5.317861e+01  gap=-4.279547e+00  wall=0.000000e+00s  cpu=0.000000e+00s  provider=0  solves=0  iterations=0
  certificate  stage=STEP 5 LOCAL  major=29  attempt=133  accepted  reason=success  P rel.=-1.263140e-09  objective=-5.317861e+01  upper=-5.317861e+01  gap= 6.701839e-11  wall=0.000000e+00s  cpu=0.000000e+00s  provider=0  solves=0  iterations=0
  certificate  stage=STEP 5  complete  reason=step5_complete  wall=3.917290e-02s  cpu=3.905500e-02s  provider=38  solves=2  iterations=30

STEP 6
  certificate  stage=STEP 6  complete  reason=candidate_set  wall=1.101000e-05s  cpu=1.100000e-05s  provider=0  solves=0  iterations=0

STEP 8
  certificate  stage=STEP 8  complete  reason=step8_complete  wall=5.193406e-02s  cpu=5.174500e-02s  provider=99  solves=2  iterations=13

STEP 9
  certificate  stage=STEP 9  failed  objective=-5.317897e+01  upper=-5.317861e+01  gap= 3.625071e-04  wall=0.000000e+00s  cpu=0.000000e+00s  provider=0  solves=0  iterations=0
  certificate  stage=STEP 9  complete  reason=paper_free_energy_convergence_failed  wall=1.550600e-03s  cpu=1.551000e-03s  provider=2  solves=0  iterations=0

STEP 7
  certificate  stage=STEP 7  complete  reason=continue_stage_ii  wall=1.110000e-06s  cpu=1.000000e-06s  provider=0  solves=0  iterations=0

STEP 4
  STAGE II STEP 4  major=30  upper=-5.317861e+01  LP_primal= 6.701839e-11  LP_dual= 8.326673e-17  active_cuts=35  certified
  certificate  stage=STEP 4  complete  reason=step4_complete  wall=3.433280e-04s  cpu=3.240000e-04s  provider=0  solves=1  iterations=1

STEP 5
  certificate  stage=STEP 5 LOCAL  major=30  attempt=134  accepted  reason=success  P rel.= 5.329477e-14  objective=-4.889906e+01  upper=-5.317861e+01  gap=-4.279547e+00  wall=0.000000e+00s  cpu=0.000000e+00s  provider=0  solves=0  iterations=0
  certificate  stage=STEP 5 LOCAL  major=30  attempt=135  accepted  reason=success  P rel.=-1.271953e-09  objective=-5.317861e+01  upper=-5.317861e+01  gap= 6.701129e-11  wall=0.000000e+00s  cpu=0.000000e+00s  provider=0  solves=0  iterations=0
  certificate  stage=STEP 5  complete  reason=step5_complete  wall=4.014605e-02s  cpu=4.001300e-02s  provider=37  solves=2  iterations=32

STEP 6
  certificate  stage=STEP 6  complete  reason=candidate_set  wall=1.213000e-05s  cpu=1.200000e-05s  provider=0  solves=0  iterations=0

STEP 8
  certificate  stage=STEP 8  complete  reason=step8_complete  wall=5.067949e-02s  cpu=5.048500e-02s  provider=99  solves=2  iterations=13

STEP 9
  certificate  stage=STEP 9  failed  objective=-5.317897e+01  upper=-5.317861e+01  gap= 3.625071e-04  wall=0.000000e+00s  cpu=0.000000e+00s  provider=0  solves=0  iterations=0
  certificate  stage=STEP 9  complete  reason=paper_free_energy_convergence_failed  wall=1.527841e-03s  cpu=1.528000e-03s  provider=2  solves=0  iterations=0

STEP 7
  certificate  stage=STEP 7  complete  reason=continue_stage_ii  wall=1.060000e-06s  cpu=1.000000e-06s  provider=0  solves=0  iterations=0

STEP 4
  STAGE II STEP 4  major=31  upper=-5.317861e+01  LP_primal= 6.701839e-11  LP_dual= 8.326673e-17  active_cuts=36  certified
  certificate  stage=STEP 4  complete  reason=step4_complete  wall=3.205690e-04s  cpu=3.210000e-04s  provider=0  solves=1  iterations=1

STEP 5
  certificate  stage=STEP 5 LOCAL  major=31  attempt=137  accepted  reason=success  P rel.= 3.936056e-14  objective=-5.033370e+01  upper=-5.317861e+01  gap=-2.844903e+00  wall=0.000000e+00s  cpu=0.000000e+00s  provider=0  solves=0  iterations=0
  certificate  stage=STEP 5 LOCAL  major=31  attempt=138  accepted  reason=success  P rel.= 6.346531e-13  objective=-5.033370e+01  upper=-5.317861e+01  gap=-2.844903e+00  wall=0.000000e+00s  cpu=0.000000e+00s  provider=0  solves=0  iterations=0
  certificate  stage=STEP 5 LOCAL  major=31  attempt=139  accepted  reason=success  P rel.= 3.505101e-14  objective=-5.033370e+01  upper=-5.317861e+01  gap=-2.844903e+00  wall=0.000000e+00s  cpu=0.000000e+00s  provider=0  solves=0  iterations=0
  certificate  stage=STEP 5 LOCAL  major=31  attempt=141  accepted  reason=success  P rel.= 4.898522e-14  objective=-5.033370e+01  upper=-5.317861e+01  gap=-2.844903e+00  wall=0.000000e+00s  cpu=0.000000e+00s  provider=0  solves=0  iterations=0
  certificate  stage=STEP 5 LOCAL  major=31  attempt=142  accepted  reason=success  P rel.= 5.746067e-14  objective=-4.889906e+01  upper=-5.317861e+01  gap=-4.279547e+00  wall=0.000000e+00s  cpu=0.000000e+00s  provider=0  solves=0  iterations=0
  certificate  stage=STEP 5 LOCAL  major=31  attempt=143  accepted  reason=success  P rel.= 3.936056e-14  objective=-5.033370e+01  upper=-5.317861e+01  gap=-2.844903e+00  wall=0.000000e+00s  cpu=0.000000e+00s  provider=0  solves=0  iterations=0
  certificate  stage=STEP 5 LOCAL  major=31  attempt=144  accepted  reason=success  P rel.=-1.272532e-09  objective=-5.317861e+01  upper=-5.317861e+01  gap= 6.701129e-11  wall=0.000000e+00s  cpu=0.000000e+00s  provider=0  solves=0  iterations=0
  certificate  stage=STEP 5  complete  reason=step5_complete  wall=1.476552e-01s  cpu=1.471880e-01s  provider=142  solves=9  iterations=126

STEP 6
  certificate  stage=STEP 6  complete  reason=candidate_set  wall=1.188000e-05s  cpu=1.200000e-05s  provider=0  solves=0  iterations=0

STEP 8
  certificate  stage=STEP 8  complete  reason=step8_complete  wall=5.168741e-02s  cpu=5.153500e-02s  provider=99  solves=2  iterations=13

STEP 9
  certificate  stage=STEP 9  failed  objective=-5.317897e+01  upper=-5.317861e+01  gap= 3.625071e-04  wall=0.000000e+00s  cpu=0.000000e+00s  provider=0  solves=0  iterations=0
  certificate  stage=STEP 9  complete  reason=paper_free_energy_convergence_failed  wall=1.553681e-03s  cpu=1.536000e-03s  provider=2  solves=0  iterations=0

STEP 7
  certificate  stage=STEP 7  complete  reason=continue_stage_ii  wall=1.070000e-06s  cpu=1.000000e-06s  provider=0  solves=0  iterations=0

STEP 4
  STAGE II STEP 4  major=32  upper=-5.317861e+01  LP_primal= 6.701839e-11  LP_dual= 8.326673e-17  active_cuts=37  certified
  certificate  stage=STEP 4  complete  reason=step4_complete  wall=3.213580e-04s  cpu=3.210000e-04s  provider=0  solves=1  iterations=1

STEP 5
  certificate  stage=STEP 5 LOCAL  major=32  attempt=145  accepted  reason=success  P rel.=-1.263273e-09  objective=-5.317861e+01  upper=-5.317861e+01  gap= 6.701129e-11  wall=0.000000e+00s  cpu=0.000000e+00s  provider=0  solves=0  iterations=0
  certificate  stage=STEP 5  complete  reason=step5_complete  wall=1.956642e-02s  cpu=1.951400e-02s  provider=19  solves=1  iterations=16

STEP 6
  certificate  stage=STEP 6  complete  reason=candidate_set  wall=9.989000e-06s  cpu=1.000000e-05s  provider=0  solves=0  iterations=0

STEP 8
  certificate  stage=STEP 8  complete  reason=step8_complete  wall=5.118914e-02s  cpu=5.102400e-02s  provider=99  solves=2  iterations=13

STEP 9
  certificate  stage=STEP 9  failed  objective=-5.317897e+01  upper=-5.317861e+01  gap= 3.625071e-04  wall=0.000000e+00s  cpu=0.000000e+00s  provider=0  solves=0  iterations=0
  certificate  stage=STEP 9  complete  reason=paper_free_energy_convergence_failed  wall=1.564370e-03s  cpu=1.565000e-03s  provider=2  solves=0  iterations=0

STEP 7
  certificate  stage=STEP 7  complete  reason=continue_stage_ii  wall=1.280000e-06s  cpu=1.000000e-06s  provider=0  solves=0  iterations=0

STEP 4
  STAGE II STEP 4  major=33  upper=-5.317861e+01  LP_primal= 6.701839e-11  LP_dual= 8.326673e-17  active_cuts=38  certified
  certificate  stage=STEP 4  complete  reason=step4_complete  wall=3.534980e-04s  cpu=3.540000e-04s  provider=0  solves=1  iterations=1

STEP 5
  certificate  stage=STEP 5 LOCAL  major=33  attempt=146  accepted  reason=success  P rel.=-1.258466e-09  objective=-5.317861e+01  upper=-5.317861e+01  gap= 6.699707e-11  wall=0.000000e+00s  cpu=0.000000e+00s  provider=0  solves=0  iterations=0
  certificate  stage=STEP 5  complete  reason=step5_complete  wall=1.710614e-02s  cpu=1.702900e-02s  provider=14  solves=1  iterations=13

STEP 6
  certificate  stage=STEP 6  complete  reason=candidate_set  wall=1.295000e-05s  cpu=1.200000e-05s  provider=0  solves=0  iterations=0

STEP 8
  certificate  stage=STEP 8  complete  reason=step8_complete  wall=5.762802e-02s  cpu=5.743500e-02s  provider=99  solves=2  iterations=13

STEP 9
  certificate  stage=STEP 9  failed  objective=-5.317897e+01  upper=-5.317861e+01  gap= 3.625071e-04  wall=0.000000e+00s  cpu=0.000000e+00s  provider=0  solves=0  iterations=0
  certificate  stage=STEP 9  complete  reason=paper_free_energy_convergence_failed  wall=1.744739e-03s  cpu=1.727000e-03s  provider=2  solves=0  iterations=0

STEP 7
  certificate  stage=STEP 7  complete  reason=continue_stage_ii  wall=1.100000e-06s  cpu=1.000000e-06s  provider=0  solves=0  iterations=0

STEP 4
  STAGE II STEP 4  major=34  upper=-5.317861e+01  LP_primal= 6.701839e-11  LP_dual= 8.326673e-17  active_cuts=39  certified
  certificate  stage=STEP 4  complete  reason=step4_complete  wall=3.660180e-04s  cpu=3.660000e-04s  provider=0  solves=1  iterations=1

STEP 5
  certificate  stage=STEP 5 LOCAL  major=34  attempt=147  accepted  reason=success  P rel.= 3.763674e-14  objective=-5.033370e+01  upper=-5.317861e+01  gap=-2.844903e+00  wall=0.000000e+00s  cpu=0.000000e+00s  provider=0  solves=0  iterations=0
  certificate  stage=STEP 5 LOCAL  major=34  attempt=148  accepted  reason=success  P rel.= 5.381192e-13  objective=-5.033370e+01  upper=-5.317861e+01  gap=-2.844903e+00  wall=0.000000e+00s  cpu=0.000000e+00s  provider=0  solves=0  iterations=0
  certificate  stage=STEP 5 LOCAL  major=34  attempt=149  accepted  reason=success  P rel.=-1.266834e-09  objective=-5.317861e+01  upper=-5.317861e+01  gap= 6.699707e-11  wall=0.000000e+00s  cpu=0.000000e+00s  provider=0  solves=0  iterations=0
  certificate  stage=STEP 5  complete  reason=step5_complete  wall=7.270806e-02s  cpu=7.244700e-02s  provider=59  solves=3  iterations=56

STEP 6
  certificate  stage=STEP 6  complete  reason=candidate_set  wall=1.339000e-05s  cpu=1.300000e-05s  provider=0  solves=0  iterations=0

STEP 8
  certificate  stage=STEP 8  complete  reason=step8_complete  wall=5.919585e-02s  cpu=5.893200e-02s  provider=99  solves=2  iterations=13

STEP 9
  certificate  stage=STEP 9  failed  objective=-5.317897e+01  upper=-5.317861e+01  gap= 3.625071e-04  wall=0.000000e+00s  cpu=0.000000e+00s  provider=0  solves=0  iterations=0
  certificate  stage=STEP 9  complete  reason=paper_free_energy_convergence_failed  wall=1.764069e-03s  cpu=1.764000e-03s  provider=2  solves=0  iterations=0

STEP 7
  certificate  stage=STEP 7  complete  reason=continue_stage_ii  wall=1.480000e-06s  cpu=1.000000e-06s  provider=0  solves=0  iterations=0

STEP 4
  STAGE II STEP 4  major=35  upper=-5.317861e+01  LP_primal= 6.701839e-11  LP_dual= 8.326673e-17  active_cuts=40  certified
  certificate  stage=STEP 4  complete  reason=step4_complete  wall=3.843880e-04s  cpu=3.850000e-04s  provider=0  solves=1  iterations=1

STEP 5
  certificate  stage=STEP 5 LOCAL  major=35  attempt=151  accepted  reason=success  P rel.= 4.625584e-14  objective=-5.033370e+01  upper=-5.317861e+01  gap=-2.844903e+00  wall=0.000000e+00s  cpu=0.000000e+00s  provider=0  solves=0  iterations=0
  certificate  stage=STEP 5 LOCAL  major=35  attempt=152  accepted  reason=success  P rel.=-1.271063e-09  objective=-5.317861e+01  upper=-5.317861e+01  gap= 6.700418e-11  wall=0.000000e+00s  cpu=0.000000e+00s  provider=0  solves=0  iterations=0
  certificate  stage=STEP 5  complete  reason=step5_complete  wall=5.302278e-02s  cpu=5.279000e-02s  provider=44  solves=3  iterations=38

STEP 6
  certificate  stage=STEP 6  complete  reason=candidate_set  wall=1.439000e-05s  cpu=1.400000e-05s  provider=0  solves=0  iterations=0

STEP 8
  certificate  stage=STEP 8  complete  reason=step8_complete  wall=5.911288e-02s  cpu=5.889400e-02s  provider=99  solves=2  iterations=13

STEP 9
  certificate  stage=STEP 9  failed  objective=-5.317897e+01  upper=-5.317861e+01  gap= 3.625071e-04  wall=0.000000e+00s  cpu=0.000000e+00s  provider=0  solves=0  iterations=0
  certificate  stage=STEP 9  complete  reason=paper_free_energy_convergence_failed  wall=1.665760e-03s  cpu=1.666000e-03s  provider=2  solves=0  iterations=0

STEP 7
  certificate  stage=STEP 7  complete  reason=continue_stage_ii  wall=1.150000e-06s  cpu=1.000000e-06s  provider=0  solves=0  iterations=0

STEP 4
  STAGE II STEP 4  major=36  upper=-5.317861e+01  LP_primal= 6.701839e-11  LP_dual= 8.326673e-17  active_cuts=41  certified
  certificate  stage=STEP 4  complete  reason=step4_complete  wall=3.511480e-04s  cpu=3.510000e-04s  provider=0  solves=1  iterations=1

STEP 5
  certificate  stage=STEP 5 LOCAL  major=36  attempt=153  accepted  reason=success  P rel.= 5.947180e-14  objective=-5.033370e+01  upper=-5.317861e+01  gap=-2.844903e+00  wall=0.000000e+00s  cpu=0.000000e+00s  provider=0  solves=0  iterations=0
  certificate  stage=STEP 5 LOCAL  major=36  attempt=154  accepted  reason=success  P rel.=-1.252901e-09  objective=-5.317861e+01  upper=-5.317861e+01  gap= 6.701839e-11  wall=0.000000e+00s  cpu=0.000000e+00s  provider=0  solves=0  iterations=0
  certificate  stage=STEP 5  complete  reason=step5_complete  wall=5.296314e-02s  cpu=5.275700e-02s  provider=43  solves=2  iterations=38

STEP 6
  certificate  stage=STEP 6  complete  reason=candidate_set  wall=1.436000e-05s  cpu=1.400000e-05s  provider=0  solves=0  iterations=0

STEP 8
  certificate  stage=STEP 8  complete  reason=step8_complete  wall=5.773080e-02s  cpu=5.751300e-02s  provider=99  solves=2  iterations=13

STEP 9
  certificate  stage=STEP 9  failed  objective=-5.317897e+01  upper=-5.317861e+01  gap= 3.625071e-04  wall=0.000000e+00s  cpu=0.000000e+00s  provider=0  solves=0  iterations=0
  certificate  stage=STEP 9  complete  reason=paper_free_energy_convergence_failed  wall=2.017698e-03s  cpu=1.984000e-03s  provider=2  solves=0  iterations=0

STEP 7
  certificate  stage=STEP 7  complete  reason=continue_stage_ii  wall=1.170000e-06s  cpu=2.000000e-06s  provider=0  solves=0  iterations=0

STEP 4
  STAGE II STEP 4  major=37  upper=-5.317861e+01  LP_primal= 6.701839e-11  LP_dual= 8.326673e-17  active_cuts=42  certified
  certificate  stage=STEP 4  complete  reason=step4_complete  wall=3.570380e-04s  cpu=3.570000e-04s  provider=0  solves=1  iterations=1

STEP 5
  certificate  stage=STEP 5 LOCAL  major=37  attempt=155  accepted  reason=success  P rel.= 5.214556e-14  objective=-5.033370e+01  upper=-5.317861e+01  gap=-2.844903e+00  wall=0.000000e+00s  cpu=0.000000e+00s  provider=0  solves=0  iterations=0
  certificate  stage=STEP 5 LOCAL  major=37  attempt=156  accepted  reason=success  P rel.= 5.774798e-14  objective=-5.033370e+01  upper=-5.317861e+01  gap=-2.844903e+00  wall=0.000000e+00s  cpu=0.000000e+00s  provider=0  solves=0  iterations=0
  certificate  stage=STEP 5 LOCAL  major=37  attempt=157  accepted  reason=success  P rel.= 6.464326e-14  objective=-5.033370e+01  upper=-5.317861e+01  gap=-2.844903e+00  wall=0.000000e+00s  cpu=0.000000e+00s  provider=0  solves=0  iterations=0
  certificate  stage=STEP 5 LOCAL  major=37  attempt=158  accepted  reason=success  P rel.= 3.260893e-14  objective=-4.889906e+01  upper=-5.317861e+01  gap=-4.279547e+00  wall=0.000000e+00s  cpu=0.000000e+00s  provider=0  solves=0  iterations=0
  certificate  stage=STEP 5 LOCAL  major=37  attempt=159  accepted  reason=success  P rel.=-3.059429e-09  objective=-5.317861e+01  upper=-5.317861e+01  gap= 6.700418e-11  wall=0.000000e+00s  cpu=0.000000e+00s  provider=0  solves=0  iterations=0
  certificate  stage=STEP 5  complete  reason=step5_complete  wall=1.096736e-01s  cpu=1.093130e-01s  provider=97  solves=5  iterations=87

STEP 6
  certificate  stage=STEP 6  complete  reason=candidate_set  wall=1.371900e-05s  cpu=1.300000e-05s  provider=0  solves=0  iterations=0

STEP 8
  certificate  stage=STEP 8  complete  reason=step8_complete  wall=5.217719e-02s  cpu=5.201100e-02s  provider=99  solves=2  iterations=13

STEP 9
  certificate  stage=STEP 9  failed  objective=-5.317897e+01  upper=-5.317861e+01  gap= 3.625071e-04  wall=0.000000e+00s  cpu=0.000000e+00s  provider=0  solves=0  iterations=0
  certificate  stage=STEP 9  complete  reason=paper_free_energy_convergence_failed  wall=1.537411e-03s  cpu=1.538000e-03s  provider=2  solves=0  iterations=0

STEP 7
  certificate  stage=STEP 7  complete  reason=continue_stage_ii  wall=1.000000e-06s  cpu=1.000000e-06s  provider=0  solves=0  iterations=0

STEP 4
  STAGE II STEP 4  major=38  upper=-5.317861e+01  LP_primal= 6.701839e-11  LP_dual= 8.326673e-17  active_cuts=43  certified
  certificate  stage=STEP 4  complete  reason=step4_complete  wall=3.148780e-04s  cpu=3.150000e-04s  provider=0  solves=1  iterations=1

STEP 5
  certificate  stage=STEP 5 LOCAL  major=38  attempt=160  accepted  reason=success  P rel.= 1.939298e-14  objective=-5.033370e+01  upper=-5.317861e+01  gap=-2.844903e+00  wall=0.000000e+00s  cpu=0.000000e+00s  provider=0  solves=0  iterations=0
  certificate  stage=STEP 5 LOCAL  major=38  attempt=161  accepted  reason=success  P rel.=-1.262116e-09  objective=-5.317861e+01  upper=-5.317861e+01  gap= 6.701839e-11  wall=0.000000e+00s  cpu=0.000000e+00s  provider=0  solves=0  iterations=0
  certificate  stage=STEP 5  complete  reason=step5_complete  wall=4.278068e-02s  cpu=4.264800e-02s  provider=39  solves=2  iterations=36

STEP 6
  certificate  stage=STEP 6  complete  reason=candidate_set  wall=1.430000e-05s  cpu=1.400000e-05s  provider=0  solves=0  iterations=0

STEP 8
  certificate  stage=STEP 8  complete  reason=step8_complete  wall=5.129213e-02s  cpu=5.113500e-02s  provider=99  solves=2  iterations=13

STEP 9
  certificate  stage=STEP 9  failed  objective=-5.317897e+01  upper=-5.317861e+01  gap= 3.625071e-04  wall=0.000000e+00s  cpu=0.000000e+00s  provider=0  solves=0  iterations=0
  certificate  stage=STEP 9  complete  reason=paper_free_energy_convergence_failed  wall=1.548251e-03s  cpu=1.548000e-03s  provider=2  solves=0  iterations=0

STEP 7
  certificate  stage=STEP 7  complete  reason=continue_stage_ii  wall=1.100000e-06s  cpu=2.000000e-06s  provider=0  solves=0  iterations=0

STEP 4
  STAGE II STEP 4  major=39  upper=-5.317861e+01  LP_primal= 6.701839e-11  LP_dual= 8.326673e-17  active_cuts=44  certified
  certificate  stage=STEP 4  complete  reason=step4_complete  wall=3.258180e-04s  cpu=3.260000e-04s  provider=0  solves=1  iterations=1

STEP 5
  certificate  stage=STEP 5 LOCAL  major=39  attempt=162  accepted  reason=success  P rel.= 5.487494e-14  objective=-5.033370e+01  upper=-5.317861e+01  gap=-2.844903e+00  wall=0.000000e+00s  cpu=0.000000e+00s  provider=0  solves=0  iterations=0
  certificate  stage=STEP 5 LOCAL  major=39  attempt=163  accepted  reason=success  P rel.= 1.565803e-13  objective=-5.033370e+01  upper=-5.317861e+01  gap=-2.844903e+00  wall=0.000000e+00s  cpu=0.000000e+00s  provider=0  solves=0  iterations=0
  certificate  stage=STEP 5 LOCAL  major=39  attempt=164  accepted  reason=success  P rel.= 3.648753e-14  objective=-5.033370e+01  upper=-5.317861e+01  gap=-2.844903e+00  wall=0.000000e+00s  cpu=0.000000e+00s  provider=0  solves=0  iterations=0
  certificate  stage=STEP 5 LOCAL  major=39  attempt=165  accepted  reason=success  P rel.= 5.961545e-14  objective=-5.033370e+01  upper=-5.317861e+01  gap=-2.844903e+00  wall=0.000000e+00s  cpu=0.000000e+00s  provider=0  solves=0  iterations=0
  certificate  stage=STEP 5 LOCAL  major=39  attempt=166  accepted  reason=success  P rel.= 4.586798e-13  objective=-5.033370e+01  upper=-5.317861e+01  gap=-2.844903e+00  wall=0.000000e+00s  cpu=0.000000e+00s  provider=0  solves=0  iterations=0
  certificate  stage=STEP 5 LOCAL  major=39  attempt=167  accepted  reason=success  P rel.=-1.262116e-09  objective=-5.317861e+01  upper=-5.317861e+01  gap= 6.701839e-11  wall=0.000000e+00s  cpu=0.000000e+00s  provider=0  solves=0  iterations=0
  certificate  stage=STEP 5  complete  reason=step5_complete  wall=1.489354e-01s  cpu=1.487480e-01s  provider=138  solves=6  iterations=130

STEP 6
  certificate  stage=STEP 6  complete  reason=candidate_set  wall=1.425000e-05s  cpu=1.400000e-05s  provider=0  solves=0  iterations=0

STEP 8
  certificate  stage=STEP 8  complete  reason=step8_complete  wall=5.131118e-02s  cpu=5.131200e-02s  provider=99  solves=2  iterations=13

STEP 9
  certificate  stage=STEP 9  failed  objective=-5.317897e+01  upper=-5.317861e+01  gap= 3.625071e-04  wall=0.000000e+00s  cpu=0.000000e+00s  provider=0  solves=0  iterations=0
  certificate  stage=STEP 9  complete  reason=paper_free_energy_convergence_failed  wall=1.552130e-03s  cpu=1.553000e-03s  provider=2  solves=0  iterations=0

STEP 7
  certificate  stage=STEP 7  complete  reason=continue_stage_ii  wall=1.090000e-06s  cpu=1.000000e-06s  provider=0  solves=0  iterations=0

STEP 4
  STAGE II STEP 4  major=40  upper=-5.317861e+01  LP_primal= 6.701839e-11  LP_dual= 8.326673e-17  active_cuts=45  certified
  certificate  stage=STEP 4  complete  reason=step4_complete  wall=3.233880e-04s  cpu=3.230000e-04s  provider=0  solves=1  iterations=1

STEP 5
  certificate  stage=STEP 5 LOCAL  major=40  attempt=169  accepted  reason=success  P rel.= 9.107517e-14  objective=-5.033370e+01  upper=-5.317861e+01  gap=-2.844903e+00  wall=0.000000e+00s  cpu=0.000000e+00s  provider=0  solves=0  iterations=0
  certificate  stage=STEP 5 LOCAL  major=40  attempt=170  accepted  reason=success  P rel.= 4.410107e-14  objective=-5.033370e+01  upper=-5.317861e+01  gap=-2.844903e+00  wall=0.000000e+00s  cpu=0.000000e+00s  provider=0  solves=0  iterations=0
  certificate  stage=STEP 5 LOCAL  major=40  attempt=171  accepted  reason=success  P rel.= 4.841062e-14  objective=-5.033370e+01  upper=-5.317861e+01  gap=-2.844903e+00  wall=0.000000e+00s  cpu=0.000000e+00s  provider=0  solves=0  iterations=0
  certificate  stage=STEP 5 LOCAL  major=40  attempt=172  accepted  reason=success  P rel.= 3.648753e-14  objective=-5.033370e+01  upper=-5.317861e+01  gap=-2.844903e+00  wall=0.000000e+00s  cpu=0.000000e+00s  provider=0  solves=0  iterations=0
  certificate  stage=STEP 5 LOCAL  major=40  attempt=173  accepted  reason=success  P rel.= 2.528270e-14  objective=-5.033370e+01  upper=-5.317861e+01  gap=-2.844903e+00  wall=0.000000e+00s  cpu=0.000000e+00s  provider=0  solves=0  iterations=0
  certificate  stage=STEP 5 LOCAL  major=40  attempt=174  accepted  reason=success  P rel.=-1.285085e-09  objective=-5.317861e+01  upper=-5.317861e+01  gap= 6.700418e-11  wall=0.000000e+00s  cpu=0.000000e+00s  provider=0  solves=0  iterations=0
  certificate  stage=STEP 5  complete  reason=step5_complete  wall=1.528539e-01s  cpu=1.528480e-01s  provider=134  solves=7  iterations=119

STEP 6
  certificate  stage=STEP 6  complete  reason=candidate_set  wall=1.599900e-05s  cpu=1.600000e-05s  provider=0  solves=0  iterations=0

STEP 8
  certificate  stage=STEP 8  complete  reason=step8_complete  wall=5.590282e-02s  cpu=5.590300e-02s  provider=99  solves=2  iterations=13

STEP 9
  certificate  stage=STEP 9  failed  objective=-5.317897e+01  upper=-5.317861e+01  gap= 3.625071e-04  wall=0.000000e+00s  cpu=0.000000e+00s  provider=0  solves=0  iterations=0
  certificate  stage=STEP 9  complete  reason=paper_free_energy_convergence_failed  wall=1.687760e-03s  cpu=1.688000e-03s  provider=2  solves=0  iterations=0

STEP 7
  certificate  stage=STEP 7  complete  reason=continue_stage_ii  wall=1.080000e-06s  cpu=1.000000e-06s  provider=0  solves=0  iterations=0

STEP 4
  STAGE II STEP 4  major=41  upper=-5.317861e+01  LP_primal= 6.701839e-11  LP_dual= 8.326673e-17  active_cuts=46  certified
  certificate  stage=STEP 4  complete  reason=step4_complete  wall=3.467380e-04s  cpu=3.470000e-04s  provider=0  solves=1  iterations=1

STEP 5
  certificate  stage=STEP 5 LOCAL  major=41  attempt=175  accepted  reason=success  P rel.=-1.262027e-09  objective=-5.317861e+01  upper=-5.317861e+01  gap= 6.701839e-11  wall=0.000000e+00s  cpu=0.000000e+00s  provider=0  solves=0  iterations=0
  certificate  stage=STEP 5  complete  reason=step5_complete  wall=1.683799e-02s  cpu=1.683900e-02s  provider=14  solves=1  iterations=13

STEP 6
  certificate  stage=STEP 6  complete  reason=candidate_set  wall=1.964000e-05s  cpu=2.000000e-05s  provider=0  solves=0  iterations=0

STEP 8
  certificate  stage=STEP 8  complete  reason=step8_complete  wall=5.579183e-02s  cpu=5.579200e-02s  provider=99  solves=2  iterations=13

STEP 9
  certificate  stage=STEP 9  failed  objective=-5.317897e+01  upper=-5.317861e+01  gap= 3.625071e-04  wall=0.000000e+00s  cpu=0.000000e+00s  provider=0  solves=0  iterations=0
  certificate  stage=STEP 9  complete  reason=paper_free_energy_convergence_failed  wall=1.704280e-03s  cpu=1.705000e-03s  provider=2  solves=0  iterations=0

STEP 7
  certificate  stage=STEP 7  complete  reason=continue_stage_ii  wall=1.580000e-06s  cpu=2.000000e-06s  provider=0  solves=0  iterations=0

STEP 4
  STAGE II STEP 4  major=42  upper=-5.317861e+01  LP_primal= 6.701839e-11  LP_dual= 8.326673e-17  active_cuts=47  certified
  certificate  stage=STEP 4  complete  reason=step4_complete  wall=3.537680e-04s  cpu=3.540000e-04s  provider=0  solves=1  iterations=1

STEP 5
  certificate  stage=STEP 5 LOCAL  major=42  attempt=176  accepted  reason=success  P rel.= 4.654314e-14  objective=-5.033370e+01  upper=-5.317861e+01  gap=-2.844903e+00  wall=0.000000e+00s  cpu=0.000000e+00s  provider=0  solves=0  iterations=0
  certificate  stage=STEP 5 LOCAL  major=42  attempt=177  accepted  reason=success  P rel.=-1.251210e-09  objective=-5.317861e+01  upper=-5.317861e+01  gap= 6.699707e-11  wall=0.000000e+00s  cpu=0.000000e+00s  provider=0  solves=0  iterations=0
  certificate  stage=STEP 5  complete  reason=step5_complete  wall=5.504018e-02s  cpu=5.504100e-02s  provider=47  solves=2  iterations=41

STEP 6
  certificate  stage=STEP 6  complete  reason=candidate_set  wall=1.812000e-05s  cpu=1.800000e-05s  provider=0  solves=0  iterations=0

STEP 8
  certificate  stage=STEP 8  complete  reason=step8_complete  wall=5.744064e-02s  cpu=5.743500e-02s  provider=99  solves=2  iterations=13

STEP 9
  certificate  stage=STEP 9  failed  objective=-5.317897e+01  upper=-5.317861e+01  gap= 3.625071e-04  wall=0.000000e+00s  cpu=0.000000e+00s  provider=0  solves=0  iterations=0
  certificate  stage=STEP 9  complete  reason=paper_free_energy_convergence_failed  wall=1.652331e-03s  cpu=1.653000e-03s  provider=2  solves=0  iterations=0

STEP 7
  certificate  stage=STEP 7  complete  reason=continue_stage_ii  wall=1.790000e-06s  cpu=2.000000e-06s  provider=0  solves=0  iterations=0

STEP 4
  STAGE II STEP 4  major=43  upper=-5.317861e+01  LP_primal= 6.701839e-11  LP_dual= 8.326673e-17  active_cuts=48  certified
  certificate  stage=STEP 4  complete  reason=step4_complete  wall=3.709980e-04s  cpu=3.710000e-04s  provider=0  solves=1  iterations=1

STEP 5
  certificate  stage=STEP 5 LOCAL  major=43  attempt=178  accepted  reason=success  P rel.=-1.258288e-09  objective=-5.317861e+01  upper=-5.317861e+01  gap= 6.699707e-11  wall=0.000000e+00s  cpu=0.000000e+00s  provider=0  solves=0  iterations=0
  certificate  stage=STEP 5  complete  reason=step5_complete  wall=2.348733e-02s  cpu=2.348800e-02s  provider=19  solves=1  iterations=17

STEP 6
  certificate  stage=STEP 6  complete  reason=candidate_set  wall=1.918000e-05s  cpu=1.900000e-05s  provider=0  solves=0  iterations=0

STEP 8
  certificate  stage=STEP 8  complete  reason=step8_complete  wall=5.720858e-02s  cpu=5.721000e-02s  provider=99  solves=2  iterations=13

STEP 9
  certificate  stage=STEP 9  failed  objective=-5.317897e+01  upper=-5.317861e+01  gap= 3.625071e-04  wall=0.000000e+00s  cpu=0.000000e+00s  provider=0  solves=0  iterations=0
  certificate  stage=STEP 9  complete  reason=paper_free_energy_convergence_failed  wall=1.667090e-03s  cpu=1.667000e-03s  provider=2  solves=0  iterations=0

STEP 7
  certificate  stage=STEP 7  complete  reason=continue_stage_ii  wall=1.530000e-06s  cpu=1.000000e-06s  provider=0  solves=0  iterations=0

STEP 4
  STAGE II STEP 4  major=44  upper=-5.317861e+01  LP_primal= 6.701839e-11  LP_dual= 8.326673e-17  active_cuts=49  certified
  certificate  stage=STEP 4  complete  reason=step4_complete  wall=3.988070e-04s  cpu=4.000000e-04s  provider=0  solves=1  iterations=1

STEP 5
  certificate  stage=STEP 5 LOCAL  major=44  attempt=179  accepted  reason=success  P rel.= 6.464326e-14  objective=-5.033370e+01  upper=-5.317861e+01  gap=-2.844903e+00  wall=0.000000e+00s  cpu=0.000000e+00s  provider=0  solves=0  iterations=0
  certificate  stage=STEP 5 LOCAL  major=44  attempt=180  accepted  reason=success  P rel.= 3.576927e-14  objective=-5.033370e+01  upper=-5.317861e+01  gap=-2.844903e+00  wall=0.000000e+00s  cpu=0.000000e+00s  provider=0  solves=0  iterations=0
  certificate  stage=STEP 5 LOCAL  major=44  attempt=182  accepted  reason=success  P rel.= 5.889719e-14  objective=-4.889906e+01  upper=-5.317861e+01  gap=-4.279547e+00  wall=0.000000e+00s  cpu=0.000000e+00s  provider=0  solves=0  iterations=0
  certificate  stage=STEP 5 LOCAL  major=44  attempt=183  accepted  reason=success  P rel.= 3.576927e-14  objective=-5.033370e+01  upper=-5.317861e+01  gap=-2.844903e+00  wall=0.000000e+00s  cpu=0.000000e+00s  provider=0  solves=0  iterations=0
  certificate  stage=STEP 5 LOCAL  major=44  attempt=184  accepted  reason=success  P rel.= 4.137168e-14  objective=-5.033370e+01  upper=-5.317861e+01  gap=-2.844903e+00  wall=0.000000e+00s  cpu=0.000000e+00s  provider=0  solves=0  iterations=0
  certificate  stage=STEP 5 LOCAL  major=44  attempt=185  accepted  reason=success  P rel.=-1.276315e-09  objective=-5.317861e+01  upper=-5.317861e+01  gap= 6.701129e-11  wall=0.000000e+00s  cpu=0.000000e+00s  provider=0  solves=0  iterations=0
  certificate  stage=STEP 5  complete  reason=step5_complete  wall=1.407288e-01s  cpu=1.407180e-01s  provider=119  solves=7  iterations=104

STEP 6
  certificate  stage=STEP 6  complete  reason=candidate_set  wall=1.835000e-05s  cpu=1.900000e-05s  provider=0  solves=0  iterations=0

STEP 8
  certificate  stage=STEP 8  complete  reason=step8_complete  wall=5.198391e-02s  cpu=5.198400e-02s  provider=99  solves=2  iterations=13

STEP 9
  certificate  stage=STEP 9  failed  objective=-5.317897e+01  upper=-5.317861e+01  gap= 3.625071e-04  wall=0.000000e+00s  cpu=0.000000e+00s  provider=0  solves=0  iterations=0
  certificate  stage=STEP 9  complete  reason=paper_free_energy_convergence_failed  wall=1.672910e-03s  cpu=1.673000e-03s  provider=2  solves=0  iterations=0

STEP 7
  certificate  stage=STEP 7  complete  reason=continue_stage_ii  wall=1.010000e-06s  cpu=1.000000e-06s  provider=0  solves=0  iterations=0

STEP 4
  STAGE II STEP 4  major=45  upper=-5.317861e+01  LP_primal= 6.701839e-11  LP_dual= 8.326673e-17  active_cuts=50  certified
  certificate  stage=STEP 4  complete  reason=step4_complete  wall=3.609680e-04s  cpu=3.620000e-04s  provider=0  solves=1  iterations=1

STEP 5
  certificate  stage=STEP 5 LOCAL  major=45  attempt=186  accepted  reason=success  P rel.= 7.024567e-14  objective=-5.033370e+01  upper=-5.317861e+01  gap=-2.844903e+00  wall=0.000000e+00s  cpu=0.000000e+00s  provider=0  solves=0  iterations=0
  certificate  stage=STEP 5 LOCAL  major=45  attempt=187  accepted  reason=success  P rel.= 6.464326e-14  objective=-5.033370e+01  upper=-5.317861e+01  gap=-2.844903e+00  wall=0.000000e+00s  cpu=0.000000e+00s  provider=0  solves=0  iterations=0
  certificate  stage=STEP 5 LOCAL  major=45  attempt=188  accepted  reason=success  P rel.= 3.648753e-14  objective=-5.033370e+01  upper=-5.317861e+01  gap=-2.844903e+00  wall=0.000000e+00s  cpu=0.000000e+00s  provider=0  solves=0  iterations=0
  certificate  stage=STEP 5 LOCAL  major=45  attempt=189  accepted  reason=success  P rel.= 3.375814e-14  objective=-4.889906e+01  upper=-5.317861e+01  gap=-4.279547e+00  wall=0.000000e+00s  cpu=0.000000e+00s  provider=0  solves=0  iterations=0
  certificate  stage=STEP 5 LOCAL  major=45  attempt=190  accepted  reason=success  P rel.= 4.697410e-14  objective=-4.889906e+01  upper=-5.317861e+01  gap=-4.279547e+00  wall=0.000000e+00s  cpu=0.000000e+00s  provider=0  solves=0  iterations=0
  certificate  stage=STEP 5 LOCAL  major=45  attempt=191  accepted  reason=success  P rel.= 2.466499e-13  objective=-5.033370e+01  upper=-5.317861e+01  gap=-2.844903e+00  wall=0.000000e+00s  cpu=0.000000e+00s  provider=0  solves=0  iterations=0
  certificate  stage=STEP 5 LOCAL  major=45  attempt=192  accepted  reason=success  P rel.= 4.625584e-14  objective=-5.033370e+01  upper=-5.317861e+01  gap=-2.844903e+00  wall=0.000000e+00s  cpu=0.000000e+00s  provider=0  solves=0  iterations=0
  certificate  stage=STEP 5 LOCAL  major=45  attempt=193  accepted  reason=success  P rel.= 5.530590e-14  objective=-5.033370e+01  upper=-5.317861e+01  gap=-2.844903e+00  wall=0.000000e+00s  cpu=0.000000e+00s  provider=0  solves=0  iterations=0
  certificate  stage=STEP 5 LOCAL  major=45  attempt=194  accepted  reason=success  P rel.=-1.265232e-09  objective=-5.317861e+01  upper=-5.317861e+01  gap= 6.701129e-11  wall=0.000000e+00s  cpu=0.000000e+00s  provider=0  solves=0  iterations=0
  certificate  stage=STEP 5  complete  reason=step5_complete  wall=2.060072e-01s  cpu=2.059920e-01s  provider=189  solves=9  iterations=173

STEP 6
  certificate  stage=STEP 6  complete  reason=candidate_set  wall=1.480000e-05s  cpu=1.500000e-05s  provider=0  solves=0  iterations=0

STEP 8
  certificate  stage=STEP 8  complete  reason=step8_complete  wall=5.182479e-02s  cpu=5.181800e-02s  provider=99  solves=2  iterations=13

STEP 9
  certificate  stage=STEP 9  failed  objective=-5.317897e+01  upper=-5.317861e+01  gap= 3.625071e-04  wall=0.000000e+00s  cpu=0.000000e+00s  provider=0  solves=0  iterations=0
  certificate  stage=STEP 9  complete  reason=paper_free_energy_convergence_failed  wall=1.620100e-03s  cpu=1.620000e-03s  provider=2  solves=0  iterations=0

STEP 7
  certificate  stage=STEP 7  complete  reason=continue_stage_ii  wall=9.700000e-07s  cpu=0.000000e+00s  provider=0  solves=0  iterations=0

STEP 4
  STAGE II STEP 4  major=46  upper=-5.317861e+01  LP_primal= 6.701839e-11  LP_dual= 8.326673e-17  active_cuts=51  certified
  certificate  stage=STEP 4  complete  reason=step4_complete  wall=3.572980e-04s  cpu=3.580000e-04s  provider=0  solves=1  iterations=1

STEP 5
  certificate  stage=STEP 5 LOCAL  major=46  attempt=195  accepted  reason=success  P rel.= 3.663118e-14  objective=-5.033370e+01  upper=-5.317861e+01  gap=-2.844903e+00  wall=0.000000e+00s  cpu=0.000000e+00s  provider=0  solves=0  iterations=0
  certificate  stage=STEP 5 LOCAL  major=46  attempt=196  accepted  reason=success  P rel.= 8.058859e-14  objective=-5.033370e+01  upper=-5.317861e+01  gap=-2.844903e+00  wall=0.000000e+00s  cpu=0.000000e+00s  provider=0  solves=0  iterations=0
  certificate  stage=STEP 5 LOCAL  major=46  attempt=197  accepted  reason=success  P rel.=-8.261965e-09  objective=-5.317861e+01  upper=-5.317861e+01  gap= 6.701129e-11  wall=0.000000e+00s  cpu=0.000000e+00s  provider=0  solves=0  iterations=0
  certificate  stage=STEP 5  complete  reason=step5_complete  wall=6.497344e-02s  cpu=6.497400e-02s  provider=59  solves=3  iterations=56

STEP 6
  certificate  stage=STEP 6  complete  reason=candidate_set  wall=1.582000e-05s  cpu=1.500000e-05s  provider=0  solves=0  iterations=0

STEP 8
  certificate  stage=STEP 8  complete  reason=step8_complete  wall=5.269964e-02s  cpu=5.270100e-02s  provider=99  solves=2  iterations=13

STEP 9
  certificate  stage=STEP 9  failed  objective=-5.317897e+01  upper=-5.317861e+01  gap= 3.625071e-04  wall=0.000000e+00s  cpu=0.000000e+00s  provider=0  solves=0  iterations=0
  certificate  stage=STEP 9  complete  reason=paper_free_energy_convergence_failed  wall=1.684660e-03s  cpu=1.685000e-03s  provider=2  solves=0  iterations=0

STEP 7
  certificate  stage=STEP 7  complete  reason=continue_stage_ii  wall=1.570000e-06s  cpu=1.000000e-06s  provider=0  solves=0  iterations=0

STEP 4
  STAGE II STEP 4  major=47  upper=-5.317861e+01  LP_primal= 4.583001e-12  LP_dual= 2.250977e-14  active_cuts=52  certified
  certificate  stage=STEP 4  complete  reason=step4_complete  wall=3.695780e-04s  cpu=3.700000e-04s  provider=0  solves=1  iterations=1

STEP 5
  certificate  stage=STEP 5 LOCAL  major=47  attempt=198  accepted  reason=success  P rel.=-1.271196e-09  objective=-5.317861e+01  upper=-5.317861e+01  gap= 1.912781e-11  wall=0.000000e+00s  cpu=0.000000e+00s  provider=0  solves=0  iterations=0
  certificate  stage=STEP 5  complete  reason=step5_complete  wall=3.084585e-02s  cpu=3.083100e-02s  provider=29  solves=1  iterations=20

STEP 6
  certificate  stage=STEP 6  complete  reason=candidate_set  wall=1.534000e-05s  cpu=1.600000e-05s  provider=0  solves=0  iterations=0

STEP 8
  certificate  stage=STEP 8  complete  reason=step8_complete  wall=5.278393e-02s  cpu=5.278600e-02s  provider=99  solves=2  iterations=13

STEP 9
  certificate  stage=STEP 9  failed  objective=-5.317897e+01  upper=-5.317861e+01  gap= 3.625071e-04  wall=0.000000e+00s  cpu=0.000000e+00s  provider=0  solves=0  iterations=0
  certificate  stage=STEP 9  complete  reason=paper_free_energy_convergence_failed  wall=1.697760e-03s  cpu=1.698000e-03s  provider=2  solves=0  iterations=0

STEP 7
  certificate  stage=STEP 7  complete  reason=continue_stage_ii  wall=1.710000e-06s  cpu=2.000000e-06s  provider=0  solves=0  iterations=0

STEP 4
  STAGE II STEP 4  major=48  upper=-5.317861e+01  LP_primal= 1.912781e-11  LP_dual= 2.250977e-14  active_cuts=53  certified
  certificate  stage=STEP 4  complete  reason=step4_complete  wall=4.061670e-04s  cpu=4.070000e-04s  provider=0  solves=1  iterations=1

STEP 5
  certificate  stage=STEP 5 LOCAL  major=48  attempt=199  accepted  reason=success  P rel.=-1.258421e-09  objective=-5.317861e+01  upper=-5.317861e+01  gap= 1.911360e-11  wall=0.000000e+00s  cpu=0.000000e+00s  provider=0  solves=0  iterations=0
  certificate  stage=STEP 5  complete  reason=step5_complete  wall=2.709173e-02s  cpu=2.709300e-02s  provider=25  solves=1  iterations=17

STEP 6
  certificate  stage=STEP 6  complete  reason=candidate_set  wall=2.118900e-05s  cpu=2.100000e-05s  provider=0  solves=0  iterations=0

STEP 8
  certificate  stage=STEP 8  complete  reason=step8_complete  wall=5.641192e-02s  cpu=5.641300e-02s  provider=99  solves=2  iterations=13

STEP 9
  certificate  stage=STEP 9  failed  objective=-5.317897e+01  upper=-5.317861e+01  gap= 3.625071e-04  wall=0.000000e+00s  cpu=0.000000e+00s  provider=0  solves=0  iterations=0
  certificate  stage=STEP 9  complete  reason=paper_free_energy_convergence_failed  wall=2.065698e-03s  cpu=2.066000e-03s  provider=2  solves=0  iterations=0

STEP 7
  certificate  stage=STEP 7  complete  reason=continue_stage_ii  wall=1.610000e-06s  cpu=2.000000e-06s  provider=0  solves=0  iterations=0

STEP 4
  STAGE II STEP 4  major=49  upper=-5.317861e+01  LP_primal= 1.912781e-11  LP_dual= 2.250977e-14  active_cuts=54  certified
  certificate  stage=STEP 4  complete  reason=step4_complete  wall=4.179180e-04s  cpu=4.180000e-04s  provider=0  solves=1  iterations=1

STEP 5
  certificate  stage=STEP 5 LOCAL  major=49  attempt=200  accepted  reason=success  P rel.= 4.841062e-14  objective=-5.033370e+01  upper=-5.317861e+01  gap=-2.844903e+00  wall=0.000000e+00s  cpu=0.000000e+00s  provider=0  solves=0  iterations=0
  certificate  stage=STEP 5 LOCAL  major=49  attempt=201  accepted  reason=success  P rel.=-1.280633e-09  objective=-5.317861e+01  upper=-5.317861e+01  gap= 1.913492e-11  wall=0.000000e+00s  cpu=0.000000e+00s  provider=0  solves=0  iterations=0
  certificate  stage=STEP 5  complete  reason=step5_complete  wall=4.199565e-02s  cpu=4.199600e-02s  provider=36  solves=2  iterations=33

STEP 6
  certificate  stage=STEP 6  complete  reason=candidate_set  wall=1.885000e-05s  cpu=1.900000e-05s  provider=0  solves=0  iterations=0

STEP 8
  certificate  stage=STEP 8  complete  reason=step8_complete  wall=5.641698e-02s  cpu=5.641800e-02s  provider=99  solves=2  iterations=13

STEP 9
  certificate  stage=STEP 9  failed  objective=-5.317897e+01  upper=-5.317861e+01  gap= 3.625071e-04  wall=0.000000e+00s  cpu=0.000000e+00s  provider=0  solves=0  iterations=0
  certificate  stage=STEP 9  complete  reason=paper_free_energy_convergence_failed  wall=1.742449e-03s  cpu=1.743000e-03s  provider=2  solves=0  iterations=0

STEP 7
  certificate  stage=STEP 7  complete  reason=continue_stage_ii  wall=1.410000e-06s  cpu=1.000000e-06s  provider=0  solves=0  iterations=0

STEP 4
  STAGE II STEP 4  major=50  upper=-5.317861e+01  LP_primal= 1.913492e-11  LP_dual= 2.250977e-14  active_cuts=55  certified
  certificate  stage=STEP 4  complete  reason=step4_complete  wall=4.013870e-04s  cpu=4.020000e-04s  provider=0  solves=1  iterations=1

STEP 5
  certificate  stage=STEP 5 LOCAL  major=50  attempt=202  accepted  reason=success  P rel.= 4.050977e-14  objective=-5.033370e+01  upper=-5.317861e+01  gap=-2.844903e+00  wall=0.000000e+00s  cpu=0.000000e+00s  provider=0  solves=0  iterations=0
  certificate  stage=STEP 5 LOCAL  major=50  attempt=203  accepted  reason=success  P rel.= 6.401119e-13  objective=-5.033370e+01  upper=-5.317861e+01  gap=-2.844903e+00  wall=0.000000e+00s  cpu=0.000000e+00s  provider=0  solves=0  iterations=0
  certificate  stage=STEP 5 LOCAL  major=50  attempt=204  accepted  reason=success  P rel.= 8.417988e-14  objective=-5.033370e+01  upper=-5.317861e+01  gap=-2.844903e+00  wall=0.000000e+00s  cpu=0.000000e+00s  provider=0  solves=0  iterations=0
  certificate  stage=STEP 5 LOCAL  major=50  attempt=206  accepted  reason=success  P rel.= 4.596854e-14  objective=-5.033370e+01  upper=-5.317861e+01  gap=-2.844903e+00  wall=0.000000e+00s  cpu=0.000000e+00s  provider=0  solves=0  iterations=0
  certificate  stage=STEP 5 LOCAL  major=50  attempt=207  accepted  reason=success  P rel.= 7.728460e-14  objective=-5.033370e+01  upper=-5.317861e+01  gap=-2.844903e+00  wall=0.000000e+00s  cpu=0.000000e+00s  provider=0  solves=0  iterations=0
  certificate  stage=STEP 5 LOCAL  major=50  attempt=208  accepted  reason=success  P rel.=-7.671051e-09  objective=-5.303741e+01  upper=-5.317861e+01  gap=-1.412014e-01  wall=0.000000e+00s  cpu=0.000000e+00s  provider=0  solves=0  iterations=0
  certificate  stage=STEP 5 LOCAL  major=50  attempt=209  accepted  reason=success  P rel.= 1.397731e-13  objective=-5.033370e+01  upper=-5.317861e+01  gap=-2.844903e+00  wall=0.000000e+00s  cpu=0.000000e+00s  provider=0  solves=0  iterations=0
  certificate  stage=STEP 5 LOCAL  major=50  attempt=210  accepted  reason=success  P rel.=-1.271508e-09  objective=-5.317861e+01  upper=-5.317861e+01  gap= 1.912071e-11  wall=0.000000e+00s  cpu=0.000000e+00s  provider=0  solves=0  iterations=0
  certificate  stage=STEP 5  complete  reason=step5_complete  wall=2.134464e-01s  cpu=2.134390e-01s  provider=180  solves=9  iterations=163

STEP 6
  certificate  stage=STEP 6  complete  reason=candidate_set  wall=1.817000e-05s  cpu=1.800000e-05s  provider=0  solves=0  iterations=0

STEP 8
  certificate  stage=STEP 8  complete  reason=step8_complete  wall=5.759743e-02s  cpu=5.758900e-02s  provider=99  solves=2  iterations=13

STEP 9
  certificate  stage=STEP 9  failed  objective=-5.317897e+01  upper=-5.317861e+01  gap= 3.625071e-04  wall=0.000000e+00s  cpu=0.000000e+00s  provider=0  solves=0  iterations=0
  certificate  stage=STEP 9  complete  reason=paper_free_energy_convergence_failed  wall=1.797319e-03s  cpu=1.798000e-03s  provider=2  solves=0  iterations=0

STEP 7
  certificate  stage=STEP 7  complete  reason=continue_stage_ii  wall=1.890000e-06s  cpu=2.000000e-06s  provider=0  solves=0  iterations=0

STEP 4
  STAGE II STEP 4  major=51  upper=-5.317861e+01  LP_primal= 1.913492e-11  LP_dual= 2.250977e-14  active_cuts=56  certified
  certificate  stage=STEP 4  complete  reason=step4_complete  wall=4.150280e-04s  cpu=4.160000e-04s  provider=0  solves=1  iterations=1

STEP 5
  certificate  stage=STEP 5 LOCAL  major=51  attempt=211  accepted  reason=success  P rel.= 5.114000e-14  objective=-5.033370e+01  upper=-5.317861e+01  gap=-2.844903e+00  wall=0.000000e+00s  cpu=0.000000e+00s  provider=0  solves=0  iterations=0
  certificate  stage=STEP 5 LOCAL  major=51  attempt=212  accepted  reason=success  P rel.= 6.378135e-14  objective=-5.033370e+01  upper=-5.317861e+01  gap=-2.844903e+00  wall=0.000000e+00s  cpu=0.000000e+00s  provider=0  solves=0  iterations=0
  certificate  stage=STEP 5 LOCAL  major=51  attempt=213  accepted  reason=success  P rel.= 4.869792e-14  objective=-5.033370e+01  upper=-5.317861e+01  gap=-2.844903e+00  wall=0.000000e+00s  cpu=0.000000e+00s  provider=0  solves=0  iterations=0
  certificate  stage=STEP 5 LOCAL  major=51  attempt=214  accepted  reason=success  P rel.= 5.803528e-14  objective=-5.033370e+01  upper=-5.317861e+01  gap=-2.844903e+00  wall=0.000000e+00s  cpu=0.000000e+00s  provider=0  solves=0  iterations=0
  certificate  stage=STEP 5 LOCAL  major=51  attempt=215  accepted  reason=success  P rel.= 4.984713e-14  objective=-5.033370e+01  upper=-5.317861e+01  gap=-2.844903e+00  wall=0.000000e+00s  cpu=0.000000e+00s  provider=0  solves=0  iterations=0
  certificate  stage=STEP 5 LOCAL  major=51  attempt=216  accepted  reason=success  P rel.= 5.386938e-14  objective=-5.033370e+01  upper=-5.317861e+01  gap=-2.844903e+00  wall=0.000000e+00s  cpu=0.000000e+00s  provider=0  solves=0  iterations=0
  certificate  stage=STEP 5 LOCAL  major=51  attempt=217  accepted  reason=success  P rel.= 2.334340e-13  objective=-5.033370e+01  upper=-5.317861e+01  gap=-2.844903e+00  wall=0.000000e+00s  cpu=0.000000e+00s  provider=0  solves=0  iterations=0
  certificate  stage=STEP 5 LOCAL  major=51  attempt=218  accepted  reason=success  P rel.= 5.114000e-14  objective=-5.033370e+01  upper=-5.317861e+01  gap=-2.844903e+00  wall=0.000000e+00s  cpu=0.000000e+00s  provider=0  solves=0  iterations=0
  certificate  stage=STEP 5 LOCAL  major=51  attempt=219  accepted  reason=success  P rel.= 4.065343e-14  objective=-5.033370e+01  upper=-5.317861e+01  gap=-2.844903e+00  wall=0.000000e+00s  cpu=0.000000e+00s  provider=0  solves=0  iterations=0
  certificate  stage=STEP 5 LOCAL  major=51  attempt=220  accepted  reason=success  P rel.= 4.065343e-14  objective=-5.033370e+01  upper=-5.317861e+01  gap=-2.844903e+00  wall=0.000000e+00s  cpu=0.000000e+00s  provider=0  solves=0  iterations=0
  certificate  stage=STEP 5 LOCAL  major=51  attempt=221  accepted  reason=success  P rel.= 9.768314e-14  objective=-5.033370e+01  upper=-5.317861e+01  gap=-2.844903e+00  wall=0.000000e+00s  cpu=0.000000e+00s  provider=0  solves=0  iterations=0
  certificate  stage=STEP 5 LOCAL  major=51  attempt=222  accepted  reason=success  P rel.= 4.687354e-13  objective=-5.033370e+01  upper=-5.317861e+01  gap=-2.844903e+00  wall=0.000000e+00s  cpu=0.000000e+00s  provider=0  solves=0  iterations=0
  certificate  stage=STEP 5 LOCAL  major=51  attempt=223  accepted  reason=success  P rel.= 3.059781e-14  objective=-5.033370e+01  upper=-5.317861e+01  gap=-2.844903e+00  wall=0.000000e+00s  cpu=0.000000e+00s  provider=0  solves=0  iterations=0
  certificate  stage=STEP 5 LOCAL  major=51  attempt=224  accepted  reason=success  P rel.= 1.802829e-13  objective=-5.033370e+01  upper=-5.317861e+01  gap=-2.844903e+00  wall=0.000000e+00s  cpu=0.000000e+00s  provider=0  solves=0  iterations=0
  certificate  stage=STEP 5 LOCAL  major=51  attempt=225  accepted  reason=success  P rel.= 4.050977e-14  objective=-5.033370e+01  upper=-5.317861e+01  gap=-2.844903e+00  wall=0.000000e+00s  cpu=0.000000e+00s  provider=0  solves=0  iterations=0
  certificate  stage=STEP 5 LOCAL  major=51  attempt=226  accepted  reason=success  P rel.= 4.596854e-14  objective=-5.033370e+01  upper=-5.317861e+01  gap=-2.844903e+00  wall=0.000000e+00s  cpu=0.000000e+00s  provider=0  solves=0  iterations=0
  certificate  stage=STEP 5 LOCAL  major=51  attempt=228  accepted  reason=success  P rel.= 4.984713e-14  objective=-5.033370e+01  upper=-5.317861e+01  gap=-2.844903e+00  wall=0.000000e+00s  cpu=0.000000e+00s  provider=0  solves=0  iterations=0
  certificate  stage=STEP 5 LOCAL  major=51  attempt=229  accepted  reason=success  P rel.= 4.568123e-14  objective=-5.033370e+01  upper=-5.317861e+01  gap=-2.844903e+00  wall=0.000000e+00s  cpu=0.000000e+00s  provider=0  solves=0  iterations=0
  certificate  stage=STEP 5 LOCAL  major=51  attempt=230  accepted  reason=success  P rel.= 4.065343e-14  objective=-5.033370e+01  upper=-5.317861e+01  gap=-2.844903e+00  wall=0.000000e+00s  cpu=0.000000e+00s  provider=0  solves=0  iterations=0
  certificate  stage=STEP 5 LOCAL  major=51  attempt=231  accepted  reason=success  P rel.= 4.050977e-14  objective=-5.033370e+01  upper=-5.317861e+01  gap=-2.844903e+00  wall=0.000000e+00s  cpu=0.000000e+00s  provider=0  solves=0  iterations=0
  certificate  stage=STEP 5 LOCAL  major=51  attempt=232  accepted  reason=success  P rel.= 8.188146e-14  objective=-5.033370e+01  upper=-5.317861e+01  gap=-2.844903e+00  wall=0.000000e+00s  cpu=0.000000e+00s  provider=0  solves=0  iterations=0
  certificate  stage=STEP 5 LOCAL  major=51  attempt=233  accepted  reason=success  P rel.= 5.544955e-14  objective=-5.033370e+01  upper=-5.317861e+01  gap=-2.844903e+00  wall=0.000000e+00s  cpu=0.000000e+00s  provider=0  solves=0  iterations=0
  certificate  stage=STEP 5 LOCAL  major=51  attempt=235  accepted  reason=success  P rel.= 9.955061e-14  objective=-5.033370e+01  upper=-5.317861e+01  gap=-2.844903e+00  wall=0.000000e+00s  cpu=0.000000e+00s  provider=0  solves=0  iterations=0
  certificate  stage=STEP 5 LOCAL  major=51  attempt=236  accepted  reason=success  P rel.= 6.148292e-14  objective=-5.033370e+01  upper=-5.317861e+01  gap=-2.844903e+00  wall=0.000000e+00s  cpu=0.000000e+00s  provider=0  solves=0  iterations=0
  certificate  stage=STEP 5 LOCAL  major=51  attempt=237  accepted  reason=success  P rel.= 6.019005e-14  objective=-5.033370e+01  upper=-5.317861e+01  gap=-2.844903e+00  wall=0.000000e+00s  cpu=0.000000e+00s  provider=0  solves=0  iterations=0
  certificate  stage=STEP 5 LOCAL  major=51  attempt=238  accepted  reason=success  P rel.= 5.214556e-13  objective=-5.033370e+01  upper=-5.317861e+01  gap=-2.844903e+00  wall=0.000000e+00s  cpu=0.000000e+00s  provider=0  solves=0  iterations=0
  certificate  stage=STEP 5 LOCAL  major=51  attempt=239  accepted  reason=success  P rel.= 2.916129e-14  objective=-5.033370e+01  upper=-5.317861e+01  gap=-2.844903e+00  wall=0.000000e+00s  cpu=0.000000e+00s  provider=0  solves=0  iterations=0
  certificate  stage=STEP 5 LOCAL  major=51  attempt=240  accepted  reason=success  P rel.=-1.254682e-09  objective=-5.317861e+01  upper=-5.317861e+01  gap= 1.913492e-11  wall=0.000000e+00s  cpu=0.000000e+00s  provider=0  solves=0  iterations=0
  certificate  stage=STEP 5  complete  reason=step5_complete  wall=6.952646e-01s  cpu=6.942970e-01s  provider=617  solves=30  iterations=569

STEP 6
  certificate  stage=STEP 6  complete  reason=candidate_set  wall=1.886000e-05s  cpu=1.900000e-05s  provider=0  solves=0  iterations=0

STEP 8
  certificate  stage=STEP 8  complete  reason=step8_complete  wall=5.618849e-02s  cpu=5.597800e-02s  provider=99  solves=2  iterations=13

STEP 9
  certificate  stage=STEP 9  failed  objective=-5.317897e+01  upper=-5.317861e+01  gap= 3.625071e-04  wall=0.000000e+00s  cpu=0.000000e+00s  provider=0  solves=0  iterations=0
  certificate  stage=STEP 9  complete  reason=paper_free_energy_convergence_failed  wall=1.652570e-03s  cpu=1.652000e-03s  provider=2  solves=0  iterations=0

STEP 7
  certificate  stage=STEP 7  complete  reason=continue_stage_ii  wall=1.060000e-06s  cpu=1.000000e-06s  provider=0  solves=0  iterations=0

STEP 4
  STAGE II STEP 4  major=52  upper=-5.317861e+01  LP_primal= 1.913492e-11  LP_dual= 2.250977e-14  active_cuts=57  certified
  certificate  stage=STEP 4  complete  reason=step4_complete  wall=4.038080e-04s  cpu=4.050000e-04s  provider=0  solves=1  iterations=1

STEP 5
  certificate  stage=STEP 5 LOCAL  major=52  attempt=241  accepted  reason=success  P rel.= 4.625584e-14  objective=-4.889906e+01  upper=-5.317861e+01  gap=-4.279550e+00  wall=0.000000e+00s  cpu=0.000000e+00s  provider=0  solves=0  iterations=0
  certificate  stage=STEP 5 LOCAL  major=52  attempt=242  accepted  reason=success  P rel.= 2.239530e-13  objective=-5.033370e+01  upper=-5.317861e+01  gap=-2.844903e+00  wall=0.000000e+00s  cpu=0.000000e+00s  provider=0  solves=0  iterations=0
  certificate  stage=STEP 5 LOCAL  major=52  attempt=243  accepted  reason=success  P rel.=-1.249385e-09  objective=-5.317861e+01  upper=-5.317861e+01  gap= 1.910649e-11  wall=0.000000e+00s  cpu=0.000000e+00s  provider=0  solves=0  iterations=0
  certificate  stage=STEP 5  complete  reason=step5_complete  wall=6.632781e-02s  cpu=6.604500e-02s  provider=55  solves=3  iterations=48

STEP 6
  certificate  stage=STEP 6  complete  reason=candidate_set  wall=2.280000e-05s  cpu=2.200000e-05s  provider=0  solves=0  iterations=0

STEP 8
  certificate  stage=STEP 8  complete  reason=step8_complete  wall=5.671002e-02s  cpu=5.650600e-02s  provider=99  solves=2  iterations=13

STEP 9
  certificate  stage=STEP 9  failed  objective=-5.317897e+01  upper=-5.317861e+01  gap= 3.625071e-04  wall=0.000000e+00s  cpu=0.000000e+00s  provider=0  solves=0  iterations=0
  certificate  stage=STEP 9  complete  reason=paper_free_energy_convergence_failed  wall=1.673760e-03s  cpu=1.674000e-03s  provider=2  solves=0  iterations=0

STEP 7
  certificate  stage=STEP 7  complete  reason=continue_stage_ii  wall=1.080000e-06s  cpu=1.000000e-06s  provider=0  solves=0  iterations=0

STEP 4
  STAGE II STEP 4  major=53  upper=-5.317861e+01  LP_primal= 1.913492e-11  LP_dual= 2.250977e-14  active_cuts=58  certified
  certificate  stage=STEP 4  complete  reason=step4_complete  wall=4.063670e-04s  cpu=4.070000e-04s  provider=0  solves=1  iterations=1

STEP 5
  certificate  stage=STEP 5 LOCAL  major=53  attempt=244  accepted  reason=success  P rel.= 3.074146e-13  objective=-5.033370e+01  upper=-5.317861e+01  gap=-2.844903e+00  wall=0.000000e+00s  cpu=0.000000e+00s  provider=0  solves=0  iterations=0
  certificate  stage=STEP 5 LOCAL  major=53  attempt=245  accepted  reason=success  P rel.= 6.435595e-14  objective=-4.889906e+01  upper=-5.317861e+01  gap=-4.279550e+00  wall=0.000000e+00s  cpu=0.000000e+00s  provider=0  solves=0  iterations=0
  certificate  stage=STEP 5 LOCAL  major=53  attempt=246  accepted  reason=success  P rel.= 8.259972e-14  objective=-5.033370e+01  upper=-5.317861e+01  gap=-2.844903e+00  wall=0.000000e+00s  cpu=0.000000e+00s  provider=0  solves=0  iterations=0
  certificate  stage=STEP 5 LOCAL  major=53  attempt=247  accepted  reason=success  P rel.= 2.887399e-14  objective=-4.889906e+01  upper=-5.317861e+01  gap=-4.279550e+00  wall=0.000000e+00s  cpu=0.000000e+00s  provider=0  solves=0  iterations=0
  certificate  stage=STEP 5 LOCAL  major=53  attempt=248  accepted  reason=success  P rel.=-3.481548e-09  objective=-5.303741e+01  upper=-5.317861e+01  gap=-1.412014e-01  wall=0.000000e+00s  cpu=0.000000e+00s  provider=0  solves=0  iterations=0
  certificate  stage=STEP 5 LOCAL  major=53  attempt=249  accepted  reason=success  P rel.= 2.097315e-14  objective=-4.889906e+01  upper=-5.317861e+01  gap=-4.279550e+00  wall=0.000000e+00s  cpu=0.000000e+00s  provider=0  solves=0  iterations=0
  certificate  stage=STEP 5 LOCAL  major=53  attempt=250  accepted  reason=success  P rel.= 5.904084e-14  objective=-5.033370e+01  upper=-5.317861e+01  gap=-2.844903e+00  wall=0.000000e+00s  cpu=0.000000e+00s  provider=0  solves=0  iterations=0
  certificate  stage=STEP 5 LOCAL  major=53  attempt=251  accepted  reason=success  P rel.= 4.984713e-14  objective=-5.033370e+01  upper=-5.317861e+01  gap=-2.844903e+00  wall=0.000000e+00s  cpu=0.000000e+00s  provider=0  solves=0  iterations=0
  certificate  stage=STEP 5 LOCAL  major=53  attempt=253  accepted  reason=success  P rel.= 6.461453e-13  objective=-5.033370e+01  upper=-5.317861e+01  gap=-2.844903e+00  wall=0.000000e+00s  cpu=0.000000e+00s  provider=0  solves=0  iterations=0
  certificate  stage=STEP 5 LOCAL  major=53  attempt=254  accepted  reason=success  P rel.=-1.275025e-09  objective=-5.317861e+01  upper=-5.317861e+01  gap= 1.912071e-11  wall=0.000000e+00s  cpu=0.000000e+00s  provider=0  solves=0  iterations=0
  certificate  stage=STEP 5  complete  reason=step5_complete  wall=2.517845e-01s  cpu=2.511610e-01s  provider=207  solves=11  iterations=175

STEP 6
  certificate  stage=STEP 6  complete  reason=candidate_set  wall=2.408000e-05s  cpu=2.400000e-05s  provider=0  solves=0  iterations=0

STEP 8
  certificate  stage=STEP 8  complete  reason=step8_complete  wall=5.567935e-02s  cpu=5.567600e-02s  provider=99  solves=2  iterations=13

STEP 9
  certificate  stage=STEP 9  failed  objective=-5.317897e+01  upper=-5.317861e+01  gap= 3.625071e-04  wall=0.000000e+00s  cpu=0.000000e+00s  provider=0  solves=0  iterations=0
  certificate  stage=STEP 9  complete  reason=paper_free_energy_convergence_failed  wall=1.705669e-03s  cpu=1.706000e-03s  provider=2  solves=0  iterations=0

STEP 7
  certificate  stage=STEP 7  complete  reason=continue_stage_ii  wall=1.930000e-06s  cpu=2.000000e-06s  provider=0  solves=0  iterations=0

STEP 4
  STAGE II STEP 4  major=54  upper=-5.317861e+01  LP_primal= 1.913492e-11  LP_dual= 2.250977e-14  active_cuts=59  certified
  certificate  stage=STEP 4  complete  reason=step4_complete  wall=4.446570e-04s  cpu=4.450000e-04s  provider=0  solves=1  iterations=1

STEP 5
  certificate  stage=STEP 5 LOCAL  major=54  attempt=255  accepted  reason=success  P rel.=-1.260068e-09  objective=-5.317861e+01  upper=-5.317861e+01  gap= 1.911360e-11  wall=0.000000e+00s  cpu=0.000000e+00s  provider=0  solves=0  iterations=0
  certificate  stage=STEP 5  complete  reason=step5_complete  wall=1.667376e-02s  cpu=1.666500e-02s  provider=14  solves=1  iterations=13

STEP 6
  certificate  stage=STEP 6  complete  reason=candidate_set  wall=2.232900e-05s  cpu=2.300000e-05s  provider=0  solves=0  iterations=0

STEP 8
  certificate  stage=STEP 8  complete  reason=step8_complete  wall=5.613705e-02s  cpu=5.613800e-02s  provider=99  solves=2  iterations=13

STEP 9
  certificate  stage=STEP 9  failed  objective=-5.317897e+01  upper=-5.317861e+01  gap= 3.625071e-04  wall=0.000000e+00s  cpu=0.000000e+00s  provider=0  solves=0  iterations=0
  certificate  stage=STEP 9  complete  reason=paper_free_energy_convergence_failed  wall=1.685180e-03s  cpu=1.685000e-03s  provider=2  solves=0  iterations=0

STEP 7
  certificate  stage=STEP 7  complete  reason=continue_stage_ii  wall=1.670000e-06s  cpu=2.000000e-06s  provider=0  solves=0  iterations=0

STEP 4
  STAGE II STEP 4  major=55  upper=-5.317861e+01  LP_primal= 1.913492e-11  LP_dual= 2.250977e-14  active_cuts=60  certified
  certificate  stage=STEP 4  complete  reason=step4_complete  wall=4.379380e-04s  cpu=4.380000e-04s  provider=0  solves=1  iterations=1

STEP 5
  certificate  stage=STEP 5 LOCAL  major=55  attempt=258  accepted  reason=success  P rel.= 2.916129e-14  objective=-5.033370e+01  upper=-5.317861e+01  gap=-2.844903e+00  wall=0.000000e+00s  cpu=0.000000e+00s  provider=0  solves=0  iterations=0
  certificate  stage=STEP 5 LOCAL  major=55  attempt=259  accepted  reason=success  P rel.= 3.964786e-14  objective=-5.033370e+01  upper=-5.317861e+01  gap=-2.844903e+00  wall=0.000000e+00s  cpu=0.000000e+00s  provider=0  solves=0  iterations=0
  certificate  stage=STEP 5 LOCAL  major=55  attempt=260  accepted  reason=success  P rel.=-4.694002e-09  objective=-5.303741e+01  upper=-5.317861e+01  gap=-1.412014e-01  wall=0.000000e+00s  cpu=0.000000e+00s  provider=0  solves=0  iterations=0
  certificate  stage=STEP 5 LOCAL  major=55  attempt=261  accepted  reason=success  P rel.=-5.311935e-09  objective=-5.317861e+01  upper=-5.317861e+01  gap= 1.911360e-11  wall=0.000000e+00s  cpu=0.000000e+00s  provider=0  solves=0  iterations=0
  certificate  stage=STEP 5  complete  reason=step5_complete  wall=1.036405e-01s  cpu=1.036180e-01s  provider=88  solves=6  iterations=75

STEP 6
  certificate  stage=STEP 6  complete  reason=candidate_set  wall=1.840000e-05s  cpu=1.800000e-05s  provider=0  solves=0  iterations=0

STEP 8
  certificate  stage=STEP 8  complete  reason=step8_complete  wall=5.411991e-02s  cpu=5.411400e-02s  provider=99  solves=2  iterations=13

STEP 9
  certificate  stage=STEP 9  failed  objective=-5.317897e+01  upper=-5.317861e+01  gap= 3.625071e-04  wall=0.000000e+00s  cpu=0.000000e+00s  provider=0  solves=0  iterations=0
  certificate  stage=STEP 9  complete  reason=paper_free_energy_convergence_failed  wall=1.533781e-03s  cpu=1.533000e-03s  provider=2  solves=0  iterations=0

STEP 7
  certificate  stage=STEP 7  complete  reason=continue_stage_ii  wall=1.080000e-06s  cpu=1.000000e-06s  provider=0  solves=0  iterations=0

STEP 4
  STAGE II STEP 4  major=56  upper=-5.317861e+01  LP_primal= 1.913492e-11  LP_dual= 2.250977e-14  active_cuts=61  certified
  certificate  stage=STEP 4  complete  reason=step4_complete  wall=3.828570e-04s  cpu=3.840000e-04s  provider=0  solves=1  iterations=1

STEP 5
  certificate  stage=STEP 5 LOCAL  major=56  attempt=262  accepted  reason=success  P rel.= 3.299679e-13  objective=-5.033370e+01  upper=-5.317861e+01  gap=-2.844903e+00  wall=0.000000e+00s  cpu=0.000000e+00s  provider=0  solves=0  iterations=0
  certificate  stage=STEP 5 LOCAL  major=56  attempt=263  accepted  reason=success  P rel.= 5.573685e-14  objective=-5.033370e+01  upper=-5.317861e+01  gap=-2.844903e+00  wall=0.000000e+00s  cpu=0.000000e+00s  provider=0  solves=0  iterations=0
  certificate  stage=STEP 5 LOCAL  major=56  attempt=264  accepted  reason=success  P rel.= 8.130685e-14  objective=-5.033370e+01  upper=-5.317861e+01  gap=-2.844903e+00  wall=0.000000e+00s  cpu=0.000000e+00s  provider=0  solves=0  iterations=0
  certificate  stage=STEP 5 LOCAL  major=56  attempt=265  accepted  reason=success  P rel.=-1.262338e-09  objective=-5.317861e+01  upper=-5.317861e+01  gap= 1.912071e-11  wall=0.000000e+00s  cpu=0.000000e+00s  provider=0  solves=0  iterations=0
  certificate  stage=STEP 5  complete  reason=step5_complete  wall=1.122278e-01s  cpu=1.121730e-01s  provider=99  solves=4  iterations=93

STEP 6
  certificate  stage=STEP 6  complete  reason=candidate_set  wall=1.693000e-05s  cpu=1.700000e-05s  provider=0  solves=0  iterations=0

STEP 8
  certificate  stage=STEP 8  complete  reason=step8_complete  wall=5.094831e-02s  cpu=5.094900e-02s  provider=99  solves=2  iterations=13

STEP 9
  certificate  stage=STEP 9  failed  objective=-5.317897e+01  upper=-5.317861e+01  gap= 3.625071e-04  wall=0.000000e+00s  cpu=0.000000e+00s  provider=0  solves=0  iterations=0
  certificate  stage=STEP 9  complete  reason=paper_free_energy_convergence_failed  wall=1.510471e-03s  cpu=1.510000e-03s  provider=2  solves=0  iterations=0

STEP 7
  certificate  stage=STEP 7  complete  reason=continue_stage_ii  wall=1.100000e-06s  cpu=1.000000e-06s  provider=0  solves=0  iterations=0

STEP 4
  STAGE II STEP 4  major=57  upper=-5.317861e+01  LP_primal= 1.913492e-11  LP_dual= 2.250977e-14  active_cuts=62  certified
  certificate  stage=STEP 4  complete  reason=step4_complete  wall=3.847980e-04s  cpu=3.860000e-04s  provider=0  solves=1  iterations=1

STEP 5
  certificate  stage=STEP 5 LOCAL  major=57  attempt=266  accepted  reason=success  P rel.= 5.114000e-14  objective=-5.033370e+01  upper=-5.317861e+01  gap=-2.844903e+00  wall=0.000000e+00s  cpu=0.000000e+00s  provider=0  solves=0  iterations=0
  certificate  stage=STEP 5 LOCAL  major=57  attempt=267  accepted  reason=success  P rel.= 4.625584e-14  objective=-4.889906e+01  upper=-5.317861e+01  gap=-4.279550e+00  wall=0.000000e+00s  cpu=0.000000e+00s  provider=0  solves=0  iterations=0
  certificate  stage=STEP 5 LOCAL  major=57  attempt=268  accepted  reason=success  P rel.= 5.315112e-14  objective=-4.889906e+01  upper=-5.317861e+01  gap=-4.279550e+00  wall=0.000000e+00s  cpu=0.000000e+00s  provider=0  solves=0  iterations=0
  certificate  stage=STEP 5 LOCAL  major=57  attempt=269  accepted  reason=success  P rel.= 4.568123e-14  objective=-5.033370e+01  upper=-5.317861e+01  gap=-2.844903e+00  wall=0.000000e+00s  cpu=0.000000e+00s  provider=0  solves=0  iterations=0
  certificate  stage=STEP 5 LOCAL  major=57  attempt=270  accepted  reason=success  P rel.=-1.257175e-09  objective=-5.317861e+01  upper=-5.317861e+01  gap= 1.912071e-11  wall=0.000000e+00s  cpu=0.000000e+00s  provider=0  solves=0  iterations=0
  certificate  stage=STEP 5  complete  reason=step5_complete  wall=9.246790e-02s  cpu=9.246900e-02s  provider=87  solves=5  iterations=79

STEP 6
  certificate  stage=STEP 6  complete  reason=candidate_set  wall=1.675000e-05s  cpu=1.700000e-05s  provider=0  solves=0  iterations=0

STEP 8
  certificate  stage=STEP 8  complete  reason=step8_complete  wall=5.360411e-02s  cpu=5.358500e-02s  provider=99  solves=2  iterations=13

STEP 9
  certificate  stage=STEP 9  failed  objective=-5.317897e+01  upper=-5.317861e+01  gap= 3.625071e-04  wall=0.000000e+00s  cpu=0.000000e+00s  provider=0  solves=0  iterations=0
  certificate  stage=STEP 9  complete  reason=paper_free_energy_convergence_failed  wall=1.541121e-03s  cpu=1.541000e-03s  provider=2  solves=0  iterations=0

STEP 7
  certificate  stage=STEP 7  complete  reason=continue_stage_ii  wall=9.900000e-07s  cpu=1.000000e-06s  provider=0  solves=0  iterations=0

STEP 4
  STAGE II STEP 4  major=58  upper=-5.317861e+01  LP_primal= 1.913492e-11  LP_dual= 2.250977e-14  active_cuts=63  certified
  certificate  stage=STEP 4  complete  reason=step4_complete  wall=3.846080e-04s  cpu=3.850000e-04s  provider=0  solves=1  iterations=1

STEP 5
  certificate  stage=STEP 5 LOCAL  major=58  attempt=271  accepted  reason=success  P rel.= 4.841062e-14  objective=-5.033370e+01  upper=-5.317861e+01  gap=-2.844903e+00  wall=0.000000e+00s  cpu=0.000000e+00s  provider=0  solves=0  iterations=0
  certificate  stage=STEP 5 LOCAL  major=58  attempt=272  accepted  reason=success  P rel.= 6.105196e-14  objective=-5.033370e+01  upper=-5.317861e+01  gap=-2.844903e+00  wall=0.000000e+00s  cpu=0.000000e+00s  provider=0  solves=0  iterations=0
  certificate  stage=STEP 5 LOCAL  major=58  attempt=273  accepted  reason=success  P rel.=-7.238034e-08  objective=-5.317861e+01  upper=-5.317861e+01  gap= 1.912071e-11  wall=0.000000e+00s  cpu=0.000000e+00s  provider=0  solves=0  iterations=0
  certificate  stage=STEP 5  complete  reason=step5_complete  wall=6.969765e-02s  cpu=6.967100e-02s  provider=63  solves=3  iterations=60

STEP 6
  certificate  stage=STEP 6  complete  reason=candidate_set  wall=1.782000e-05s  cpu=1.800000e-05s  provider=0  solves=0  iterations=0

STEP 8
  certificate  stage=STEP 8  complete  reason=step8_complete  wall=5.348751e-02s  cpu=5.329000e-02s  provider=99  solves=2  iterations=13

STEP 9
  certificate  stage=STEP 9  failed  objective=-5.317897e+01  upper=-5.317861e+01  gap= 3.625071e-04  wall=0.000000e+00s  cpu=0.000000e+00s  provider=0  solves=0  iterations=0
  certificate  stage=STEP 9  complete  reason=paper_free_energy_convergence_failed  wall=1.640800e-03s  cpu=1.641000e-03s  provider=2  solves=0  iterations=0

STEP 7
  certificate  stage=STEP 7  complete  reason=continue_stage_ii  wall=1.120000e-06s  cpu=1.000000e-06s  provider=0  solves=0  iterations=0

STEP 4
  STAGE II STEP 4  major=59  upper=-5.317861e+01  LP_primal= 1.913492e-11  LP_dual= 2.250977e-14  active_cuts=64  certified
  certificate  stage=STEP 4  complete  reason=step4_complete  wall=4.184770e-04s  cpu=4.190000e-04s  provider=0  solves=1  iterations=1

STEP 5
  certificate  stage=STEP 5 LOCAL  major=59  attempt=274  accepted  reason=success  P rel.= 4.639949e-14  objective=-5.033370e+01  upper=-5.317861e+01  gap=-2.844903e+00  wall=0.000000e+00s  cpu=0.000000e+00s  provider=0  solves=0  iterations=0
  certificate  stage=STEP 5 LOCAL  major=59  attempt=275  accepted  reason=success  P rel.= 6.047736e-14  objective=-4.889906e+01  upper=-5.317861e+01  gap=-4.279550e+00  wall=0.000000e+00s  cpu=0.000000e+00s  provider=0  solves=0  iterations=0
  certificate  stage=STEP 5 LOCAL  major=59  attempt=276  accepted  reason=success  P rel.=-1.240304e-09  objective=-5.317861e+01  upper=-5.317861e+01  gap= 1.911360e-11  wall=0.000000e+00s  cpu=0.000000e+00s  provider=0  solves=0  iterations=0
  certificate  stage=STEP 5  complete  reason=step5_complete  wall=6.177891e-02s  cpu=6.151200e-02s  provider=52  solves=3  iterations=49

STEP 6
  certificate  stage=STEP 6  complete  reason=candidate_set  wall=1.880000e-05s  cpu=1.900000e-05s  provider=0  solves=0  iterations=0

STEP 8
  certificate  stage=STEP 8  complete  reason=step8_complete  wall=5.569558e-02s  cpu=5.547800e-02s  provider=99  solves=2  iterations=13

STEP 9
  certificate  stage=STEP 9  failed  objective=-5.317897e+01  upper=-5.317861e+01  gap= 3.625071e-04  wall=0.000000e+00s  cpu=0.000000e+00s  provider=0  solves=0  iterations=0
  certificate  stage=STEP 9  complete  reason=paper_free_energy_convergence_failed  wall=1.661040e-03s  cpu=1.642000e-03s  provider=2  solves=0  iterations=0

STEP 7
  certificate  stage=STEP 7  complete  reason=continue_stage_ii  wall=1.000000e-06s  cpu=1.000000e-06s  provider=0  solves=0  iterations=0

STEP 4
  STAGE II STEP 4  major=60  upper=-5.317861e+01  LP_primal= 1.913492e-11  LP_dual= 2.250977e-14  active_cuts=65  certified
  certificate  stage=STEP 4  complete  reason=step4_complete  wall=4.222270e-04s  cpu=4.230000e-04s  provider=0  solves=1  iterations=1

STEP 5
  certificate  stage=STEP 5 LOCAL  major=60  attempt=277  accepted  reason=success  P rel.= 1.091753e-13  objective=-5.033370e+01  upper=-5.317861e+01  gap=-2.844903e+00  wall=0.000000e+00s  cpu=0.000000e+00s  provider=0  solves=0  iterations=0
  certificate  stage=STEP 5 LOCAL  major=60  attempt=278  accepted  reason=success  P rel.= 6.378135e-14  objective=-5.033370e+01  upper=-5.317861e+01  gap=-2.844903e+00  wall=0.000000e+00s  cpu=0.000000e+00s  provider=0  solves=0  iterations=0
  certificate  stage=STEP 5 LOCAL  major=60  attempt=279  accepted  reason=success  P rel.= 1.147777e-13  objective=-5.033370e+01  upper=-5.317861e+01  gap=-2.844903e+00  wall=0.000000e+00s  cpu=0.000000e+00s  provider=0  solves=0  iterations=0
  certificate  stage=STEP 5 LOCAL  major=60  attempt=280  accepted  reason=success  P rel.= 5.114000e-14  objective=-5.033370e+01  upper=-5.317861e+01  gap=-2.844903e+00  wall=0.000000e+00s  cpu=0.000000e+00s  provider=0  solves=0  iterations=0
  certificate  stage=STEP 5 LOCAL  major=60  attempt=281  accepted  reason=success  P rel.=-1.272443e-09  objective=-5.317861e+01  upper=-5.317861e+01  gap= 1.912781e-11  wall=0.000000e+00s  cpu=0.000000e+00s  provider=0  solves=0  iterations=0
  certificate  stage=STEP 5  complete  reason=step5_complete  wall=1.253177e-01s  cpu=1.248610e-01s  provider=105  solves=5  iterations=99

STEP 6
  certificate  stage=STEP 6  complete  reason=candidate_set  wall=2.071000e-05s  cpu=2.100000e-05s  provider=0  solves=0  iterations=0

STEP 8
  certificate  stage=STEP 8  complete  reason=step8_complete  wall=5.710403e-02s  cpu=5.688400e-02s  provider=99  solves=2  iterations=13

STEP 9
  certificate  stage=STEP 9  failed  objective=-5.317897e+01  upper=-5.317861e+01  gap= 3.625071e-04  wall=0.000000e+00s  cpu=0.000000e+00s  provider=0  solves=0  iterations=0
  certificate  stage=STEP 9  complete  reason=paper_free_energy_convergence_failed  wall=1.658340e-03s  cpu=1.658000e-03s  provider=2  solves=0  iterations=0

STEP 7
  certificate  stage=STEP 7  complete  reason=continue_stage_ii  wall=1.110000e-06s  cpu=1.000000e-06s  provider=0  solves=0  iterations=0

STEP 4
  STAGE II STEP 4  major=61  upper=-5.317861e+01  LP_primal= 1.913492e-11  LP_dual= 2.250977e-14  active_cuts=66  certified
  certificate  stage=STEP 4  complete  reason=step4_complete  wall=4.369470e-04s  cpu=4.370000e-04s  provider=0  solves=1  iterations=1

STEP 5
  certificate  stage=STEP 5 LOCAL  major=61  attempt=282  accepted  reason=success  P rel.=-3.492143e-09  objective=-5.303741e+01  upper=-5.317861e+01  gap=-1.412014e-01  wall=0.000000e+00s  cpu=0.000000e+00s  provider=0  solves=0  iterations=0
  certificate  stage=STEP 5 LOCAL  major=61  attempt=283  accepted  reason=success  P rel.= 5.114000e-14  objective=-5.033370e+01  upper=-5.317861e+01  gap=-2.844903e+00  wall=0.000000e+00s  cpu=0.000000e+00s  provider=0  solves=0  iterations=0
  certificate  stage=STEP 5 LOCAL  major=61  attempt=284  accepted  reason=success  P rel.=-1.263051e-09  objective=-5.317861e+01  upper=-5.317861e+01  gap= 1.912781e-11  wall=0.000000e+00s  cpu=0.000000e+00s  provider=0  solves=0  iterations=0
  certificate  stage=STEP 5  complete  reason=step5_complete  wall=6.708117e-02s  cpu=6.681800e-02s  provider=57  solves=3  iterations=51

STEP 6
  certificate  stage=STEP 6  complete  reason=candidate_set  wall=1.929900e-05s  cpu=1.900000e-05s  provider=0  solves=0  iterations=0

STEP 8
  certificate  stage=STEP 8  complete  reason=step8_complete  wall=6.417073e-02s  cpu=6.383400e-02s  provider=99  solves=2  iterations=13

STEP 9
  certificate  stage=STEP 9  failed  objective=-5.317897e+01  upper=-5.317861e+01  gap= 3.625071e-04  wall=0.000000e+00s  cpu=0.000000e+00s  provider=0  solves=0  iterations=0
  certificate  stage=STEP 9  complete  reason=paper_free_energy_convergence_failed  wall=3.223961e-03s  cpu=2.935000e-03s  provider=2  solves=0  iterations=0

STEP 7
  certificate  stage=STEP 7  complete  reason=continue_stage_ii  wall=1.900000e-06s  cpu=2.000000e-06s  provider=0  solves=0  iterations=0

STEP 4
  STAGE II STEP 4  major=62  upper=-5.317861e+01  LP_primal= 1.913492e-11  LP_dual= 2.250977e-14  active_cuts=67  certified
  certificate  stage=STEP 4  complete  reason=step4_complete  wall=8.748840e-04s  cpu=7.600000e-04s  provider=0  solves=1  iterations=1

STEP 5
  certificate  stage=STEP 5 LOCAL  major=62  attempt=285  accepted  reason=success  P rel.=-1.261982e-09  objective=-5.317861e+01  upper=-5.317861e+01  gap= 1.912071e-11  wall=0.000000e+00s  cpu=0.000000e+00s  provider=0  solves=0  iterations=0
  certificate  stage=STEP 5  complete  reason=step5_complete  wall=3.252847e-02s  cpu=3.216900e-02s  provider=18  solves=1  iterations=16

STEP 6
  certificate  stage=STEP 6  complete  reason=candidate_set  wall=2.728900e-05s  cpu=2.700000e-05s  provider=0  solves=0  iterations=0

STEP 8
  certificate  stage=STEP 8  complete  reason=step8_complete  wall=7.144280e-02s  cpu=6.723600e-02s  provider=99  solves=2  iterations=13

STEP 9
  certificate  stage=STEP 9  failed  objective=-5.317897e+01  upper=-5.317861e+01  gap= 3.625071e-04  wall=0.000000e+00s  cpu=0.000000e+00s  provider=0  solves=0  iterations=0
  certificate  stage=STEP 9  complete  reason=paper_free_energy_convergence_failed  wall=1.737540e-03s  cpu=1.737000e-03s  provider=2  solves=0  iterations=0

STEP 7
  certificate  stage=STEP 7  complete  reason=continue_stage_ii  wall=1.690000e-06s  cpu=2.000000e-06s  provider=0  solves=0  iterations=0

STEP 4
  STAGE II STEP 4  major=63  upper=-5.317861e+01  LP_primal= 1.913492e-11  LP_dual= 2.250977e-14  active_cuts=68  certified
  certificate  stage=STEP 4  complete  reason=step4_complete  wall=6.729360e-04s  cpu=6.230000e-04s  provider=0  solves=1  iterations=1

STEP 5
  certificate  stage=STEP 5 LOCAL  major=63  attempt=287  accepted  reason=success  P rel.= 2.858668e-13  objective=-5.033370e+01  upper=-5.317861e+01  gap=-2.844903e+00  wall=0.000000e+00s  cpu=0.000000e+00s  provider=0  solves=0  iterations=0
  certificate  stage=STEP 5 LOCAL  major=63  attempt=288  accepted  reason=success  P rel.=-1.258866e-09  objective=-5.317861e+01  upper=-5.317861e+01  gap= 1.910649e-11  wall=0.000000e+00s  cpu=0.000000e+00s  provider=0  solves=0  iterations=0
  certificate  stage=STEP 5  complete  reason=step5_complete  wall=4.596185e-02s  cpu=4.594400e-02s  provider=42  solves=3  iterations=35

STEP 6
  certificate  stage=STEP 6  complete  reason=candidate_set  wall=2.520000e-05s  cpu=2.500000e-05s  provider=0  solves=0  iterations=0

STEP 8
  certificate  stage=STEP 8  complete  reason=step8_complete  wall=5.555851e-02s  cpu=5.552200e-02s  provider=99  solves=2  iterations=13

STEP 9
  certificate  stage=STEP 9  failed  objective=-5.317897e+01  upper=-5.317861e+01  gap= 3.625071e-04  wall=0.000000e+00s  cpu=0.000000e+00s  provider=0  solves=0  iterations=0
  certificate  stage=STEP 9  complete  reason=paper_free_energy_convergence_failed  wall=1.612100e-03s  cpu=1.613000e-03s  provider=2  solves=0  iterations=0

STEP 7
  certificate  stage=STEP 7  complete  reason=continue_stage_ii  wall=1.740000e-06s  cpu=2.000000e-06s  provider=0  solves=0  iterations=0

STEP 4
  STAGE II STEP 4  major=64  upper=-5.317861e+01  LP_primal= 1.913492e-11  LP_dual= 2.250977e-14  active_cuts=69  certified
  certificate  stage=STEP 4  complete  reason=step4_complete  wall=4.284570e-04s  cpu=4.290000e-04s  provider=0  solves=1  iterations=1

STEP 5
  certificate  stage=STEP 5 LOCAL  major=64  attempt=289  accepted  reason=success  P rel.= 4.036612e-14  objective=-5.033370e+01  upper=-5.317861e+01  gap=-2.844903e+00  wall=0.000000e+00s  cpu=0.000000e+00s  provider=0  solves=0  iterations=0
  certificate  stage=STEP 5 LOCAL  major=64  attempt=290  accepted  reason=success  P rel.= 6.277578e-14  objective=-5.033370e+01  upper=-5.317861e+01  gap=-2.844903e+00  wall=0.000000e+00s  cpu=0.000000e+00s  provider=0  solves=0  iterations=0
  certificate  stage=STEP 5 LOCAL  major=64  attempt=291  accepted  reason=success  P rel.=-1.262561e-09  objective=-5.317861e+01  upper=-5.317861e+01  gap= 1.911360e-11  wall=0.000000e+00s  cpu=0.000000e+00s  provider=0  solves=0  iterations=0
  certificate  stage=STEP 5  complete  reason=step5_complete  wall=7.246399e-02s  cpu=7.246500e-02s  provider=62  solves=3  iterations=56

STEP 6
  certificate  stage=STEP 6  complete  reason=candidate_set  wall=2.439000e-05s  cpu=2.400000e-05s  provider=0  solves=0  iterations=0

STEP 8
  certificate  stage=STEP 8  complete  reason=step8_complete  wall=5.356538e-02s  cpu=5.353200e-02s  provider=99  solves=2  iterations=13

STEP 9
  certificate  stage=STEP 9  failed  objective=-5.317897e+01  upper=-5.317861e+01  gap= 3.625071e-04  wall=0.000000e+00s  cpu=0.000000e+00s  provider=0  solves=0  iterations=0
  certificate  stage=STEP 9  complete  reason=paper_free_energy_convergence_failed  wall=1.554721e-03s  cpu=1.555000e-03s  provider=2  solves=0  iterations=0

STEP 7
  certificate  stage=STEP 7  complete  reason=continue_stage_ii  wall=1.770000e-06s  cpu=2.000000e-06s  provider=0  solves=0  iterations=0

STEP 4
  STAGE II STEP 4  major=65  upper=-5.317861e+01  LP_primal= 1.913492e-11  LP_dual= 2.250977e-14  active_cuts=70  certified
  certificate  stage=STEP 4  complete  reason=step4_complete  wall=4.256870e-04s  cpu=4.260000e-04s  provider=0  solves=1  iterations=1

STEP 5
  certificate  stage=STEP 5 LOCAL  major=65  attempt=292  accepted  reason=success  P rel.= 5.114000e-14  objective=-5.033370e+01  upper=-5.317861e+01  gap=-2.844903e+00  wall=0.000000e+00s  cpu=0.000000e+00s  provider=0  solves=0  iterations=0
  certificate  stage=STEP 5 LOCAL  major=65  attempt=293  accepted  reason=success  P rel.=-1.257175e-09  objective=-5.317861e+01  upper=-5.317861e+01  gap= 1.912781e-11  wall=0.000000e+00s  cpu=0.000000e+00s  provider=0  solves=0  iterations=0
  certificate  stage=STEP 5  complete  reason=step5_complete  wall=4.612280e-02s  cpu=4.596700e-02s  provider=42  solves=2  iterations=40

STEP 6
  certificate  stage=STEP 6  complete  reason=candidate_set  wall=2.424000e-05s  cpu=2.400000e-05s  provider=0  solves=0  iterations=0

STEP 8
  certificate  stage=STEP 8  complete  reason=step8_complete  wall=5.135068e-02s  cpu=5.117400e-02s  provider=99  solves=2  iterations=13

STEP 9
  certificate  stage=STEP 9  failed  objective=-5.317897e+01  upper=-5.317861e+01  gap= 3.625071e-04  wall=0.000000e+00s  cpu=0.000000e+00s  provider=0  solves=0  iterations=0
  certificate  stage=STEP 9  complete  reason=paper_free_energy_convergence_failed  wall=1.603210e-03s  cpu=1.603000e-03s  provider=2  solves=0  iterations=0

STEP 7
  certificate  stage=STEP 7  complete  reason=continue_stage_ii  wall=1.650000e-06s  cpu=2.000000e-06s  provider=0  solves=0  iterations=0

STEP 4
  STAGE II STEP 4  major=66  upper=-5.317861e+01  LP_primal= 1.913492e-11  LP_dual= 2.250977e-14  active_cuts=71  certified
  certificate  stage=STEP 4  complete  reason=step4_complete  wall=4.277670e-04s  cpu=4.280000e-04s  provider=0  solves=1  iterations=1

STEP 5
  certificate  stage=STEP 5 LOCAL  major=66  attempt=294  accepted  reason=success  P rel.= 1.190872e-13  objective=-5.033370e+01  upper=-5.317861e+01  gap=-2.844903e+00  wall=0.000000e+00s  cpu=0.000000e+00s  provider=0  solves=0  iterations=0
  certificate  stage=STEP 5 LOCAL  major=66  attempt=295  accepted  reason=success  P rel.=-3.495081e-09  objective=-5.303741e+01  upper=-5.317861e+01  gap=-1.412014e-01  wall=0.000000e+00s  cpu=0.000000e+00s  provider=0  solves=0  iterations=0
  certificate  stage=STEP 5 LOCAL  major=66  attempt=297  accepted  reason=success  P rel.= 4.963166e-13  objective=-5.033370e+01  upper=-5.317861e+01  gap=-2.844903e+00  wall=0.000000e+00s  cpu=0.000000e+00s  provider=0  solves=0  iterations=0
  certificate  stage=STEP 5 LOCAL  major=66  attempt=298  accepted  reason=success  P rel.= 4.568123e-14  objective=-5.033370e+01  upper=-5.317861e+01  gap=-2.844903e+00  wall=0.000000e+00s  cpu=0.000000e+00s  provider=0  solves=0  iterations=0
  certificate  stage=STEP 5 LOCAL  major=66  attempt=299  accepted  reason=success  P rel.=-1.269638e-09  objective=-5.317861e+01  upper=-5.317861e+01  gap= 1.912071e-11  wall=0.000000e+00s  cpu=0.000000e+00s  provider=0  solves=0  iterations=0
  certificate  stage=STEP 5  complete  reason=step5_complete  wall=1.091090e-01s  cpu=1.087310e-01s  provider=102  solves=6  iterations=91

STEP 6
  certificate  stage=STEP 6  complete  reason=candidate_set  wall=3.300000e-05s  cpu=3.300000e-05s  provider=0  solves=0  iterations=0

STEP 8
  certificate  stage=STEP 8  complete  reason=step8_complete  wall=5.196137e-02s  cpu=5.180100e-02s  provider=99  solves=2  iterations=13

STEP 9
  certificate  stage=STEP 9  failed  objective=-5.317897e+01  upper=-5.317861e+01  gap= 3.625071e-04  wall=0.000000e+00s  cpu=0.000000e+00s  provider=0  solves=0  iterations=0
  certificate  stage=STEP 9  complete  reason=paper_free_energy_convergence_failed  wall=1.594021e-03s  cpu=1.577000e-03s  provider=2  solves=0  iterations=0

STEP 7
  certificate  stage=STEP 7  complete  reason=continue_stage_ii  wall=2.080000e-06s  cpu=2.000000e-06s  provider=0  solves=0  iterations=0

STEP 4
  STAGE II STEP 4  major=67  upper=-5.317861e+01  LP_primal= 1.913492e-11  LP_dual= 2.250977e-14  active_cuts=72  certified
  certificate  stage=STEP 4  complete  reason=step4_complete  wall=4.355970e-04s  cpu=4.360000e-04s  provider=0  solves=1  iterations=1

STEP 5
  certificate  stage=STEP 5 LOCAL  major=67  attempt=300  accepted  reason=success  P rel.= 4.481932e-14  objective=-4.889906e+01  upper=-5.317861e+01  gap=-4.279550e+00  wall=0.000000e+00s  cpu=0.000000e+00s  provider=0  solves=0  iterations=0
  certificate  stage=STEP 5 LOCAL  major=67  attempt=301  accepted  reason=success  P rel.= 2.743747e-14  objective=-4.889906e+01  upper=-5.317861e+01  gap=-4.279550e+00  wall=0.000000e+00s  cpu=0.000000e+00s  provider=0  solves=0  iterations=0
  certificate  stage=STEP 5 LOCAL  major=67  attempt=302  accepted  reason=success  P rel.= 5.947180e-14  objective=-5.033370e+01  upper=-5.317861e+01  gap=-2.844903e+00  wall=0.000000e+00s  cpu=0.000000e+00s  provider=0  solves=0  iterations=0
  certificate  stage=STEP 5 LOCAL  major=67  attempt=304  accepted  reason=success  P rel.= 4.050977e-14  objective=-5.033370e+01  upper=-5.317861e+01  gap=-2.844903e+00  wall=0.000000e+00s  cpu=0.000000e+00s  provider=0  solves=0  iterations=0
  certificate  stage=STEP 5 LOCAL  major=67  attempt=305  accepted  reason=success  P rel.= 2.729382e-14  objective=-5.033370e+01  upper=-5.317861e+01  gap=-2.844903e+00  wall=0.000000e+00s  cpu=0.000000e+00s  provider=0  solves=0  iterations=0
  certificate  stage=STEP 5 LOCAL  major=67  attempt=307  accepted  reason=success  P rel.=-1.269416e-09  objective=-5.317861e+01  upper=-5.317861e+01  gap= 1.912781e-11  wall=0.000000e+00s  cpu=0.000000e+00s  provider=0  solves=0  iterations=0
  certificate  stage=STEP 5  complete  reason=step5_complete  wall=1.147401e-01s  cpu=1.143350e-01s  provider=106  solves=8  iterations=93

STEP 6
  certificate  stage=STEP 6  complete  reason=candidate_set  wall=2.180900e-05s  cpu=2.200000e-05s  provider=0  solves=0  iterations=0

STEP 8
  certificate  stage=STEP 8  complete  reason=step8_complete  wall=5.752597e-02s  cpu=5.732100e-02s  provider=99  solves=2  iterations=13

STEP 9
  certificate  stage=STEP 9  failed  objective=-5.317897e+01  upper=-5.317861e+01  gap= 3.625071e-04  wall=0.000000e+00s  cpu=0.000000e+00s  provider=0  solves=0  iterations=0
  certificate  stage=STEP 9  complete  reason=paper_free_energy_convergence_failed  wall=1.756320e-03s  cpu=1.757000e-03s  provider=2  solves=0  iterations=0

STEP 7
  certificate  stage=STEP 7  complete  reason=continue_stage_ii  wall=1.170000e-06s  cpu=1.000000e-06s  provider=0  solves=0  iterations=0

STEP 4
  STAGE II STEP 4  major=68  upper=-5.317861e+01  LP_primal= 1.913492e-11  LP_dual= 2.250977e-14  active_cuts=73  certified
  certificate  stage=STEP 4  complete  reason=step4_complete  wall=4.740670e-04s  cpu=4.520000e-04s  provider=0  solves=1  iterations=1

STEP 5
  certificate  stage=STEP 5 LOCAL  major=68  attempt=308  accepted  reason=success  P rel.= 4.323916e-14  objective=-5.033370e+01  upper=-5.317861e+01  gap=-2.844903e+00  wall=0.000000e+00s  cpu=0.000000e+00s  provider=0  solves=0  iterations=0
  certificate  stage=STEP 5 LOCAL  major=68  attempt=309  accepted  reason=success  P rel.= 5.975910e-14  objective=-5.033370e+01  upper=-5.317861e+01  gap=-2.844903e+00  wall=0.000000e+00s  cpu=0.000000e+00s  provider=0  solves=0  iterations=0
  certificate  stage=STEP 5 LOCAL  major=68  attempt=310  accepted  reason=success  P rel.= 4.697410e-14  objective=-5.033370e+01  upper=-5.317861e+01  gap=-2.844903e+00  wall=0.000000e+00s  cpu=0.000000e+00s  provider=0  solves=0  iterations=0
  certificate  stage=STEP 5 LOCAL  major=68  attempt=311  accepted  reason=success  P rel.= 4.841062e-14  objective=-5.033370e+01  upper=-5.317861e+01  gap=-2.844903e+00  wall=0.000000e+00s  cpu=0.000000e+00s  provider=0  solves=0  iterations=0
  certificate  stage=STEP 5 LOCAL  major=68  attempt=312  accepted  reason=success  P rel.= 3.964786e-14  objective=-5.033370e+01  upper=-5.317861e+01  gap=-2.844903e+00  wall=0.000000e+00s  cpu=0.000000e+00s  provider=0  solves=0  iterations=0
  certificate  stage=STEP 5 LOCAL  major=68  attempt=313  accepted  reason=success  P rel.=-1.264564e-09  objective=-5.317861e+01  upper=-5.317861e+01  gap= 1.912071e-11  wall=0.000000e+00s  cpu=0.000000e+00s  provider=0  solves=0  iterations=0
  certificate  stage=STEP 5  complete  reason=step5_complete  wall=1.553679e-01s  cpu=1.548080e-01s  provider=130  solves=6  iterations=122

STEP 6
  certificate  stage=STEP 6  complete  reason=candidate_set  wall=2.236000e-05s  cpu=2.200000e-05s  provider=0  solves=0  iterations=0

STEP 8
  certificate  stage=STEP 8  complete  reason=step8_complete  wall=5.602492e-02s  cpu=5.583800e-02s  provider=99  solves=2  iterations=13

STEP 9
  certificate  stage=STEP 9  failed  objective=-5.317897e+01  upper=-5.317861e+01  gap= 3.625071e-04  wall=0.000000e+00s  cpu=0.000000e+00s  provider=0  solves=0  iterations=0
  certificate  stage=STEP 9  complete  reason=paper_free_energy_convergence_failed  wall=1.692630e-03s  cpu=1.674000e-03s  provider=2  solves=0  iterations=0

STEP 7
  certificate  stage=STEP 7  complete  reason=continue_stage_ii  wall=9.900000e-07s  cpu=1.000000e-06s  provider=0  solves=0  iterations=0

STEP 4
  STAGE II STEP 4  major=69  upper=-5.317861e+01  LP_primal= 1.913492e-11  LP_dual= 2.250977e-14  active_cuts=74  certified
  certificate  stage=STEP 4  complete  reason=step4_complete  wall=4.444370e-04s  cpu=4.450000e-04s  provider=0  solves=1  iterations=1

STEP 5
  certificate  stage=STEP 5 LOCAL  major=69  attempt=314  accepted  reason=success  P rel.= 5.458764e-14  objective=-5.033370e+01  upper=-5.317861e+01  gap=-2.844903e+00  wall=0.000000e+00s  cpu=0.000000e+00s  provider=0  solves=0  iterations=0
  certificate  stage=STEP 5 LOCAL  major=69  attempt=315  accepted  reason=success  P rel.= 2.844303e-14  objective=-5.033370e+01  upper=-5.317861e+01  gap=-2.844903e+00  wall=0.000000e+00s  cpu=0.000000e+00s  provider=0  solves=0  iterations=0
  certificate  stage=STEP 5 LOCAL  major=69  attempt=316  accepted  reason=success  P rel.= 4.884157e-14  objective=-5.033370e+01  upper=-5.317861e+01  gap=-2.844903e+00  wall=0.000000e+00s  cpu=0.000000e+00s  provider=0  solves=0  iterations=0
  certificate  stage=STEP 5 LOCAL  major=69  attempt=317  accepted  reason=success  P rel.= 4.568123e-14  objective=-5.033370e+01  upper=-5.317861e+01  gap=-2.844903e+00  wall=0.000000e+00s  cpu=0.000000e+00s  provider=0  solves=0  iterations=0
  certificate  stage=STEP 5 LOCAL  major=69  attempt=318  accepted  reason=success  P rel.= 5.386938e-14  objective=-5.033370e+01  upper=-5.317861e+01  gap=-2.844903e+00  wall=0.000000e+00s  cpu=0.000000e+00s  provider=0  solves=0  iterations=0
  certificate  stage=STEP 5 LOCAL  major=69  attempt=319  accepted  reason=success  P rel.= 5.573685e-14  objective=-5.033370e+01  upper=-5.317861e+01  gap=-2.844903e+00  wall=0.000000e+00s  cpu=0.000000e+00s  provider=0  solves=0  iterations=0
  certificate  stage=STEP 5 LOCAL  major=69  attempt=320  accepted  reason=success  P rel.= 6.148292e-14  objective=-5.033370e+01  upper=-5.317861e+01  gap=-2.844903e+00  wall=0.000000e+00s  cpu=0.000000e+00s  provider=0  solves=0  iterations=0
  certificate  stage=STEP 5 LOCAL  major=69  attempt=321  accepted  reason=success  P rel.= 5.438653e-13  objective=-5.033370e+01  upper=-5.317861e+01  gap=-2.844903e+00  wall=0.000000e+00s  cpu=0.000000e+00s  provider=0  solves=0  iterations=0
  certificate  stage=STEP 5 LOCAL  major=69  attempt=322  accepted  reason=success  P rel.= 5.257652e-14  objective=-5.033370e+01  upper=-5.317861e+01  gap=-2.844903e+00  wall=0.000000e+00s  cpu=0.000000e+00s  provider=0  solves=0  iterations=0
  certificate  stage=STEP 5 LOCAL  major=69  attempt=323  accepted  reason=success  P rel.= 5.114000e-14  objective=-4.889906e+01  upper=-5.317861e+01  gap=-4.279550e+00  wall=0.000000e+00s  cpu=0.000000e+00s  provider=0  solves=0  iterations=0
  certificate  stage=STEP 5 LOCAL  major=69  attempt=324  accepted  reason=success  P rel.=-3.491074e-09  objective=-5.303741e+01  upper=-5.317861e+01  gap=-1.412014e-01  wall=0.000000e+00s  cpu=0.000000e+00s  provider=0  solves=0  iterations=0
  certificate  stage=STEP 5 LOCAL  major=69  attempt=325  accepted  reason=success  P rel.= 7.383696e-14  objective=-5.033370e+01  upper=-5.317861e+01  gap=-2.844903e+00  wall=0.000000e+00s  cpu=0.000000e+00s  provider=0  solves=0  iterations=0
  certificate  stage=STEP 5 LOCAL  major=69  attempt=326  accepted  reason=success  P rel.= 4.568123e-14  objective=-5.033370e+01  upper=-5.317861e+01  gap=-2.844903e+00  wall=0.000000e+00s  cpu=0.000000e+00s  provider=0  solves=0  iterations=0
  certificate  stage=STEP 5 LOCAL  major=69  attempt=327  accepted  reason=success  P rel.=-1.259756e-09  objective=-5.317861e+01  upper=-5.317861e+01  gap= 1.912071e-11  wall=0.000000e+00s  cpu=0.000000e+00s  provider=0  solves=0  iterations=0
  certificate  stage=STEP 5  complete  reason=step5_complete  wall=3.532201e-01s  cpu=3.519880e-01s  provider=300  solves=14  iterations=274

STEP 6
  certificate  stage=STEP 6  complete  reason=candidate_set  wall=2.560000e-05s  cpu=2.600000e-05s  provider=0  solves=0  iterations=0

STEP 8
  certificate  stage=STEP 8  complete  reason=step8_complete  wall=5.200384e-02s  cpu=5.184300e-02s  provider=99  solves=2  iterations=13

STEP 9
  certificate  stage=STEP 9  failed  objective=-5.317897e+01  upper=-5.317861e+01  gap= 3.625071e-04  wall=0.000000e+00s  cpu=0.000000e+00s  provider=0  solves=0  iterations=0
  certificate  stage=STEP 9  complete  reason=paper_free_energy_convergence_failed  wall=1.567620e-03s  cpu=1.568000e-03s  provider=2  solves=0  iterations=0

STEP 7
  certificate  stage=STEP 7  complete  reason=continue_stage_ii  wall=1.460000e-06s  cpu=1.000000e-06s  provider=0  solves=0  iterations=0

STEP 4
  STAGE II STEP 4  major=70  upper=-5.317861e+01  LP_primal= 1.913492e-11  LP_dual= 2.250977e-14  active_cuts=75  certified
  certificate  stage=STEP 4  complete  reason=step4_complete  wall=4.168970e-04s  cpu=4.180000e-04s  provider=0  solves=1  iterations=1

STEP 5
  certificate  stage=STEP 5 LOCAL  major=70  attempt=328  accepted  reason=success  P rel.=-9.912606e-09  objective=-5.317861e+01  upper=-5.317861e+01  gap= 1.913492e-11  wall=0.000000e+00s  cpu=0.000000e+00s  provider=0  solves=0  iterations=0
  certificate  stage=STEP 5  complete  reason=step5_complete  wall=2.347614e-02s  cpu=2.341000e-02s  provider=21  solves=1  iterations=20

STEP 6
  certificate  stage=STEP 6  complete  reason=candidate_set  wall=2.309900e-05s  cpu=2.300000e-05s  provider=0  solves=0  iterations=0

STEP 8
  certificate  stage=STEP 8  complete  reason=step8_complete  wall=5.213947e-02s  cpu=5.195500e-02s  provider=99  solves=2  iterations=13

STEP 9
  certificate  stage=STEP 9  failed  objective=-5.317897e+01  upper=-5.317861e+01  gap= 3.625071e-04  wall=0.000000e+00s  cpu=0.000000e+00s  provider=0  solves=0  iterations=0
  certificate  stage=STEP 9  complete  reason=paper_free_energy_convergence_failed  wall=1.722979e-03s  cpu=1.699000e-03s  provider=2  solves=0  iterations=0

STEP 7
  certificate  stage=STEP 7  complete  reason=continue_stage_ii  wall=1.750000e-06s  cpu=1.000000e-06s  provider=0  solves=0  iterations=0

STEP 4
  STAGE II STEP 4  major=71  upper=-5.317861e+01  LP_primal= 5.711343e-11  LP_dual= 8.093526e-14  active_cuts=76  certified
  certificate  stage=STEP 4  complete  reason=step4_complete  wall=4.268480e-04s  cpu=4.270000e-04s  provider=0  solves=1  iterations=1

STEP 5
  certificate  stage=STEP 5 LOCAL  major=71  attempt=329  accepted  reason=success  P rel.= 6.191387e-14  objective=-5.033370e+01  upper=-5.317861e+01  gap=-2.844903e+00  wall=0.000000e+00s  cpu=0.000000e+00s  provider=0  solves=0  iterations=0
  certificate  stage=STEP 5 LOCAL  major=71  attempt=330  accepted  reason=success  P rel.= 6.133927e-14  objective=-5.033370e+01  upper=-5.317861e+01  gap=-2.844903e+00  wall=0.000000e+00s  cpu=0.000000e+00s  provider=0  solves=0  iterations=0
  certificate  stage=STEP 5 LOCAL  major=71  attempt=331  accepted  reason=success  P rel.= 3.562562e-14  objective=-5.033370e+01  upper=-5.317861e+01  gap=-2.844903e+00  wall=0.000000e+00s  cpu=0.000000e+00s  provider=0  solves=0  iterations=0
  certificate  stage=STEP 5 LOCAL  major=71  attempt=332  accepted  reason=success  P rel.= 1.478176e-13  objective=-5.033370e+01  upper=-5.317861e+01  gap=-2.844903e+00  wall=0.000000e+00s  cpu=0.000000e+00s  provider=0  solves=0  iterations=0
  certificate  stage=STEP 5 LOCAL  major=71  attempt=333  accepted  reason=success  P rel.= 5.746067e-14  objective=-5.033370e+01  upper=-5.317861e+01  gap=-2.844903e+00  wall=0.000000e+00s  cpu=0.000000e+00s  provider=0  solves=0  iterations=0
  certificate  stage=STEP 5 LOCAL  major=71  attempt=334  accepted  reason=success  P rel.= 2.105934e-13  objective=-5.033370e+01  upper=-5.317861e+01  gap=-2.844903e+00  wall=0.000000e+00s  cpu=0.000000e+00s  provider=0  solves=0  iterations=0
  certificate  stage=STEP 5 LOCAL  major=71  attempt=335  accepted  reason=success  P rel.= 2.011124e-14  objective=-5.033370e+01  upper=-5.317861e+01  gap=-2.844903e+00  wall=0.000000e+00s  cpu=0.000000e+00s  provider=0  solves=0  iterations=0
  certificate  stage=STEP 5 LOCAL  major=71  attempt=336  accepted  reason=success  P rel.= 5.659876e-14  objective=-5.033370e+01  upper=-5.317861e+01  gap=-2.844903e+00  wall=0.000000e+00s  cpu=0.000000e+00s  provider=0  solves=0  iterations=0
  certificate  stage=STEP 5 LOCAL  major=71  attempt=337  accepted  reason=success  P rel.= 2.657556e-14  objective=-5.033370e+01  upper=-5.317861e+01  gap=-2.844903e+00  wall=0.000000e+00s  cpu=0.000000e+00s  provider=0  solves=0  iterations=0
  certificate  stage=STEP 5 LOCAL  major=71  attempt=338  accepted  reason=success  P rel.= 4.412980e-13  objective=-5.033370e+01  upper=-5.317861e+01  gap=-2.844903e+00  wall=0.000000e+00s  cpu=0.000000e+00s  provider=0  solves=0  iterations=0
  certificate  stage=STEP 5 LOCAL  major=71  attempt=339  accepted  reason=success  P rel.= 2.140410e-14  objective=-4.889905e+01  upper=-5.317861e+01  gap=-4.279555e+00  wall=0.000000e+00s  cpu=0.000000e+00s  provider=0  solves=0  iterations=0
  certificate  stage=STEP 5 LOCAL  major=71  attempt=340  accepted  reason=success  P rel.= 2.686286e-14  objective=-5.033370e+01  upper=-5.317861e+01  gap=-2.844903e+00  wall=0.000000e+00s  cpu=0.000000e+00s  provider=0  solves=0  iterations=0
  certificate  stage=STEP 5 LOCAL  major=71  attempt=341  accepted  reason=success  P rel.= 6.019005e-14  objective=-4.889905e+01  upper=-5.317861e+01  gap=-4.279555e+00  wall=0.000000e+00s  cpu=0.000000e+00s  provider=0  solves=0  iterations=0
  certificate  stage=STEP 5 LOCAL  major=71  attempt=342  accepted  reason=success  P rel.= 4.553758e-14  objective=-5.033370e+01  upper=-5.317861e+01  gap=-2.844903e+00  wall=0.000000e+00s  cpu=0.000000e+00s  provider=0  solves=0  iterations=0
  certificate  stage=STEP 5 LOCAL  major=71  attempt=343  accepted  reason=success  P rel.= 1.070205e-13  objective=-5.033370e+01  upper=-5.317861e+01  gap=-2.844903e+00  wall=0.000000e+00s  cpu=0.000000e+00s  provider=0  solves=0  iterations=0
  certificate  stage=STEP 5 LOCAL  major=71  attempt=344  accepted  reason=success  P rel.= 3.964786e-14  objective=-5.033370e+01  upper=-5.317861e+01  gap=-2.844903e+00  wall=0.000000e+00s  cpu=0.000000e+00s  provider=0  solves=0  iterations=0
  certificate  stage=STEP 5 LOCAL  major=71  attempt=345  accepted  reason=success  P rel.=-1.262605e-09  objective=-5.317861e+01  upper=-5.317861e+01  gap= 8.829915e-11  wall=0.000000e+00s  cpu=0.000000e+00s  provider=0  solves=0  iterations=0
  certificate  stage=STEP 5  complete  reason=step5_complete  wall=4.000351e-01s  cpu=3.987320e-01s  provider=361  solves=17  iterations=337

STEP 6
  certificate  stage=STEP 6  complete  reason=candidate_set  wall=4.296000e-05s  cpu=4.300000e-05s  provider=0  solves=0  iterations=0

STEP 8
  certificate  stage=STEP 8  complete  reason=step8_complete  wall=5.740270e-02s  cpu=5.722500e-02s  provider=99  solves=2  iterations=13

STEP 9
  certificate  stage=STEP 9  failed  objective=-5.317897e+01  upper=-5.317861e+01  gap= 3.625071e-04  wall=0.000000e+00s  cpu=0.000000e+00s  provider=0  solves=0  iterations=0
  certificate  stage=STEP 9  complete  reason=paper_free_energy_convergence_failed  wall=1.716969e-03s  cpu=1.700000e-03s  provider=2  solves=0  iterations=0

STEP 7
  certificate  stage=STEP 7  complete  reason=continue_stage_ii  wall=1.030000e-06s  cpu=1.000000e-06s  provider=0  solves=0  iterations=0

STEP 4
  STAGE II STEP 4  major=72  upper=-5.317861e+01  LP_primal= 3.238654e-11  LP_dual= 1.573741e-14  active_cuts=77  certified
  certificate  stage=STEP 4  complete  reason=step4_complete  wall=4.311980e-04s  cpu=4.310000e-04s  provider=0  solves=1  iterations=1

STEP 5
  certificate  stage=STEP 5 LOCAL  major=72  attempt=346  accepted  reason=success  P rel.= 4.266455e-14  objective=-5.033370e+01  upper=-5.317861e+01  gap=-2.844903e+00  wall=0.000000e+00s  cpu=0.000000e+00s  provider=0  solves=0  iterations=0
  certificate  stage=STEP 5 LOCAL  major=72  attempt=347  accepted  reason=success  P rel.= 3.131607e-14  objective=-5.033370e+01  upper=-5.317861e+01  gap=-2.844903e+00  wall=0.000000e+00s  cpu=0.000000e+00s  provider=0  solves=0  iterations=0
  certificate  stage=STEP 5 LOCAL  major=72  attempt=348  accepted  reason=success  P rel.= 5.746067e-14  objective=-5.033370e+01  upper=-5.317861e+01  gap=-2.844903e+00  wall=0.000000e+00s  cpu=0.000000e+00s  provider=0  solves=0  iterations=0
  certificate  stage=STEP 5 LOCAL  major=72  attempt=349  accepted  reason=success  P rel.= 3.921691e-14  objective=-5.033370e+01  upper=-5.317861e+01  gap=-2.844903e+00  wall=0.000000e+00s  cpu=0.000000e+00s  provider=0  solves=0  iterations=0
  certificate  stage=STEP 5 LOCAL  major=72  attempt=350  accepted  reason=success  P rel.=-1.272265e-09  objective=-5.317861e+01  upper=-5.317861e+01  gap= 3.787193e-11  wall=0.000000e+00s  cpu=0.000000e+00s  provider=0  solves=0  iterations=0
  certificate  stage=STEP 5  complete  reason=step5_complete  wall=1.171897e-01s  cpu=1.167880e-01s  provider=97  solves=5  iterations=88

STEP 6
  certificate  stage=STEP 6  complete  reason=candidate_set  wall=2.165000e-05s  cpu=2.200000e-05s  provider=0  solves=0  iterations=0

STEP 8
  certificate  stage=STEP 8  complete  reason=step8_complete  wall=5.667626e-02s  cpu=5.647500e-02s  provider=99  solves=2  iterations=13

STEP 9
  certificate  stage=STEP 9  failed  objective=-5.317897e+01  upper=-5.317861e+01  gap= 3.625070e-04  wall=0.000000e+00s  cpu=0.000000e+00s  provider=0  solves=0  iterations=0
  certificate  stage=STEP 9  complete  reason=paper_free_energy_convergence_failed  wall=1.893969e-03s  cpu=1.874000e-03s  provider=2  solves=0  iterations=0

STEP 7
  certificate  stage=STEP 7  complete  reason=continue_stage_ii  wall=1.920000e-06s  cpu=2.000000e-06s  provider=0  solves=0  iterations=0

STEP 4
  STAGE II STEP 4  major=73  upper=-5.317861e+01  LP_primal= 3.787193e-11  LP_dual= 1.573741e-14  active_cuts=78  certified
  certificate  stage=STEP 4  complete  reason=step4_complete  wall=4.430870e-04s  cpu=4.430000e-04s  provider=0  solves=1  iterations=1

STEP 5
  certificate  stage=STEP 5 LOCAL  major=73  attempt=351  accepted  reason=success  P rel.= 3.145972e-14  objective=-5.033370e+01  upper=-5.317861e+01  gap=-2.844903e+00  wall=0.000000e+00s  cpu=0.000000e+00s  provider=0  solves=0  iterations=0
  certificate  stage=STEP 5 LOCAL  major=73  attempt=352  accepted  reason=success  P rel.= 1.281373e-13  objective=-5.033370e+01  upper=-5.317861e+01  gap=-2.844903e+00  wall=0.000000e+00s  cpu=0.000000e+00s  provider=0  solves=0  iterations=0
  certificate  stage=STEP 5 LOCAL  major=73  attempt=353  accepted  reason=success  P rel.= 3.189067e-14  objective=-5.033370e+01  upper=-5.317861e+01  gap=-2.844903e+00  wall=0.000000e+00s  cpu=0.000000e+00s  provider=0  solves=0  iterations=0
  certificate  stage=STEP 5 LOCAL  major=73  attempt=354  accepted  reason=success  P rel.= 5.099635e-13  objective=-5.033370e+01  upper=-5.317861e+01  gap=-2.844903e+00  wall=0.000000e+00s  cpu=0.000000e+00s  provider=0  solves=0  iterations=0
  certificate  stage=STEP 5 LOCAL  major=73  attempt=355  accepted  reason=success  P rel.= 1.126229e-13  objective=-5.033370e+01  upper=-5.317861e+01  gap=-2.844903e+00  wall=0.000000e+00s  cpu=0.000000e+00s  provider=0  solves=0  iterations=0
  certificate  stage=STEP 5 LOCAL  major=73  attempt=356  accepted  reason=success  P rel.= 4.481932e-14  objective=-5.033370e+01  upper=-5.317861e+01  gap=-2.844903e+00  wall=0.000000e+00s  cpu=0.000000e+00s  provider=0  solves=0  iterations=0
  certificate  stage=STEP 5 LOCAL  major=73  attempt=357  accepted  reason=success  P rel.= 7.728460e-14  objective=-5.033370e+01  upper=-5.317861e+01  gap=-2.844903e+00  wall=0.000000e+00s  cpu=0.000000e+00s  provider=0  solves=0  iterations=0
  certificate  stage=STEP 5 LOCAL  major=73  attempt=358  accepted  reason=success  P rel.= 4.625584e-14  objective=-5.033370e+01  upper=-5.317861e+01  gap=-2.844903e+00  wall=0.000000e+00s  cpu=0.000000e+00s  provider=0  solves=0  iterations=0
  certificate  stage=STEP 5 LOCAL  major=73  attempt=359  accepted  reason=success  P rel.= 2.251022e-13  objective=-5.033370e+01  upper=-5.317861e+01  gap=-2.844903e+00  wall=0.000000e+00s  cpu=0.000000e+00s  provider=0  solves=0  iterations=0
  certificate  stage=STEP 5 LOCAL  major=73  attempt=360  accepted  reason=success  P rel.= 3.591292e-14  objective=-5.033370e+01  upper=-5.317861e+01  gap=-2.844903e+00  wall=0.000000e+00s  cpu=0.000000e+00s  provider=0  solves=0  iterations=0
  certificate  stage=STEP 5 LOCAL  major=73  attempt=361  accepted  reason=success  P rel.= 5.059412e-13  objective=-5.033370e+01  upper=-5.317861e+01  gap=-2.844903e+00  wall=0.000000e+00s  cpu=0.000000e+00s  provider=0  solves=0  iterations=0
  certificate  stage=STEP 5 LOCAL  major=73  attempt=362  accepted  reason=success  P rel.= 2.440642e-13  objective=-5.033370e+01  upper=-5.317861e+01  gap=-2.844903e+00  wall=0.000000e+00s  cpu=0.000000e+00s  provider=0  solves=0  iterations=0
  certificate  stage=STEP 5 LOCAL  major=73  attempt=363  accepted  reason=success  P rel.=-1.270440e-09  objective=-5.317861e+01  upper=-5.317861e+01  gap= 3.787193e-11  wall=0.000000e+00s  cpu=0.000000e+00s  provider=0  solves=0  iterations=0
  certificate  stage=STEP 5  complete  reason=step5_complete  wall=3.155922e-01s  cpu=3.145460e-01s  provider=277  solves=13  iterations=258

STEP 6
  certificate  stage=STEP 6  complete  reason=candidate_set  wall=2.384900e-05s  cpu=2.400000e-05s  provider=0  solves=0  iterations=0

STEP 8
  certificate  stage=STEP 8  complete  reason=step8_complete  wall=5.313509e-02s  cpu=5.296500e-02s  provider=99  solves=2  iterations=13

STEP 9
  certificate  stage=STEP 9  failed  objective=-5.317897e+01  upper=-5.317861e+01  gap= 3.625071e-04  wall=0.000000e+00s  cpu=0.000000e+00s  provider=0  solves=0  iterations=0
  certificate  stage=STEP 9  complete  reason=paper_free_energy_convergence_failed  wall=1.565140e-03s  cpu=1.565000e-03s  provider=2  solves=0  iterations=0

STEP 7
  certificate  stage=STEP 7  complete  reason=continue_stage_ii  wall=1.180000e-06s  cpu=2.000000e-06s  provider=0  solves=0  iterations=0

STEP 4
  STAGE II STEP 4  major=74  upper=-5.317861e+01  LP_primal= 3.787193e-11  LP_dual= 1.573741e-14  active_cuts=79  certified
  certificate  stage=STEP 4  complete  reason=step4_complete  wall=4.177180e-04s  cpu=4.180000e-04s  provider=0  solves=1  iterations=1

STEP 5
  certificate  stage=STEP 5 LOCAL  major=74  attempt=364  accepted  reason=success  P rel.= 5.717337e-14  objective=-5.033370e+01  upper=-5.317861e+01  gap=-2.844903e+00  wall=0.000000e+00s  cpu=0.000000e+00s  provider=0  solves=0  iterations=0
  certificate  stage=STEP 5 LOCAL  major=74  attempt=365  accepted  reason=success  P rel.= 4.828133e-13  objective=-5.033370e+01  upper=-5.317861e+01  gap=-2.844903e+00  wall=0.000000e+00s  cpu=0.000000e+00s  provider=0  solves=0  iterations=0
  certificate  stage=STEP 5 LOCAL  major=74  attempt=366  accepted  reason=success  P rel.= 3.806770e-14  objective=-5.033370e+01  upper=-5.317861e+01  gap=-2.844903e+00  wall=0.000000e+00s  cpu=0.000000e+00s  provider=0  solves=0  iterations=0
  certificate  stage=STEP 5 LOCAL  major=74  attempt=367  accepted  reason=success  P rel.= 3.720579e-14  objective=-4.889905e+01  upper=-5.317861e+01  gap=-4.279553e+00  wall=0.000000e+00s  cpu=0.000000e+00s  provider=0  solves=0  iterations=0
  certificate  stage=STEP 5 LOCAL  major=74  attempt=368  accepted  reason=success  P rel.=-1.264965e-09  objective=-5.317861e+01  upper=-5.317861e+01  gap= 3.788614e-11  wall=0.000000e+00s  cpu=0.000000e+00s  provider=0  solves=0  iterations=0
  certificate  stage=STEP 5  complete  reason=step5_complete  wall=1.046005e-01s  cpu=1.042400e-01s  provider=97  solves=5  iterations=86

STEP 6
  certificate  stage=STEP 6  complete  reason=candidate_set  wall=2.417000e-05s  cpu=2.400000e-05s  provider=0  solves=0  iterations=0

STEP 8
  certificate  stage=STEP 8  complete  reason=step8_complete  wall=5.296240e-02s  cpu=5.274000e-02s  provider=99  solves=2  iterations=13

STEP 9
  certificate  stage=STEP 9  failed  objective=-5.317897e+01  upper=-5.317861e+01  gap= 3.625071e-04  wall=0.000000e+00s  cpu=0.000000e+00s  provider=0  solves=0  iterations=0
  certificate  stage=STEP 9  complete  reason=paper_free_energy_convergence_failed  wall=1.567870e-03s  cpu=1.568000e-03s  provider=2  solves=0  iterations=0

STEP 7
  certificate  stage=STEP 7  complete  reason=continue_stage_ii  wall=1.850000e-06s  cpu=2.000000e-06s  provider=0  solves=0  iterations=0

STEP 4
  STAGE II STEP 4  major=75  upper=-5.317861e+01  LP_primal= 3.788614e-11  LP_dual= 1.573741e-14  active_cuts=80  certified
  certificate  stage=STEP 4  complete  reason=step4_complete  wall=4.539980e-04s  cpu=4.550000e-04s  provider=0  solves=1  iterations=1

STEP 5
  certificate  stage=STEP 5 LOCAL  major=75  attempt=370  accepted  reason=success  P rel.= 5.358208e-14  objective=-5.033370e+01  upper=-5.317861e+01  gap=-2.844903e+00  wall=0.000000e+00s  cpu=0.000000e+00s  provider=0  solves=0  iterations=0
  certificate  stage=STEP 5 LOCAL  major=75  attempt=371  accepted  reason=success  P rel.= 4.553758e-14  objective=-5.033370e+01  upper=-5.317861e+01  gap=-2.844903e+00  wall=0.000000e+00s  cpu=0.000000e+00s  provider=0  solves=0  iterations=0
  certificate  stage=STEP 5 LOCAL  major=75  attempt=372  accepted  reason=success  P rel.= 4.539393e-14  objective=-5.033370e+01  upper=-5.317861e+01  gap=-2.844903e+00  wall=0.000000e+00s  cpu=0.000000e+00s  provider=0  solves=0  iterations=0
  certificate  stage=STEP 5 LOCAL  major=75  attempt=373  accepted  reason=success  P rel.=-1.270484e-09  objective=-5.317861e+01  upper=-5.317861e+01  gap= 3.787193e-11  wall=0.000000e+00s  cpu=0.000000e+00s  provider=0  solves=0  iterations=0
  certificate  stage=STEP 5  complete  reason=step5_complete  wall=9.880105e-02s  cpu=9.874800e-02s  provider=89  solves=5  iterations=79

STEP 6
  certificate  stage=STEP 6  complete  reason=candidate_set  wall=2.385900e-05s  cpu=2.400000e-05s  provider=0  solves=0  iterations=0

STEP 8
  certificate  stage=STEP 8  complete  reason=step8_complete  wall=5.631908e-02s  cpu=5.632000e-02s  provider=99  solves=2  iterations=13

STEP 9
  certificate  stage=STEP 9  failed  objective=-5.317897e+01  upper=-5.317861e+01  gap= 3.625070e-04  wall=0.000000e+00s  cpu=0.000000e+00s  provider=0  solves=0  iterations=0
  certificate  stage=STEP 9  complete  reason=paper_free_energy_convergence_failed  wall=1.683190e-03s  cpu=1.683000e-03s  provider=2  solves=0  iterations=0

STEP 7
  certificate  stage=STEP 7  complete  reason=continue_stage_ii  wall=1.520000e-06s  cpu=2.000000e-06s  provider=0  solves=0  iterations=0

STEP 4
  STAGE II STEP 4  major=76  upper=-5.317861e+01  LP_primal= 3.788614e-11  LP_dual= 1.573741e-14  active_cuts=81  certified
  certificate  stage=STEP 4  complete  reason=step4_complete  wall=4.623470e-04s  cpu=4.630000e-04s  provider=0  solves=1  iterations=1

STEP 5
  certificate  stage=STEP 5 LOCAL  major=76  attempt=374  accepted  reason=success  P rel.= 5.717337e-14  objective=-5.033370e+01  upper=-5.317861e+01  gap=-2.844903e+00  wall=0.000000e+00s  cpu=0.000000e+00s  provider=0  solves=0  iterations=0
  certificate  stage=STEP 5 LOCAL  major=76  attempt=376  accepted  reason=success  P rel.= 3.993517e-14  objective=-5.033370e+01  upper=-5.317861e+01  gap=-2.844903e+00  wall=0.000000e+00s  cpu=0.000000e+00s  provider=0  solves=0  iterations=0
  certificate  stage=STEP 5 LOCAL  major=76  attempt=377  accepted  reason=success  P rel.= 3.936056e-14  objective=-5.033370e+01  upper=-5.317861e+01  gap=-2.844903e+00  wall=0.000000e+00s  cpu=0.000000e+00s  provider=0  solves=0  iterations=0
  certificate  stage=STEP 5 LOCAL  major=76  attempt=378  accepted  reason=success  P rel.= 5.358208e-14  objective=-5.033370e+01  upper=-5.317861e+01  gap=-2.844903e+00  wall=0.000000e+00s  cpu=0.000000e+00s  provider=0  solves=0  iterations=0
  certificate  stage=STEP 5 LOCAL  major=76  attempt=379  accepted  reason=success  P rel.=-1.265009e-09  objective=-5.317861e+01  upper=-5.317861e+01  gap= 3.787903e-11  wall=0.000000e+00s  cpu=0.000000e+00s  provider=0  solves=0  iterations=0
  certificate  stage=STEP 5  complete  reason=step5_complete  wall=1.212548e-01s  cpu=1.212510e-01s  provider=103  solves=6  iterations=92

STEP 6
  certificate  stage=STEP 6  complete  reason=candidate_set  wall=2.617000e-05s  cpu=2.700000e-05s  provider=0  solves=0  iterations=0

STEP 8
  certificate  stage=STEP 8  complete  reason=step8_complete  wall=5.646422e-02s  cpu=5.646600e-02s  provider=99  solves=2  iterations=13

STEP 9
  certificate  stage=STEP 9  failed  objective=-5.317897e+01  upper=-5.317861e+01  gap= 3.625070e-04  wall=0.000000e+00s  cpu=0.000000e+00s  provider=0  solves=0  iterations=0
  certificate  stage=STEP 9  complete  reason=paper_free_energy_convergence_failed  wall=1.807329e-03s  cpu=1.808000e-03s  provider=2  solves=0  iterations=0

STEP 7
  certificate  stage=STEP 7  complete  reason=continue_stage_ii  wall=1.110000e-06s  cpu=1.000000e-06s  provider=0  solves=0  iterations=0

STEP 4
  STAGE II STEP 4  major=77  upper=-5.317861e+01  LP_primal= 3.788614e-11  LP_dual= 1.573741e-14  active_cuts=82  certified
  certificate  stage=STEP 4  complete  reason=step4_complete  wall=4.717870e-04s  cpu=4.720000e-04s  provider=0  solves=1  iterations=1

STEP 5
  certificate  stage=STEP 5 LOCAL  major=77  attempt=380  accepted  reason=success  P rel.= 4.266455e-14  objective=-5.033370e+01  upper=-5.317861e+01  gap=-2.844903e+00  wall=0.000000e+00s  cpu=0.000000e+00s  provider=0  solves=0  iterations=0
  certificate  stage=STEP 5 LOCAL  major=77  attempt=382  accepted  reason=success  P rel.= 3.792404e-14  objective=-4.889905e+01  upper=-5.317861e+01  gap=-4.279553e+00  wall=0.000000e+00s  cpu=0.000000e+00s  provider=0  solves=0  iterations=0
  certificate  stage=STEP 5 LOCAL  major=77  attempt=383  accepted  reason=success  P rel.= 5.171460e-14  objective=-5.033370e+01  upper=-5.317861e+01  gap=-2.844903e+00  wall=0.000000e+00s  cpu=0.000000e+00s  provider=0  solves=0  iterations=0
  certificate  stage=STEP 5 LOCAL  major=77  attempt=384  accepted  reason=success  P rel.= 5.300747e-14  objective=-5.033370e+01  upper=-5.317861e+01  gap=-2.844903e+00  wall=0.000000e+00s  cpu=0.000000e+00s  provider=0  solves=0  iterations=0
  certificate  stage=STEP 5 LOCAL  major=77  attempt=385  accepted  reason=success  P rel.=-1.271063e-09  objective=-5.317861e+01  upper=-5.317861e+01  gap= 3.786482e-11  wall=0.000000e+00s  cpu=0.000000e+00s  provider=0  solves=0  iterations=0
  certificate  stage=STEP 5  complete  reason=step5_complete  wall=1.200598e-01s  cpu=1.200610e-01s  provider=102  solves=6  iterations=88

STEP 6
  certificate  stage=STEP 6  complete  reason=candidate_set  wall=2.404000e-05s  cpu=2.400000e-05s  provider=0  solves=0  iterations=0

STEP 8
  certificate  stage=STEP 8  complete  reason=step8_complete  wall=5.639372e-02s  cpu=5.638800e-02s  provider=99  solves=2  iterations=13

STEP 9
  certificate  stage=STEP 9  failed  objective=-5.317897e+01  upper=-5.317861e+01  gap= 3.625070e-04  wall=0.000000e+00s  cpu=0.000000e+00s  provider=0  solves=0  iterations=0
  certificate  stage=STEP 9  complete  reason=paper_free_energy_convergence_failed  wall=1.674870e-03s  cpu=1.675000e-03s  provider=2  solves=0  iterations=0

STEP 7
  certificate  stage=STEP 7  complete  reason=continue_stage_ii  wall=1.100000e-06s  cpu=1.000000e-06s  provider=0  solves=0  iterations=0

STEP 4
  STAGE II STEP 4  major=78  upper=-5.317861e+01  LP_primal= 3.788614e-11  LP_dual= 1.573741e-14  active_cuts=83  certified
  certificate  stage=STEP 4  complete  reason=step4_complete  wall=4.738570e-04s  cpu=4.740000e-04s  provider=0  solves=1  iterations=1

STEP 5
  certificate  stage=STEP 5 LOCAL  major=78  attempt=386  accepted  reason=success  P rel.= 5.142730e-14  objective=-5.033370e+01  upper=-5.317861e+01  gap=-2.844903e+00  wall=0.000000e+00s  cpu=0.000000e+00s  provider=0  solves=0  iterations=0
  certificate  stage=STEP 5 LOCAL  major=78  attempt=388  accepted  reason=success  P rel.= 3.131607e-14  objective=-5.033370e+01  upper=-5.317861e+01  gap=-2.844903e+00  wall=0.000000e+00s  cpu=0.000000e+00s  provider=0  solves=0  iterations=0
  certificate  stage=STEP 5 LOCAL  major=78  attempt=389  accepted  reason=success  P rel.= 6.909646e-14  objective=-5.033370e+01  upper=-5.317861e+01  gap=-2.844903e+00  wall=0.000000e+00s  cpu=0.000000e+00s  provider=0  solves=0  iterations=0
  certificate  stage=STEP 5 LOCAL  major=78  attempt=390  accepted  reason=success  P rel.= 4.266455e-14  objective=-5.033370e+01  upper=-5.317861e+01  gap=-2.844903e+00  wall=0.000000e+00s  cpu=0.000000e+00s  provider=0  solves=0  iterations=0
  certificate  stage=STEP 5 LOCAL  major=78  attempt=391  accepted  reason=success  P rel.= 3.979152e-14  objective=-4.889905e+01  upper=-5.317861e+01  gap=-4.279553e+00  wall=0.000000e+00s  cpu=0.000000e+00s  provider=0  solves=0  iterations=0
  certificate  stage=STEP 5 LOCAL  major=78  attempt=392  accepted  reason=success  P rel.= 1.301484e-13  objective=-5.033370e+01  upper=-5.317861e+01  gap=-2.844903e+00  wall=0.000000e+00s  cpu=0.000000e+00s  provider=0  solves=0  iterations=0
  certificate  stage=STEP 5 LOCAL  major=78  attempt=393  accepted  reason=success  P rel.= 3.936056e-14  objective=-5.033370e+01  upper=-5.317861e+01  gap=-2.844903e+00  wall=0.000000e+00s  cpu=0.000000e+00s  provider=0  solves=0  iterations=0
  certificate  stage=STEP 5 LOCAL  major=78  attempt=394  accepted  reason=success  P rel.= 4.927253e-14  objective=-5.033370e+01  upper=-5.317861e+01  gap=-2.844903e+00  wall=0.000000e+00s  cpu=0.000000e+00s  provider=0  solves=0  iterations=0
  certificate  stage=STEP 5 LOCAL  major=78  attempt=395  accepted  reason=success  P rel.= 6.406865e-14  objective=-5.033370e+01  upper=-5.317861e+01  gap=-2.844903e+00  wall=0.000000e+00s  cpu=0.000000e+00s  provider=0  solves=0  iterations=0
  certificate  stage=STEP 5 LOCAL  major=78  attempt=396  accepted  reason=success  P rel.= 4.553758e-14  objective=-5.033370e+01  upper=-5.317861e+01  gap=-2.844903e+00  wall=0.000000e+00s  cpu=0.000000e+00s  provider=0  solves=0  iterations=0
  certificate  stage=STEP 5 LOCAL  major=78  attempt=397  accepted  reason=success  P rel.=-3.919381e-09  objective=-5.303741e+01  upper=-5.317861e+01  gap=-1.411978e-01  wall=0.000000e+00s  cpu=0.000000e+00s  provider=0  solves=0  iterations=0
  certificate  stage=STEP 5 LOCAL  major=78  attempt=398  accepted  reason=success  P rel.= 4.338281e-14  objective=-5.033370e+01  upper=-5.317861e+01  gap=-2.844903e+00  wall=0.000000e+00s  cpu=0.000000e+00s  provider=0  solves=0  iterations=0
  certificate  stage=STEP 5 LOCAL  major=78  attempt=399  accepted  reason=success  P rel.= 4.481932e-14  objective=-5.033370e+01  upper=-5.317861e+01  gap=-2.844903e+00  wall=0.000000e+00s  cpu=0.000000e+00s  provider=0  solves=0  iterations=0
  certificate  stage=STEP 5 LOCAL  major=78  attempt=400  accepted  reason=success  P rel.=-5.924482e-09  objective=-5.317861e+01  upper=-5.317861e+01  gap= 3.785772e-11  wall=0.000000e+00s  cpu=0.000000e+00s  provider=0  solves=0  iterations=0
  certificate  stage=STEP 5  complete  reason=step5_complete  wall=3.619124e-01s  cpu=3.618760e-01s  provider=317  solves=15  iterations=291

STEP 6
  certificate  stage=STEP 6  complete  reason=candidate_set  wall=2.330000e-05s  cpu=2.300000e-05s  provider=0  solves=0  iterations=0

STEP 8
  certificate  stage=STEP 8  complete  reason=step8_complete  wall=5.250210e-02s  cpu=5.250300e-02s  provider=99  solves=2  iterations=13

STEP 9
  certificate  stage=STEP 9  failed  objective=-5.317897e+01  upper=-5.317861e+01  gap= 3.625070e-04  wall=0.000000e+00s  cpu=0.000000e+00s  provider=0  solves=0  iterations=0
  certificate  stage=STEP 9  complete  reason=paper_free_energy_convergence_failed  wall=1.563841e-03s  cpu=1.564000e-03s  provider=2  solves=0  iterations=0

STEP 7
  certificate  stage=STEP 7  complete  reason=continue_stage_ii  wall=1.460000e-06s  cpu=1.000000e-06s  provider=0  solves=0  iterations=0

STEP 4
  STAGE II STEP 4  major=79  upper=-5.317861e+01  LP_primal= 3.788614e-11  LP_dual= 1.573741e-14  active_cuts=84  certified
  certificate  stage=STEP 4  complete  reason=step4_complete  wall=4.360370e-04s  cpu=4.370000e-04s  provider=0  solves=1  iterations=1

STEP 5
  certificate  stage=STEP 5 LOCAL  major=79  attempt=401  accepted  reason=success  P rel.= 1.755424e-13  objective=-5.033370e+01  upper=-5.317861e+01  gap=-2.844903e+00  wall=0.000000e+00s  cpu=0.000000e+00s  provider=0  solves=0  iterations=0
  certificate  stage=STEP 5 LOCAL  major=79  attempt=402  accepted  reason=success  P rel.= 3.189067e-14  objective=-5.033370e+01  upper=-5.317861e+01  gap=-2.844903e+00  wall=0.000000e+00s  cpu=0.000000e+00s  provider=0  solves=0  iterations=0
  certificate  stage=STEP 5 LOCAL  major=79  attempt=403  accepted  reason=success  P rel.=-1.268793e-09  objective=-5.317861e+01  upper=-5.317861e+01  gap= 3.787903e-11  wall=0.000000e+00s  cpu=0.000000e+00s  provider=0  solves=0  iterations=0
  certificate  stage=STEP 5  complete  reason=step5_complete  wall=6.749150e-02s  cpu=6.747400e-02s  provider=62  solves=3  iterations=54

STEP 6
  certificate  stage=STEP 6  complete  reason=candidate_set  wall=4.872000e-05s  cpu=4.900000e-05s  provider=0  solves=0  iterations=0

STEP 8
  certificate  stage=STEP 8  complete  reason=step8_complete  wall=5.431722e-02s  cpu=5.428300e-02s  provider=99  solves=2  iterations=13

STEP 9
  certificate  stage=STEP 9  failed  objective=-5.317897e+01  upper=-5.317861e+01  gap= 3.625070e-04  wall=0.000000e+00s  cpu=0.000000e+00s  provider=0  solves=0  iterations=0
  certificate  stage=STEP 9  complete  reason=paper_free_energy_convergence_failed  wall=1.567331e-03s  cpu=1.567000e-03s  provider=2  solves=0  iterations=0

STEP 7
  certificate  stage=STEP 7  indeterminate  reason=stage_ii_major_iteration_limit  wall=1.170000e-06s  cpu=1.000000e-06s  provider=0  solves=0  iterations=0
