HELD2.0  case=installed-held2-paper-rewrite  T=2.981500e+02 K  P=1.013000e+05 Pa

STEP 1
  certificate  stage=STEP 1  complete  reason=step1_complete  wall=2.018900e-05s  cpu=1.900000e-05s  provider=1  solves=0  iterations=0

STEP 2

REFERENCE PRESSURE ROOTS
  root   0  V= 3.113414e-05  P rel.=-2.185766e-09  G/RT=-5.042857e+01  strict_stable
  root   1  V= 7.547352e-04  P rel.=-7.143741e-10  G/RT=-4.615935e+01  unstable
  root   2  V= 1.982375e-02  P rel.=-1.428717e-10  G/RT=-4.706931e+01  strict_stable
  selected root 0  status=selected
  eval     1  TPD=-2.131628e-01  P rel.=-6.133651e-09  V= 4.695210e-05  certified
  certificate  stage=STEP 2  complete  reason=negative_tpd_witness  wall=5.292956e-01s  cpu=5.209150e-01s  provider=549  solves=1  iterations=1

STEP 3
  certificate  stage=STEP 3  complete  reason=step3_complete  wall=8.826403e-01s  cpu=8.824570e-01s  provider=4  solves=0  iterations=0

STEP 4
  STAGE II STEP 4  major=0  upper=-5.044926e+01  LP_primal= 0.000000e+00  LP_dual= 3.469447e-18  active_cuts=5  certified
  certificate  stage=STEP 4  complete  reason=step4_complete  wall=3.916680e-04s  cpu=3.920000e-04s  provider=0  solves=1  iterations=1

STEP 5
  certificate  stage=STEP 5 LOCAL  major=0  attempt=0  accepted  reason=success  P rel.=-9.143546e-04  objective=-5.156123e+01  upper=-5.044926e+01  gap= 1.111974e+00  wall=0.000000e+00s  cpu=0.000000e+00s  provider=0  solves=0  iterations=0
  certificate  stage=STEP 5  complete  reason=step5_complete  wall=3.169436e-02s  cpu=3.169500e-02s  provider=154  solves=1  iterations=23

STEP 6
  certificate  stage=STEP 6  complete  reason=candidate_set  wall=2.890000e-06s  cpu=3.000000e-06s  provider=0  solves=0  iterations=0

STEP 8
  certificate  stage=STEP 8  complete  reason=problem_67_infeasible  wall=2.426790e-04s  cpu=2.440000e-04s  provider=2  solves=1  iterations=0

STEP 7
  certificate  stage=STEP 7  complete  reason=continue_stage_ii  wall=1.010000e-06s  cpu=1.000000e-06s  provider=0  solves=0  iterations=0

STEP 4
  STAGE II STEP 4  major=1  upper=-5.051868e+01  LP_primal= 2.842171e-14  LP_dual= 2.081668e-17  active_cuts=6  certified
  certificate  stage=STEP 4  complete  reason=step4_complete  wall=1.847490e-04s  cpu=1.850000e-04s  provider=0  solves=1  iterations=1

STEP 5
  certificate  stage=STEP 5 LOCAL  major=1  attempt=1  accepted  reason=success  P rel.=-9.741599e-08  objective=-5.106266e+01  upper=-5.051868e+01  gap= 5.439734e-01  wall=0.000000e+00s  cpu=0.000000e+00s  provider=0  solves=0  iterations=0
  certificate  stage=STEP 5  complete  reason=step5_complete  wall=3.093844e-02s  cpu=3.093900e-02s  provider=26  solves=1  iterations=23

STEP 6
  certificate  stage=STEP 6  complete  reason=insufficient_candidates  wall=2.290000e-06s  cpu=3.000000e-06s  provider=0  solves=0  iterations=0

STEP 7
  certificate  stage=STEP 7  complete  reason=continue_stage_ii  wall=9.900000e-07s  cpu=1.000000e-06s  provider=0  solves=0  iterations=0

STEP 4
  STAGE II STEP 4  major=2  upper=-5.085126e+01  LP_primal= 0.000000e+00  LP_dual= 1.387779e-17  active_cuts=7  certified
  certificate  stage=STEP 4  complete  reason=step4_complete  wall=2.496190e-04s  cpu=2.500000e-04s  provider=0  solves=1  iterations=1

STEP 5
  certificate  stage=STEP 5 LOCAL  major=2  attempt=2  accepted  reason=success  P rel.= 6.277578e-14  objective=-4.800688e+01  upper=-5.085126e+01  gap=-2.844383e+00  wall=0.000000e+00s  cpu=0.000000e+00s  provider=0  solves=0  iterations=0
  certificate  stage=STEP 5 LOCAL  major=2  attempt=3  accepted  reason=success  P rel.= 6.191387e-14  objective=-4.800688e+01  upper=-5.085126e+01  gap=-2.844383e+00  wall=0.000000e+00s  cpu=0.000000e+00s  provider=0  solves=0  iterations=0
  certificate  stage=STEP 5 LOCAL  major=2  attempt=4  accepted  reason=success  P rel.=-1.190405e-09  objective=-5.121570e+01  upper=-5.085126e+01  gap= 3.644329e-01  wall=0.000000e+00s  cpu=0.000000e+00s  provider=0  solves=0  iterations=0
  certificate  stage=STEP 5  complete  reason=step5_complete  wall=8.285827e-02s  cpu=8.285400e-02s  provider=67  solves=3  iterations=64

STEP 6
  certificate  stage=STEP 6  complete  reason=candidate_set  wall=2.880000e-06s  cpu=3.000000e-06s  provider=0  solves=0  iterations=0

STEP 8
  certificate  stage=STEP 8  complete  reason=problem_67_infeasible  wall=1.069990e-04s  cpu=1.070000e-04s  provider=2  solves=1  iterations=0

STEP 7
  certificate  stage=STEP 7  complete  reason=continue_stage_ii  wall=1.040000e-06s  cpu=1.000000e-06s  provider=0  solves=0  iterations=0

STEP 4
  STAGE II STEP 4  major=3  upper=-5.091251e+01  LP_primal= 0.000000e+00  LP_dual= 9.714451e-17  active_cuts=8  certified
  certificate  stage=STEP 4  complete  reason=step4_complete  wall=2.444280e-04s  cpu=2.440000e-04s  provider=0  solves=1  iterations=1

STEP 5
  certificate  stage=STEP 5 LOCAL  major=3  attempt=5  accepted  reason=success  P rel.= 3.576927e-14  objective=-4.806745e+01  upper=-5.091251e+01  gap=-2.845052e+00  wall=0.000000e+00s  cpu=0.000000e+00s  provider=0  solves=0  iterations=0
  certificate  stage=STEP 5 LOCAL  major=3  attempt=6  accepted  reason=success  P rel.=-1.038614e-09  objective=-5.100950e+01  upper=-5.091251e+01  gap= 9.699389e-02  wall=0.000000e+00s  cpu=0.000000e+00s  provider=0  solves=0  iterations=0
  certificate  stage=STEP 5  complete  reason=step5_complete  wall=4.953069e-02s  cpu=4.953100e-02s  provider=41  solves=2  iterations=36

STEP 6
  certificate  stage=STEP 6  complete  reason=candidate_set  wall=3.010000e-06s  cpu=3.000000e-06s  provider=0  solves=0  iterations=0

STEP 8
  certificate  stage=STEP 8  complete  reason=step8_complete  wall=5.150665e-02s  cpu=5.150700e-02s  provider=90  solves=1  iterations=11

STEP 9
  certificate  stage=STEP 9  failed  objective=-5.091341e+01  upper=-5.091251e+01  gap= 8.987958e-04  wall=0.000000e+00s  cpu=0.000000e+00s  provider=0  solves=0  iterations=0
  certificate  stage=STEP 9  complete  reason=paper_free_energy_convergence_failed  wall=2.271536e-03s  cpu=2.272000e-03s  provider=3  solves=0  iterations=0

STEP 7
  certificate  stage=STEP 7  complete  reason=continue_stage_ii  wall=9.400000e-07s  cpu=1.000000e-06s  provider=0  solves=0  iterations=0

STEP 4
  STAGE II STEP 4  major=4  upper=-5.092576e+01  LP_primal= 7.105427e-15  LP_dual= 5.551115e-17  active_cuts=9  certified
  certificate  stage=STEP 4  complete  reason=step4_complete  wall=2.489990e-04s  cpu=2.490000e-04s  provider=0  solves=1  iterations=1

STEP 5
  certificate  stage=STEP 5 LOCAL  major=4  attempt=7  accepted  reason=success  P rel.=-1.108545e-09  objective=-5.095021e+01  upper=-5.092576e+01  gap= 2.445155e-02  wall=0.000000e+00s  cpu=0.000000e+00s  provider=0  solves=0  iterations=0
  certificate  stage=STEP 5  complete  reason=step5_complete  wall=2.267727e-02s  cpu=2.261400e-02s  provider=21  solves=1  iterations=16

STEP 6
  certificate  stage=STEP 6  complete  reason=candidate_set  wall=3.030000e-06s  cpu=3.000000e-06s  provider=0  solves=0  iterations=0

STEP 8
  certificate  stage=STEP 8  complete  reason=step8_complete  wall=5.282299e-02s  cpu=5.274700e-02s  provider=93  solves=1  iterations=11

STEP 9
  certificate  stage=STEP 9  failed  objective=-5.092636e+01  upper=-5.092576e+01  gap= 5.934773e-04  wall=0.000000e+00s  cpu=0.000000e+00s  provider=0  solves=0  iterations=0
  certificate  stage=STEP 9  complete  reason=paper_free_energy_convergence_failed  wall=2.306406e-03s  cpu=2.306000e-03s  provider=3  solves=0  iterations=0

STEP 7
  certificate  stage=STEP 7  complete  reason=continue_stage_ii  wall=1.040000e-06s  cpu=1.000000e-06s  provider=0  solves=0  iterations=0

STEP 4
  STAGE II STEP 4  major=5  upper=-5.093082e+01  LP_primal= 0.000000e+00  LP_dual= 2.775558e-17  active_cuts=10  certified
  certificate  stage=STEP 4  complete  reason=step4_complete  wall=2.697880e-04s  cpu=2.700000e-04s  provider=0  solves=1  iterations=1

STEP 5
  certificate  stage=STEP 5 LOCAL  major=5  attempt=8  accepted  reason=success  P rel.= 4.007882e-14  objective=-4.678243e+01  upper=-5.093082e+01  gap=-4.148382e+00  wall=0.000000e+00s  cpu=0.000000e+00s  provider=0  solves=0  iterations=0
  certificate  stage=STEP 5 LOCAL  major=5  attempt=9  accepted  reason=success  P rel.= 2.621643e-13  objective=-4.808578e+01  upper=-5.093082e+01  gap=-2.845035e+00  wall=0.000000e+00s  cpu=0.000000e+00s  provider=0  solves=0  iterations=0
  certificate  stage=STEP 5 LOCAL  major=5  attempt=10  accepted  reason=success  P rel.= 5.588050e-14  objective=-4.678243e+01  upper=-5.093082e+01  gap=-4.148382e+00  wall=0.000000e+00s  cpu=0.000000e+00s  provider=0  solves=0  iterations=0
  certificate  stage=STEP 5 LOCAL  major=5  attempt=11  accepted  reason=success  P rel.= 5.796345e-13  objective=-4.808578e+01  upper=-5.093082e+01  gap=-2.845035e+00  wall=0.000000e+00s  cpu=0.000000e+00s  provider=0  solves=0  iterations=0
  certificate  stage=STEP 5 LOCAL  major=5  attempt=12  accepted  reason=success  P rel.= 3.548197e-14  objective=-4.808578e+01  upper=-5.093082e+01  gap=-2.845035e+00  wall=0.000000e+00s  cpu=0.000000e+00s  provider=0  solves=0  iterations=0
  certificate  stage=STEP 5 LOCAL  major=5  attempt=13  accepted  reason=success  P rel.=-1.079255e-09  objective=-5.093702e+01  upper=-5.093082e+01  gap= 6.201425e-03  wall=0.000000e+00s  cpu=0.000000e+00s  provider=0  solves=0  iterations=0
  certificate  stage=STEP 5  complete  reason=step5_complete  wall=1.249953e-01s  cpu=1.249640e-01s  provider=114  solves=6  iterations=103

STEP 6
  certificate  stage=STEP 6  complete  reason=candidate_set  wall=3.850000e-06s  cpu=4.000000e-06s  provider=0  solves=0  iterations=0

STEP 8
  certificate  stage=STEP 8  complete  reason=problem_67_infeasible  wall=2.855180e-04s  cpu=2.860000e-04s  provider=3  solves=1  iterations=0

STEP 7
  certificate  stage=STEP 7  complete  reason=continue_stage_ii  wall=1.050000e-06s  cpu=0.000000e+00s  provider=0  solves=0  iterations=0

STEP 4
  STAGE II STEP 4  major=6  upper=-5.093125e+01  LP_primal= 0.000000e+00  LP_dual= 5.551115e-17  active_cuts=11  certified
  certificate  stage=STEP 4  complete  reason=step4_complete  wall=2.347790e-04s  cpu=2.350000e-04s  provider=0  solves=1  iterations=1

STEP 5
  certificate  stage=STEP 5 LOCAL  major=6  attempt=14  accepted  reason=success  P rel.= 4.395741e-14  objective=-4.808625e+01  upper=-5.093125e+01  gap=-2.845009e+00  wall=0.000000e+00s  cpu=0.000000e+00s  provider=0  solves=0  iterations=0
  certificate  stage=STEP 5 LOCAL  major=6  attempt=15  accepted  reason=success  P rel.= 5.717337e-14  objective=-4.808625e+01  upper=-5.093125e+01  gap=-2.845009e+00  wall=0.000000e+00s  cpu=0.000000e+00s  provider=0  solves=0  iterations=0
  certificate  stage=STEP 5 LOCAL  major=6  attempt=16  accepted  reason=success  P rel.=-1.090250e-09  objective=-5.093280e+01  upper=-5.093125e+01  gap= 1.549125e-03  wall=0.000000e+00s  cpu=0.000000e+00s  provider=0  solves=0  iterations=0
  certificate  stage=STEP 5  complete  reason=step5_complete  wall=8.870865e-02s  cpu=8.867800e-02s  provider=64  solves=3  iterations=58

STEP 6
  certificate  stage=STEP 6  complete  reason=candidate_set  wall=4.650000e-06s  cpu=5.000000e-06s  provider=0  solves=0  iterations=0

STEP 8
  certificate  stage=STEP 8  complete  reason=step8_complete  wall=7.855083e-02s  cpu=7.855200e-02s  provider=166  solves=2  iterations=16

STEP 9
  certificate  stage=STEP 9  failed  objective=-5.093171e+01  upper=-5.093125e+01  gap= 4.568219e-04  wall=0.000000e+00s  cpu=0.000000e+00s  provider=0  solves=0  iterations=0
  certificate  stage=STEP 9  complete  reason=paper_free_energy_convergence_failed  wall=2.339876e-03s  cpu=2.340000e-03s  provider=3  solves=0  iterations=0

STEP 7
  certificate  stage=STEP 7  complete  reason=continue_stage_ii  wall=1.080000e-06s  cpu=1.000000e-06s  provider=0  solves=0  iterations=0

STEP 4
  STAGE II STEP 4  major=7  upper=-5.093147e+01  LP_primal= 0.000000e+00  LP_dual= 2.775558e-17  active_cuts=12  certified
  certificate  stage=STEP 4  complete  reason=step4_complete  wall=2.549190e-04s  cpu=2.550000e-04s  provider=0  solves=1  iterations=1

STEP 5
  certificate  stage=STEP 5 LOCAL  major=7  attempt=17  accepted  reason=success  P rel.= 4.754871e-14  objective=-4.676317e+01  upper=-5.093147e+01  gap=-4.168298e+00  wall=0.000000e+00s  cpu=0.000000e+00s  provider=0  solves=0  iterations=0
  certificate  stage=STEP 5 LOCAL  major=7  attempt=18  accepted  reason=success  P rel.= 4.639949e-14  objective=-4.808648e+01  upper=-5.093147e+01  gap=-2.844995e+00  wall=0.000000e+00s  cpu=0.000000e+00s  provider=0  solves=0  iterations=0
  certificate  stage=STEP 5 LOCAL  major=7  attempt=19  accepted  reason=success  P rel.=-1.089582e-09  objective=-5.093186e+01  upper=-5.093147e+01  gap= 3.903746e-04  wall=0.000000e+00s  cpu=0.000000e+00s  provider=0  solves=0  iterations=0
  certificate  stage=STEP 5  complete  reason=step5_complete  wall=5.547839e-02s  cpu=5.546400e-02s  provider=52  solves=3  iterations=44

STEP 6
  certificate  stage=STEP 6  complete  reason=candidate_set  wall=3.870000e-06s  cpu=4.000000e-06s  provider=0  solves=0  iterations=0

STEP 8
  certificate  stage=STEP 8  complete  reason=step8_complete  wall=2.409619e-01s  cpu=2.409650e-01s  provider=822  solves=2  iterations=50

STEP 9
  certificate  stage=STEP 9  failed  objective=-5.093176e+01  upper=-5.093147e+01  gap= 2.877687e-04  wall=0.000000e+00s  cpu=0.000000e+00s  provider=0  solves=0  iterations=0
  certificate  stage=STEP 9  complete  reason=paper_free_energy_convergence_failed  wall=2.674294e-03s  cpu=2.674000e-03s  provider=3  solves=0  iterations=0

STEP 7
  certificate  stage=STEP 7  complete  reason=continue_stage_ii  wall=1.150000e-06s  cpu=1.000000e-06s  provider=0  solves=0  iterations=0

STEP 4
  STAGE II STEP 4  major=8  upper=-5.093155e+01  LP_primal= 0.000000e+00  LP_dual= 8.326673e-17  active_cuts=13  certified
  certificate  stage=STEP 4  complete  reason=step4_complete  wall=2.944280e-04s  cpu=2.950000e-04s  provider=0  solves=1  iterations=1

STEP 5
  certificate  stage=STEP 5 LOCAL  major=8  attempt=20  accepted  reason=success  P rel.= 5.631146e-14  objective=-4.808655e+01  upper=-5.093155e+01  gap=-2.845003e+00  wall=0.000000e+00s  cpu=0.000000e+00s  provider=0  solves=0  iterations=0
  certificate  stage=STEP 5 LOCAL  major=8  attempt=23  accepted  reason=success  P rel.= 3.131607e-14  objective=-4.808655e+01  upper=-5.093155e+01  gap=-2.845003e+00  wall=0.000000e+00s  cpu=0.000000e+00s  provider=0  solves=0  iterations=0
  certificate  stage=STEP 5 LOCAL  major=8  attempt=24  accepted  reason=success  P rel.=-3.441099e-08  objective=-5.093181e+01  upper=-5.093155e+01  gap= 2.587430e-04  wall=0.000000e+00s  cpu=0.000000e+00s  provider=0  solves=0  iterations=0
  certificate  stage=STEP 5  complete  reason=step5_complete  wall=9.307179e-02s  cpu=9.307300e-02s  provider=81  solves=5  iterations=58

STEP 6
  certificate  stage=STEP 6  complete  reason=candidate_set  wall=5.000000e-06s  cpu=5.000000e-06s  provider=0  solves=0  iterations=0

STEP 8
  certificate  stage=STEP 8  complete  reason=step8_complete  wall=5.874957e-02s  cpu=5.874500e-02s  provider=111  solves=1  iterations=12

STEP 9
  certificate  stage=STEP 9  failed  objective=-5.093176e+01  upper=-5.093155e+01  gap= 2.091573e-04  wall=0.000000e+00s  cpu=0.000000e+00s  provider=0  solves=0  iterations=0
  certificate  stage=STEP 9  complete  reason=paper_free_energy_convergence_failed  wall=2.531884e-03s  cpu=2.533000e-03s  provider=3  solves=0  iterations=0

STEP 7
  certificate  stage=STEP 7  complete  reason=continue_stage_ii  wall=1.150000e-06s  cpu=1.000000e-06s  provider=0  solves=0  iterations=0

STEP 4
  STAGE II STEP 4  major=9  upper=-5.093175e+01  LP_primal= 0.000000e+00  LP_dual= 1.387779e-17  active_cuts=14  certified
  certificate  stage=STEP 4  complete  reason=step4_complete  wall=3.024680e-04s  cpu=3.030000e-04s  provider=0  solves=1  iterations=1

STEP 5
  certificate  stage=STEP 5 LOCAL  major=9  attempt=25  accepted  reason=success  P rel.= 5.559320e-14  objective=-4.676591e+01  upper=-5.093175e+01  gap=-4.165842e+00  wall=0.000000e+00s  cpu=0.000000e+00s  provider=0  solves=0  iterations=0
  certificate  stage=STEP 5 LOCAL  major=9  attempt=26  accepted  reason=success  P rel.=-1.094523e-09  objective=-5.093185e+01  upper=-5.093175e+01  gap= 9.761777e-05  wall=0.000000e+00s  cpu=0.000000e+00s  provider=0  solves=0  iterations=0
  certificate  stage=STEP 5  complete  reason=step5_complete  wall=3.922676e-02s  cpu=3.922700e-02s  provider=32  solves=2  iterations=29

STEP 6
  certificate  stage=STEP 6  complete  reason=candidate_set  wall=5.560000e-06s  cpu=6.000000e-06s  provider=0  solves=0  iterations=0

STEP 8
  certificate  stage=STEP 8  complete  reason=step8_complete  wall=7.999656e-02s  cpu=7.999800e-02s  provider=146  solves=2  iterations=14

STEP 9
  certificate  stage=STEP 9  failed  objective=-5.093177e+01  upper=-5.093175e+01  gap= 1.760237e-05  wall=0.000000e+00s  cpu=0.000000e+00s  provider=0  solves=0  iterations=0
  certificate  stage=STEP 9  complete  reason=paper_potential_convergence_failed  wall=2.589495e-03s  cpu=2.589000e-03s  provider=3  solves=0  iterations=0

STEP 7
  certificate  stage=STEP 7  complete  reason=continue_stage_ii  wall=1.070000e-06s  cpu=1.000000e-06s  provider=0  solves=0  iterations=0

STEP 4
  STAGE II STEP 4  major=10  upper=-5.093176e+01  LP_primal= 0.000000e+00  LP_dual= 6.245005e-17  active_cuts=15  certified
  certificate  stage=STEP 4  complete  reason=step4_complete  wall=2.846590e-04s  cpu=2.850000e-04s  provider=0  solves=1  iterations=1

STEP 5
  certificate  stage=STEP 5 LOCAL  major=10  attempt=27  accepted  reason=success  P rel.= 5.530590e-14  objective=-4.808650e+01  upper=-5.093176e+01  gap=-2.845263e+00  wall=0.000000e+00s  cpu=0.000000e+00s  provider=0  solves=0  iterations=0
  certificate  stage=STEP 5 LOCAL  major=10  attempt=28  accepted  reason=success  P rel.= 6.564882e-14  objective=-4.676450e+01  upper=-5.093176e+01  gap=-4.167265e+00  wall=0.000000e+00s  cpu=0.000000e+00s  provider=0  solves=0  iterations=0
  certificate  stage=STEP 5 LOCAL  major=10  attempt=29  accepted  reason=success  P rel.= 4.596854e-14  objective=-4.676450e+01  upper=-5.093176e+01  gap=-4.167265e+00  wall=0.000000e+00s  cpu=0.000000e+00s  provider=0  solves=0  iterations=0
  certificate  stage=STEP 5 LOCAL  major=10  attempt=30  accepted  reason=success  P rel.= 5.386938e-14  objective=-4.808650e+01  upper=-5.093176e+01  gap=-2.845263e+00  wall=0.000000e+00s  cpu=0.000000e+00s  provider=0  solves=0  iterations=0
  certificate  stage=STEP 5 LOCAL  major=10  attempt=31  accepted  reason=success  P rel.= 6.076466e-14  objective=-4.808650e+01  upper=-5.093176e+01  gap=-2.845263e+00  wall=0.000000e+00s  cpu=0.000000e+00s  provider=0  solves=0  iterations=0
  certificate  stage=STEP 5 LOCAL  major=10  attempt=32  accepted  reason=success  P rel.= 5.501859e-14  objective=-4.808650e+01  upper=-5.093176e+01  gap=-2.845263e+00  wall=0.000000e+00s  cpu=0.000000e+00s  provider=0  solves=0  iterations=0
  certificate  stage=STEP 5 LOCAL  major=10  attempt=33  accepted  reason=success  P rel.= 5.530590e-14  objective=-4.808650e+01  upper=-5.093176e+01  gap=-2.845263e+00  wall=0.000000e+00s  cpu=0.000000e+00s  provider=0  solves=0  iterations=0
  certificate  stage=STEP 5 LOCAL  major=10  attempt=34  accepted  reason=success  P rel.= 5.559320e-14  objective=-4.808650e+01  upper=-5.093176e+01  gap=-2.845263e+00  wall=0.000000e+00s  cpu=0.000000e+00s  provider=0  solves=0  iterations=0
  certificate  stage=STEP 5 LOCAL  major=10  attempt=35  accepted  reason=success  P rel.= 5.358208e-14  objective=-4.808650e+01  upper=-5.093176e+01  gap=-2.845263e+00  wall=0.000000e+00s  cpu=0.000000e+00s  provider=0  solves=0  iterations=0
  certificate  stage=STEP 5 LOCAL  major=10  attempt=36  accepted  reason=success  P rel.=-1.082727e-09  objective=-5.093178e+01  upper=-5.093176e+01  gap= 2.440249e-05  wall=0.000000e+00s  cpu=0.000000e+00s  provider=0  solves=0  iterations=0
  certificate  stage=STEP 5  complete  reason=step5_complete  wall=2.301486e-01s  cpu=2.299360e-01s  provider=197  solves=10  iterations=183

STEP 6
  certificate  stage=STEP 6  complete  reason=candidate_set  wall=4.950000e-06s  cpu=5.000000e-06s  provider=0  solves=0  iterations=0

STEP 8
  certificate  stage=STEP 8  complete  reason=step8_complete  wall=9.455169e-01s  cpu=9.452950e-01s  provider=3320  solves=2  iterations=212

STEP 9
  certificate  stage=STEP 9  failed  objective=-5.093177e+01  upper=-5.093176e+01  gap= 5.923847e-06  wall=0.000000e+00s  cpu=0.000000e+00s  provider=0  solves=0  iterations=0
  certificate  stage=STEP 9  complete  reason=paper_potential_convergence_failed  wall=1.610510e-03s  cpu=1.611000e-03s  provider=2  solves=0  iterations=0

STEP 7
  certificate  stage=STEP 7  complete  reason=continue_stage_ii  wall=1.100000e-06s  cpu=1.000000e-06s  provider=0  solves=0  iterations=0

STEP 4
  STAGE II STEP 4  major=11  upper=-5.093177e+01  LP_primal= 0.000000e+00  LP_dual= 2.775558e-17  active_cuts=16  certified
  certificate  stage=STEP 4  complete  reason=step4_complete  wall=2.741980e-04s  cpu=2.740000e-04s  provider=0  solves=1  iterations=1

STEP 5
  certificate  stage=STEP 5 LOCAL  major=11  attempt=37  accepted  reason=success  P rel.=-3.432303e-08  objective=-5.093177e+01  upper=-5.093177e+01  gap= 1.343633e-08  wall=0.000000e+00s  cpu=0.000000e+00s  provider=0  solves=0  iterations=0
  certificate  stage=STEP 5  complete  reason=step5_complete  wall=3.046379e-02s  cpu=3.046500e-02s  provider=29  solves=1  iterations=22

STEP 6
  certificate  stage=STEP 6  complete  reason=candidate_set  wall=7.320000e-06s  cpu=7.000000e-06s  provider=0  solves=0  iterations=0

STEP 8
  certificate  stage=STEP 8  complete  reason=step8_complete  wall=3.153249e-02s  cpu=3.152700e-02s  provider=58  solves=1  iterations=10

STEP 9
  certificate  stage=STEP 9  failed  objective=-5.093177e+01  upper=-5.093177e+01  gap= 3.305545e-07  wall=0.000000e+00s  cpu=0.000000e+00s  provider=0  solves=0  iterations=0
  certificate  stage=STEP 9  complete  reason=paper_potential_convergence_failed  wall=1.589951e-03s  cpu=1.590000e-03s  provider=2  solves=0  iterations=0

STEP 7
  certificate  stage=STEP 7  complete  reason=continue_stage_ii  wall=1.060000e-06s  cpu=1.000000e-06s  provider=0  solves=0  iterations=0

STEP 4
  STAGE II STEP 4  major=12  upper=-5.093177e+01  LP_primal= 0.000000e+00  LP_dual= 1.110223e-16  active_cuts=17  certified
  certificate  stage=STEP 4  complete  reason=step4_complete  wall=2.673180e-04s  cpu=2.670000e-04s  provider=0  solves=1  iterations=1

STEP 5
  certificate  stage=STEP 5 LOCAL  major=12  attempt=38  accepted  reason=success  P rel.= 5.358208e-14  objective=-4.808650e+01  upper=-5.093177e+01  gap=-2.845262e+00  wall=0.000000e+00s  cpu=0.000000e+00s  provider=0  solves=0  iterations=0
  certificate  stage=STEP 5 LOCAL  major=12  attempt=39  accepted  reason=success  P rel.= 2.011124e-14  objective=-4.808650e+01  upper=-5.093177e+01  gap=-2.845262e+00  wall=0.000000e+00s  cpu=0.000000e+00s  provider=0  solves=0  iterations=0
  certificate  stage=STEP 5 LOCAL  major=12  attempt=40  accepted  reason=success  P rel.= 2.772477e-14  objective=-4.808650e+01  upper=-5.093177e+01  gap=-2.845262e+00  wall=0.000000e+00s  cpu=0.000000e+00s  provider=0  solves=0  iterations=0
  certificate  stage=STEP 5 LOCAL  major=12  attempt=41  accepted  reason=success  P rel.= 3.505101e-14  objective=-4.808650e+01  upper=-5.093177e+01  gap=-2.845262e+00  wall=0.000000e+00s  cpu=0.000000e+00s  provider=0  solves=0  iterations=0
  certificate  stage=STEP 5 LOCAL  major=12  attempt=42  accepted  reason=success  P rel.= 4.237725e-14  objective=-4.808650e+01  upper=-5.093177e+01  gap=-2.845262e+00  wall=0.000000e+00s  cpu=0.000000e+00s  provider=0  solves=0  iterations=0
  certificate  stage=STEP 5 LOCAL  major=12  attempt=43  accepted  reason=success  P rel.=-3.437271e-08  objective=-5.093177e+01  upper=-5.093177e+01  gap=-7.105427e-15  wall=0.000000e+00s  cpu=0.000000e+00s  provider=0  solves=0  iterations=0
  certificate  stage=STEP 5  complete  reason=step5_complete  wall=1.384473e-01s  cpu=1.384190e-01s  provider=124  solves=6  iterations=115

STEP 6
  certificate  stage=STEP 6  complete  reason=candidate_set  wall=7.430000e-06s  cpu=8.000000e-06s  provider=0  solves=0  iterations=0

STEP 8
  certificate  stage=STEP 8  complete  reason=step8_complete  wall=3.182503e-02s  cpu=3.180800e-02s  provider=58  solves=1  iterations=10

STEP 9
  certificate  stage=STEP 9  failed  objective=-5.093177e+01  upper=-5.093177e+01  gap= 3.203698e-07  wall=0.000000e+00s  cpu=0.000000e+00s  provider=0  solves=0  iterations=0
  certificate  stage=STEP 9  complete  reason=paper_potential_convergence_failed  wall=1.593231e-03s  cpu=1.593000e-03s  provider=2  solves=0  iterations=0

STEP 7
  certificate  stage=STEP 7  complete  reason=continue_stage_ii  wall=1.030000e-06s  cpu=1.000000e-06s  provider=0  solves=0  iterations=0

STEP 4
  STAGE II STEP 4  major=13  upper=-5.093177e+01  LP_primal= 0.000000e+00  LP_dual= 1.110223e-16  active_cuts=18  certified
  certificate  stage=STEP 4  complete  reason=step4_complete  wall=2.800790e-04s  cpu=2.800000e-04s  provider=0  solves=1  iterations=1

STEP 5
  certificate  stage=STEP 5 LOCAL  major=13  attempt=44  accepted  reason=success  P rel.= 3.433275e-14  objective=-4.676517e+01  upper=-5.093177e+01  gap=-4.166597e+00  wall=0.000000e+00s  cpu=0.000000e+00s  provider=0  solves=0  iterations=0
  certificate  stage=STEP 5 LOCAL  major=13  attempt=45  accepted  reason=success  P rel.= 7.814651e-14  objective=-4.808650e+01  upper=-5.093177e+01  gap=-2.845262e+00  wall=0.000000e+00s  cpu=0.000000e+00s  provider=0  solves=0  iterations=0
  certificate  stage=STEP 5 LOCAL  major=13  attempt=47  accepted  reason=success  P rel.=-3.437271e-08  objective=-5.093177e+01  upper=-5.093177e+01  gap=-7.105427e-15  wall=0.000000e+00s  cpu=0.000000e+00s  provider=0  solves=0  iterations=0
  certificate  stage=STEP 5  complete  reason=step5_complete  wall=6.564816e-02s  cpu=6.560900e-02s  provider=58  solves=4  iterations=50

STEP 6
  certificate  stage=STEP 6  complete  reason=candidate_set  wall=8.340000e-06s  cpu=8.000000e-06s  provider=0  solves=0  iterations=0

STEP 8
  certificate  stage=STEP 8  complete  reason=step8_complete  wall=3.185075e-02s  cpu=3.183700e-02s  provider=58  solves=1  iterations=10

STEP 9
  certificate  stage=STEP 9  failed  objective=-5.093177e+01  upper=-5.093177e+01  gap= 3.203698e-07  wall=0.000000e+00s  cpu=0.000000e+00s  provider=0  solves=0  iterations=0
  certificate  stage=STEP 9  complete  reason=paper_potential_convergence_failed  wall=1.586301e-03s  cpu=1.586000e-03s  provider=2  solves=0  iterations=0

STEP 7
  certificate  stage=STEP 7  complete  reason=continue_stage_ii  wall=1.100000e-06s  cpu=1.000000e-06s  provider=0  solves=0  iterations=0

STEP 4
  STAGE II STEP 4  major=14  upper=-5.093177e+01  LP_primal= 0.000000e+00  LP_dual= 1.110223e-16  active_cuts=19  certified
  certificate  stage=STEP 4  complete  reason=step4_complete  wall=3.362280e-04s  cpu=3.370000e-04s  provider=0  solves=1  iterations=1

STEP 5
  certificate  stage=STEP 5 LOCAL  major=14  attempt=48  accepted  reason=success  P rel.= 4.355519e-13  objective=-4.808650e+01  upper=-5.093177e+01  gap=-2.845262e+00  wall=0.000000e+00s  cpu=0.000000e+00s  provider=0  solves=0  iterations=0
  certificate  stage=STEP 5 LOCAL  major=14  attempt=49  accepted  reason=success  P rel.= 3.332719e-14  objective=-4.808650e+01  upper=-5.093177e+01  gap=-2.845262e+00  wall=0.000000e+00s  cpu=0.000000e+00s  provider=0  solves=0  iterations=0
  certificate  stage=STEP 5 LOCAL  major=14  attempt=50  accepted  reason=success  P rel.= 4.208994e-14  objective=-4.808650e+01  upper=-5.093177e+01  gap=-2.845262e+00  wall=0.000000e+00s  cpu=0.000000e+00s  provider=0  solves=0  iterations=0
  certificate  stage=STEP 5 LOCAL  major=14  attempt=51  accepted  reason=success  P rel.= 4.841062e-14  objective=-4.676517e+01  upper=-5.093177e+01  gap=-4.166597e+00  wall=0.000000e+00s  cpu=0.000000e+00s  provider=0  solves=0  iterations=0
  certificate  stage=STEP 5 LOCAL  major=14  attempt=52  accepted  reason=success  P rel.= 6.737264e-14  objective=-4.808650e+01  upper=-5.093177e+01  gap=-2.845262e+00  wall=0.000000e+00s  cpu=0.000000e+00s  provider=0  solves=0  iterations=0
  certificate  stage=STEP 5 LOCAL  major=14  attempt=53  accepted  reason=success  P rel.= 2.226601e-14  objective=-4.808650e+01  upper=-5.093177e+01  gap=-2.845262e+00  wall=0.000000e+00s  cpu=0.000000e+00s  provider=0  solves=0  iterations=0
  certificate  stage=STEP 5 LOCAL  major=14  attempt=54  accepted  reason=success  P rel.= 5.904084e-14  objective=-4.808650e+01  upper=-5.093177e+01  gap=-2.845262e+00  wall=0.000000e+00s  cpu=0.000000e+00s  provider=0  solves=0  iterations=0
  certificate  stage=STEP 5 LOCAL  major=14  attempt=55  accepted  reason=success  P rel.= 5.290691e-13  objective=-4.808650e+01  upper=-5.093177e+01  gap=-2.845262e+00  wall=0.000000e+00s  cpu=0.000000e+00s  provider=0  solves=0  iterations=0
  certificate  stage=STEP 5 LOCAL  major=14  attempt=56  accepted  reason=success  P rel.= 3.572617e-13  objective=-4.808650e+01  upper=-5.093177e+01  gap=-2.845262e+00  wall=0.000000e+00s  cpu=0.000000e+00s  provider=0  solves=0  iterations=0
  certificate  stage=STEP 5 LOCAL  major=14  attempt=57  accepted  reason=success  P rel.= 3.993517e-14  objective=-4.808650e+01  upper=-5.093177e+01  gap=-2.845262e+00  wall=0.000000e+00s  cpu=0.000000e+00s  provider=0  solves=0  iterations=0
  certificate  stage=STEP 5 LOCAL  major=14  attempt=59  accepted  reason=success  P rel.= 6.241666e-13  objective=-4.808650e+01  upper=-5.093177e+01  gap=-2.845262e+00  wall=0.000000e+00s  cpu=0.000000e+00s  provider=0  solves=0  iterations=0
  certificate  stage=STEP 5 LOCAL  major=14  attempt=60  accepted  reason=success  P rel.= 4.208994e-14  objective=-4.808650e+01  upper=-5.093177e+01  gap=-2.845262e+00  wall=0.000000e+00s  cpu=0.000000e+00s  provider=0  solves=0  iterations=0
  certificate  stage=STEP 5 LOCAL  major=14  attempt=61  accepted  reason=success  P rel.= 6.809090e-14  objective=-4.808650e+01  upper=-5.093177e+01  gap=-2.845262e+00  wall=0.000000e+00s  cpu=0.000000e+00s  provider=0  solves=0  iterations=0
  certificate  stage=STEP 5 LOCAL  major=14  attempt=62  accepted  reason=success  P rel.=-1.089226e-09  objective=-5.093177e+01  upper=-5.093177e+01  gap= 6.100934e-06  wall=0.000000e+00s  cpu=0.000000e+00s  provider=0  solves=0  iterations=0
  certificate  stage=STEP 5  complete  reason=step5_complete  wall=3.738736e-01s  cpu=3.738010e-01s  provider=316  solves=15  iterations=289

STEP 6
  certificate  stage=STEP 6  complete  reason=candidate_set  wall=9.780000e-06s  cpu=1.000000e-05s  provider=0  solves=0  iterations=0

STEP 8
  certificate  stage=STEP 8  complete  reason=step8_complete  wall=3.511288e-02s  cpu=3.502000e-02s  provider=58  solves=1  iterations=10

STEP 9
  certificate  stage=STEP 9  failed  objective=-5.093177e+01  upper=-5.093177e+01  gap= 3.203698e-07  wall=0.000000e+00s  cpu=0.000000e+00s  provider=0  solves=0  iterations=0
  certificate  stage=STEP 9  complete  reason=paper_potential_convergence_failed  wall=1.736549e-03s  cpu=1.736000e-03s  provider=2  solves=0  iterations=0

STEP 7
  certificate  stage=STEP 7  complete  reason=continue_stage_ii  wall=1.000000e-06s  cpu=1.000000e-06s  provider=0  solves=0  iterations=0

STEP 4
  STAGE II STEP 4  major=15  upper=-5.093177e+01  LP_primal= 2.842171e-14  LP_dual= 4.163336e-17  active_cuts=20  certified
  certificate  stage=STEP 4  complete  reason=step4_complete  wall=3.140080e-04s  cpu=3.150000e-04s  provider=0  solves=1  iterations=1

STEP 5
  certificate  stage=STEP 5 LOCAL  major=15  attempt=63  accepted  reason=success  P rel.=-1.097550e-09  objective=-5.093177e+01  upper=-5.093177e+01  gap= 1.525205e-06  wall=0.000000e+00s  cpu=0.000000e+00s  provider=0  solves=0  iterations=0
  certificate  stage=STEP 5  complete  reason=step5_complete  wall=2.304255e-02s  cpu=2.295600e-02s  provider=19  solves=1  iterations=18

STEP 6
  certificate  stage=STEP 6  complete  reason=candidate_set  wall=7.850000e-06s  cpu=7.000000e-06s  provider=0  solves=0  iterations=0

STEP 8
  certificate  stage=STEP 8  complete  reason=step8_complete  wall=3.385688e-02s  cpu=3.375400e-02s  provider=58  solves=1  iterations=10

STEP 9
  certificate  stage=STEP 9  failed  objective=-5.093177e+01  upper=-5.093177e+01  gap= 1.545074e-07  wall=0.000000e+00s  cpu=0.000000e+00s  provider=0  solves=0  iterations=0
  certificate  stage=STEP 9  complete  reason=paper_potential_convergence_failed  wall=1.676569e-03s  cpu=1.677000e-03s  provider=2  solves=0  iterations=0

STEP 7
  certificate  stage=STEP 7  complete  reason=continue_stage_ii  wall=9.600000e-07s  cpu=1.000000e-06s  provider=0  solves=0  iterations=0

STEP 4
  STAGE II STEP 4  major=16  upper=-5.093177e+01  LP_primal= 5.684342e-14  LP_dual= 7.285839e-17  active_cuts=21  certified
  certificate  stage=STEP 4  complete  reason=step4_complete  wall=3.096380e-04s  cpu=3.100000e-04s  provider=0  solves=1  iterations=1

STEP 5
  certificate  stage=STEP 5 LOCAL  major=16  attempt=64  accepted  reason=success  P rel.=-1.950247e-09  objective=-5.093177e+01  upper=-5.093177e+01  gap= 3.813008e-07  wall=0.000000e+00s  cpu=0.000000e+00s  provider=0  solves=0  iterations=0
  certificate  stage=STEP 5  complete  reason=step5_complete  wall=2.351482e-02s  cpu=2.342200e-02s  provider=19  solves=1  iterations=18

STEP 6
  certificate  stage=STEP 6  complete  reason=candidate_set  wall=6.630000e-06s  cpu=7.000000e-06s  provider=0  solves=0  iterations=0

STEP 8
  certificate  stage=STEP 8  complete  reason=step8_complete  wall=3.440108e-02s  cpu=3.428400e-02s  provider=58  solves=1  iterations=10

STEP 9
  certificate  stage=STEP 9  failed  objective=-5.093177e+01  upper=-5.093177e+01  gap= 7.157839e-08  wall=0.000000e+00s  cpu=0.000000e+00s  provider=0  solves=0  iterations=0
  certificate  stage=STEP 9  complete  reason=paper_potential_convergence_failed  wall=1.757260e-03s  cpu=1.752000e-03s  provider=2  solves=0  iterations=0

STEP 7
  certificate  stage=STEP 7  complete  reason=continue_stage_ii  wall=1.060000e-06s  cpu=1.000000e-06s  provider=0  solves=0  iterations=0

STEP 4
  STAGE II STEP 4  major=17  upper=-5.093177e+01  LP_primal= 6.394885e-14  LP_dual= 3.469447e-17  active_cuts=22  certified
  certificate  stage=STEP 4  complete  reason=step4_complete  wall=3.208580e-04s  cpu=3.210000e-04s  provider=0  solves=1  iterations=1

STEP 5
  certificate  stage=STEP 5 LOCAL  major=17  attempt=65  accepted  reason=success  P rel.= 5.386938e-14  objective=-4.808650e+01  upper=-5.093177e+01  gap=-2.845263e+00  wall=0.000000e+00s  cpu=0.000000e+00s  provider=0  solves=0  iterations=0
  certificate  stage=STEP 5 LOCAL  major=17  attempt=66  accepted  reason=success  P rel.= 4.137168e-14  objective=-4.808650e+01  upper=-5.093177e+01  gap=-2.845263e+00  wall=0.000000e+00s  cpu=0.000000e+00s  provider=0  solves=0  iterations=0
  certificate  stage=STEP 5 LOCAL  major=17  attempt=67  accepted  reason=success  P rel.= 7.196949e-14  objective=-4.808650e+01  upper=-5.093177e+01  gap=-2.845263e+00  wall=0.000000e+00s  cpu=0.000000e+00s  provider=0  solves=0  iterations=0
  certificate  stage=STEP 5 LOCAL  major=17  attempt=68  accepted  reason=success  P rel.= 7.426792e-14  objective=-4.808650e+01  upper=-5.093177e+01  gap=-2.845263e+00  wall=0.000000e+00s  cpu=0.000000e+00s  provider=0  solves=0  iterations=0
  certificate  stage=STEP 5 LOCAL  major=17  attempt=69  accepted  reason=success  P rel.= 6.320674e-14  objective=-4.808650e+01  upper=-5.093177e+01  gap=-2.845263e+00  wall=0.000000e+00s  cpu=0.000000e+00s  provider=0  solves=0  iterations=0
  certificate  stage=STEP 5 LOCAL  major=17  attempt=70  accepted  reason=success  P rel.=-1.101423e-09  objective=-5.093177e+01  upper=-5.093177e+01  gap= 9.532805e-08  wall=0.000000e+00s  cpu=0.000000e+00s  provider=0  solves=0  iterations=0
  certificate  stage=STEP 5  complete  reason=step5_complete  wall=1.506349e-01s  cpu=1.506320e-01s  provider=122  solves=6  iterations=115

STEP 6
  certificate  stage=STEP 6  complete  reason=candidate_set  wall=1.000000e-05s  cpu=1.000000e-05s  provider=0  solves=0  iterations=0

STEP 8
  certificate  stage=STEP 8  complete  reason=step8_complete  wall=3.446033e-02s  cpu=3.442100e-02s  provider=58  solves=1  iterations=10

STEP 9
  certificate  stage=STEP 9  failed  objective=-5.093177e+01  upper=-5.093177e+01  gap= 3.011377e-08  wall=0.000000e+00s  cpu=0.000000e+00s  provider=0  solves=0  iterations=0
  certificate  stage=STEP 9  complete  reason=paper_potential_convergence_failed  wall=1.580621e-03s  cpu=1.580000e-03s  provider=2  solves=0  iterations=0

STEP 7
  certificate  stage=STEP 7  complete  reason=continue_stage_ii  wall=1.020000e-06s  cpu=1.000000e-06s  provider=0  solves=0  iterations=0

STEP 4
  STAGE II STEP 4  major=18  upper=-5.093177e+01  LP_primal= 7.105427e-14  LP_dual= 2.775558e-17  active_cuts=23  certified
  certificate  stage=STEP 4  complete  reason=step4_complete  wall=3.254380e-04s  cpu=3.260000e-04s  provider=0  solves=1  iterations=1

STEP 5
  certificate  stage=STEP 5 LOCAL  major=18  attempt=71  accepted  reason=success  P rel.= 3.921691e-14  objective=-4.808650e+01  upper=-5.093177e+01  gap=-2.845263e+00  wall=0.000000e+00s  cpu=0.000000e+00s  provider=0  solves=0  iterations=0
  certificate  stage=STEP 5 LOCAL  major=18  attempt=72  accepted  reason=success  P rel.= 1.393421e-14  objective=-4.808650e+01  upper=-5.093177e+01  gap=-2.845263e+00  wall=0.000000e+00s  cpu=0.000000e+00s  provider=0  solves=0  iterations=0
  certificate  stage=STEP 5 LOCAL  major=18  attempt=73  accepted  reason=success  P rel.= 2.190688e-13  objective=-4.808650e+01  upper=-5.093177e+01  gap=-2.845263e+00  wall=0.000000e+00s  cpu=0.000000e+00s  provider=0  solves=0  iterations=0
  certificate  stage=STEP 5 LOCAL  major=18  attempt=74  accepted  reason=success  P rel.= 2.562746e-13  objective=-4.808650e+01  upper=-5.093177e+01  gap=-2.845263e+00  wall=0.000000e+00s  cpu=0.000000e+00s  provider=0  solves=0  iterations=0
  certificate  stage=STEP 5 LOCAL  major=18  attempt=75  accepted  reason=success  P rel.= 4.841062e-14  objective=-4.808650e+01  upper=-5.093177e+01  gap=-2.845263e+00  wall=0.000000e+00s  cpu=0.000000e+00s  provider=0  solves=0  iterations=0
  certificate  stage=STEP 5 LOCAL  major=18  attempt=76  accepted  reason=success  P rel.= 6.630962e-13  objective=-4.808650e+01  upper=-5.093177e+01  gap=-2.845263e+00  wall=0.000000e+00s  cpu=0.000000e+00s  provider=0  solves=0  iterations=0
  certificate  stage=STEP 5 LOCAL  major=18  attempt=77  accepted  reason=success  P rel.= 2.384618e-13  objective=-4.808650e+01  upper=-5.093177e+01  gap=-2.845263e+00  wall=0.000000e+00s  cpu=0.000000e+00s  provider=0  solves=0  iterations=0
  certificate  stage=STEP 5 LOCAL  major=18  attempt=78  accepted  reason=success  P rel.= 4.208994e-14  objective=-4.808650e+01  upper=-5.093177e+01  gap=-2.845263e+00  wall=0.000000e+00s  cpu=0.000000e+00s  provider=0  solves=0  iterations=0
  certificate  stage=STEP 5 LOCAL  major=18  attempt=79  accepted  reason=success  P rel.= 2.715017e-14  objective=-4.808650e+01  upper=-5.093177e+01  gap=-2.845263e+00  wall=0.000000e+00s  cpu=0.000000e+00s  provider=0  solves=0  iterations=0
  certificate  stage=STEP 5 LOCAL  major=18  attempt=80  accepted  reason=success  P rel.= 1.393421e-14  objective=-4.808650e+01  upper=-5.093177e+01  gap=-2.845263e+00  wall=0.000000e+00s  cpu=0.000000e+00s  provider=0  solves=0  iterations=0
  certificate  stage=STEP 5 LOCAL  major=18  attempt=81  accepted  reason=success  P rel.= 1.736749e-13  objective=-4.808650e+01  upper=-5.093177e+01  gap=-2.845263e+00  wall=0.000000e+00s  cpu=0.000000e+00s  provider=0  solves=0  iterations=0
  certificate  stage=STEP 5 LOCAL  major=18  attempt=82  accepted  reason=success  P rel.= 5.142730e-14  objective=-4.808650e+01  upper=-5.093177e+01  gap=-2.845263e+00  wall=0.000000e+00s  cpu=0.000000e+00s  provider=0  solves=0  iterations=0
  certificate  stage=STEP 5 LOCAL  major=18  attempt=83  accepted  reason=success  P rel.= 5.300747e-14  objective=-4.808650e+01  upper=-5.093177e+01  gap=-2.845263e+00  wall=0.000000e+00s  cpu=0.000000e+00s  provider=0  solves=0  iterations=0
  certificate  stage=STEP 5 LOCAL  major=18  attempt=84  accepted  reason=success  P rel.= 4.180264e-14  objective=-4.808650e+01  upper=-5.093177e+01  gap=-2.845263e+00  wall=0.000000e+00s  cpu=0.000000e+00s  provider=0  solves=0  iterations=0
  certificate  stage=STEP 5 LOCAL  major=18  attempt=85  accepted  reason=success  P rel.= 3.964786e-14  objective=-4.676452e+01  upper=-5.093177e+01  gap=-4.167242e+00  wall=0.000000e+00s  cpu=0.000000e+00s  provider=0  solves=0  iterations=0
  certificate  stage=STEP 5 LOCAL  major=18  attempt=87  accepted  reason=success  P rel.= 7.038932e-14  objective=-4.808650e+01  upper=-5.093177e+01  gap=-2.845263e+00  wall=0.000000e+00s  cpu=0.000000e+00s  provider=0  solves=0  iterations=0
  certificate  stage=STEP 5 LOCAL  major=18  attempt=88  accepted  reason=success  P rel.= 5.142730e-14  objective=-4.808650e+01  upper=-5.093177e+01  gap=-2.845263e+00  wall=0.000000e+00s  cpu=0.000000e+00s  provider=0  solves=0  iterations=0
  certificate  stage=STEP 5 LOCAL  major=18  attempt=89  accepted  reason=success  P rel.=-1.086377e-09  objective=-5.093177e+01  upper=-5.093177e+01  gap= 2.383524e-08  wall=0.000000e+00s  cpu=0.000000e+00s  provider=0  solves=0  iterations=0
  certificate  stage=STEP 5  complete  reason=step5_complete  wall=3.975800e-01s  cpu=3.969580e-01s  provider=367  solves=19  iterations=340

STEP 6
  certificate  stage=STEP 6  complete  reason=candidate_set  wall=9.410000e-06s  cpu=9.000000e-06s  provider=0  solves=0  iterations=0

STEP 8
  certificate  stage=STEP 8  complete  reason=step8_complete  wall=3.112329e-02s  cpu=3.102600e-02s  provider=58  solves=1  iterations=10

STEP 9
  certificate  stage=STEP 9  failed  objective=-5.093177e+01  upper=-5.093177e+01  gap= 9.380173e-09  wall=0.000000e+00s  cpu=0.000000e+00s  provider=0  solves=0  iterations=0
  certificate  stage=STEP 9  complete  reason=paper_potential_convergence_failed  wall=1.604070e-03s  cpu=1.604000e-03s  provider=2  solves=0  iterations=0

STEP 7
  certificate  stage=STEP 7  complete  reason=continue_stage_ii  wall=9.700000e-07s  cpu=1.000000e-06s  provider=0  solves=0  iterations=0

STEP 4
  STAGE II STEP 4  major=19  upper=-5.093177e+01  LP_primal= 7.105427e-14  LP_dual= 8.326673e-17  active_cuts=24  certified
  certificate  stage=STEP 4  complete  reason=step4_complete  wall=3.102780e-04s  cpu=3.100000e-04s  provider=0  solves=1  iterations=1

STEP 5
  certificate  stage=STEP 5 LOCAL  major=19  attempt=90  accepted  reason=success  P rel.= 6.119562e-14  objective=-4.808650e+01  upper=-5.093177e+01  gap=-2.845263e+00  wall=0.000000e+00s  cpu=0.000000e+00s  provider=0  solves=0  iterations=0
  certificate  stage=STEP 5 LOCAL  major=19  attempt=91  accepted  reason=success  P rel.=-1.075249e-09  objective=-5.093177e+01  upper=-5.093177e+01  gap= 5.958817e-09  wall=0.000000e+00s  cpu=0.000000e+00s  provider=0  solves=0  iterations=0
  certificate  stage=STEP 5  complete  reason=step5_complete  wall=5.277893e-02s  cpu=5.260200e-02s  provider=48  solves=2  iterations=44

STEP 6
  certificate  stage=STEP 6  complete  reason=candidate_set  wall=9.120000e-06s  cpu=9.000000e-06s  provider=0  solves=0  iterations=0

STEP 8
  certificate  stage=STEP 8  complete  reason=step8_complete  wall=3.257482e-02s  cpu=3.247100e-02s  provider=58  solves=1  iterations=10

STEP 9
  certificate  stage=STEP 9  failed  objective=-5.093177e+01  upper=-5.093177e+01  gap= 8.212162e-09  wall=0.000000e+00s  cpu=0.000000e+00s  provider=0  solves=0  iterations=0
  certificate  stage=STEP 9  complete  reason=paper_potential_convergence_failed  wall=1.735599e-03s  cpu=1.719000e-03s  provider=2  solves=0  iterations=0

STEP 7
  certificate  stage=STEP 7  complete  reason=continue_stage_ii  wall=1.220000e-06s  cpu=2.000000e-06s  provider=0  solves=0  iterations=0

STEP 4
  STAGE II STEP 4  major=20  upper=-5.093177e+01  LP_primal= 7.105427e-14  LP_dual= 1.110223e-16  active_cuts=25  certified
  certificate  stage=STEP 4  complete  reason=step4_complete  wall=3.641780e-04s  cpu=3.640000e-04s  provider=0  solves=1  iterations=1

STEP 5
  certificate  stage=STEP 5 LOCAL  major=20  attempt=92  accepted  reason=success  P rel.= 5.329477e-14  objective=-4.676456e+01  upper=-5.093177e+01  gap=-4.167210e+00  wall=0.000000e+00s  cpu=0.000000e+00s  provider=0  solves=0  iterations=0
  certificate  stage=STEP 5 LOCAL  major=20  attempt=93  accepted  reason=success  P rel.= 6.599358e-13  objective=-4.808650e+01  upper=-5.093177e+01  gap=-2.845263e+00  wall=0.000000e+00s  cpu=0.000000e+00s  provider=0  solves=0  iterations=0
  certificate  stage=STEP 5 LOCAL  major=20  attempt=94  accepted  reason=success  P rel.= 6.636708e-14  objective=-4.808650e+01  upper=-5.093177e+01  gap=-2.845263e+00  wall=0.000000e+00s  cpu=0.000000e+00s  provider=0  solves=0  iterations=0
  certificate  stage=STEP 5 LOCAL  major=20  attempt=95  accepted  reason=success  P rel.=-1.088425e-09  objective=-5.093177e+01  upper=-5.093177e+01  gap= 1.489717e-09  wall=0.000000e+00s  cpu=0.000000e+00s  provider=0  solves=0  iterations=0
  certificate  stage=STEP 5  complete  reason=step5_complete  wall=1.058718e-01s  cpu=1.057550e-01s  provider=87  solves=4  iterations=78

STEP 6
  certificate  stage=STEP 6  complete  reason=candidate_set  wall=1.816000e-05s  cpu=1.800000e-05s  provider=0  solves=0  iterations=0

STEP 8
  certificate  stage=STEP 8  complete  reason=step8_complete  wall=3.472148e-02s  cpu=3.471600e-02s  provider=58  solves=1  iterations=10

STEP 9
  certificate  stage=STEP 9  failed  objective=-5.093177e+01  upper=-5.093177e+01  gap= 7.628167e-09  wall=0.000000e+00s  cpu=0.000000e+00s  provider=0  solves=0  iterations=0
  certificate  stage=STEP 9  complete  reason=paper_potential_convergence_failed  wall=1.772679e-03s  cpu=1.773000e-03s  provider=2  solves=0  iterations=0

STEP 7
  certificate  stage=STEP 7  complete  reason=continue_stage_ii  wall=1.050000e-06s  cpu=1.000000e-06s  provider=0  solves=0  iterations=0

STEP 4
  STAGE II STEP 4  major=21  upper=-5.093177e+01  LP_primal= 7.105427e-14  LP_dual= 2.775558e-17  active_cuts=26  certified
  certificate  stage=STEP 4  complete  reason=step4_complete  wall=3.619180e-04s  cpu=3.630000e-04s  provider=0  solves=1  iterations=1

STEP 5
  certificate  stage=STEP 5 LOCAL  major=21  attempt=96  accepted  reason=success  P rel.=-3.033878e-09  objective=-5.093177e+01  upper=-5.093177e+01  gap= 3.724381e-10  wall=0.000000e+00s  cpu=0.000000e+00s  provider=0  solves=0  iterations=0
  certificate  stage=STEP 5  complete  reason=step5_complete  wall=2.661052e-02s  cpu=2.661100e-02s  provider=23  solves=1  iterations=18

STEP 6
  certificate  stage=STEP 6  complete  reason=candidate_set  wall=1.000000e-05s  cpu=1.000000e-05s  provider=0  solves=0  iterations=0

STEP 8
  certificate  stage=STEP 8  complete  reason=step8_complete  wall=3.386422e-02s  cpu=3.385800e-02s  provider=58  solves=1  iterations=10

STEP 9
  certificate  stage=STEP 9  failed  objective=-5.093177e+01  upper=-5.093177e+01  gap= 7.336162e-09  wall=0.000000e+00s  cpu=0.000000e+00s  provider=0  solves=0  iterations=0
  certificate  stage=STEP 9  complete  reason=paper_potential_convergence_failed  wall=1.731689e-03s  cpu=1.732000e-03s  provider=2  solves=0  iterations=0

STEP 7
  certificate  stage=STEP 7  complete  reason=continue_stage_ii  wall=1.060000e-06s  cpu=1.000000e-06s  provider=0  solves=0  iterations=0

STEP 4
  STAGE II STEP 4  major=22  upper=-5.093177e+01  LP_primal= 7.105427e-14  LP_dual= 2.775558e-17  active_cuts=27  certified
  certificate  stage=STEP 4  complete  reason=step4_complete  wall=4.732370e-04s  cpu=4.740000e-04s  provider=0  solves=1  iterations=1

STEP 5
  certificate  stage=STEP 5 LOCAL  major=22  attempt=97  accepted  reason=success  P rel.=-1.093677e-09  objective=-5.093177e+01  upper=-5.093177e+01  gap= 9.311663e-11  wall=0.000000e+00s  cpu=0.000000e+00s  provider=0  solves=0  iterations=0
  certificate  stage=STEP 5  complete  reason=step5_complete  wall=2.538736e-02s  cpu=2.538700e-02s  provider=21  solves=1  iterations=20

STEP 6
  certificate  stage=STEP 6  complete  reason=candidate_set  wall=9.910000e-06s  cpu=1.000000e-05s  provider=0  solves=0  iterations=0

STEP 8
  certificate  stage=STEP 8  complete  reason=step8_complete  wall=3.407752e-02s  cpu=3.407800e-02s  provider=58  solves=1  iterations=10

STEP 9
  certificate  stage=STEP 9  failed  objective=-5.093177e+01  upper=-5.093177e+01  gap= 7.301914e-09  wall=0.000000e+00s  cpu=0.000000e+00s  provider=0  solves=0  iterations=0
  certificate  stage=STEP 9  complete  reason=paper_potential_convergence_failed  wall=1.714990e-03s  cpu=1.715000e-03s  provider=2  solves=0  iterations=0

STEP 7
  certificate  stage=STEP 7  complete  reason=continue_stage_ii  wall=1.030000e-06s  cpu=1.000000e-06s  provider=0  solves=0  iterations=0

STEP 4
  STAGE II STEP 4  major=23  upper=-5.093177e+01  LP_primal= 9.311663e-11  LP_dual= 2.775558e-17  active_cuts=28  certified
  certificate  stage=STEP 4  complete  reason=step4_complete  wall=3.867170e-04s  cpu=3.870000e-04s  provider=0  solves=1  iterations=1

STEP 5
  certificate  stage=STEP 5 LOCAL  major=23  attempt=98  accepted  reason=success  P rel.= 2.973590e-14  objective=-4.808650e+01  upper=-5.093177e+01  gap=-2.845263e+00  wall=0.000000e+00s  cpu=0.000000e+00s  provider=0  solves=0  iterations=0
  certificate  stage=STEP 5 LOCAL  major=23  attempt=99  accepted  reason=success  P rel.= 2.427713e-14  objective=-4.808650e+01  upper=-5.093177e+01  gap=-2.845263e+00  wall=0.000000e+00s  cpu=0.000000e+00s  provider=0  solves=0  iterations=0
  certificate  stage=STEP 5 LOCAL  major=23  attempt=100  accepted  reason=success  P rel.= 5.588050e-14  objective=-4.808650e+01  upper=-5.093177e+01  gap=-2.845263e+00  wall=0.000000e+00s  cpu=0.000000e+00s  provider=0  solves=0  iterations=0
  certificate  stage=STEP 5 LOCAL  major=23  attempt=102  accepted  reason=success  P rel.= 6.191387e-14  objective=-4.808650e+01  upper=-5.093177e+01  gap=-2.845263e+00  wall=0.000000e+00s  cpu=0.000000e+00s  provider=0  solves=0  iterations=0
  certificate  stage=STEP 5 LOCAL  major=23  attempt=103  accepted  reason=success  P rel.= 5.501859e-14  objective=-4.808650e+01  upper=-5.093177e+01  gap=-2.845263e+00  wall=0.000000e+00s  cpu=0.000000e+00s  provider=0  solves=0  iterations=0
  certificate  stage=STEP 5 LOCAL  major=23  attempt=104  accepted  reason=success  P rel.=-1.095680e-09  objective=-5.093177e+01  upper=-5.093177e+01  gap= 9.310241e-11  wall=0.000000e+00s  cpu=0.000000e+00s  provider=0  solves=0  iterations=0
  certificate  stage=STEP 5  complete  reason=step5_complete  wall=1.540604e-01s  cpu=1.540300e-01s  provider=124  solves=7  iterations=112

STEP 6
  certificate  stage=STEP 6  complete  reason=candidate_set  wall=1.187000e-05s  cpu=1.200000e-05s  provider=0  solves=0  iterations=0

STEP 8
  certificate  stage=STEP 8  complete  reason=step8_complete  wall=3.625227e-02s  cpu=3.625400e-02s  provider=58  solves=1  iterations=10

STEP 9
  certificate  stage=STEP 9  failed  objective=-5.093177e+01  upper=-5.093177e+01  gap= 7.301914e-09  wall=0.000000e+00s  cpu=0.000000e+00s  provider=0  solves=0  iterations=0
  certificate  stage=STEP 9  complete  reason=paper_potential_convergence_failed  wall=1.797690e-03s  cpu=1.750000e-03s  provider=2  solves=0  iterations=0

STEP 7
  certificate  stage=STEP 7  complete  reason=continue_stage_ii  wall=1.260000e-06s  cpu=1.000000e-06s  provider=0  solves=0  iterations=0

STEP 4
  STAGE II STEP 4  major=24  upper=-5.093177e+01  LP_primal= 9.311663e-11  LP_dual= 2.775558e-17  active_cuts=29  certified
  certificate  stage=STEP 4  complete  reason=step4_complete  wall=4.009670e-04s  cpu=4.020000e-04s  provider=0  solves=1  iterations=1

STEP 5
  certificate  stage=STEP 5 LOCAL  major=24  attempt=105  accepted  reason=success  P rel.= 3.002320e-14  objective=-4.808650e+01  upper=-5.093177e+01  gap=-2.845263e+00  wall=0.000000e+00s  cpu=0.000000e+00s  provider=0  solves=0  iterations=0
  certificate  stage=STEP 5 LOCAL  major=24  attempt=106  accepted  reason=success  P rel.= 4.783601e-14  objective=-4.808650e+01  upper=-5.093177e+01  gap=-2.845263e+00  wall=0.000000e+00s  cpu=0.000000e+00s  provider=0  solves=0  iterations=0
  certificate  stage=STEP 5 LOCAL  major=24  attempt=107  accepted  reason=success  P rel.= 4.552322e-13  objective=-4.808650e+01  upper=-5.093177e+01  gap=-2.845263e+00  wall=0.000000e+00s  cpu=0.000000e+00s  provider=0  solves=0  iterations=0
  certificate  stage=STEP 5 LOCAL  major=24  attempt=108  accepted  reason=success  P rel.= 4.217613e-13  objective=-4.808650e+01  upper=-5.093177e+01  gap=-2.845263e+00  wall=0.000000e+00s  cpu=0.000000e+00s  provider=0  solves=0  iterations=0
  certificate  stage=STEP 5 LOCAL  major=24  attempt=109  accepted  reason=success  P rel.=-1.095413e-09  objective=-5.093177e+01  upper=-5.093177e+01  gap= 9.309531e-11  wall=0.000000e+00s  cpu=0.000000e+00s  provider=0  solves=0  iterations=0
  certificate  stage=STEP 5  complete  reason=step5_complete  wall=1.367771e-01s  cpu=1.367790e-01s  provider=112  solves=5  iterations=103

STEP 6
  certificate  stage=STEP 6  complete  reason=candidate_set  wall=1.141000e-05s  cpu=1.100000e-05s  provider=0  solves=0  iterations=0

STEP 8
  certificate  stage=STEP 8  complete  reason=step8_complete  wall=3.352749e-02s  cpu=3.352900e-02s  provider=58  solves=1  iterations=10

STEP 9
  certificate  stage=STEP 9  failed  objective=-5.093177e+01  upper=-5.093177e+01  gap= 7.301914e-09  wall=0.000000e+00s  cpu=0.000000e+00s  provider=0  solves=0  iterations=0
  certificate  stage=STEP 9  complete  reason=paper_potential_convergence_failed  wall=1.646870e-03s  cpu=1.647000e-03s  provider=2  solves=0  iterations=0

STEP 7
  certificate  stage=STEP 7  complete  reason=continue_stage_ii  wall=1.130000e-06s  cpu=1.000000e-06s  provider=0  solves=0  iterations=0

STEP 4
  STAGE II STEP 4  major=25  upper=-5.093177e+01  LP_primal= 9.311663e-11  LP_dual= 2.775558e-17  active_cuts=30  certified
  certificate  stage=STEP 4  complete  reason=step4_complete  wall=3.863080e-04s  cpu=3.870000e-04s  provider=0  solves=1  iterations=1

STEP 5
  certificate  stage=STEP 5 LOCAL  major=25  attempt=110  accepted  reason=success  P rel.= 5.559320e-14  objective=-4.808650e+01  upper=-5.093177e+01  gap=-2.845263e+00  wall=0.000000e+00s  cpu=0.000000e+00s  provider=0  solves=0  iterations=0
  certificate  stage=STEP 5 LOCAL  major=25  attempt=111  accepted  reason=success  P rel.= 3.016685e-14  objective=-4.808650e+01  upper=-5.093177e+01  gap=-2.845263e+00  wall=0.000000e+00s  cpu=0.000000e+00s  provider=0  solves=0  iterations=0
  certificate  stage=STEP 5 LOCAL  major=25  attempt=112  accepted  reason=success  P rel.= 3.892961e-14  objective=-4.808650e+01  upper=-5.093177e+01  gap=-2.845263e+00  wall=0.000000e+00s  cpu=0.000000e+00s  provider=0  solves=0  iterations=0
  certificate  stage=STEP 5 LOCAL  major=25  attempt=113  accepted  reason=success  P rel.= 5.774798e-14  objective=-4.808650e+01  upper=-5.093177e+01  gap=-2.845263e+00  wall=0.000000e+00s  cpu=0.000000e+00s  provider=0  solves=0  iterations=0
  certificate  stage=STEP 5 LOCAL  major=25  attempt=114  accepted  reason=success  P rel.= 5.860989e-14  objective=-4.676456e+01  upper=-5.093177e+01  gap=-4.167208e+00  wall=0.000000e+00s  cpu=0.000000e+00s  provider=0  solves=0  iterations=0
  certificate  stage=STEP 5 LOCAL  major=25  attempt=115  accepted  reason=success  P rel.= 6.248848e-14  objective=-4.676456e+01  upper=-5.093177e+01  gap=-4.167208e+00  wall=0.000000e+00s  cpu=0.000000e+00s  provider=0  solves=0  iterations=0
  certificate  stage=STEP 5 LOCAL  major=25  attempt=116  accepted  reason=success  P rel.=-3.427335e-08  objective=-5.093177e+01  upper=-5.093177e+01  gap= 9.651245e-09  wall=0.000000e+00s  cpu=0.000000e+00s  provider=0  solves=0  iterations=0
  certificate  stage=STEP 5  complete  reason=step5_complete  wall=1.534742e-01s  cpu=1.533360e-01s  provider=136  solves=7  iterations=118

STEP 6
  certificate  stage=STEP 6  complete  reason=candidate_set  wall=1.096000e-05s  cpu=1.100000e-05s  provider=0  solves=0  iterations=0

STEP 8
  certificate  stage=STEP 8  complete  reason=step8_complete  wall=3.128861e-02s  cpu=3.128900e-02s  provider=58  solves=1  iterations=10

STEP 9
  certificate  stage=STEP 9  failed  objective=-5.093177e+01  upper=-5.093177e+01  gap= 7.301900e-09  wall=0.000000e+00s  cpu=0.000000e+00s  provider=0  solves=0  iterations=0
  certificate  stage=STEP 9  complete  reason=paper_potential_convergence_failed  wall=1.589040e-03s  cpu=1.589000e-03s  provider=2  solves=0  iterations=0

STEP 7
  certificate  stage=STEP 7  complete  reason=continue_stage_ii  wall=9.300000e-07s  cpu=1.000000e-06s  provider=0  solves=0  iterations=0

STEP 4
  STAGE II STEP 4  major=26  upper=-5.093177e+01  LP_primal= 0.000000e+00  LP_dual= 4.163336e-17  active_cuts=31  certified
  certificate  stage=STEP 4  complete  reason=step4_complete  wall=3.308380e-04s  cpu=3.310000e-04s  provider=0  solves=1  iterations=1

STEP 5
  certificate  stage=STEP 5 LOCAL  major=26  attempt=117  accepted  reason=success  P rel.= 3.174702e-14  objective=-4.808650e+01  upper=-5.093177e+01  gap=-2.845263e+00  wall=0.000000e+00s  cpu=0.000000e+00s  provider=0  solves=0  iterations=0
  certificate  stage=STEP 5 LOCAL  major=26  attempt=118  accepted  reason=success  P rel.= 4.188883e-13  objective=-4.808650e+01  upper=-5.093177e+01  gap=-2.845263e+00  wall=0.000000e+00s  cpu=0.000000e+00s  provider=0  solves=0  iterations=0
  certificate  stage=STEP 5 LOCAL  major=26  attempt=119  accepted  reason=success  P rel.= 5.114000e-14  objective=-4.808650e+01  upper=-5.093177e+01  gap=-2.845263e+00  wall=0.000000e+00s  cpu=0.000000e+00s  provider=0  solves=0  iterations=0
  certificate  stage=STEP 5 LOCAL  major=26  attempt=120  accepted  reason=success  P rel.= 6.615160e-13  objective=-4.808650e+01  upper=-5.093177e+01  gap=-2.845263e+00  wall=0.000000e+00s  cpu=0.000000e+00s  provider=0  solves=0  iterations=0
  certificate  stage=STEP 5 LOCAL  major=26  attempt=121  accepted  reason=success  P rel.= 5.659876e-14  objective=-4.808650e+01  upper=-5.093177e+01  gap=-2.845263e+00  wall=0.000000e+00s  cpu=0.000000e+00s  provider=0  solves=0  iterations=0
  certificate  stage=STEP 5 LOCAL  major=26  attempt=122  accepted  reason=success  P rel.=-1.096838e-09  objective=-5.093177e+01  upper=-5.093177e+01  gap= 9.310952e-11  wall=0.000000e+00s  cpu=0.000000e+00s  provider=0  solves=0  iterations=0
  certificate  stage=STEP 5  complete  reason=step5_complete  wall=1.585066e-01s  cpu=1.584340e-01s  provider=140  solves=6  iterations=130

STEP 6
  certificate  stage=STEP 6  complete  reason=candidate_set  wall=1.165000e-05s  cpu=1.100000e-05s  provider=0  solves=0  iterations=0

STEP 8
  certificate  stage=STEP 8  complete  reason=step8_complete  wall=3.184947e-02s  cpu=3.185000e-02s  provider=58  solves=1  iterations=10

STEP 9
  certificate  stage=STEP 9  failed  objective=-5.093177e+01  upper=-5.093177e+01  gap= 3.595346e-12  wall=0.000000e+00s  cpu=0.000000e+00s  provider=0  solves=0  iterations=0
  certificate  stage=STEP 9  complete  reason=paper_potential_convergence_failed  wall=1.589480e-03s  cpu=1.589000e-03s  provider=2  solves=0  iterations=0

STEP 7
  certificate  stage=STEP 7  complete  reason=continue_stage_ii  wall=1.100000e-06s  cpu=1.000000e-06s  provider=0  solves=0  iterations=0

STEP 4
  STAGE II STEP 4  major=27  upper=-5.093177e+01  LP_primal= 9.310952e-11  LP_dual= 4.163336e-17  active_cuts=32  certified
  certificate  stage=STEP 4  complete  reason=step4_complete  wall=4.074670e-04s  cpu=4.080000e-04s  provider=0  solves=1  iterations=1

STEP 5
  certificate  stage=STEP 5 LOCAL  major=27  attempt=123  accepted  reason=success  P rel.= 4.539393e-14  objective=-4.808650e+01  upper=-5.093177e+01  gap=-2.845263e+00  wall=0.000000e+00s  cpu=0.000000e+00s  provider=0  solves=0  iterations=0
  certificate  stage=STEP 5 LOCAL  major=27  attempt=124  accepted  reason=success  P rel.= 6.291944e-14  objective=-4.808650e+01  upper=-5.093177e+01  gap=-2.845263e+00  wall=0.000000e+00s  cpu=0.000000e+00s  provider=0  solves=0  iterations=0
  certificate  stage=STEP 5 LOCAL  major=27  attempt=125  accepted  reason=success  P rel.=-1.092787e-09  objective=-5.093177e+01  upper=-5.093177e+01  gap= 9.310241e-11  wall=0.000000e+00s  cpu=0.000000e+00s  provider=0  solves=0  iterations=0
  certificate  stage=STEP 5  complete  reason=step5_complete  wall=6.710254e-02s  cpu=6.710400e-02s  provider=61  solves=3  iterations=55

STEP 6
  certificate  stage=STEP 6  complete  reason=candidate_set  wall=1.258000e-05s  cpu=1.200000e-05s  provider=0  solves=0  iterations=0

STEP 8
  certificate  stage=STEP 8  complete  reason=step8_complete  wall=3.327589e-02s  cpu=3.326900e-02s  provider=58  solves=1  iterations=10

STEP 9
  certificate  stage=STEP 9  failed  objective=-5.093177e+01  upper=-5.093177e+01  gap= 3.581135e-12  wall=0.000000e+00s  cpu=0.000000e+00s  provider=0  solves=0  iterations=0
  certificate  stage=STEP 9  complete  reason=paper_potential_convergence_failed  wall=1.659080e-03s  cpu=1.660000e-03s  provider=2  solves=0  iterations=0

STEP 7
  certificate  stage=STEP 7  complete  reason=continue_stage_ii  wall=1.090000e-06s  cpu=1.000000e-06s  provider=0  solves=0  iterations=0

STEP 4
  STAGE II STEP 4  major=28  upper=-5.093177e+01  LP_primal= 9.310952e-11  LP_dual= 4.163336e-17  active_cuts=33  certified
  certificate  stage=STEP 4  complete  reason=step4_complete  wall=3.378780e-04s  cpu=3.380000e-04s  provider=0  solves=1  iterations=1

STEP 5
  certificate  stage=STEP 5 LOCAL  major=28  attempt=126  accepted  reason=success  P rel.= 4.826696e-14  objective=-4.808650e+01  upper=-5.093177e+01  gap=-2.845263e+00  wall=0.000000e+00s  cpu=0.000000e+00s  provider=0  solves=0  iterations=0
  certificate  stage=STEP 5 LOCAL  major=28  attempt=127  accepted  reason=success  P rel.= 5.530590e-14  objective=-4.808650e+01  upper=-5.093177e+01  gap=-2.845263e+00  wall=0.000000e+00s  cpu=0.000000e+00s  provider=0  solves=0  iterations=0
  certificate  stage=STEP 5 LOCAL  major=28  attempt=128  accepted  reason=success  P rel.= 4.898522e-14  objective=-4.676456e+01  upper=-5.093177e+01  gap=-4.167202e+00  wall=0.000000e+00s  cpu=0.000000e+00s  provider=0  solves=0  iterations=0
  certificate  stage=STEP 5 LOCAL  major=28  attempt=129  accepted  reason=success  P rel.=-1.090161e-09  objective=-5.093177e+01  upper=-5.093177e+01  gap= 9.310952e-11  wall=0.000000e+00s  cpu=0.000000e+00s  provider=0  solves=0  iterations=0
  certificate  stage=STEP 5  complete  reason=step5_complete  wall=8.737052e-02s  cpu=8.736700e-02s  provider=74  solves=4  iterations=66

STEP 6
  certificate  stage=STEP 6  complete  reason=candidate_set  wall=1.236000e-05s  cpu=1.200000e-05s  provider=0  solves=0  iterations=0

STEP 8
  certificate  stage=STEP 8  complete  reason=step8_complete  wall=3.469484e-02s  cpu=3.469500e-02s  provider=58  solves=1  iterations=10

STEP 9
  certificate  stage=STEP 9  failed  objective=-5.093177e+01  upper=-5.093177e+01  gap= 3.588241e-12  wall=0.000000e+00s  cpu=0.000000e+00s  provider=0  solves=0  iterations=0
  certificate  stage=STEP 9  complete  reason=paper_potential_convergence_failed  wall=1.745860e-03s  cpu=1.746000e-03s  provider=2  solves=0  iterations=0

STEP 7
  certificate  stage=STEP 7  complete  reason=continue_stage_ii  wall=1.030000e-06s  cpu=1.000000e-06s  provider=0  solves=0  iterations=0

STEP 4
  STAGE II STEP 4  major=29  upper=-5.093177e+01  LP_primal= 9.310952e-11  LP_dual= 4.163336e-17  active_cuts=34  certified
  certificate  stage=STEP 4  complete  reason=step4_complete  wall=3.577880e-04s  cpu=3.580000e-04s  provider=0  solves=1  iterations=1

STEP 5
  certificate  stage=STEP 5 LOCAL  major=29  attempt=130  accepted  reason=success  P rel.= 2.930494e-14  objective=-4.676456e+01  upper=-5.093177e+01  gap=-4.167202e+00  wall=0.000000e+00s  cpu=0.000000e+00s  provider=0  solves=0  iterations=0
  certificate  stage=STEP 5 LOCAL  major=29  attempt=131  accepted  reason=success  P rel.=-1.094479e-09  objective=-5.093177e+01  upper=-5.093177e+01  gap= 9.310952e-11  wall=0.000000e+00s  cpu=0.000000e+00s  provider=0  solves=0  iterations=0
  certificate  stage=STEP 5  complete  reason=step5_complete  wall=3.941966e-02s  cpu=3.942100e-02s  provider=32  solves=2  iterations=29

STEP 6
  certificate  stage=STEP 6  complete  reason=candidate_set  wall=1.252000e-05s  cpu=1.300000e-05s  provider=0  solves=0  iterations=0

STEP 8
  certificate  stage=STEP 8  complete  reason=step8_complete  wall=3.489918e-02s  cpu=3.490000e-02s  provider=58  solves=1  iterations=10

STEP 9
  certificate  stage=STEP 9  failed  objective=-5.093177e+01  upper=-5.093177e+01  gap= 3.602452e-12  wall=0.000000e+00s  cpu=0.000000e+00s  provider=0  solves=0  iterations=0
  certificate  stage=STEP 9  complete  reason=paper_potential_convergence_failed  wall=1.758340e-03s  cpu=1.759000e-03s  provider=2  solves=0  iterations=0

STEP 7
  certificate  stage=STEP 7  complete  reason=continue_stage_ii  wall=9.800000e-07s  cpu=1.000000e-06s  provider=0  solves=0  iterations=0

STEP 4
  STAGE II STEP 4  major=30  upper=-5.093177e+01  LP_primal= 9.310952e-11  LP_dual= 4.163336e-17  active_cuts=35  certified
  certificate  stage=STEP 4  complete  reason=step4_complete  wall=3.658970e-04s  cpu=3.660000e-04s  provider=0  solves=1  iterations=1

STEP 5
  certificate  stage=STEP 5 LOCAL  major=30  attempt=132  accepted  reason=success  P rel.= 5.315112e-14  objective=-4.676456e+01  upper=-5.093177e+01  gap=-4.167202e+00  wall=0.000000e+00s  cpu=0.000000e+00s  provider=0  solves=0  iterations=0
  certificate  stage=STEP 5 LOCAL  major=30  attempt=133  accepted  reason=success  P rel.=-1.087134e-09  objective=-5.093177e+01  upper=-5.093177e+01  gap= 9.310952e-11  wall=0.000000e+00s  cpu=0.000000e+00s  provider=0  solves=0  iterations=0
  certificate  stage=STEP 5  complete  reason=step5_complete  wall=4.066269e-02s  cpu=4.066300e-02s  provider=34  solves=2  iterations=27

STEP 6
  certificate  stage=STEP 6  complete  reason=candidate_set  wall=1.255000e-05s  cpu=1.300000e-05s  provider=0  solves=0  iterations=0

STEP 8
  certificate  stage=STEP 8  complete  reason=step8_complete  wall=3.548738e-02s  cpu=3.548900e-02s  provider=58  solves=1  iterations=10

STEP 9
  certificate  stage=STEP 9  failed  objective=-5.093177e+01  upper=-5.093177e+01  gap= 3.595346e-12  wall=0.000000e+00s  cpu=0.000000e+00s  provider=0  solves=0  iterations=0
  certificate  stage=STEP 9  complete  reason=paper_potential_convergence_failed  wall=1.759640e-03s  cpu=1.760000e-03s  provider=2  solves=0  iterations=0

STEP 7
  certificate  stage=STEP 7  complete  reason=continue_stage_ii  wall=1.030000e-06s  cpu=1.000000e-06s  provider=0  solves=0  iterations=0

STEP 4
  STAGE II STEP 4  major=31  upper=-5.093177e+01  LP_primal= 9.310952e-11  LP_dual= 4.163336e-17  active_cuts=36  certified
  certificate  stage=STEP 4  complete  reason=step4_complete  wall=3.721980e-04s  cpu=3.720000e-04s  provider=0  solves=1  iterations=1

STEP 5
  certificate  stage=STEP 5 LOCAL  major=31  attempt=134  accepted  reason=success  P rel.= 3.921691e-14  objective=-4.676456e+01  upper=-5.093177e+01  gap=-4.167202e+00  wall=0.000000e+00s  cpu=0.000000e+00s  provider=0  solves=0  iterations=0
  certificate  stage=STEP 5 LOCAL  major=31  attempt=135  accepted  reason=success  P rel.=-1.094790e-09  objective=-5.093177e+01  upper=-5.093177e+01  gap= 9.310952e-11  wall=0.000000e+00s  cpu=0.000000e+00s  provider=0  solves=0  iterations=0
  certificate  stage=STEP 5  complete  reason=step5_complete  wall=3.910185e-02s  cpu=3.909500e-02s  provider=33  solves=2  iterations=27

STEP 6
  certificate  stage=STEP 6  complete  reason=candidate_set  wall=1.290000e-05s  cpu=1.200000e-05s  provider=0  solves=0  iterations=0

STEP 8
  certificate  stage=STEP 8  complete  reason=step8_complete  wall=3.422036e-02s  cpu=3.422100e-02s  provider=58  solves=1  iterations=10

STEP 9
  certificate  stage=STEP 9  failed  objective=-5.093177e+01  upper=-5.093177e+01  gap= 3.602452e-12  wall=0.000000e+00s  cpu=0.000000e+00s  provider=0  solves=0  iterations=0
  certificate  stage=STEP 9  complete  reason=paper_potential_convergence_failed  wall=1.873929e-03s  cpu=1.874000e-03s  provider=2  solves=0  iterations=0

STEP 7
  certificate  stage=STEP 7  complete  reason=continue_stage_ii  wall=1.130000e-06s  cpu=1.000000e-06s  provider=0  solves=0  iterations=0

STEP 4
  STAGE II STEP 4  major=32  upper=-5.093177e+01  LP_primal= 9.310952e-11  LP_dual= 4.163336e-17  active_cuts=37  certified
  certificate  stage=STEP 4  complete  reason=step4_complete  wall=3.656580e-04s  cpu=3.660000e-04s  provider=0  solves=1  iterations=1

STEP 5
  certificate  stage=STEP 5 LOCAL  major=32  attempt=137  accepted  reason=success  P rel.= 5.702972e-14  objective=-4.808650e+01  upper=-5.093177e+01  gap=-2.845263e+00  wall=0.000000e+00s  cpu=0.000000e+00s  provider=0  solves=0  iterations=0
  certificate  stage=STEP 5 LOCAL  major=32  attempt=138  accepted  reason=success  P rel.= 6.245975e-13  objective=-4.808650e+01  upper=-5.093177e+01  gap=-2.845263e+00  wall=0.000000e+00s  cpu=0.000000e+00s  provider=0  solves=0  iterations=0
  certificate  stage=STEP 5 LOCAL  major=32  attempt=139  accepted  reason=success  P rel.= 6.033371e-14  objective=-4.808650e+01  upper=-5.093177e+01  gap=-2.845263e+00  wall=0.000000e+00s  cpu=0.000000e+00s  provider=0  solves=0  iterations=0
  certificate  stage=STEP 5 LOCAL  major=32  attempt=141  accepted  reason=success  P rel.= 4.510663e-14  objective=-4.808650e+01  upper=-5.093177e+01  gap=-2.845263e+00  wall=0.000000e+00s  cpu=0.000000e+00s  provider=0  solves=0  iterations=0
  certificate  stage=STEP 5 LOCAL  major=32  attempt=142  accepted  reason=success  P rel.= 4.137168e-14  objective=-4.676456e+01  upper=-5.093177e+01  gap=-4.167202e+00  wall=0.000000e+00s  cpu=0.000000e+00s  provider=0  solves=0  iterations=0
  certificate  stage=STEP 5 LOCAL  major=32  attempt=143  accepted  reason=success  P rel.= 4.079708e-14  objective=-4.808650e+01  upper=-5.093177e+01  gap=-2.845263e+00  wall=0.000000e+00s  cpu=0.000000e+00s  provider=0  solves=0  iterations=0
  certificate  stage=STEP 5 LOCAL  major=32  attempt=144  accepted  reason=success  P rel.=-1.095992e-09  objective=-5.093177e+01  upper=-5.093177e+01  gap= 9.309531e-11  wall=0.000000e+00s  cpu=0.000000e+00s  provider=0  solves=0  iterations=0
  certificate  stage=STEP 5  complete  reason=step5_complete  wall=1.623977e-01s  cpu=1.623930e-01s  provider=139  solves=9  iterations=124

STEP 6
  certificate  stage=STEP 6  complete  reason=candidate_set  wall=1.090000e-05s  cpu=1.100000e-05s  provider=0  solves=0  iterations=0

STEP 8
  certificate  stage=STEP 8  complete  reason=step8_complete  wall=3.417920e-02s  cpu=3.418000e-02s  provider=58  solves=1  iterations=10

STEP 9
  certificate  stage=STEP 9  failed  objective=-5.093177e+01  upper=-5.093177e+01  gap= 3.588241e-12  wall=0.000000e+00s  cpu=0.000000e+00s  provider=0  solves=0  iterations=0
  certificate  stage=STEP 9  complete  reason=paper_potential_convergence_failed  wall=1.782589e-03s  cpu=1.783000e-03s  provider=2  solves=0  iterations=0

STEP 7
  certificate  stage=STEP 7  complete  reason=continue_stage_ii  wall=1.440000e-06s  cpu=2.000000e-06s  provider=0  solves=0  iterations=0

STEP 4
  STAGE II STEP 4  major=33  upper=-5.093177e+01  LP_primal= 9.310952e-11  LP_dual= 4.163336e-17  active_cuts=38  certified
  certificate  stage=STEP 4  complete  reason=step4_complete  wall=4.445070e-04s  cpu=4.450000e-04s  provider=0  solves=1  iterations=1

STEP 5
  certificate  stage=STEP 5 LOCAL  major=33  attempt=145  accepted  reason=success  P rel.=-1.099731e-09  objective=-5.093177e+01  upper=-5.093177e+01  gap= 9.310241e-11  wall=0.000000e+00s  cpu=0.000000e+00s  provider=0  solves=0  iterations=0
  certificate  stage=STEP 5  complete  reason=step5_complete  wall=2.427283e-02s  cpu=2.427400e-02s  provider=20  solves=1  iterations=17

STEP 6
  certificate  stage=STEP 6  complete  reason=candidate_set  wall=1.349000e-05s  cpu=1.400000e-05s  provider=0  solves=0  iterations=0

STEP 8
  certificate  stage=STEP 8  complete  reason=step8_complete  wall=3.440931e-02s  cpu=3.441000e-02s  provider=58  solves=1  iterations=10

STEP 9
  certificate  stage=STEP 9  failed  objective=-5.093177e+01  upper=-5.093177e+01  gap= 3.595346e-12  wall=0.000000e+00s  cpu=0.000000e+00s  provider=0  solves=0  iterations=0
  certificate  stage=STEP 9  complete  reason=paper_potential_convergence_failed  wall=1.691279e-03s  cpu=1.692000e-03s  provider=2  solves=0  iterations=0

STEP 7
  certificate  stage=STEP 7  complete  reason=continue_stage_ii  wall=1.010000e-06s  cpu=1.000000e-06s  provider=0  solves=0  iterations=0

STEP 4
  STAGE II STEP 4  major=34  upper=-5.093177e+01  LP_primal= 9.310952e-11  LP_dual= 4.163336e-17  active_cuts=39  certified
  certificate  stage=STEP 4  complete  reason=step4_complete  wall=3.731080e-04s  cpu=3.740000e-04s  provider=0  solves=1  iterations=1

STEP 5
  certificate  stage=STEP 5 LOCAL  major=34  attempt=146  accepted  reason=success  P rel.=-1.103782e-09  objective=-5.093177e+01  upper=-5.093177e+01  gap= 9.310952e-11  wall=0.000000e+00s  cpu=0.000000e+00s  provider=0  solves=0  iterations=0
  certificate  stage=STEP 5  complete  reason=step5_complete  wall=1.722370e-02s  cpu=1.722500e-02s  provider=15  solves=1  iterations=14

STEP 6
  certificate  stage=STEP 6  complete  reason=candidate_set  wall=1.258000e-05s  cpu=1.300000e-05s  provider=0  solves=0  iterations=0

STEP 8
  certificate  stage=STEP 8  complete  reason=step8_complete  wall=3.535650e-02s  cpu=3.532700e-02s  provider=58  solves=1  iterations=10

STEP 9
  certificate  stage=STEP 9  failed  objective=-5.093177e+01  upper=-5.093177e+01  gap= 3.602452e-12  wall=0.000000e+00s  cpu=0.000000e+00s  provider=0  solves=0  iterations=0
  certificate  stage=STEP 9  complete  reason=paper_potential_convergence_failed  wall=1.881559e-03s  cpu=1.882000e-03s  provider=2  solves=0  iterations=0

STEP 7
  certificate  stage=STEP 7  complete  reason=continue_stage_ii  wall=1.110000e-06s  cpu=1.000000e-06s  provider=0  solves=0  iterations=0

STEP 4
  STAGE II STEP 4  major=35  upper=-5.093177e+01  LP_primal= 9.310952e-11  LP_dual= 4.163336e-17  active_cuts=40  certified
  certificate  stage=STEP 4  complete  reason=step4_complete  wall=3.646380e-04s  cpu=3.650000e-04s  provider=0  solves=1  iterations=1

STEP 5
  certificate  stage=STEP 5 LOCAL  major=35  attempt=147  accepted  reason=success  P rel.= 4.252090e-14  objective=-4.808650e+01  upper=-5.093177e+01  gap=-2.845263e+00  wall=0.000000e+00s  cpu=0.000000e+00s  provider=0  solves=0  iterations=0
  certificate  stage=STEP 5 LOCAL  major=35  attempt=148  accepted  reason=success  P rel.= 5.118309e-13  objective=-4.808650e+01  upper=-5.093177e+01  gap=-2.845263e+00  wall=0.000000e+00s  cpu=0.000000e+00s  provider=0  solves=0  iterations=0
  certificate  stage=STEP 5 LOCAL  major=35  attempt=149  accepted  reason=success  P rel.=-1.097149e-09  objective=-5.093177e+01  upper=-5.093177e+01  gap= 9.310952e-11  wall=0.000000e+00s  cpu=0.000000e+00s  provider=0  solves=0  iterations=0
  certificate  stage=STEP 5  complete  reason=step5_complete  wall=7.087924e-02s  cpu=7.088000e-02s  provider=62  solves=3  iterations=59

STEP 6
  certificate  stage=STEP 6  complete  reason=candidate_set  wall=1.288000e-05s  cpu=1.300000e-05s  provider=0  solves=0  iterations=0

STEP 8
  certificate  stage=STEP 8  complete  reason=step8_complete  wall=3.210797e-02s  cpu=3.210800e-02s  provider=58  solves=1  iterations=10

STEP 9
  certificate  stage=STEP 9  failed  objective=-5.093177e+01  upper=-5.093177e+01  gap= 3.595346e-12  wall=0.000000e+00s  cpu=0.000000e+00s  provider=0  solves=0  iterations=0
  certificate  stage=STEP 9  complete  reason=paper_potential_convergence_failed  wall=1.628910e-03s  cpu=1.629000e-03s  provider=2  solves=0  iterations=0

STEP 7
  certificate  stage=STEP 7  complete  reason=continue_stage_ii  wall=1.010000e-06s  cpu=1.000000e-06s  provider=0  solves=0  iterations=0

STEP 4
  STAGE II STEP 4  major=36  upper=-5.093177e+01  LP_primal= 9.310952e-11  LP_dual= 4.163336e-17  active_cuts=41  certified
  certificate  stage=STEP 4  complete  reason=step4_complete  wall=3.557180e-04s  cpu=3.560000e-04s  provider=0  solves=1  iterations=1

STEP 5
  certificate  stage=STEP 5 LOCAL  major=36  attempt=151  accepted  reason=success  P rel.= 4.783601e-14  objective=-4.808650e+01  upper=-5.093177e+01  gap=-2.845263e+00  wall=0.000000e+00s  cpu=0.000000e+00s  provider=0  solves=0  iterations=0
  certificate  stage=STEP 5 LOCAL  major=36  attempt=152  accepted  reason=success  P rel.=-1.093811e-09  objective=-5.093177e+01  upper=-5.093177e+01  gap= 9.310952e-11  wall=0.000000e+00s  cpu=0.000000e+00s  provider=0  solves=0  iterations=0
  certificate  stage=STEP 5  complete  reason=step5_complete  wall=4.601771e-02s  cpu=4.601100e-02s  provider=42  solves=3  iterations=38

STEP 6
  certificate  stage=STEP 6  complete  reason=candidate_set  wall=1.297000e-05s  cpu=1.300000e-05s  provider=0  solves=0  iterations=0

STEP 8
  certificate  stage=STEP 8  complete  reason=step8_complete  wall=3.201454e-02s  cpu=3.201500e-02s  provider=58  solves=1  iterations=10

STEP 9
  certificate  stage=STEP 9  failed  objective=-5.093177e+01  upper=-5.093177e+01  gap= 3.595346e-12  wall=0.000000e+00s  cpu=0.000000e+00s  provider=0  solves=0  iterations=0
  certificate  stage=STEP 9  complete  reason=paper_potential_convergence_failed  wall=1.704390e-03s  cpu=1.704000e-03s  provider=2  solves=0  iterations=0

STEP 7
  certificate  stage=STEP 7  complete  reason=continue_stage_ii  wall=1.040000e-06s  cpu=1.000000e-06s  provider=0  solves=0  iterations=0

STEP 4
  STAGE II STEP 4  major=37  upper=-5.093177e+01  LP_primal= 9.310952e-11  LP_dual= 4.163336e-17  active_cuts=42  certified
  certificate  stage=STEP 4  complete  reason=step4_complete  wall=3.860680e-04s  cpu=3.870000e-04s  provider=0  solves=1  iterations=1

STEP 5
  certificate  stage=STEP 5 LOCAL  major=37  attempt=153  accepted  reason=success  P rel.= 6.665438e-14  objective=-4.808650e+01  upper=-5.093177e+01  gap=-2.845263e+00  wall=0.000000e+00s  cpu=0.000000e+00s  provider=0  solves=0  iterations=0
  certificate  stage=STEP 5 LOCAL  major=37  attempt=154  accepted  reason=success  P rel.=-1.090739e-09  objective=-5.093177e+01  upper=-5.093177e+01  gap= 9.310952e-11  wall=0.000000e+00s  cpu=0.000000e+00s  provider=0  solves=0  iterations=0
  certificate  stage=STEP 5  complete  reason=step5_complete  wall=4.929368e-02s  cpu=4.927400e-02s  provider=41  solves=2  iterations=39

STEP 6
  certificate  stage=STEP 6  complete  reason=candidate_set  wall=1.354000e-05s  cpu=1.300000e-05s  provider=0  solves=0  iterations=0

STEP 8
  certificate  stage=STEP 8  complete  reason=step8_complete  wall=3.210228e-02s  cpu=3.210300e-02s  provider=58  solves=1  iterations=10

STEP 9
  certificate  stage=STEP 9  failed  objective=-5.093177e+01  upper=-5.093177e+01  gap= 3.588241e-12  wall=0.000000e+00s  cpu=0.000000e+00s  provider=0  solves=0  iterations=0
  certificate  stage=STEP 9  complete  reason=paper_potential_convergence_failed  wall=1.641671e-03s  cpu=1.642000e-03s  provider=2  solves=0  iterations=0

STEP 7
  certificate  stage=STEP 7  complete  reason=continue_stage_ii  wall=9.600000e-07s  cpu=0.000000e+00s  provider=0  solves=0  iterations=0

STEP 4
  STAGE II STEP 4  major=38  upper=-5.093177e+01  LP_primal= 9.310952e-11  LP_dual= 4.163336e-17  active_cuts=43  certified
  certificate  stage=STEP 4  complete  reason=step4_complete  wall=3.552780e-04s  cpu=3.560000e-04s  provider=0  solves=1  iterations=1

STEP 5
  certificate  stage=STEP 5 LOCAL  major=38  attempt=155  accepted  reason=success  P rel.= 4.726140e-14  objective=-4.808650e+01  upper=-5.093177e+01  gap=-2.845263e+00  wall=0.000000e+00s  cpu=0.000000e+00s  provider=0  solves=0  iterations=0
  certificate  stage=STEP 5 LOCAL  major=38  attempt=156  accepted  reason=success  P rel.= 5.559320e-14  objective=-4.808650e+01  upper=-5.093177e+01  gap=-2.845263e+00  wall=0.000000e+00s  cpu=0.000000e+00s  provider=0  solves=0  iterations=0
  certificate  stage=STEP 5 LOCAL  major=38  attempt=157  accepted  reason=success  P rel.= 6.119562e-14  objective=-4.808650e+01  upper=-5.093177e+01  gap=-2.845263e+00  wall=0.000000e+00s  cpu=0.000000e+00s  provider=0  solves=0  iterations=0
  certificate  stage=STEP 5 LOCAL  major=38  attempt=158  accepted  reason=success  P rel.= 4.726140e-14  objective=-4.676456e+01  upper=-5.093177e+01  gap=-4.167202e+00  wall=0.000000e+00s  cpu=0.000000e+00s  provider=0  solves=0  iterations=0
  certificate  stage=STEP 5 LOCAL  major=38  attempt=159  accepted  reason=success  P rel.=-2.633971e-09  objective=-5.093177e+01  upper=-5.093177e+01  gap= 9.310241e-11  wall=0.000000e+00s  cpu=0.000000e+00s  provider=0  solves=0  iterations=0
  certificate  stage=STEP 5  complete  reason=step5_complete  wall=1.125902e-01s  cpu=1.125910e-01s  provider=100  solves=5  iterations=93

STEP 6
  certificate  stage=STEP 6  complete  reason=candidate_set  wall=1.417000e-05s  cpu=1.500000e-05s  provider=0  solves=0  iterations=0

STEP 8
  certificate  stage=STEP 8  complete  reason=step8_complete  wall=3.168955e-02s  cpu=3.166800e-02s  provider=58  solves=1  iterations=10

STEP 9
  certificate  stage=STEP 9  failed  objective=-5.093177e+01  upper=-5.093177e+01  gap= 3.588241e-12  wall=0.000000e+00s  cpu=0.000000e+00s  provider=0  solves=0  iterations=0
  certificate  stage=STEP 9  complete  reason=paper_potential_convergence_failed  wall=1.575011e-03s  cpu=1.575000e-03s  provider=2  solves=0  iterations=0

STEP 7
  certificate  stage=STEP 7  complete  reason=continue_stage_ii  wall=1.030000e-06s  cpu=1.000000e-06s  provider=0  solves=0  iterations=0

STEP 4
  STAGE II STEP 4  major=39  upper=-5.093177e+01  LP_primal= 9.311663e-11  LP_dual= 1.387779e-16  active_cuts=44  certified
  certificate  stage=STEP 4  complete  reason=step4_complete  wall=3.893370e-04s  cpu=3.900000e-04s  provider=0  solves=1  iterations=1

STEP 5
  certificate  stage=STEP 5 LOCAL  major=39  attempt=160  accepted  reason=success  P rel.= 5.659876e-14  objective=-4.808650e+01  upper=-5.093177e+01  gap=-2.845263e+00  wall=0.000000e+00s  cpu=0.000000e+00s  provider=0  solves=0  iterations=0
  certificate  stage=STEP 5 LOCAL  major=39  attempt=161  accepted  reason=success  P rel.=-1.085220e-09  objective=-5.093177e+01  upper=-5.093177e+01  gap= 9.310952e-11  wall=0.000000e+00s  cpu=0.000000e+00s  provider=0  solves=0  iterations=0
  certificate  stage=STEP 5  complete  reason=step5_complete  wall=4.782430e-02s  cpu=4.782500e-02s  provider=43  solves=2  iterations=38

STEP 6
  certificate  stage=STEP 6  complete  reason=candidate_set  wall=1.382000e-05s  cpu=1.400000e-05s  provider=0  solves=0  iterations=0

STEP 8
  certificate  stage=STEP 8  complete  reason=step8_complete  wall=3.289715e-02s  cpu=3.289800e-02s  provider=58  solves=1  iterations=10

STEP 9
  certificate  stage=STEP 9  failed  objective=-5.093177e+01  upper=-5.093177e+01  gap= 1.745093e-11  wall=0.000000e+00s  cpu=0.000000e+00s  provider=0  solves=0  iterations=0
  certificate  stage=STEP 9  complete  reason=paper_potential_convergence_failed  wall=1.695859e-03s  cpu=1.696000e-03s  provider=2  solves=0  iterations=0

STEP 7
  certificate  stage=STEP 7  complete  reason=continue_stage_ii  wall=1.180000e-06s  cpu=1.000000e-06s  provider=0  solves=0  iterations=0

STEP 4
  STAGE II STEP 4  major=40  upper=-5.093177e+01  LP_primal= 9.311663e-11  LP_dual= 1.387779e-16  active_cuts=45  certified
  certificate  stage=STEP 4  complete  reason=step4_complete  wall=4.258680e-04s  cpu=4.260000e-04s  provider=0  solves=1  iterations=1

STEP 5
  certificate  stage=STEP 5 LOCAL  major=40  attempt=162  accepted  reason=success  P rel.= 5.070904e-14  objective=-4.808650e+01  upper=-5.093177e+01  gap=-2.845263e+00  wall=0.000000e+00s  cpu=0.000000e+00s  provider=0  solves=0  iterations=0
  certificate  stage=STEP 5 LOCAL  major=40  attempt=163  accepted  reason=success  P rel.= 1.255516e-13  objective=-4.808650e+01  upper=-5.093177e+01  gap=-2.845263e+00  wall=0.000000e+00s  cpu=0.000000e+00s  provider=0  solves=0  iterations=0
  certificate  stage=STEP 5 LOCAL  major=40  attempt=164  accepted  reason=success  P rel.= 4.367011e-14  objective=-4.808650e+01  upper=-5.093177e+01  gap=-2.845263e+00  wall=0.000000e+00s  cpu=0.000000e+00s  provider=0  solves=0  iterations=0
  certificate  stage=STEP 5 LOCAL  major=40  attempt=165  accepted  reason=success  P rel.= 4.553758e-14  objective=-4.808650e+01  upper=-5.093177e+01  gap=-2.845263e+00  wall=0.000000e+00s  cpu=0.000000e+00s  provider=0  solves=0  iterations=0
  certificate  stage=STEP 5 LOCAL  major=40  attempt=166  accepted  reason=success  P rel.= 4.412980e-13  objective=-4.808650e+01  upper=-5.093177e+01  gap=-2.845263e+00  wall=0.000000e+00s  cpu=0.000000e+00s  provider=0  solves=0  iterations=0
  certificate  stage=STEP 5 LOCAL  major=40  attempt=167  accepted  reason=success  P rel.=-1.104005e-09  objective=-5.093177e+01  upper=-5.093177e+01  gap= 9.310952e-11  wall=0.000000e+00s  cpu=0.000000e+00s  provider=0  solves=0  iterations=0
  certificate  stage=STEP 5  complete  reason=step5_complete  wall=1.712445e-01s  cpu=1.712270e-01s  provider=142  solves=6  iterations=133

STEP 6
  certificate  stage=STEP 6  complete  reason=candidate_set  wall=1.523000e-05s  cpu=1.600000e-05s  provider=0  solves=0  iterations=0

STEP 8
  certificate  stage=STEP 8  complete  reason=step8_complete  wall=3.386612e-02s  cpu=3.386700e-02s  provider=58  solves=1  iterations=10

STEP 9
  certificate  stage=STEP 9  failed  objective=-5.093177e+01  upper=-5.093177e+01  gap= 1.745093e-11  wall=0.000000e+00s  cpu=0.000000e+00s  provider=0  solves=0  iterations=0
  certificate  stage=STEP 9  complete  reason=paper_potential_convergence_failed  wall=1.737000e-03s  cpu=1.737000e-03s  provider=2  solves=0  iterations=0

STEP 7
  certificate  stage=STEP 7  complete  reason=continue_stage_ii  wall=1.080000e-06s  cpu=1.000000e-06s  provider=0  solves=0  iterations=0

STEP 4
  STAGE II STEP 4  major=41  upper=-5.093177e+01  LP_primal= 9.311663e-11  LP_dual= 1.387779e-16  active_cuts=46  certified
  certificate  stage=STEP 4  complete  reason=step4_complete  wall=4.508180e-04s  cpu=4.510000e-04s  provider=0  solves=1  iterations=1

STEP 5
  certificate  stage=STEP 5 LOCAL  major=41  attempt=169  accepted  reason=success  P rel.= 9.279899e-14  objective=-4.808650e+01  upper=-5.093177e+01  gap=-2.845263e+00  wall=0.000000e+00s  cpu=0.000000e+00s  provider=0  solves=0  iterations=0
  certificate  stage=STEP 5 LOCAL  major=41  attempt=170  accepted  reason=success  P rel.= 5.329477e-14  objective=-4.808650e+01  upper=-5.093177e+01  gap=-2.845263e+00  wall=0.000000e+00s  cpu=0.000000e+00s  provider=0  solves=0  iterations=0
  certificate  stage=STEP 5 LOCAL  major=41  attempt=171  accepted  reason=success  P rel.= 5.315112e-14  objective=-4.808650e+01  upper=-5.093177e+01  gap=-2.845263e+00  wall=0.000000e+00s  cpu=0.000000e+00s  provider=0  solves=0  iterations=0
  certificate  stage=STEP 5 LOCAL  major=41  attempt=172  accepted  reason=success  P rel.= 6.277578e-14  objective=-4.808650e+01  upper=-5.093177e+01  gap=-2.845263e+00  wall=0.000000e+00s  cpu=0.000000e+00s  provider=0  solves=0  iterations=0
  certificate  stage=STEP 5 LOCAL  major=41  attempt=173  accepted  reason=success  P rel.= 6.363769e-14  objective=-4.808650e+01  upper=-5.093177e+01  gap=-2.845263e+00  wall=0.000000e+00s  cpu=0.000000e+00s  provider=0  solves=0  iterations=0
  certificate  stage=STEP 5 LOCAL  major=41  attempt=174  accepted  reason=success  P rel.=-1.095324e-09  objective=-5.093177e+01  upper=-5.093177e+01  gap= 9.310952e-11  wall=0.000000e+00s  cpu=0.000000e+00s  provider=0  solves=0  iterations=0
  certificate  stage=STEP 5  complete  reason=step5_complete  wall=1.543171e-01s  cpu=1.543180e-01s  provider=130  solves=7  iterations=115

STEP 6
  certificate  stage=STEP 6  complete  reason=candidate_set  wall=1.567000e-05s  cpu=1.600000e-05s  provider=0  solves=0  iterations=0

STEP 8
  certificate  stage=STEP 8  complete  reason=step8_complete  wall=3.533446e-02s  cpu=3.533600e-02s  provider=58  solves=1  iterations=10

STEP 9
  certificate  stage=STEP 9  failed  objective=-5.093177e+01  upper=-5.093177e+01  gap= 1.745093e-11  wall=0.000000e+00s  cpu=0.000000e+00s  provider=0  solves=0  iterations=0
  certificate  stage=STEP 9  complete  reason=paper_potential_convergence_failed  wall=1.752529e-03s  cpu=1.748000e-03s  provider=2  solves=0  iterations=0

STEP 7
  certificate  stage=STEP 7  complete  reason=continue_stage_ii  wall=1.100000e-06s  cpu=1.000000e-06s  provider=0  solves=0  iterations=0

STEP 4
  STAGE II STEP 4  major=42  upper=-5.093177e+01  LP_primal= 9.311663e-11  LP_dual= 1.387779e-16  active_cuts=47  certified
  certificate  stage=STEP 4  complete  reason=step4_complete  wall=4.348880e-04s  cpu=4.350000e-04s  provider=0  solves=1  iterations=1

STEP 5
  certificate  stage=STEP 5 LOCAL  major=42  attempt=175  accepted  reason=success  P rel.=-1.106319e-09  objective=-5.093177e+01  upper=-5.093177e+01  gap= 9.310952e-11  wall=0.000000e+00s  cpu=0.000000e+00s  provider=0  solves=0  iterations=0
  certificate  stage=STEP 5  complete  reason=step5_complete  wall=1.943961e-02s  cpu=1.944000e-02s  provider=16  solves=1  iterations=15

STEP 6
  certificate  stage=STEP 6  complete  reason=candidate_set  wall=1.529000e-05s  cpu=1.500000e-05s  provider=0  solves=0  iterations=0

STEP 8
  certificate  stage=STEP 8  complete  reason=step8_complete  wall=3.451199e-02s  cpu=3.451300e-02s  provider=58  solves=1  iterations=10

STEP 9
  certificate  stage=STEP 9  failed  objective=-5.093177e+01  upper=-5.093177e+01  gap= 1.745093e-11  wall=0.000000e+00s  cpu=0.000000e+00s  provider=0  solves=0  iterations=0
  certificate  stage=STEP 9  complete  reason=paper_potential_convergence_failed  wall=1.720569e-03s  cpu=1.721000e-03s  provider=2  solves=0  iterations=0

STEP 7
  certificate  stage=STEP 7  complete  reason=continue_stage_ii  wall=1.010000e-06s  cpu=1.000000e-06s  provider=0  solves=0  iterations=0

STEP 4
  STAGE II STEP 4  major=43  upper=-5.093177e+01  LP_primal= 9.311663e-11  LP_dual= 1.387779e-16  active_cuts=48  certified
  certificate  stage=STEP 4  complete  reason=step4_complete  wall=4.253580e-04s  cpu=4.260000e-04s  provider=0  solves=1  iterations=1

STEP 5
  certificate  stage=STEP 5 LOCAL  major=43  attempt=176  accepted  reason=success  P rel.= 4.654314e-14  objective=-4.808650e+01  upper=-5.093177e+01  gap=-2.845263e+00  wall=0.000000e+00s  cpu=0.000000e+00s  provider=0  solves=0  iterations=0
  certificate  stage=STEP 5 LOCAL  major=43  attempt=177  accepted  reason=success  P rel.=-1.092609e-09  objective=-5.093177e+01  upper=-5.093177e+01  gap= 9.310952e-11  wall=0.000000e+00s  cpu=0.000000e+00s  provider=0  solves=0  iterations=0
  certificate  stage=STEP 5  complete  reason=step5_complete  wall=5.649283e-02s  cpu=5.649400e-02s  provider=46  solves=2  iterations=41

STEP 6
  certificate  stage=STEP 6  complete  reason=candidate_set  wall=1.595000e-05s  cpu=1.600000e-05s  provider=0  solves=0  iterations=0

STEP 8
  certificate  stage=STEP 8  complete  reason=step8_complete  wall=3.415517e-02s  cpu=3.409400e-02s  provider=58  solves=1  iterations=10

STEP 9
  certificate  stage=STEP 9  failed  objective=-5.093177e+01  upper=-5.093177e+01  gap= 1.745093e-11  wall=0.000000e+00s  cpu=0.000000e+00s  provider=0  solves=0  iterations=0
  certificate  stage=STEP 9  complete  reason=paper_potential_convergence_failed  wall=1.723420e-03s  cpu=1.706000e-03s  provider=2  solves=0  iterations=0

STEP 7
  certificate  stage=STEP 7  complete  reason=continue_stage_ii  wall=1.080000e-06s  cpu=1.000000e-06s  provider=0  solves=0  iterations=0

STEP 4
  STAGE II STEP 4  major=44  upper=-5.093177e+01  LP_primal= 9.311663e-11  LP_dual= 1.387779e-16  active_cuts=49  certified
  certificate  stage=STEP 4  complete  reason=step4_complete  wall=4.299380e-04s  cpu=4.300000e-04s  provider=0  solves=1  iterations=1

STEP 5
  certificate  stage=STEP 5 LOCAL  major=44  attempt=178  accepted  reason=success  P rel.=-1.107566e-09  objective=-5.093177e+01  upper=-5.093177e+01  gap= 9.310952e-11  wall=0.000000e+00s  cpu=0.000000e+00s  provider=0  solves=0  iterations=0
  certificate  stage=STEP 5  complete  reason=step5_complete  wall=2.480473e-02s  cpu=2.472400e-02s  provider=22  solves=1  iterations=17

STEP 6
  certificate  stage=STEP 6  complete  reason=candidate_set  wall=1.400000e-05s  cpu=1.400000e-05s  provider=0  solves=0  iterations=0

STEP 8
  certificate  stage=STEP 8  complete  reason=step8_complete  wall=3.169820e-02s  cpu=3.157600e-02s  provider=58  solves=1  iterations=10

STEP 9
  certificate  stage=STEP 9  failed  objective=-5.093177e+01  upper=-5.093177e+01  gap= 1.745093e-11  wall=0.000000e+00s  cpu=0.000000e+00s  provider=0  solves=0  iterations=0
  certificate  stage=STEP 9  complete  reason=paper_potential_convergence_failed  wall=1.616051e-03s  cpu=1.597000e-03s  provider=2  solves=0  iterations=0

STEP 7
  certificate  stage=STEP 7  complete  reason=continue_stage_ii  wall=1.000000e-06s  cpu=1.000000e-06s  provider=0  solves=0  iterations=0

STEP 4
  STAGE II STEP 4  major=45  upper=-5.093177e+01  LP_primal= 9.311663e-11  LP_dual= 1.387779e-16  active_cuts=50  certified
  certificate  stage=STEP 4  complete  reason=step4_complete  wall=4.052870e-04s  cpu=4.060000e-04s  provider=0  solves=1  iterations=1

STEP 5
  certificate  stage=STEP 5 LOCAL  major=45  attempt=179  accepted  reason=success  P rel.= 5.070904e-14  objective=-4.808650e+01  upper=-5.093177e+01  gap=-2.845263e+00  wall=0.000000e+00s  cpu=0.000000e+00s  provider=0  solves=0  iterations=0
  certificate  stage=STEP 5 LOCAL  major=45  attempt=180  accepted  reason=success  P rel.= 5.544955e-14  objective=-4.808650e+01  upper=-5.093177e+01  gap=-2.845263e+00  wall=0.000000e+00s  cpu=0.000000e+00s  provider=0  solves=0  iterations=0
  certificate  stage=STEP 5 LOCAL  major=45  attempt=182  accepted  reason=success  P rel.= 4.079708e-14  objective=-4.676456e+01  upper=-5.093177e+01  gap=-4.167205e+00  wall=0.000000e+00s  cpu=0.000000e+00s  provider=0  solves=0  iterations=0
  certificate  stage=STEP 5 LOCAL  major=45  attempt=183  accepted  reason=success  P rel.= 6.277578e-14  objective=-4.808650e+01  upper=-5.093177e+01  gap=-2.845263e+00  wall=0.000000e+00s  cpu=0.000000e+00s  provider=0  solves=0  iterations=0
  certificate  stage=STEP 5 LOCAL  major=45  attempt=184  accepted  reason=success  P rel.= 3.490736e-14  objective=-4.808650e+01  upper=-5.093177e+01  gap=-2.845263e+00  wall=0.000000e+00s  cpu=0.000000e+00s  provider=0  solves=0  iterations=0
  certificate  stage=STEP 5 LOCAL  major=45  attempt=185  accepted  reason=success  P rel.=-1.097372e-09  objective=-5.093177e+01  upper=-5.093177e+01  gap= 9.309531e-11  wall=0.000000e+00s  cpu=0.000000e+00s  provider=0  solves=0  iterations=0
  certificate  stage=STEP 5  complete  reason=step5_complete  wall=1.267559e-01s  cpu=1.263070e-01s  provider=116  solves=7  iterations=105

STEP 6
  certificate  stage=STEP 6  complete  reason=candidate_set  wall=1.501000e-05s  cpu=1.500000e-05s  provider=0  solves=0  iterations=0

STEP 8
  certificate  stage=STEP 8  complete  reason=step8_complete  wall=3.143081e-02s  cpu=3.133300e-02s  provider=58  solves=1  iterations=10

STEP 9
  certificate  stage=STEP 9  failed  objective=-5.093177e+01  upper=-5.093177e+01  gap= 1.745093e-11  wall=0.000000e+00s  cpu=0.000000e+00s  provider=0  solves=0  iterations=0
  certificate  stage=STEP 9  complete  reason=paper_potential_convergence_failed  wall=1.582651e-03s  cpu=1.568000e-03s  provider=2  solves=0  iterations=0

STEP 7
  certificate  stage=STEP 7  complete  reason=continue_stage_ii  wall=9.900000e-07s  cpu=0.000000e+00s  provider=0  solves=0  iterations=0

STEP 4
  STAGE II STEP 4  major=46  upper=-5.093177e+01  LP_primal= 9.311663e-11  LP_dual= 1.387779e-16  active_cuts=51  certified
  certificate  stage=STEP 4  complete  reason=step4_complete  wall=4.032980e-04s  cpu=4.040000e-04s  provider=0  solves=1  iterations=1

STEP 5
  certificate  stage=STEP 5 LOCAL  major=46  attempt=186  accepted  reason=success  P rel.= 7.987033e-14  objective=-4.808650e+01  upper=-5.093177e+01  gap=-2.845263e+00  wall=0.000000e+00s  cpu=0.000000e+00s  provider=0  solves=0  iterations=0
  certificate  stage=STEP 5 LOCAL  major=46  attempt=187  accepted  reason=success  P rel.= 3.993517e-14  objective=-4.808650e+01  upper=-5.093177e+01  gap=-2.845263e+00  wall=0.000000e+00s  cpu=0.000000e+00s  provider=0  solves=0  iterations=0
  certificate  stage=STEP 5 LOCAL  major=46  attempt=188  accepted  reason=success  P rel.= 5.501859e-14  objective=-4.808650e+01  upper=-5.093177e+01  gap=-2.845263e+00  wall=0.000000e+00s  cpu=0.000000e+00s  provider=0  solves=0  iterations=0
  certificate  stage=STEP 5 LOCAL  major=46  attempt=189  accepted  reason=success  P rel.= 5.559320e-14  objective=-4.676456e+01  upper=-5.093177e+01  gap=-4.167205e+00  wall=0.000000e+00s  cpu=0.000000e+00s  provider=0  solves=0  iterations=0
  certificate  stage=STEP 5 LOCAL  major=46  attempt=190  accepted  reason=success  P rel.= 4.654314e-14  objective=-4.676456e+01  upper=-5.093177e+01  gap=-4.167205e+00  wall=0.000000e+00s  cpu=0.000000e+00s  provider=0  solves=0  iterations=0
  certificate  stage=STEP 5 LOCAL  major=46  attempt=191  accepted  reason=success  P rel.= 2.375999e-13  objective=-4.808650e+01  upper=-5.093177e+01  gap=-2.845263e+00  wall=0.000000e+00s  cpu=0.000000e+00s  provider=0  solves=0  iterations=0
  certificate  stage=STEP 5 LOCAL  major=46  attempt=192  accepted  reason=success  P rel.= 7.685365e-14  objective=-4.808650e+01  upper=-5.093177e+01  gap=-2.845263e+00  wall=0.000000e+00s  cpu=0.000000e+00s  provider=0  solves=0  iterations=0
  certificate  stage=STEP 5 LOCAL  major=46  attempt=193  accepted  reason=success  P rel.= 2.398983e-14  objective=-4.808650e+01  upper=-5.093177e+01  gap=-2.845263e+00  wall=0.000000e+00s  cpu=0.000000e+00s  provider=0  solves=0  iterations=0
  certificate  stage=STEP 5 LOCAL  major=46  attempt=194  accepted  reason=success  P rel.=-1.091407e-09  objective=-5.093177e+01  upper=-5.093177e+01  gap= 9.310952e-11  wall=0.000000e+00s  cpu=0.000000e+00s  provider=0  solves=0  iterations=0
  certificate  stage=STEP 5  complete  reason=step5_complete  wall=1.919525e-01s  cpu=1.913120e-01s  provider=177  solves=9  iterations=164

STEP 6
  certificate  stage=STEP 6  complete  reason=candidate_set  wall=1.624000e-05s  cpu=1.700000e-05s  provider=0  solves=0  iterations=0

STEP 8
  certificate  stage=STEP 8  complete  reason=step8_complete  wall=3.123553e-02s  cpu=3.112000e-02s  provider=58  solves=1  iterations=10

STEP 9
  certificate  stage=STEP 9  failed  objective=-5.093177e+01  upper=-5.093177e+01  gap= 1.745804e-11  wall=0.000000e+00s  cpu=0.000000e+00s  provider=0  solves=0  iterations=0
  certificate  stage=STEP 9  complete  reason=paper_potential_convergence_failed  wall=1.601491e-03s  cpu=1.602000e-03s  provider=2  solves=0  iterations=0

STEP 7
  certificate  stage=STEP 7  complete  reason=continue_stage_ii  wall=9.600000e-07s  cpu=1.000000e-06s  provider=0  solves=0  iterations=0

STEP 4
  STAGE II STEP 4  major=47  upper=-5.093177e+01  LP_primal= 9.311663e-11  LP_dual= 1.387779e-16  active_cuts=52  certified
  certificate  stage=STEP 4  complete  reason=step4_complete  wall=4.247670e-04s  cpu=4.250000e-04s  provider=0  solves=1  iterations=1

STEP 5
  certificate  stage=STEP 5 LOCAL  major=47  attempt=195  accepted  reason=success  P rel.= 5.315112e-14  objective=-4.808650e+01  upper=-5.093177e+01  gap=-2.845263e+00  wall=0.000000e+00s  cpu=0.000000e+00s  provider=0  solves=0  iterations=0
  certificate  stage=STEP 5 LOCAL  major=47  attempt=196  accepted  reason=success  P rel.= 8.087590e-14  objective=-4.808650e+01  upper=-5.093177e+01  gap=-2.845263e+00  wall=0.000000e+00s  cpu=0.000000e+00s  provider=0  solves=0  iterations=0
  certificate  stage=STEP 5 LOCAL  major=47  attempt=197  accepted  reason=success  P rel.=-7.132128e-09  objective=-5.093177e+01  upper=-5.093177e+01  gap= 9.311663e-11  wall=0.000000e+00s  cpu=0.000000e+00s  provider=0  solves=0  iterations=0
  certificate  stage=STEP 5  complete  reason=step5_complete  wall=6.574180e-02s  cpu=6.550600e-02s  provider=60  solves=3  iterations=55

STEP 6
  certificate  stage=STEP 6  complete  reason=candidate_set  wall=1.525000e-05s  cpu=1.500000e-05s  provider=0  solves=0  iterations=0

STEP 8
  certificate  stage=STEP 8  complete  reason=step8_complete  wall=3.123846e-02s  cpu=3.113800e-02s  provider=58  solves=1  iterations=10

STEP 9
  certificate  stage=STEP 9  failed  objective=-5.093177e+01  upper=-5.093177e+01  gap= 1.745804e-11  wall=0.000000e+00s  cpu=0.000000e+00s  provider=0  solves=0  iterations=0
  certificate  stage=STEP 9  complete  reason=paper_potential_convergence_failed  wall=1.658960e-03s  cpu=1.644000e-03s  provider=2  solves=0  iterations=0

STEP 7
  certificate  stage=STEP 7  complete  reason=continue_stage_ii  wall=1.070000e-06s  cpu=1.000000e-06s  provider=0  solves=0  iterations=0

STEP 4
  STAGE II STEP 4  major=48  upper=-5.093177e+01  LP_primal= 9.311663e-11  LP_dual= 1.387779e-16  active_cuts=53  certified
  certificate  stage=STEP 4  complete  reason=step4_complete  wall=5.994970e-04s  cpu=6.000000e-04s  provider=0  solves=1  iterations=1

STEP 5
  certificate  stage=STEP 5 LOCAL  major=48  attempt=198  accepted  reason=success  P rel.=-3.428866e-08  objective=-5.093177e+01  upper=-5.093177e+01  gap= 1.918465e-13  wall=0.000000e+00s  cpu=0.000000e+00s  provider=0  solves=0  iterations=0
  certificate  stage=STEP 5  complete  reason=step5_complete  wall=2.764668e-02s  cpu=2.760500e-02s  provider=25  solves=1  iterations=20

STEP 6
  certificate  stage=STEP 6  complete  reason=candidate_set  wall=1.672900e-05s  cpu=1.600000e-05s  provider=0  solves=0  iterations=0

STEP 8
  certificate  stage=STEP 8  complete  reason=step8_complete  wall=3.389599e-02s  cpu=3.389600e-02s  provider=58  solves=1  iterations=10

STEP 9
  certificate  stage=STEP 9  failed  objective=-5.093177e+01  upper=-5.093177e+01  gap= 1.745804e-11  wall=0.000000e+00s  cpu=0.000000e+00s  provider=0  solves=0  iterations=0
  certificate  stage=STEP 9  complete  reason=paper_potential_convergence_failed  wall=1.798749e-03s  cpu=1.799000e-03s  provider=2  solves=0  iterations=0

STEP 7
  certificate  stage=STEP 7  complete  reason=continue_stage_ii  wall=1.050000e-06s  cpu=1.000000e-06s  provider=0  solves=0  iterations=0

STEP 4
  STAGE II STEP 4  major=49  upper=-5.093177e+01  LP_primal= 9.311663e-11  LP_dual= 1.387779e-16  active_cuts=54  certified
  certificate  stage=STEP 4  complete  reason=step4_complete  wall=4.414280e-04s  cpu=4.420000e-04s  provider=0  solves=1  iterations=1

STEP 5
  certificate  stage=STEP 5 LOCAL  major=49  attempt=199  accepted  reason=success  P rel.=-3.430024e-08  objective=-5.093177e+01  upper=-5.093177e+01  gap= 1.918465e-13  wall=0.000000e+00s  cpu=0.000000e+00s  provider=0  solves=0  iterations=0
  certificate  stage=STEP 5  complete  reason=step5_complete  wall=3.730394e-02s  cpu=3.729900e-02s  provider=33  solves=1  iterations=26

STEP 6
  certificate  stage=STEP 6  complete  reason=candidate_set  wall=1.676000e-05s  cpu=1.600000e-05s  provider=0  solves=0  iterations=0

STEP 8
  certificate  stage=STEP 8  complete  reason=step8_complete  wall=3.399699e-02s  cpu=3.399800e-02s  provider=58  solves=1  iterations=10

STEP 9
  certificate  stage=STEP 9  failed  objective=-5.093177e+01  upper=-5.093177e+01  gap= 1.744382e-11  wall=0.000000e+00s  cpu=0.000000e+00s  provider=0  solves=0  iterations=0
  certificate  stage=STEP 9  complete  reason=paper_potential_convergence_failed  wall=1.713260e-03s  cpu=1.714000e-03s  provider=2  solves=0  iterations=0

STEP 7
  certificate  stage=STEP 7  complete  reason=continue_stage_ii  wall=1.050000e-06s  cpu=1.000000e-06s  provider=0  solves=0  iterations=0

STEP 4
  STAGE II STEP 4  major=50  upper=-5.093177e+01  LP_primal= 9.311663e-11  LP_dual= 1.387779e-16  active_cuts=55  certified
  certificate  stage=STEP 4  complete  reason=step4_complete  wall=4.391880e-04s  cpu=4.390000e-04s  provider=0  solves=1  iterations=1

STEP 5
  certificate  stage=STEP 5 LOCAL  major=50  attempt=200  accepted  reason=success  P rel.= 2.973590e-14  objective=-4.808650e+01  upper=-5.093177e+01  gap=-2.845263e+00  wall=0.000000e+00s  cpu=0.000000e+00s  provider=0  solves=0  iterations=0
  certificate  stage=STEP 5 LOCAL  major=50  attempt=201  accepted  reason=success  P rel.=-1.094924e-09  objective=-5.093177e+01  upper=-5.093177e+01  gap= 9.310952e-11  wall=0.000000e+00s  cpu=0.000000e+00s  provider=0  solves=0  iterations=0
  certificate  stage=STEP 5  complete  reason=step5_complete  wall=4.699746e-02s  cpu=4.699800e-02s  provider=40  solves=2  iterations=35

STEP 6
  certificate  stage=STEP 6  complete  reason=candidate_set  wall=1.745000e-05s  cpu=1.800000e-05s  provider=0  solves=0  iterations=0

STEP 8
  certificate  stage=STEP 8  complete  reason=step8_complete  wall=3.423015e-02s  cpu=3.423100e-02s  provider=58  solves=1  iterations=10

STEP 9
  certificate  stage=STEP 9  failed  objective=-5.093177e+01  upper=-5.093177e+01  gap= 1.745804e-11  wall=0.000000e+00s  cpu=0.000000e+00s  provider=0  solves=0  iterations=0
  certificate  stage=STEP 9  complete  reason=paper_potential_convergence_failed  wall=1.737189e-03s  cpu=1.737000e-03s  provider=2  solves=0  iterations=0

STEP 7
  certificate  stage=STEP 7  complete  reason=continue_stage_ii  wall=1.000000e-06s  cpu=1.000000e-06s  provider=0  solves=0  iterations=0

STEP 4
  STAGE II STEP 4  major=51  upper=-5.093177e+01  LP_primal= 9.311663e-11  LP_dual= 1.387779e-16  active_cuts=56  certified
  certificate  stage=STEP 4  complete  reason=step4_complete  wall=4.431570e-04s  cpu=4.440000e-04s  provider=0  solves=1  iterations=1

STEP 5
  certificate  stage=STEP 5 LOCAL  major=51  attempt=202  accepted  reason=success  P rel.= 3.490736e-14  objective=-4.808650e+01  upper=-5.093177e+01  gap=-2.845263e+00  wall=0.000000e+00s  cpu=0.000000e+00s  provider=0  solves=0  iterations=0
  certificate  stage=STEP 5 LOCAL  major=51  attempt=203  accepted  reason=success  P rel.= 6.441341e-13  objective=-4.808650e+01  upper=-5.093177e+01  gap=-2.845263e+00  wall=0.000000e+00s  cpu=0.000000e+00s  provider=0  solves=0  iterations=0
  certificate  stage=STEP 5 LOCAL  major=51  attempt=204  accepted  reason=success  P rel.= 8.863309e-14  objective=-4.808650e+01  upper=-5.093177e+01  gap=-2.845263e+00  wall=0.000000e+00s  cpu=0.000000e+00s  provider=0  solves=0  iterations=0
  certificate  stage=STEP 5 LOCAL  major=51  attempt=206  accepted  reason=success  P rel.= 4.481932e-14  objective=-4.808650e+01  upper=-5.093177e+01  gap=-2.845263e+00  wall=0.000000e+00s  cpu=0.000000e+00s  provider=0  solves=0  iterations=0
  certificate  stage=STEP 5 LOCAL  major=51  attempt=207  accepted  reason=success  P rel.= 4.367011e-14  objective=-4.808650e+01  upper=-5.093177e+01  gap=-2.845263e+00  wall=0.000000e+00s  cpu=0.000000e+00s  provider=0  solves=0  iterations=0
  certificate  stage=STEP 5 LOCAL  major=51  attempt=208  accepted  reason=success  P rel.=-7.464815e-08  objective=-5.093177e+01  upper=-5.093177e+01  gap=-1.055156e-11  wall=0.000000e+00s  cpu=0.000000e+00s  provider=0  solves=0  iterations=0
  certificate  stage=STEP 5  complete  reason=step5_complete  wall=1.694808e-01s  cpu=1.694820e-01s  provider=141  solves=7  iterations=131

STEP 6
  certificate  stage=STEP 6  complete  reason=candidate_set  wall=1.782000e-05s  cpu=1.800000e-05s  provider=0  solves=0  iterations=0

STEP 8
  certificate  stage=STEP 8  complete  reason=step8_complete  wall=3.415232e-02s  cpu=3.415300e-02s  provider=58  solves=1  iterations=10

STEP 9
  certificate  stage=STEP 9  failed  objective=-5.093177e+01  upper=-5.093177e+01  gap= 1.745804e-11  wall=0.000000e+00s  cpu=0.000000e+00s  provider=0  solves=0  iterations=0
  certificate  stage=STEP 9  complete  reason=paper_potential_convergence_failed  wall=1.739640e-03s  cpu=1.740000e-03s  provider=2  solves=0  iterations=0

STEP 7
  certificate  stage=STEP 7  complete  reason=continue_stage_ii  wall=1.070000e-06s  cpu=1.000000e-06s  provider=0  solves=0  iterations=0

STEP 4
  STAGE II STEP 4  major=52  upper=-5.093177e+01  LP_primal= 9.311663e-11  LP_dual= 1.387779e-16  active_cuts=57  certified
  certificate  stage=STEP 4  complete  reason=step4_complete  wall=4.526780e-04s  cpu=4.530000e-04s  provider=0  solves=1  iterations=1

STEP 5
  certificate  stage=STEP 5 LOCAL  major=52  attempt=209  accepted  reason=success  P rel.= 1.844488e-13  objective=-4.808650e+01  upper=-5.093177e+01  gap=-2.845263e+00  wall=0.000000e+00s  cpu=0.000000e+00s  provider=0  solves=0  iterations=0
  certificate  stage=STEP 5 LOCAL  major=52  attempt=210  accepted  reason=success  P rel.=-1.100710e-09  objective=-5.093177e+01  upper=-5.093177e+01  gap= 9.310952e-11  wall=0.000000e+00s  cpu=0.000000e+00s  provider=0  solves=0  iterations=0
  certificate  stage=STEP 5  complete  reason=step5_complete  wall=5.097012e-02s  cpu=5.097100e-02s  provider=43  solves=2  iterations=37

STEP 6
  certificate  stage=STEP 6  complete  reason=candidate_set  wall=1.788000e-05s  cpu=1.700000e-05s  provider=0  solves=0  iterations=0

STEP 8
  certificate  stage=STEP 8  complete  reason=step8_complete  wall=3.426634e-02s  cpu=3.426700e-02s  provider=58  solves=1  iterations=10

STEP 9
  certificate  stage=STEP 9  failed  objective=-5.093177e+01  upper=-5.093177e+01  gap= 1.744382e-11  wall=0.000000e+00s  cpu=0.000000e+00s  provider=0  solves=0  iterations=0
  certificate  stage=STEP 9  complete  reason=paper_potential_convergence_failed  wall=1.735219e-03s  cpu=1.736000e-03s  provider=2  solves=0  iterations=0

STEP 7
  certificate  stage=STEP 7  complete  reason=continue_stage_ii  wall=1.040000e-06s  cpu=1.000000e-06s  provider=0  solves=0  iterations=0

STEP 4
  STAGE II STEP 4  major=53  upper=-5.093177e+01  LP_primal= 9.311663e-11  LP_dual= 1.387779e-16  active_cuts=58  certified
  certificate  stage=STEP 4  complete  reason=step4_complete  wall=4.412570e-04s  cpu=4.420000e-04s  provider=0  solves=1  iterations=1

STEP 5
  certificate  stage=STEP 5 LOCAL  major=53  attempt=211  accepted  reason=success  P rel.= 4.553758e-14  objective=-4.808650e+01  upper=-5.093177e+01  gap=-2.845263e+00  wall=0.000000e+00s  cpu=0.000000e+00s  provider=0  solves=0  iterations=0
  certificate  stage=STEP 5 LOCAL  major=53  attempt=212  accepted  reason=success  P rel.= 5.544955e-14  objective=-4.808650e+01  upper=-5.093177e+01  gap=-2.845263e+00  wall=0.000000e+00s  cpu=0.000000e+00s  provider=0  solves=0  iterations=0
  certificate  stage=STEP 5 LOCAL  major=53  attempt=213  accepted  reason=success  P rel.= 4.151534e-14  objective=-4.808650e+01  upper=-5.093177e+01  gap=-2.845263e+00  wall=0.000000e+00s  cpu=0.000000e+00s  provider=0  solves=0  iterations=0
  certificate  stage=STEP 5 LOCAL  major=53  attempt=214  accepted  reason=success  P rel.= 3.375814e-14  objective=-4.808650e+01  upper=-5.093177e+01  gap=-2.845263e+00  wall=0.000000e+00s  cpu=0.000000e+00s  provider=0  solves=0  iterations=0
  certificate  stage=STEP 5 LOCAL  major=53  attempt=215  accepted  reason=success  P rel.= 5.501859e-14  objective=-4.808650e+01  upper=-5.093177e+01  gap=-2.845263e+00  wall=0.000000e+00s  cpu=0.000000e+00s  provider=0  solves=0  iterations=0
  certificate  stage=STEP 5 LOCAL  major=53  attempt=216  accepted  reason=success  P rel.= 7.153854e-14  objective=-4.808650e+01  upper=-5.093177e+01  gap=-2.845263e+00  wall=0.000000e+00s  cpu=0.000000e+00s  provider=0  solves=0  iterations=0
  certificate  stage=STEP 5 LOCAL  major=53  attempt=217  accepted  reason=success  P rel.= 2.222291e-13  objective=-4.808650e+01  upper=-5.093177e+01  gap=-2.845263e+00  wall=0.000000e+00s  cpu=0.000000e+00s  provider=0  solves=0  iterations=0
  certificate  stage=STEP 5 LOCAL  major=53  attempt=218  accepted  reason=success  P rel.= 5.257652e-14  objective=-4.808650e+01  upper=-5.093177e+01  gap=-2.845263e+00  wall=0.000000e+00s  cpu=0.000000e+00s  provider=0  solves=0  iterations=0
  certificate  stage=STEP 5 LOCAL  major=53  attempt=219  accepted  reason=success  P rel.= 4.884157e-14  objective=-4.676456e+01  upper=-5.093177e+01  gap=-4.167205e+00  wall=0.000000e+00s  cpu=0.000000e+00s  provider=0  solves=0  iterations=0
  certificate  stage=STEP 5 LOCAL  major=53  attempt=220  accepted  reason=success  P rel.= 2.973590e-14  objective=-4.808650e+01  upper=-5.093177e+01  gap=-2.845263e+00  wall=0.000000e+00s  cpu=0.000000e+00s  provider=0  solves=0  iterations=0
  certificate  stage=STEP 5 LOCAL  major=53  attempt=221  accepted  reason=success  P rel.= 9.911966e-14  objective=-4.808650e+01  upper=-5.093177e+01  gap=-2.845263e+00  wall=0.000000e+00s  cpu=0.000000e+00s  provider=0  solves=0  iterations=0
  certificate  stage=STEP 5 LOCAL  major=53  attempt=222  accepted  reason=success  P rel.= 4.774982e-13  objective=-4.808650e+01  upper=-5.093177e+01  gap=-2.845263e+00  wall=0.000000e+00s  cpu=0.000000e+00s  provider=0  solves=0  iterations=0
  certificate  stage=STEP 5 LOCAL  major=53  attempt=223  accepted  reason=success  P rel.= 5.315112e-14  objective=-4.808650e+01  upper=-5.093177e+01  gap=-2.845263e+00  wall=0.000000e+00s  cpu=0.000000e+00s  provider=0  solves=0  iterations=0
  certificate  stage=STEP 5 LOCAL  major=53  attempt=224  accepted  reason=success  P rel.= 1.784154e-13  objective=-4.808650e+01  upper=-5.093177e+01  gap=-2.845263e+00  wall=0.000000e+00s  cpu=0.000000e+00s  provider=0  solves=0  iterations=0
  certificate  stage=STEP 5 LOCAL  major=53  attempt=225  accepted  reason=success  P rel.= 4.841062e-14  objective=-4.808650e+01  upper=-5.093177e+01  gap=-2.845263e+00  wall=0.000000e+00s  cpu=0.000000e+00s  provider=0  solves=0  iterations=0
  certificate  stage=STEP 5 LOCAL  major=53  attempt=226  accepted  reason=success  P rel.= 5.070904e-14  objective=-4.808650e+01  upper=-5.093177e+01  gap=-2.845263e+00  wall=0.000000e+00s  cpu=0.000000e+00s  provider=0  solves=0  iterations=0
  certificate  stage=STEP 5 LOCAL  major=53  attempt=228  accepted  reason=success  P rel.= 5.860989e-14  objective=-4.808650e+01  upper=-5.093177e+01  gap=-2.845263e+00  wall=0.000000e+00s  cpu=0.000000e+00s  provider=0  solves=0  iterations=0
  certificate  stage=STEP 5 LOCAL  major=53  attempt=229  accepted  reason=success  P rel.= 4.453202e-14  objective=-4.808650e+01  upper=-5.093177e+01  gap=-2.845263e+00  wall=0.000000e+00s  cpu=0.000000e+00s  provider=0  solves=0  iterations=0
  certificate  stage=STEP 5 LOCAL  major=53  attempt=230  accepted  reason=success  P rel.= 3.835500e-14  objective=-4.808650e+01  upper=-5.093177e+01  gap=-2.845263e+00  wall=0.000000e+00s  cpu=0.000000e+00s  provider=0  solves=0  iterations=0
  certificate  stage=STEP 5 LOCAL  major=53  attempt=231  accepted  reason=success  P rel.= 5.501859e-14  objective=-4.808650e+01  upper=-5.093177e+01  gap=-2.845263e+00  wall=0.000000e+00s  cpu=0.000000e+00s  provider=0  solves=0  iterations=0
  certificate  stage=STEP 5 LOCAL  major=53  attempt=232  accepted  reason=success  P rel.= 5.501859e-14  objective=-4.808650e+01  upper=-5.093177e+01  gap=-2.845263e+00  wall=0.000000e+00s  cpu=0.000000e+00s  provider=0  solves=0  iterations=0
  certificate  stage=STEP 5 LOCAL  major=53  attempt=233  accepted  reason=success  P rel.= 3.821135e-14  objective=-4.808650e+01  upper=-5.093177e+01  gap=-2.845263e+00  wall=0.000000e+00s  cpu=0.000000e+00s  provider=0  solves=0  iterations=0
  certificate  stage=STEP 5 LOCAL  major=53  attempt=235  accepted  reason=success  P rel.= 7.599174e-14  objective=-4.808650e+01  upper=-5.093177e+01  gap=-2.845263e+00  wall=0.000000e+00s  cpu=0.000000e+00s  provider=0  solves=0  iterations=0
  certificate  stage=STEP 5 LOCAL  major=53  attempt=236  accepted  reason=success  P rel.= 2.312792e-14  objective=-4.808650e+01  upper=-5.093177e+01  gap=-2.845263e+00  wall=0.000000e+00s  cpu=0.000000e+00s  provider=0  solves=0  iterations=0
  certificate  stage=STEP 5 LOCAL  major=53  attempt=237  accepted  reason=success  P rel.= 2.916129e-14  objective=-4.808650e+01  upper=-5.093177e+01  gap=-2.845263e+00  wall=0.000000e+00s  cpu=0.000000e+00s  provider=0  solves=0  iterations=0
  certificate  stage=STEP 5 LOCAL  major=53  attempt=238  accepted  reason=success  P rel.= 5.180080e-13  objective=-4.808650e+01  upper=-5.093177e+01  gap=-2.845263e+00  wall=0.000000e+00s  cpu=0.000000e+00s  provider=0  solves=0  iterations=0
  certificate  stage=STEP 5 LOCAL  major=53  attempt=239  accepted  reason=success  P rel.= 3.964786e-14  objective=-4.808650e+01  upper=-5.093177e+01  gap=-2.845263e+00  wall=0.000000e+00s  cpu=0.000000e+00s  provider=0  solves=0  iterations=0
  certificate  stage=STEP 5 LOCAL  major=53  attempt=240  accepted  reason=success  P rel.=-1.093010e-09  objective=-5.093177e+01  upper=-5.093177e+01  gap= 9.310952e-11  wall=0.000000e+00s  cpu=0.000000e+00s  provider=0  solves=0  iterations=0
  certificate  stage=STEP 5  complete  reason=step5_complete  wall=6.738668e-01s  cpu=6.737840e-01s  provider=604  solves=30  iterations=555

STEP 6
  certificate  stage=STEP 6  complete  reason=candidate_set  wall=1.885900e-05s  cpu=1.900000e-05s  provider=0  solves=0  iterations=0

STEP 8
  certificate  stage=STEP 8  complete  reason=step8_complete  wall=3.393990e-02s  cpu=3.394100e-02s  provider=58  solves=1  iterations=10

STEP 9
  certificate  stage=STEP 9  failed  objective=-5.093177e+01  upper=-5.093177e+01  gap= 1.743672e-11  wall=0.000000e+00s  cpu=0.000000e+00s  provider=0  solves=0  iterations=0
  certificate  stage=STEP 9  complete  reason=paper_potential_convergence_failed  wall=1.744720e-03s  cpu=1.745000e-03s  provider=2  solves=0  iterations=0

STEP 7
  certificate  stage=STEP 7  complete  reason=continue_stage_ii  wall=1.000000e-06s  cpu=1.000000e-06s  provider=0  solves=0  iterations=0

STEP 4
  STAGE II STEP 4  major=54  upper=-5.093177e+01  LP_primal= 9.311663e-11  LP_dual= 1.387779e-16  active_cuts=59  certified
  certificate  stage=STEP 4  complete  reason=step4_complete  wall=4.452980e-04s  cpu=4.450000e-04s  provider=0  solves=1  iterations=1

STEP 5
  certificate  stage=STEP 5 LOCAL  major=54  attempt=241  accepted  reason=success  P rel.= 4.309550e-14  objective=-4.676456e+01  upper=-5.093177e+01  gap=-4.167205e+00  wall=0.000000e+00s  cpu=0.000000e+00s  provider=0  solves=0  iterations=0
  certificate  stage=STEP 5 LOCAL  major=54  attempt=242  accepted  reason=success  P rel.= 2.284062e-13  objective=-4.808650e+01  upper=-5.093177e+01  gap=-2.845263e+00  wall=0.000000e+00s  cpu=0.000000e+00s  provider=0  solves=0  iterations=0
  certificate  stage=STEP 5 LOCAL  major=54  attempt=243  accepted  reason=success  P rel.=-1.098396e-09  objective=-5.093177e+01  upper=-5.093177e+01  gap= 9.310952e-11  wall=0.000000e+00s  cpu=0.000000e+00s  provider=0  solves=0  iterations=0
  certificate  stage=STEP 5  complete  reason=step5_complete  wall=6.445462e-02s  cpu=6.445500e-02s  provider=55  solves=3  iterations=47

STEP 6
  certificate  stage=STEP 6  complete  reason=candidate_set  wall=1.817900e-05s  cpu=1.800000e-05s  provider=0  solves=0  iterations=0

STEP 8
  certificate  stage=STEP 8  complete  reason=step8_complete  wall=3.393973e-02s  cpu=3.394000e-02s  provider=58  solves=1  iterations=10

STEP 9
  certificate  stage=STEP 9  failed  objective=-5.093177e+01  upper=-5.093177e+01  gap= 1.745804e-11  wall=0.000000e+00s  cpu=0.000000e+00s  provider=0  solves=0  iterations=0
  certificate  stage=STEP 9  complete  reason=paper_potential_convergence_failed  wall=1.735449e-03s  cpu=1.735000e-03s  provider=2  solves=0  iterations=0

STEP 7
  certificate  stage=STEP 7  complete  reason=continue_stage_ii  wall=1.020000e-06s  cpu=1.000000e-06s  provider=0  solves=0  iterations=0

STEP 4
  STAGE II STEP 4  major=55  upper=-5.093177e+01  LP_primal= 9.311663e-11  LP_dual= 1.387779e-16  active_cuts=60  certified
  certificate  stage=STEP 4  complete  reason=step4_complete  wall=4.436670e-04s  cpu=4.440000e-04s  provider=0  solves=1  iterations=1

STEP 5
  certificate  stage=STEP 5 LOCAL  major=55  attempt=244  accepted  reason=success  P rel.= 2.957788e-13  objective=-4.808650e+01  upper=-5.093177e+01  gap=-2.845263e+00  wall=0.000000e+00s  cpu=0.000000e+00s  provider=0  solves=0  iterations=0
  certificate  stage=STEP 5 LOCAL  major=55  attempt=245  accepted  reason=success  P rel.= 6.277578e-14  objective=-4.676456e+01  upper=-5.093177e+01  gap=-4.167205e+00  wall=0.000000e+00s  cpu=0.000000e+00s  provider=0  solves=0  iterations=0
  certificate  stage=STEP 5 LOCAL  major=55  attempt=246  accepted  reason=success  P rel.= 4.065343e-14  objective=-4.808650e+01  upper=-5.093177e+01  gap=-2.845263e+00  wall=0.000000e+00s  cpu=0.000000e+00s  provider=0  solves=0  iterations=0
  certificate  stage=STEP 5 LOCAL  major=55  attempt=247  accepted  reason=success  P rel.= 3.979152e-14  objective=-4.676456e+01  upper=-5.093177e+01  gap=-4.167205e+00  wall=0.000000e+00s  cpu=0.000000e+00s  provider=0  solves=0  iterations=0
  certificate  stage=STEP 5 LOCAL  major=55  attempt=248  accepted  reason=success  P rel.=-3.430024e-08  objective=-5.093177e+01  upper=-5.093177e+01  gap= 1.918465e-13  wall=0.000000e+00s  cpu=0.000000e+00s  provider=0  solves=0  iterations=0
  certificate  stage=STEP 5  complete  reason=step5_complete  wall=1.158690e-01s  cpu=1.158630e-01s  provider=96  solves=5  iterations=85

STEP 6
  certificate  stage=STEP 6  complete  reason=candidate_set  wall=1.883900e-05s  cpu=1.900000e-05s  provider=0  solves=0  iterations=0

STEP 8
  certificate  stage=STEP 8  complete  reason=step8_complete  wall=3.437990e-02s  cpu=3.438000e-02s  provider=58  solves=1  iterations=10

STEP 9
  certificate  stage=STEP 9  failed  objective=-5.093177e+01  upper=-5.093177e+01  gap= 1.745804e-11  wall=0.000000e+00s  cpu=0.000000e+00s  provider=0  solves=0  iterations=0
  certificate  stage=STEP 9  complete  reason=paper_potential_convergence_failed  wall=1.816499e-03s  cpu=1.816000e-03s  provider=2  solves=0  iterations=0

STEP 7
  certificate  stage=STEP 7  complete  reason=continue_stage_ii  wall=1.450000e-06s  cpu=2.000000e-06s  provider=0  solves=0  iterations=0

STEP 4
  STAGE II STEP 4  major=56  upper=-5.093177e+01  LP_primal= 9.311663e-11  LP_dual= 1.387779e-16  active_cuts=61  certified
  certificate  stage=STEP 4  complete  reason=step4_complete  wall=4.724670e-04s  cpu=4.720000e-04s  provider=0  solves=1  iterations=1

STEP 5
  certificate  stage=STEP 5 LOCAL  major=56  attempt=249  accepted  reason=success  P rel.= 3.892961e-14  objective=-4.676456e+01  upper=-5.093177e+01  gap=-4.167205e+00  wall=0.000000e+00s  cpu=0.000000e+00s  provider=0  solves=0  iterations=0
  certificate  stage=STEP 5 LOCAL  major=56  attempt=250  accepted  reason=success  P rel.= 5.588050e-14  objective=-4.808650e+01  upper=-5.093177e+01  gap=-2.845263e+00  wall=0.000000e+00s  cpu=0.000000e+00s  provider=0  solves=0  iterations=0
  certificate  stage=STEP 5 LOCAL  major=56  attempt=251  accepted  reason=success  P rel.= 5.315112e-14  objective=-4.808650e+01  upper=-5.093177e+01  gap=-2.845263e+00  wall=0.000000e+00s  cpu=0.000000e+00s  provider=0  solves=0  iterations=0
  certificate  stage=STEP 5 LOCAL  major=56  attempt=253  accepted  reason=success  P rel.= 6.593612e-13  objective=-4.808650e+01  upper=-5.093177e+01  gap=-2.845263e+00  wall=0.000000e+00s  cpu=0.000000e+00s  provider=0  solves=0  iterations=0
  certificate  stage=STEP 5 LOCAL  major=56  attempt=254  accepted  reason=success  P rel.=-1.098707e-09  objective=-5.093177e+01  upper=-5.093177e+01  gap= 9.310952e-11  wall=0.000000e+00s  cpu=0.000000e+00s  provider=0  solves=0  iterations=0
  certificate  stage=STEP 5  complete  reason=step5_complete  wall=1.365123e-01s  cpu=1.365070e-01s  provider=116  solves=6  iterations=102

STEP 6
  certificate  stage=STEP 6  complete  reason=candidate_set  wall=2.090000e-05s  cpu=2.100000e-05s  provider=0  solves=0  iterations=0

STEP 8
  certificate  stage=STEP 8  complete  reason=step8_complete  wall=3.198171e-02s  cpu=3.198300e-02s  provider=58  solves=1  iterations=10

STEP 9
  certificate  stage=STEP 9  failed  objective=-5.093177e+01  upper=-5.093177e+01  gap= 1.745093e-11  wall=0.000000e+00s  cpu=0.000000e+00s  provider=0  solves=0  iterations=0
  certificate  stage=STEP 9  complete  reason=paper_potential_convergence_failed  wall=1.678080e-03s  cpu=1.678000e-03s  provider=2  solves=0  iterations=0

STEP 7
  certificate  stage=STEP 7  complete  reason=continue_stage_ii  wall=1.940000e-06s  cpu=2.000000e-06s  provider=0  solves=0  iterations=0

STEP 4
  STAGE II STEP 4  major=57  upper=-5.093177e+01  LP_primal= 9.311663e-11  LP_dual= 1.387779e-16  active_cuts=62  certified
  certificate  stage=STEP 4  complete  reason=step4_complete  wall=4.886370e-04s  cpu=4.880000e-04s  provider=0  solves=1  iterations=1

STEP 5
  certificate  stage=STEP 5 LOCAL  major=57  attempt=255  accepted  reason=success  P rel.=-1.106097e-09  objective=-5.093177e+01  upper=-5.093177e+01  gap= 9.311663e-11  wall=0.000000e+00s  cpu=0.000000e+00s  provider=0  solves=0  iterations=0
  certificate  stage=STEP 5  complete  reason=step5_complete  wall=1.672119e-02s  cpu=1.672100e-02s  provider=15  solves=1  iterations=14

STEP 6
  certificate  stage=STEP 6  complete  reason=candidate_set  wall=2.140000e-05s  cpu=2.100000e-05s  provider=0  solves=0  iterations=0

STEP 8
  certificate  stage=STEP 8  complete  reason=step8_complete  wall=3.146230e-02s  cpu=3.145600e-02s  provider=58  solves=1  iterations=10

STEP 9
  certificate  stage=STEP 9  failed  objective=-5.093177e+01  upper=-5.093177e+01  gap= 1.745804e-11  wall=0.000000e+00s  cpu=0.000000e+00s  provider=0  solves=0  iterations=0
  certificate  stage=STEP 9  complete  reason=paper_potential_convergence_failed  wall=1.627850e-03s  cpu=1.628000e-03s  provider=2  solves=0  iterations=0

STEP 7
  certificate  stage=STEP 7  complete  reason=continue_stage_ii  wall=1.500000e-06s  cpu=1.000000e-06s  provider=0  solves=0  iterations=0

STEP 4
  STAGE II STEP 4  major=58  upper=-5.093177e+01  LP_primal= 9.311663e-11  LP_dual= 1.387779e-16  active_cuts=63  certified
  certificate  stage=STEP 4  complete  reason=step4_complete  wall=4.357370e-04s  cpu=4.360000e-04s  provider=0  solves=1  iterations=1

STEP 5
  certificate  stage=STEP 5 LOCAL  major=58  attempt=258  accepted  reason=success  P rel.= 5.544955e-14  objective=-4.808650e+01  upper=-5.093177e+01  gap=-2.845263e+00  wall=0.000000e+00s  cpu=0.000000e+00s  provider=0  solves=0  iterations=0
  certificate  stage=STEP 5 LOCAL  major=58  attempt=259  accepted  reason=success  P rel.= 2.312792e-14  objective=-4.808650e+01  upper=-5.093177e+01  gap=-2.845263e+00  wall=0.000000e+00s  cpu=0.000000e+00s  provider=0  solves=0  iterations=0
  certificate  stage=STEP 5 LOCAL  major=58  attempt=260  accepted  reason=success  P rel.=-4.552150e-08  objective=-5.093177e+01  upper=-5.093177e+01  gap=-2.778222e-12  wall=0.000000e+00s  cpu=0.000000e+00s  provider=0  solves=0  iterations=0
  certificate  stage=STEP 5  complete  reason=step5_complete  wall=7.875984e-02s  cpu=7.875400e-02s  provider=73  solves=5  iterations=62

STEP 6
  certificate  stage=STEP 6  complete  reason=candidate_set  wall=2.225000e-05s  cpu=2.200000e-05s  provider=0  solves=0  iterations=0

STEP 8
  certificate  stage=STEP 8  complete  reason=step8_complete  wall=3.171758e-02s  cpu=3.171800e-02s  provider=58  solves=1  iterations=10

STEP 9
  certificate  stage=STEP 9  failed  objective=-5.093177e+01  upper=-5.093177e+01  gap= 1.745804e-11  wall=0.000000e+00s  cpu=0.000000e+00s  provider=0  solves=0  iterations=0
  certificate  stage=STEP 9  complete  reason=paper_potential_convergence_failed  wall=1.626460e-03s  cpu=1.627000e-03s  provider=2  solves=0  iterations=0

STEP 7
  certificate  stage=STEP 7  complete  reason=continue_stage_ii  wall=1.560000e-06s  cpu=2.000000e-06s  provider=0  solves=0  iterations=0

STEP 4
  STAGE II STEP 4  major=59  upper=-5.093177e+01  LP_primal= 5.758949e-11  LP_dual= 3.212985e-13  active_cuts=64  certified
  certificate  stage=STEP 4  complete  reason=step4_complete  wall=4.484570e-04s  cpu=4.480000e-04s  provider=0  solves=1  iterations=1

STEP 5
  certificate  stage=STEP 5 LOCAL  major=59  attempt=261  accepted  reason=success  P rel.=-4.582718e-09  objective=-5.093177e+01  upper=-5.093177e+01  gap= 6.097878e-11  wall=0.000000e+00s  cpu=0.000000e+00s  provider=0  solves=0  iterations=0
  certificate  stage=STEP 5  complete  reason=step5_complete  wall=2.278210e-02s  cpu=2.277700e-02s  provider=20  solves=1  iterations=19

STEP 6
  certificate  stage=STEP 6  complete  reason=candidate_set  wall=2.176000e-05s  cpu=2.200000e-05s  provider=0  solves=0  iterations=0

STEP 8
  certificate  stage=STEP 8  complete  reason=step8_complete  wall=3.122957e-02s  cpu=3.123000e-02s  provider=58  solves=1  iterations=10

STEP 9
  certificate  stage=STEP 9  failed  objective=-5.093177e+01  upper=-5.093177e+01  gap= 1.050182e-11  wall=0.000000e+00s  cpu=0.000000e+00s  provider=0  solves=0  iterations=0
  certificate  stage=STEP 9  complete  reason=paper_potential_convergence_failed  wall=1.640350e-03s  cpu=1.641000e-03s  provider=2  solves=0  iterations=0

STEP 7
  certificate  stage=STEP 7  complete  reason=continue_stage_ii  wall=1.410000e-06s  cpu=1.000000e-06s  provider=0  solves=0  iterations=0

STEP 4
  STAGE II STEP 4  major=60  upper=-5.093177e+01  LP_primal= 6.097878e-11  LP_dual= 3.212985e-13  active_cuts=65  certified
  certificate  stage=STEP 4  complete  reason=step4_complete  wall=4.951770e-04s  cpu=4.950000e-04s  provider=0  solves=1  iterations=1

STEP 5
  certificate  stage=STEP 5 LOCAL  major=60  attempt=262  accepted  reason=success  P rel.= 3.318354e-13  objective=-4.808650e+01  upper=-5.093177e+01  gap=-2.845263e+00  wall=0.000000e+00s  cpu=0.000000e+00s  provider=0  solves=0  iterations=0
  certificate  stage=STEP 5 LOCAL  major=60  attempt=263  accepted  reason=success  P rel.= 6.363769e-14  objective=-4.676456e+01  upper=-5.093177e+01  gap=-4.167204e+00  wall=0.000000e+00s  cpu=0.000000e+00s  provider=0  solves=0  iterations=0
  certificate  stage=STEP 5 LOCAL  major=60  attempt=264  accepted  reason=success  P rel.= 4.553758e-14  objective=-4.808650e+01  upper=-5.093177e+01  gap=-2.845263e+00  wall=0.000000e+00s  cpu=0.000000e+00s  provider=0  solves=0  iterations=0
  certificate  stage=STEP 5 LOCAL  major=60  attempt=265  accepted  reason=success  P rel.= 6.406865e-14  objective=-4.808650e+01  upper=-5.093177e+01  gap=-2.845263e+00  wall=0.000000e+00s  cpu=0.000000e+00s  provider=0  solves=0  iterations=0
  certificate  stage=STEP 5 LOCAL  major=60  attempt=266  accepted  reason=success  P rel.= 4.323916e-14  objective=-4.808650e+01  upper=-5.093177e+01  gap=-2.845263e+00  wall=0.000000e+00s  cpu=0.000000e+00s  provider=0  solves=0  iterations=0
  certificate  stage=STEP 5 LOCAL  major=60  attempt=267  accepted  reason=success  P rel.= 2.743747e-14  objective=-4.676456e+01  upper=-5.093177e+01  gap=-4.167204e+00  wall=0.000000e+00s  cpu=0.000000e+00s  provider=0  solves=0  iterations=0
  certificate  stage=STEP 5 LOCAL  major=60  attempt=268  accepted  reason=success  P rel.= 3.505101e-14  objective=-4.676456e+01  upper=-5.093177e+01  gap=-4.167204e+00  wall=0.000000e+00s  cpu=0.000000e+00s  provider=0  solves=0  iterations=0
  certificate  stage=STEP 5 LOCAL  major=60  attempt=269  accepted  reason=success  P rel.= 5.027809e-14  objective=-4.808650e+01  upper=-5.093177e+01  gap=-2.845263e+00  wall=0.000000e+00s  cpu=0.000000e+00s  provider=0  solves=0  iterations=0
  certificate  stage=STEP 5 LOCAL  major=60  attempt=270  accepted  reason=success  P rel.=-1.093811e-09  objective=-5.093177e+01  upper=-5.093177e+01  gap= 6.097878e-11  wall=0.000000e+00s  cpu=0.000000e+00s  provider=0  solves=0  iterations=0
  certificate  stage=STEP 5  complete  reason=step5_complete  wall=1.986550e-01s  cpu=1.986060e-01s  provider=174  solves=9  iterations=158

STEP 6
  certificate  stage=STEP 6  complete  reason=candidate_set  wall=2.137900e-05s  cpu=2.100000e-05s  provider=0  solves=0  iterations=0

STEP 8
  certificate  stage=STEP 8  complete  reason=step8_complete  wall=3.546940e-02s  cpu=3.547100e-02s  provider=58  solves=1  iterations=10

STEP 9
  certificate  stage=STEP 9  failed  objective=-5.093177e+01  upper=-5.093177e+01  gap= 1.050182e-11  wall=0.000000e+00s  cpu=0.000000e+00s  provider=0  solves=0  iterations=0
  certificate  stage=STEP 9  complete  reason=paper_potential_convergence_failed  wall=2.538025e-03s  cpu=2.538000e-03s  provider=2  solves=0  iterations=0

STEP 7
  certificate  stage=STEP 7  complete  reason=continue_stage_ii  wall=1.250000e-06s  cpu=1.000000e-06s  provider=0  solves=0  iterations=0

STEP 4
  STAGE II STEP 4  major=61  upper=-5.093177e+01  LP_primal= 6.097878e-11  LP_dual= 3.212985e-13  active_cuts=66  certified
  certificate  stage=STEP 4  complete  reason=step4_complete  wall=5.263770e-04s  cpu=5.270000e-04s  provider=0  solves=1  iterations=1

STEP 5
  certificate  stage=STEP 5 LOCAL  major=61  attempt=271  accepted  reason=success  P rel.= 7.125123e-14  objective=-4.676456e+01  upper=-5.093177e+01  gap=-4.167204e+00  wall=0.000000e+00s  cpu=0.000000e+00s  provider=0  solves=0  iterations=0
  certificate  stage=STEP 5 LOCAL  major=61  attempt=272  accepted  reason=success  P rel.= 2.858668e-14  objective=-4.808650e+01  upper=-5.093177e+01  gap=-2.845263e+00  wall=0.000000e+00s  cpu=0.000000e+00s  provider=0  solves=0  iterations=0
  certificate  stage=STEP 5 LOCAL  major=61  attempt=273  accepted  reason=success  P rel.=-6.278029e-08  objective=-5.093177e+01  upper=-5.093177e+01  gap= 6.096457e-11  wall=0.000000e+00s  cpu=0.000000e+00s  provider=0  solves=0  iterations=0
  certificate  stage=STEP 5  complete  reason=step5_complete  wall=7.776248e-02s  cpu=7.775800e-02s  provider=59  solves=3  iterations=55

STEP 6
  certificate  stage=STEP 6  complete  reason=candidate_set  wall=2.618000e-05s  cpu=2.700000e-05s  provider=0  solves=0  iterations=0

STEP 8
  certificate  stage=STEP 8  complete  reason=step8_complete  wall=3.714520e-02s  cpu=3.714600e-02s  provider=58  solves=1  iterations=10

STEP 9
  certificate  stage=STEP 9  failed  objective=-5.093177e+01  upper=-5.093177e+01  gap= 1.050182e-11  wall=0.000000e+00s  cpu=0.000000e+00s  provider=0  solves=0  iterations=0
  certificate  stage=STEP 9  complete  reason=paper_potential_convergence_failed  wall=1.852559e-03s  cpu=1.853000e-03s  provider=2  solves=0  iterations=0

STEP 7
  certificate  stage=STEP 7  complete  reason=continue_stage_ii  wall=1.100000e-06s  cpu=1.000000e-06s  provider=0  solves=0  iterations=0

STEP 4
  STAGE II STEP 4  major=62  upper=-5.093177e+01  LP_primal= 7.508305e-11  LP_dual= 4.163336e-17  active_cuts=67  certified
  certificate  stage=STEP 4  complete  reason=step4_complete  wall=5.424170e-04s  cpu=5.430000e-04s  provider=0  solves=1  iterations=1

STEP 5
  certificate  stage=STEP 5 LOCAL  major=62  attempt=274  accepted  reason=success  P rel.= 6.938376e-14  objective=-4.808650e+01  upper=-5.093177e+01  gap=-2.845263e+00  wall=0.000000e+00s  cpu=0.000000e+00s  provider=0  solves=0  iterations=0
  certificate  stage=STEP 5 LOCAL  major=62  attempt=275  accepted  reason=success  P rel.= 4.812331e-14  objective=-4.676456e+01  upper=-5.093177e+01  gap=-4.167202e+00  wall=0.000000e+00s  cpu=0.000000e+00s  provider=0  solves=0  iterations=0
  certificate  stage=STEP 5 LOCAL  major=62  attempt=276  accepted  reason=success  P rel.=-1.098396e-09  objective=-5.093177e+01  upper=-5.093177e+01  gap= 7.587175e-11  wall=0.000000e+00s  cpu=0.000000e+00s  provider=0  solves=0  iterations=0
  certificate  stage=STEP 5  complete  reason=step5_complete  wall=7.760061e-02s  cpu=7.760200e-02s  provider=50  solves=3  iterations=46

STEP 6
  certificate  stage=STEP 6  complete  reason=candidate_set  wall=4.129000e-05s  cpu=4.100000e-05s  provider=0  solves=0  iterations=0

STEP 8
  certificate  stage=STEP 8  complete  reason=step8_complete  wall=5.496869e-02s  cpu=5.497100e-02s  provider=58  solves=1  iterations=10

STEP 9
  certificate  stage=STEP 9  failed  objective=-5.093177e+01  upper=-5.093177e+01  gap=-4.177991e-12  wall=0.000000e+00s  cpu=0.000000e+00s  provider=0  solves=0  iterations=0
  certificate  stage=STEP 9  complete  reason=paper_potential_convergence_failed  wall=2.886052e-03s  cpu=2.887000e-03s  provider=2  solves=0  iterations=0

STEP 7
  certificate  stage=STEP 7  complete  reason=continue_stage_ii  wall=1.910000e-06s  cpu=2.000000e-06s  provider=0  solves=0  iterations=0

STEP 4
  STAGE II STEP 4  major=63  upper=-5.093177e+01  LP_primal= 7.587175e-11  LP_dual= 4.163336e-17  active_cuts=68  certified
  certificate  stage=STEP 4  complete  reason=step4_complete  wall=8.153950e-04s  cpu=8.160000e-04s  provider=0  solves=1  iterations=1

STEP 5
  certificate  stage=STEP 5 LOCAL  major=63  attempt=277  accepted  reason=success  P rel.= 1.136285e-13  objective=-4.808650e+01  upper=-5.093177e+01  gap=-2.845263e+00  wall=0.000000e+00s  cpu=0.000000e+00s  provider=0  solves=0  iterations=0
  certificate  stage=STEP 5 LOCAL  major=63  attempt=278  accepted  reason=success  P rel.= 7.469887e-14  objective=-4.808650e+01  upper=-5.093177e+01  gap=-2.845263e+00  wall=0.000000e+00s  cpu=0.000000e+00s  provider=0  solves=0  iterations=0
  certificate  stage=STEP 5 LOCAL  major=63  attempt=279  accepted  reason=success  P rel.= 1.259825e-13  objective=-4.808650e+01  upper=-5.093177e+01  gap=-2.845263e+00  wall=0.000000e+00s  cpu=0.000000e+00s  provider=0  solves=0  iterations=0
  certificate  stage=STEP 5 LOCAL  major=63  attempt=280  accepted  reason=success  P rel.= 6.019005e-14  objective=-4.808650e+01  upper=-5.093177e+01  gap=-2.845263e+00  wall=0.000000e+00s  cpu=0.000000e+00s  provider=0  solves=0  iterations=0
  certificate  stage=STEP 5 LOCAL  major=63  attempt=281  accepted  reason=success  P rel.=-1.093010e-09  objective=-5.093177e+01  upper=-5.093177e+01  gap= 7.588596e-11  wall=0.000000e+00s  cpu=0.000000e+00s  provider=0  solves=0  iterations=0
  certificate  stage=STEP 5  complete  reason=step5_complete  wall=2.128831e-01s  cpu=2.127820e-01s  provider=111  solves=5  iterations=102

STEP 6
  certificate  stage=STEP 6  complete  reason=candidate_set  wall=3.771000e-05s  cpu=3.800000e-05s  provider=0  solves=0  iterations=0

STEP 8
  certificate  stage=STEP 8  complete  reason=step8_complete  wall=3.733775e-02s  cpu=3.733900e-02s  provider=58  solves=1  iterations=10

STEP 9
  certificate  stage=STEP 9  failed  objective=-5.093177e+01  upper=-5.093177e+01  gap=-4.170886e-12  wall=0.000000e+00s  cpu=0.000000e+00s  provider=0  solves=0  iterations=0
  certificate  stage=STEP 9  complete  reason=paper_potential_convergence_failed  wall=1.713440e-03s  cpu=1.713000e-03s  provider=2  solves=0  iterations=0

STEP 7
  certificate  stage=STEP 7  complete  reason=continue_stage_ii  wall=1.210000e-06s  cpu=1.000000e-06s  provider=0  solves=0  iterations=0

STEP 4
  STAGE II STEP 4  major=64  upper=-5.093177e+01  LP_primal= 7.588596e-11  LP_dual= 4.163336e-17  active_cuts=69  certified
  certificate  stage=STEP 4  complete  reason=step4_complete  wall=4.973370e-04s  cpu=4.970000e-04s  provider=0  solves=1  iterations=1

STEP 5
  certificate  stage=STEP 5 LOCAL  major=64  attempt=282  accepted  reason=success  P rel.=-1.086867e-09  objective=-5.093177e+01  upper=-5.093177e+01  gap= 7.587886e-11  wall=0.000000e+00s  cpu=0.000000e+00s  provider=0  solves=0  iterations=0
  certificate  stage=STEP 5  complete  reason=step5_complete  wall=2.315379e-02s  cpu=2.315400e-02s  provider=19  solves=1  iterations=18

STEP 6
  certificate  stage=STEP 6  complete  reason=candidate_set  wall=1.945000e-05s  cpu=2.000000e-05s  provider=0  solves=0  iterations=0

STEP 8
  certificate  stage=STEP 8  complete  reason=step8_complete  wall=3.368315e-02s  cpu=3.368400e-02s  provider=58  solves=1  iterations=10

STEP 9
  certificate  stage=STEP 9  failed  objective=-5.093177e+01  upper=-5.093177e+01  gap=-4.163780e-12  wall=0.000000e+00s  cpu=0.000000e+00s  provider=0  solves=0  iterations=0
  certificate  stage=STEP 9  complete  reason=paper_potential_convergence_failed  wall=1.767669e-03s  cpu=1.768000e-03s  provider=2  solves=0  iterations=0

STEP 7
  certificate  stage=STEP 7  complete  reason=continue_stage_ii  wall=9.800000e-07s  cpu=1.000000e-06s  provider=0  solves=0  iterations=0

STEP 4
  STAGE II STEP 4  major=65  upper=-5.093177e+01  LP_primal= 7.588596e-11  LP_dual= 4.163336e-17  active_cuts=70  certified
  certificate  stage=STEP 4  complete  reason=step4_complete  wall=4.675380e-04s  cpu=4.680000e-04s  provider=0  solves=1  iterations=1

STEP 5
  certificate  stage=STEP 5 LOCAL  major=65  attempt=283  accepted  reason=success  P rel.= 6.938376e-14  objective=-4.808650e+01  upper=-5.093177e+01  gap=-2.845263e+00  wall=0.000000e+00s  cpu=0.000000e+00s  provider=0  solves=0  iterations=0
  certificate  stage=STEP 5 LOCAL  major=65  attempt=284  accepted  reason=success  P rel.=-1.103203e-09  objective=-5.093177e+01  upper=-5.093177e+01  gap= 7.588596e-11  wall=0.000000e+00s  cpu=0.000000e+00s  provider=0  solves=0  iterations=0
  certificate  stage=STEP 5  complete  reason=step5_complete  wall=5.172931e-02s  cpu=5.173000e-02s  provider=44  solves=2  iterations=37

STEP 6
  certificate  stage=STEP 6  complete  reason=candidate_set  wall=2.235000e-05s  cpu=2.200000e-05s  provider=0  solves=0  iterations=0

STEP 8
  certificate  stage=STEP 8  complete  reason=step8_complete  wall=3.217218e-02s  cpu=3.217400e-02s  provider=58  solves=1  iterations=10

STEP 9
  certificate  stage=STEP 9  failed  objective=-5.093177e+01  upper=-5.093177e+01  gap=-4.163780e-12  wall=0.000000e+00s  cpu=0.000000e+00s  provider=0  solves=0  iterations=0
  certificate  stage=STEP 9  complete  reason=paper_potential_convergence_failed  wall=1.628861e-03s  cpu=1.629000e-03s  provider=2  solves=0  iterations=0

STEP 7
  certificate  stage=STEP 7  complete  reason=continue_stage_ii  wall=1.200000e-06s  cpu=1.000000e-06s  provider=0  solves=0  iterations=0

STEP 4
  STAGE II STEP 4  major=66  upper=-5.093177e+01  LP_primal= 7.588596e-11  LP_dual= 4.163336e-17  active_cuts=71  certified
  certificate  stage=STEP 4  complete  reason=step4_complete  wall=4.957070e-04s  cpu=4.960000e-04s  provider=0  solves=1  iterations=1

STEP 5
  certificate  stage=STEP 5 LOCAL  major=66  attempt=285  accepted  reason=success  P rel.=-1.094078e-09  objective=-5.093177e+01  upper=-5.093177e+01  gap= 7.587886e-11  wall=0.000000e+00s  cpu=0.000000e+00s  provider=0  solves=0  iterations=0
  certificate  stage=STEP 5  complete  reason=step5_complete  wall=2.500230e-02s  cpu=2.493400e-02s  provider=20  solves=1  iterations=17

STEP 6
  certificate  stage=STEP 6  complete  reason=candidate_set  wall=2.087000e-05s  cpu=2.100000e-05s  provider=0  solves=0  iterations=0

STEP 8
  certificate  stage=STEP 8  complete  reason=step8_complete  wall=3.245048e-02s  cpu=3.236800e-02s  provider=58  solves=1  iterations=10

STEP 9
  certificate  stage=STEP 9  failed  objective=-5.093177e+01  upper=-5.093177e+01  gap=-4.177991e-12  wall=0.000000e+00s  cpu=0.000000e+00s  provider=0  solves=0  iterations=0
  certificate  stage=STEP 9  complete  reason=paper_potential_convergence_failed  wall=1.529511e-03s  cpu=1.530000e-03s  provider=2  solves=0  iterations=0

STEP 7
  certificate  stage=STEP 7  complete  reason=continue_stage_ii  wall=1.010000e-06s  cpu=1.000000e-06s  provider=0  solves=0  iterations=0

STEP 4
  STAGE II STEP 4  major=67  upper=-5.093177e+01  LP_primal= 7.588596e-11  LP_dual= 4.163336e-17  active_cuts=72  certified
  certificate  stage=STEP 4  complete  reason=step4_complete  wall=4.334980e-04s  cpu=4.340000e-04s  provider=0  solves=1  iterations=1

STEP 5
  certificate  stage=STEP 5 LOCAL  major=67  attempt=287  accepted  reason=success  P rel.= 3.120114e-13  objective=-4.808650e+01  upper=-5.093177e+01  gap=-2.845263e+00  wall=0.000000e+00s  cpu=0.000000e+00s  provider=0  solves=0  iterations=0
  certificate  stage=STEP 5 LOCAL  major=67  attempt=288  accepted  reason=success  P rel.=-1.083172e-09  objective=-5.093177e+01  upper=-5.093177e+01  gap= 7.587175e-11  wall=0.000000e+00s  cpu=0.000000e+00s  provider=0  solves=0  iterations=0
  certificate  stage=STEP 5  complete  reason=step5_complete  wall=4.771979e-02s  cpu=4.772100e-02s  provider=45  solves=3  iterations=37

STEP 6
  certificate  stage=STEP 6  complete  reason=candidate_set  wall=2.014000e-05s  cpu=2.000000e-05s  provider=0  solves=0  iterations=0

STEP 8
  certificate  stage=STEP 8  complete  reason=step8_complete  wall=3.174852e-02s  cpu=3.174200e-02s  provider=58  solves=1  iterations=10

STEP 9
  certificate  stage=STEP 9  failed  objective=-5.093177e+01  upper=-5.093177e+01  gap=-4.163780e-12  wall=0.000000e+00s  cpu=0.000000e+00s  provider=0  solves=0  iterations=0
  certificate  stage=STEP 9  complete  reason=paper_potential_convergence_failed  wall=1.586991e-03s  cpu=1.587000e-03s  provider=2  solves=0  iterations=0

STEP 7
  certificate  stage=STEP 7  complete  reason=continue_stage_ii  wall=1.070000e-06s  cpu=1.000000e-06s  provider=0  solves=0  iterations=0

STEP 4
  STAGE II STEP 4  major=68  upper=-5.093177e+01  LP_primal= 7.588596e-11  LP_dual= 4.163336e-17  active_cuts=73  certified
  certificate  stage=STEP 4  complete  reason=step4_complete  wall=4.399470e-04s  cpu=4.410000e-04s  provider=0  solves=1  iterations=1

STEP 5
  certificate  stage=STEP 5 LOCAL  major=68  attempt=289  accepted  reason=success  P rel.= 1.752551e-14  objective=-4.808650e+01  upper=-5.093177e+01  gap=-2.845263e+00  wall=0.000000e+00s  cpu=0.000000e+00s  provider=0  solves=0  iterations=0
  certificate  stage=STEP 5 LOCAL  major=68  attempt=290  accepted  reason=success  P rel.= 7.469887e-14  objective=-4.808650e+01  upper=-5.093177e+01  gap=-2.845263e+00  wall=0.000000e+00s  cpu=0.000000e+00s  provider=0  solves=0  iterations=0
  certificate  stage=STEP 5 LOCAL  major=68  attempt=291  accepted  reason=success  P rel.=-1.101556e-09  objective=-5.093177e+01  upper=-5.093177e+01  gap= 7.588596e-11  wall=0.000000e+00s  cpu=0.000000e+00s  provider=0  solves=0  iterations=0
  certificate  stage=STEP 5  complete  reason=step5_complete  wall=7.121370e-02s  cpu=7.120400e-02s  provider=64  solves=3  iterations=59

STEP 6
  certificate  stage=STEP 6  complete  reason=candidate_set  wall=2.040900e-05s  cpu=2.000000e-05s  provider=0  solves=0  iterations=0

STEP 8
  certificate  stage=STEP 8  complete  reason=step8_complete  wall=3.263006e-02s  cpu=3.260200e-02s  provider=58  solves=1  iterations=10

STEP 9
  certificate  stage=STEP 9  failed  objective=-5.093177e+01  upper=-5.093177e+01  gap=-4.163780e-12  wall=0.000000e+00s  cpu=0.000000e+00s  provider=0  solves=0  iterations=0
  certificate  stage=STEP 9  complete  reason=paper_potential_convergence_failed  wall=1.589641e-03s  cpu=1.590000e-03s  provider=2  solves=0  iterations=0

STEP 7
  certificate  stage=STEP 7  complete  reason=continue_stage_ii  wall=1.180000e-06s  cpu=1.000000e-06s  provider=0  solves=0  iterations=0

STEP 4
  STAGE II STEP 4  major=69  upper=-5.093177e+01  LP_primal= 7.588596e-11  LP_dual= 4.163336e-17  active_cuts=74  certified
  certificate  stage=STEP 4  complete  reason=step4_complete  wall=4.879480e-04s  cpu=4.880000e-04s  provider=0  solves=1  iterations=1

STEP 5
  certificate  stage=STEP 5 LOCAL  major=69  attempt=292  accepted  reason=success  P rel.= 4.884157e-14  objective=-4.808650e+01  upper=-5.093177e+01  gap=-2.845263e+00  wall=0.000000e+00s  cpu=0.000000e+00s  provider=0  solves=0  iterations=0
  certificate  stage=STEP 5 LOCAL  major=69  attempt=293  accepted  reason=success  P rel.=-1.095280e-09  objective=-5.093177e+01  upper=-5.093177e+01  gap= 7.587886e-11  wall=0.000000e+00s  cpu=0.000000e+00s  provider=0  solves=0  iterations=0
  certificate  stage=STEP 5  complete  reason=step5_complete  wall=5.335930e-02s  cpu=5.335100e-02s  provider=48  solves=2  iterations=45

STEP 6
  certificate  stage=STEP 6  complete  reason=candidate_set  wall=2.216000e-05s  cpu=2.200000e-05s  provider=0  solves=0  iterations=0

STEP 8
  certificate  stage=STEP 8  complete  reason=step8_complete  wall=3.223422e-02s  cpu=3.219900e-02s  provider=58  solves=1  iterations=10

STEP 9
  certificate  stage=STEP 9  failed  objective=-5.093177e+01  upper=-5.093177e+01  gap=-4.163780e-12  wall=0.000000e+00s  cpu=0.000000e+00s  provider=0  solves=0  iterations=0
  certificate  stage=STEP 9  complete  reason=paper_potential_convergence_failed  wall=1.902659e-03s  cpu=1.903000e-03s  provider=2  solves=0  iterations=0

STEP 7
  certificate  stage=STEP 7  complete  reason=continue_stage_ii  wall=1.710000e-06s  cpu=2.000000e-06s  provider=0  solves=0  iterations=0

STEP 4
  STAGE II STEP 4  major=70  upper=-5.093177e+01  LP_primal= 7.588596e-11  LP_dual= 4.163336e-17  active_cuts=75  certified
  certificate  stage=STEP 4  complete  reason=step4_complete  wall=5.137570e-04s  cpu=5.140000e-04s  provider=0  solves=1  iterations=1

STEP 5
  certificate  stage=STEP 5 LOCAL  major=70  attempt=294  accepted  reason=success  P rel.= 1.318722e-13  objective=-4.808650e+01  upper=-5.093177e+01  gap=-2.845263e+00  wall=0.000000e+00s  cpu=0.000000e+00s  provider=0  solves=0  iterations=0
  certificate  stage=STEP 5 LOCAL  major=70  attempt=295  accepted  reason=success  P rel.=-3.432196e-08  objective=-5.093177e+01  upper=-5.093177e+01  gap= 8.242296e-13  wall=0.000000e+00s  cpu=0.000000e+00s  provider=0  solves=0  iterations=0
  certificate  stage=STEP 5  complete  reason=step5_complete  wall=5.467737e-02s  cpu=5.464900e-02s  provider=47  solves=2  iterations=42

STEP 6
  certificate  stage=STEP 6  complete  reason=candidate_set  wall=2.327000e-05s  cpu=2.400000e-05s  provider=0  solves=0  iterations=0

STEP 8
  certificate  stage=STEP 8  complete  reason=step8_complete  wall=3.261315e-02s  cpu=3.260800e-02s  provider=58  solves=1  iterations=10

STEP 9
  certificate  stage=STEP 9  failed  objective=-5.093177e+01  upper=-5.093177e+01  gap=-4.163780e-12  wall=0.000000e+00s  cpu=0.000000e+00s  provider=0  solves=0  iterations=0
  certificate  stage=STEP 9  complete  reason=paper_potential_convergence_failed  wall=1.575630e-03s  cpu=1.576000e-03s  provider=2  solves=0  iterations=0

STEP 7
  certificate  stage=STEP 7  complete  reason=continue_stage_ii  wall=1.300000e-06s  cpu=1.000000e-06s  provider=0  solves=0  iterations=0

STEP 4
  STAGE II STEP 4  major=71  upper=-5.093177e+01  LP_primal= 7.588596e-11  LP_dual= 4.163336e-17  active_cuts=76  certified
  certificate  stage=STEP 4  complete  reason=step4_complete  wall=4.951470e-04s  cpu=4.960000e-04s  provider=0  solves=1  iterations=1

STEP 5
  certificate  stage=STEP 5 LOCAL  major=71  attempt=297  accepted  reason=success  P rel.= 4.871228e-13  objective=-4.808650e+01  upper=-5.093177e+01  gap=-2.845263e+00  wall=0.000000e+00s  cpu=0.000000e+00s  provider=0  solves=0  iterations=0
  certificate  stage=STEP 5 LOCAL  major=71  attempt=298  accepted  reason=success  P rel.= 4.180264e-14  objective=-4.808650e+01  upper=-5.093177e+01  gap=-2.845263e+00  wall=0.000000e+00s  cpu=0.000000e+00s  provider=0  solves=0  iterations=0
  certificate  stage=STEP 5 LOCAL  major=71  attempt=299  accepted  reason=success  P rel.=-1.096215e-09  objective=-5.093177e+01  upper=-5.093177e+01  gap= 7.588596e-11  wall=0.000000e+00s  cpu=0.000000e+00s  provider=0  solves=0  iterations=0
  certificate  stage=STEP 5  complete  reason=step5_complete  wall=7.737569e-02s  cpu=7.734100e-02s  provider=65  solves=4  iterations=58

STEP 6
  certificate  stage=STEP 6  complete  reason=candidate_set  wall=2.309000e-05s  cpu=2.300000e-05s  provider=0  solves=0  iterations=0

STEP 8
  certificate  stage=STEP 8  complete  reason=step8_complete  wall=3.580741e-02s  cpu=3.580800e-02s  provider=58  solves=1  iterations=10

STEP 9
  certificate  stage=STEP 9  failed  objective=-5.093177e+01  upper=-5.093177e+01  gap=-4.185097e-12  wall=0.000000e+00s  cpu=0.000000e+00s  provider=0  solves=0  iterations=0
  certificate  stage=STEP 9  complete  reason=paper_potential_convergence_failed  wall=1.784469e-03s  cpu=1.785000e-03s  provider=2  solves=0  iterations=0

STEP 7
  certificate  stage=STEP 7  complete  reason=continue_stage_ii  wall=1.570000e-06s  cpu=1.000000e-06s  provider=0  solves=0  iterations=0

STEP 4
  STAGE II STEP 4  major=72  upper=-5.093177e+01  LP_primal= 7.588596e-11  LP_dual= 4.163336e-17  active_cuts=77  certified
  certificate  stage=STEP 4  complete  reason=step4_complete  wall=5.098870e-04s  cpu=5.100000e-04s  provider=0  solves=1  iterations=1

STEP 5
  certificate  stage=STEP 5 LOCAL  major=72  attempt=300  accepted  reason=success  P rel.= 5.027809e-14  objective=-4.676456e+01  upper=-5.093177e+01  gap=-4.167202e+00  wall=0.000000e+00s  cpu=0.000000e+00s  provider=0  solves=0  iterations=0
  certificate  stage=STEP 5 LOCAL  major=72  attempt=301  accepted  reason=success  P rel.= 5.300747e-14  objective=-4.676456e+01  upper=-5.093177e+01  gap=-4.167202e+00  wall=0.000000e+00s  cpu=0.000000e+00s  provider=0  solves=0  iterations=0
  certificate  stage=STEP 5 LOCAL  major=72  attempt=302  accepted  reason=success  P rel.= 8.532910e-14  objective=-4.808650e+01  upper=-5.093177e+01  gap=-2.845263e+00  wall=0.000000e+00s  cpu=0.000000e+00s  provider=0  solves=0  iterations=0
  certificate  stage=STEP 5 LOCAL  major=72  attempt=304  accepted  reason=success  P rel.= 3.734944e-14  objective=-4.808650e+01  upper=-5.093177e+01  gap=-2.845263e+00  wall=0.000000e+00s  cpu=0.000000e+00s  provider=0  solves=0  iterations=0
  certificate  stage=STEP 5 LOCAL  major=72  attempt=305  accepted  reason=success  P rel.= 5.372573e-14  objective=-4.808650e+01  upper=-5.093177e+01  gap=-2.845263e+00  wall=0.000000e+00s  cpu=0.000000e+00s  provider=0  solves=0  iterations=0
  certificate  stage=STEP 5 LOCAL  major=72  attempt=307  accepted  reason=success  P rel.=-1.095324e-09  objective=-5.093177e+01  upper=-5.093177e+01  gap= 7.587886e-11  wall=0.000000e+00s  cpu=0.000000e+00s  provider=0  solves=0  iterations=0
  certificate  stage=STEP 5  complete  reason=step5_complete  wall=1.387569e-01s  cpu=1.387510e-01s  provider=115  solves=8  iterations=99

STEP 6
  certificate  stage=STEP 6  complete  reason=candidate_set  wall=2.847000e-05s  cpu=2.900000e-05s  provider=0  solves=0  iterations=0

STEP 8
  certificate  stage=STEP 8  complete  reason=step8_complete  wall=3.579672e-02s  cpu=3.579700e-02s  provider=58  solves=1  iterations=10

STEP 9
  certificate  stage=STEP 9  failed  objective=-5.093177e+01  upper=-5.093177e+01  gap=-4.163780e-12  wall=0.000000e+00s  cpu=0.000000e+00s  provider=0  solves=0  iterations=0
  certificate  stage=STEP 9  complete  reason=paper_potential_convergence_failed  wall=1.748729e-03s  cpu=1.748000e-03s  provider=2  solves=0  iterations=0

STEP 7
  certificate  stage=STEP 7  complete  reason=continue_stage_ii  wall=1.590000e-06s  cpu=1.000000e-06s  provider=0  solves=0  iterations=0

STEP 4
  STAGE II STEP 4  major=73  upper=-5.093177e+01  LP_primal= 7.588596e-11  LP_dual= 4.163336e-17  active_cuts=78  certified
  certificate  stage=STEP 4  complete  reason=step4_complete  wall=5.299360e-04s  cpu=5.300000e-04s  provider=0  solves=1  iterations=1

STEP 5
  certificate  stage=STEP 5 LOCAL  major=73  attempt=308  accepted  reason=success  P rel.= 6.392500e-14  objective=-4.808650e+01  upper=-5.093177e+01  gap=-2.845263e+00  wall=0.000000e+00s  cpu=0.000000e+00s  provider=0  solves=0  iterations=0
  certificate  stage=STEP 5 LOCAL  major=73  attempt=309  accepted  reason=success  P rel.= 5.789163e-14  objective=-4.808650e+01  upper=-5.093177e+01  gap=-2.845263e+00  wall=0.000000e+00s  cpu=0.000000e+00s  provider=0  solves=0  iterations=0
  certificate  stage=STEP 5 LOCAL  major=73  attempt=310  accepted  reason=success  P rel.= 3.734944e-14  objective=-4.808650e+01  upper=-5.093177e+01  gap=-2.845263e+00  wall=0.000000e+00s  cpu=0.000000e+00s  provider=0  solves=0  iterations=0
  certificate  stage=STEP 5 LOCAL  major=73  attempt=311  accepted  reason=success  P rel.= 3.878595e-14  objective=-4.808650e+01  upper=-5.093177e+01  gap=-2.845263e+00  wall=0.000000e+00s  cpu=0.000000e+00s  provider=0  solves=0  iterations=0
  certificate  stage=STEP 5 LOCAL  major=73  attempt=312  accepted  reason=success  P rel.= 4.812331e-14  objective=-4.808650e+01  upper=-5.093177e+01  gap=-2.845263e+00  wall=0.000000e+00s  cpu=0.000000e+00s  provider=0  solves=0  iterations=0
  certificate  stage=STEP 5 LOCAL  major=73  attempt=313  accepted  reason=success  P rel.=-1.094212e-09  objective=-5.093177e+01  upper=-5.093177e+01  gap= 7.587886e-11  wall=0.000000e+00s  cpu=0.000000e+00s  provider=0  solves=0  iterations=0
  certificate  stage=STEP 5  complete  reason=step5_complete  wall=1.586891e-01s  cpu=1.586820e-01s  provider=127  solves=6  iterations=120

STEP 6
  certificate  stage=STEP 6  complete  reason=candidate_set  wall=2.386000e-05s  cpu=2.400000e-05s  provider=0  solves=0  iterations=0

STEP 8
  certificate  stage=STEP 8  complete  reason=step8_complete  wall=3.583873e-02s  cpu=3.583900e-02s  provider=58  solves=1  iterations=10

STEP 9
  certificate  stage=STEP 9  failed  objective=-5.093177e+01  upper=-5.093177e+01  gap=-4.170886e-12  wall=0.000000e+00s  cpu=0.000000e+00s  provider=0  solves=0  iterations=0
  certificate  stage=STEP 9  complete  reason=paper_potential_convergence_failed  wall=1.843818e-03s  cpu=1.844000e-03s  provider=2  solves=0  iterations=0

STEP 7
  certificate  stage=STEP 7  complete  reason=continue_stage_ii  wall=1.150000e-06s  cpu=1.000000e-06s  provider=0  solves=0  iterations=0

STEP 4
  STAGE II STEP 4  major=74  upper=-5.093177e+01  LP_primal= 7.588596e-11  LP_dual= 4.163336e-17  active_cuts=79  certified
  certificate  stage=STEP 4  complete  reason=step4_complete  wall=5.010370e-04s  cpu=5.020000e-04s  provider=0  solves=1  iterations=1

STEP 5
  certificate  stage=STEP 5 LOCAL  major=74  attempt=314  accepted  reason=success  P rel.= 5.860989e-14  objective=-4.808650e+01  upper=-5.093177e+01  gap=-2.845263e+00  wall=0.000000e+00s  cpu=0.000000e+00s  provider=0  solves=0  iterations=0
  certificate  stage=STEP 5 LOCAL  major=74  attempt=315  accepted  reason=success  P rel.= 2.801208e-14  objective=-4.808650e+01  upper=-5.093177e+01  gap=-2.845263e+00  wall=0.000000e+00s  cpu=0.000000e+00s  provider=0  solves=0  iterations=0
  certificate  stage=STEP 5 LOCAL  major=74  attempt=316  accepted  reason=success  P rel.= 7.469887e-14  objective=-4.808650e+01  upper=-5.093177e+01  gap=-2.845263e+00  wall=0.000000e+00s  cpu=0.000000e+00s  provider=0  solves=0  iterations=0
  certificate  stage=STEP 5 LOCAL  major=74  attempt=317  accepted  reason=success  P rel.= 3.663118e-14  objective=-4.676456e+01  upper=-5.093177e+01  gap=-4.167202e+00  wall=0.000000e+00s  cpu=0.000000e+00s  provider=0  solves=0  iterations=0
  certificate  stage=STEP 5 LOCAL  major=74  attempt=318  accepted  reason=success  P rel.= 5.947180e-14  objective=-4.808650e+01  upper=-5.093177e+01  gap=-2.845263e+00  wall=0.000000e+00s  cpu=0.000000e+00s  provider=0  solves=0  iterations=0
  certificate  stage=STEP 5 LOCAL  major=74  attempt=319  accepted  reason=success  P rel.= 5.832258e-14  objective=-4.808650e+01  upper=-5.093177e+01  gap=-2.845263e+00  wall=0.000000e+00s  cpu=0.000000e+00s  provider=0  solves=0  iterations=0
  certificate  stage=STEP 5 LOCAL  major=74  attempt=320  accepted  reason=success  P rel.= 6.938376e-14  objective=-4.808650e+01  upper=-5.093177e+01  gap=-2.845263e+00  wall=0.000000e+00s  cpu=0.000000e+00s  provider=0  solves=0  iterations=0
  certificate  stage=STEP 5 LOCAL  major=74  attempt=321  accepted  reason=success  P rel.= 5.359644e-13  objective=-4.808650e+01  upper=-5.093177e+01  gap=-2.845263e+00  wall=0.000000e+00s  cpu=0.000000e+00s  provider=0  solves=0  iterations=0
  certificate  stage=STEP 5 LOCAL  major=74  attempt=322  accepted  reason=success  P rel.= 3.318354e-14  objective=-4.808650e+01  upper=-5.093177e+01  gap=-2.845263e+00  wall=0.000000e+00s  cpu=0.000000e+00s  provider=0  solves=0  iterations=0
  certificate  stage=STEP 5 LOCAL  major=74  attempt=323  accepted  reason=success  P rel.= 5.889719e-14  objective=-4.676456e+01  upper=-5.093177e+01  gap=-4.167202e+00  wall=0.000000e+00s  cpu=0.000000e+00s  provider=0  solves=0  iterations=0
  certificate  stage=STEP 5 LOCAL  major=74  attempt=324  accepted  reason=success  P rel.=-3.428350e-08  objective=-5.093177e+01  upper=-5.093177e+01  gap= 8.242296e-13  wall=0.000000e+00s  cpu=0.000000e+00s  provider=0  solves=0  iterations=0
  certificate  stage=STEP 5  complete  reason=step5_complete  wall=2.779903e-01s  cpu=2.778070e-01s  provider=236  solves=11  iterations=209

STEP 6
  certificate  stage=STEP 6  complete  reason=candidate_set  wall=2.287900e-05s  cpu=2.300000e-05s  provider=0  solves=0  iterations=0

STEP 8
  certificate  stage=STEP 8  complete  reason=step8_complete  wall=3.135079e-02s  cpu=3.125100e-02s  provider=58  solves=1  iterations=10

STEP 9
  certificate  stage=STEP 9  failed  objective=-5.093177e+01  upper=-5.093177e+01  gap=-4.170886e-12  wall=0.000000e+00s  cpu=0.000000e+00s  provider=0  solves=0  iterations=0
  certificate  stage=STEP 9  complete  reason=paper_potential_convergence_failed  wall=1.644800e-03s  cpu=1.627000e-03s  provider=2  solves=0  iterations=0

STEP 7
  certificate  stage=STEP 7  complete  reason=continue_stage_ii  wall=1.120000e-06s  cpu=1.000000e-06s  provider=0  solves=0  iterations=0

STEP 4
  STAGE II STEP 4  major=75  upper=-5.093177e+01  LP_primal= 7.588596e-11  LP_dual= 4.163336e-17  active_cuts=80  certified
  certificate  stage=STEP 4  complete  reason=step4_complete  wall=4.938980e-04s  cpu=4.940000e-04s  provider=0  solves=1  iterations=1

STEP 5
  certificate  stage=STEP 5 LOCAL  major=75  attempt=325  accepted  reason=success  P rel.= 7.311871e-14  objective=-4.808650e+01  upper=-5.093177e+01  gap=-2.845263e+00  wall=0.000000e+00s  cpu=0.000000e+00s  provider=0  solves=0  iterations=0
  certificate  stage=STEP 5 LOCAL  major=75  attempt=326  accepted  reason=success  P rel.= 5.774798e-14  objective=-4.808650e+01  upper=-5.093177e+01  gap=-2.845263e+00  wall=0.000000e+00s  cpu=0.000000e+00s  provider=0  solves=0  iterations=0
  certificate  stage=STEP 5 LOCAL  major=75  attempt=327  accepted  reason=success  P rel.=-1.096081e-09  objective=-5.093177e+01  upper=-5.093177e+01  gap= 7.587886e-11  wall=0.000000e+00s  cpu=0.000000e+00s  provider=0  solves=0  iterations=0
  certificate  stage=STEP 5  complete  reason=step5_complete  wall=7.358912e-02s  cpu=7.334700e-02s  provider=67  solves=3  iterations=59

STEP 6
  certificate  stage=STEP 6  complete  reason=candidate_set  wall=2.227000e-05s  cpu=2.200000e-05s  provider=0  solves=0  iterations=0

STEP 8
  certificate  stage=STEP 8  complete  reason=step8_complete  wall=3.128721e-02s  cpu=3.118400e-02s  provider=58  solves=1  iterations=10

STEP 9
  certificate  stage=STEP 9  failed  objective=-5.093177e+01  upper=-5.093177e+01  gap=-4.170886e-12  wall=0.000000e+00s  cpu=0.000000e+00s  provider=0  solves=0  iterations=0
  certificate  stage=STEP 9  complete  reason=paper_potential_convergence_failed  wall=1.642829e-03s  cpu=1.621000e-03s  provider=2  solves=0  iterations=0

STEP 7
  certificate  stage=STEP 7  complete  reason=continue_stage_ii  wall=1.210000e-06s  cpu=1.000000e-06s  provider=0  solves=0  iterations=0

STEP 4
  STAGE II STEP 4  major=76  upper=-5.093177e+01  LP_primal= 7.588596e-11  LP_dual= 4.163336e-17  active_cuts=81  certified
  certificate  stage=STEP 4  complete  reason=step4_complete  wall=5.344070e-04s  cpu=5.340000e-04s  provider=0  solves=1  iterations=1

STEP 5
  certificate  stage=STEP 5 LOCAL  major=76  attempt=328  accepted  reason=success  P rel.=-8.558512e-09  objective=-5.093177e+01  upper=-5.093177e+01  gap= 7.588596e-11  wall=0.000000e+00s  cpu=0.000000e+00s  provider=0  solves=0  iterations=0
  certificate  stage=STEP 5  complete  reason=step5_complete  wall=2.115450e-02s  cpu=2.108100e-02s  provider=19  solves=1  iterations=18

STEP 6
  certificate  stage=STEP 6  complete  reason=candidate_set  wall=2.223000e-05s  cpu=2.200000e-05s  provider=0  solves=0  iterations=0

STEP 8
  certificate  stage=STEP 8  complete  reason=step8_complete  wall=3.111044e-02s  cpu=3.100600e-02s  provider=58  solves=1  iterations=10

STEP 9
  certificate  stage=STEP 9  failed  objective=-5.093177e+01  upper=-5.093177e+01  gap=-4.170886e-12  wall=0.000000e+00s  cpu=0.000000e+00s  provider=0  solves=0  iterations=0
  certificate  stage=STEP 9  complete  reason=paper_potential_convergence_failed  wall=1.638110e-03s  cpu=1.639000e-03s  provider=2  solves=0  iterations=0

STEP 7
  certificate  stage=STEP 7  complete  reason=continue_stage_ii  wall=1.100000e-06s  cpu=1.000000e-06s  provider=0  solves=0  iterations=0

STEP 4
  STAGE II STEP 4  major=77  upper=-5.093177e+01  LP_primal= 7.588596e-11  LP_dual= 4.163336e-17  active_cuts=82  certified
  certificate  stage=STEP 4  complete  reason=step4_complete  wall=4.765170e-04s  cpu=4.770000e-04s  provider=0  solves=1  iterations=1

STEP 5
  certificate  stage=STEP 5 LOCAL  major=77  attempt=329  accepted  reason=success  P rel.= 5.832258e-14  objective=-4.808650e+01  upper=-5.093177e+01  gap=-2.845263e+00  wall=0.000000e+00s  cpu=0.000000e+00s  provider=0  solves=0  iterations=0
  certificate  stage=STEP 5 LOCAL  major=77  attempt=330  accepted  reason=success  P rel.= 6.708533e-14  objective=-4.808650e+01  upper=-5.093177e+01  gap=-2.845263e+00  wall=0.000000e+00s  cpu=0.000000e+00s  provider=0  solves=0  iterations=0
  certificate  stage=STEP 5 LOCAL  major=77  attempt=331  accepted  reason=success  P rel.= 3.088511e-14  objective=-4.808650e+01  upper=-5.093177e+01  gap=-2.845263e+00  wall=0.000000e+00s  cpu=0.000000e+00s  provider=0  solves=0  iterations=0
  certificate  stage=STEP 5 LOCAL  major=77  attempt=332  accepted  reason=success  P rel.= 1.558621e-13  objective=-4.808650e+01  upper=-5.093177e+01  gap=-2.845263e+00  wall=0.000000e+00s  cpu=0.000000e+00s  provider=0  solves=0  iterations=0
  certificate  stage=STEP 5 LOCAL  major=77  attempt=333  accepted  reason=success  P rel.= 6.938376e-14  objective=-4.808650e+01  upper=-5.093177e+01  gap=-2.845263e+00  wall=0.000000e+00s  cpu=0.000000e+00s  provider=0  solves=0  iterations=0
  certificate  stage=STEP 5 LOCAL  major=77  attempt=334  accepted  reason=success  P rel.= 2.024052e-13  objective=-4.808650e+01  upper=-5.093177e+01  gap=-2.845263e+00  wall=0.000000e+00s  cpu=0.000000e+00s  provider=0  solves=0  iterations=0
  certificate  stage=STEP 5 LOCAL  major=77  attempt=335  accepted  reason=success  P rel.= 5.817893e-14  objective=-4.808650e+01  upper=-5.093177e+01  gap=-2.845263e+00  wall=0.000000e+00s  cpu=0.000000e+00s  provider=0  solves=0  iterations=0
  certificate  stage=STEP 5 LOCAL  major=77  attempt=336  accepted  reason=success  P rel.= 3.806770e-14  objective=-4.808650e+01  upper=-5.093177e+01  gap=-2.845263e+00  wall=0.000000e+00s  cpu=0.000000e+00s  provider=0  solves=0  iterations=0
  certificate  stage=STEP 5 LOCAL  major=77  attempt=337  accepted  reason=success  P rel.= 4.884157e-14  objective=-4.808650e+01  upper=-5.093177e+01  gap=-2.845263e+00  wall=0.000000e+00s  cpu=0.000000e+00s  provider=0  solves=0  iterations=0
  certificate  stage=STEP 5 LOCAL  major=77  attempt=338  accepted  reason=success  P rel.= 4.629894e-13  objective=-4.808650e+01  upper=-5.093177e+01  gap=-2.845263e+00  wall=0.000000e+00s  cpu=0.000000e+00s  provider=0  solves=0  iterations=0
  certificate  stage=STEP 5 LOCAL  major=77  attempt=339  accepted  reason=success  P rel.= 5.832258e-14  objective=-4.676456e+01  upper=-5.093177e+01  gap=-4.167202e+00  wall=0.000000e+00s  cpu=0.000000e+00s  provider=0  solves=0  iterations=0
  certificate  stage=STEP 5 LOCAL  major=77  attempt=340  accepted  reason=success  P rel.= 6.493056e-14  objective=-4.676456e+01  upper=-5.093177e+01  gap=-4.167202e+00  wall=0.000000e+00s  cpu=0.000000e+00s  provider=0  solves=0  iterations=0
  certificate  stage=STEP 5 LOCAL  major=77  attempt=341  accepted  reason=success  P rel.= 6.363769e-14  objective=-4.676456e+01  upper=-5.093177e+01  gap=-4.167202e+00  wall=0.000000e+00s  cpu=0.000000e+00s  provider=0  solves=0  iterations=0
  certificate  stage=STEP 5 LOCAL  major=77  attempt=342  accepted  reason=success  P rel.= 3.878595e-14  objective=-4.808650e+01  upper=-5.093177e+01  gap=-2.845263e+00  wall=0.000000e+00s  cpu=0.000000e+00s  provider=0  solves=0  iterations=0
  certificate  stage=STEP 5 LOCAL  major=77  attempt=343  accepted  reason=success  P rel.= 1.246897e-13  objective=-4.808650e+01  upper=-5.093177e+01  gap=-2.845263e+00  wall=0.000000e+00s  cpu=0.000000e+00s  provider=0  solves=0  iterations=0
  certificate  stage=STEP 5 LOCAL  major=77  attempt=344  accepted  reason=success  P rel.= 7.469887e-14  objective=-4.808650e+01  upper=-5.093177e+01  gap=-2.845263e+00  wall=0.000000e+00s  cpu=0.000000e+00s  provider=0  solves=0  iterations=0
  certificate  stage=STEP 5 LOCAL  major=77  attempt=345  accepted  reason=success  P rel.=-1.088469e-09  objective=-5.093177e+01  upper=-5.093177e+01  gap= 7.588596e-11  wall=0.000000e+00s  cpu=0.000000e+00s  provider=0  solves=0  iterations=0
  certificate  stage=STEP 5  complete  reason=step5_complete  wall=3.953338e-01s  cpu=3.940130e-01s  provider=348  solves=17  iterations=330

STEP 6
  certificate  stage=STEP 6  complete  reason=candidate_set  wall=2.476000e-05s  cpu=2.500000e-05s  provider=0  solves=0  iterations=0

STEP 8
  certificate  stage=STEP 8  complete  reason=step8_complete  wall=3.428782e-02s  cpu=3.415600e-02s  provider=58  solves=1  iterations=10

STEP 9
  certificate  stage=STEP 9  failed  objective=-5.093177e+01  upper=-5.093177e+01  gap=-4.170886e-12  wall=0.000000e+00s  cpu=0.000000e+00s  provider=0  solves=0  iterations=0
  certificate  stage=STEP 9  complete  reason=paper_potential_convergence_failed  wall=1.728390e-03s  cpu=1.729000e-03s  provider=2  solves=0  iterations=0

STEP 7
  certificate  stage=STEP 7  complete  reason=continue_stage_ii  wall=1.040000e-06s  cpu=2.000000e-06s  provider=0  solves=0  iterations=0

STEP 4
  STAGE II STEP 4  major=78  upper=-5.093177e+01  LP_primal= 7.588596e-11  LP_dual= 4.163336e-17  active_cuts=83  certified
  certificate  stage=STEP 4  complete  reason=step4_complete  wall=4.911770e-04s  cpu=4.910000e-04s  provider=0  solves=1  iterations=1

STEP 5
  certificate  stage=STEP 5 LOCAL  major=78  attempt=346  accepted  reason=success  P rel.= 4.367011e-14  objective=-4.808650e+01  upper=-5.093177e+01  gap=-2.845263e+00  wall=0.000000e+00s  cpu=0.000000e+00s  provider=0  solves=0  iterations=0
  certificate  stage=STEP 5 LOCAL  major=78  attempt=347  accepted  reason=success  P rel.= 5.070904e-14  objective=-4.808650e+01  upper=-5.093177e+01  gap=-2.845263e+00  wall=0.000000e+00s  cpu=0.000000e+00s  provider=0  solves=0  iterations=0
  certificate  stage=STEP 5 LOCAL  major=78  attempt=348  accepted  reason=success  P rel.= 2.240966e-14  objective=-4.808650e+01  upper=-5.093177e+01  gap=-2.845263e+00  wall=0.000000e+00s  cpu=0.000000e+00s  provider=0  solves=0  iterations=0
  certificate  stage=STEP 5 LOCAL  major=78  attempt=349  accepted  reason=success  P rel.= 5.817893e-14  objective=-4.808650e+01  upper=-5.093177e+01  gap=-2.845263e+00  wall=0.000000e+00s  cpu=0.000000e+00s  provider=0  solves=0  iterations=0
  certificate  stage=STEP 5 LOCAL  major=78  attempt=350  accepted  reason=success  P rel.=-1.087268e-09  objective=-5.093177e+01  upper=-5.093177e+01  gap= 7.588596e-11  wall=0.000000e+00s  cpu=0.000000e+00s  provider=0  solves=0  iterations=0
  certificate  stage=STEP 5  complete  reason=step5_complete  wall=1.178651e-01s  cpu=1.174460e-01s  provider=98  solves=5  iterations=91

STEP 6
  certificate  stage=STEP 6  complete  reason=candidate_set  wall=2.397000e-05s  cpu=2.400000e-05s  provider=0  solves=0  iterations=0

STEP 8
  certificate  stage=STEP 8  complete  reason=step8_complete  wall=3.485404e-02s  cpu=3.473300e-02s  provider=58  solves=1  iterations=10

STEP 9
  certificate  stage=STEP 9  failed  objective=-5.093177e+01  upper=-5.093177e+01  gap=-4.170886e-12  wall=0.000000e+00s  cpu=0.000000e+00s  provider=0  solves=0  iterations=0
  certificate  stage=STEP 9  complete  reason=paper_potential_convergence_failed  wall=1.719669e-03s  cpu=1.720000e-03s  provider=2  solves=0  iterations=0

STEP 7
  certificate  stage=STEP 7  complete  reason=continue_stage_ii  wall=1.080000e-06s  cpu=1.000000e-06s  provider=0  solves=0  iterations=0

STEP 4
  STAGE II STEP 4  major=79  upper=-5.093177e+01  LP_primal= 7.588596e-11  LP_dual= 4.163336e-17  active_cuts=84  certified
  certificate  stage=STEP 4  complete  reason=step4_complete  wall=4.925270e-04s  cpu=4.930000e-04s  provider=0  solves=1  iterations=1

STEP 5
  certificate  stage=STEP 5 LOCAL  major=79  attempt=351  accepted  reason=success  P rel.= 6.449960e-14  objective=-4.808650e+01  upper=-5.093177e+01  gap=-2.845263e+00  wall=0.000000e+00s  cpu=0.000000e+00s  provider=0  solves=0  iterations=0
  certificate  stage=STEP 5 LOCAL  major=79  attempt=352  accepted  reason=success  P rel.= 1.380493e-13  objective=-4.808650e+01  upper=-5.093177e+01  gap=-2.845263e+00  wall=0.000000e+00s  cpu=0.000000e+00s  provider=0  solves=0  iterations=0
  certificate  stage=STEP 5 LOCAL  major=79  attempt=353  accepted  reason=success  P rel.= 3.734944e-14  objective=-4.808650e+01  upper=-5.093177e+01  gap=-2.845263e+00  wall=0.000000e+00s  cpu=0.000000e+00s  provider=0  solves=0  iterations=0
  certificate  stage=STEP 5 LOCAL  major=79  attempt=354  accepted  reason=success  P rel.= 5.009134e-13  objective=-4.808650e+01  upper=-5.093177e+01  gap=-2.845263e+00  wall=0.000000e+00s  cpu=0.000000e+00s  provider=0  solves=0  iterations=0
  certificate  stage=STEP 5 LOCAL  major=79  attempt=355  accepted  reason=success  P rel.= 9.969427e-14  objective=-4.808650e+01  upper=-5.093177e+01  gap=-2.845263e+00  wall=0.000000e+00s  cpu=0.000000e+00s  provider=0  solves=0  iterations=0
  certificate  stage=STEP 5 LOCAL  major=79  attempt=356  accepted  reason=success  P rel.= 3.734944e-14  objective=-4.808650e+01  upper=-5.093177e+01  gap=-2.845263e+00  wall=0.000000e+00s  cpu=0.000000e+00s  provider=0  solves=0  iterations=0
  certificate  stage=STEP 5 LOCAL  major=79  attempt=357  accepted  reason=success  P rel.= 6.708533e-14  objective=-4.808650e+01  upper=-5.093177e+01  gap=-2.845263e+00  wall=0.000000e+00s  cpu=0.000000e+00s  provider=0  solves=0  iterations=0
  certificate  stage=STEP 5 LOCAL  major=79  attempt=358  accepted  reason=success  P rel.= 3.318354e-14  objective=-4.808650e+01  upper=-5.093177e+01  gap=-2.845263e+00  wall=0.000000e+00s  cpu=0.000000e+00s  provider=0  solves=0  iterations=0
  certificate  stage=STEP 5 LOCAL  major=79  attempt=359  accepted  reason=success  P rel.= 2.387491e-13  objective=-4.808650e+01  upper=-5.093177e+01  gap=-2.845263e+00  wall=0.000000e+00s  cpu=0.000000e+00s  provider=0  solves=0  iterations=0
  certificate  stage=STEP 5 LOCAL  major=79  attempt=360  accepted  reason=success  P rel.= 5.573685e-14  objective=-4.676456e+01  upper=-5.093177e+01  gap=-4.167202e+00  wall=0.000000e+00s  cpu=0.000000e+00s  provider=0  solves=0  iterations=0
  certificate  stage=STEP 5 LOCAL  major=79  attempt=361  accepted  reason=success  P rel.= 4.983277e-13  objective=-4.808650e+01  upper=-5.093177e+01  gap=-2.845263e+00  wall=0.000000e+00s  cpu=0.000000e+00s  provider=0  solves=0  iterations=0
  certificate  stage=STEP 5 LOCAL  major=79  attempt=362  accepted  reason=success  P rel.= 2.197871e-13  objective=-4.808650e+01  upper=-5.093177e+01  gap=-2.845263e+00  wall=0.000000e+00s  cpu=0.000000e+00s  provider=0  solves=0  iterations=0
  certificate  stage=STEP 5 LOCAL  major=79  attempt=363  accepted  reason=success  P rel.=-1.086600e-09  objective=-5.093177e+01  upper=-5.093177e+01  gap= 7.588596e-11  wall=0.000000e+00s  cpu=0.000000e+00s  provider=0  solves=0  iterations=0
  certificate  stage=STEP 5  complete  reason=step5_complete  wall=3.146392e-01s  cpu=3.144830e-01s  provider=271  solves=13  iterations=255

STEP 6
  certificate  stage=STEP 6  complete  reason=candidate_set  wall=2.704000e-05s  cpu=2.700000e-05s  provider=0  solves=0  iterations=0

STEP 8
  certificate  stage=STEP 8  complete  reason=step8_complete  wall=3.291833e-02s  cpu=3.289900e-02s  provider=58  solves=1  iterations=10

STEP 9
  certificate  stage=STEP 9  failed  objective=-5.093177e+01  upper=-5.093177e+01  gap=-4.170886e-12  wall=0.000000e+00s  cpu=0.000000e+00s  provider=0  solves=0  iterations=0
  certificate  stage=STEP 9  complete  reason=paper_potential_convergence_failed  wall=1.625640e-03s  cpu=1.626000e-03s  provider=2  solves=0  iterations=0

STEP 7
  certificate  stage=STEP 7  indeterminate  reason=stage_ii_major_iteration_limit  wall=1.410000e-06s  cpu=1.000000e-06s  provider=0  solves=0  iterations=0
