HELD2.0  case=installed-held2-paper-rewrite  T=2.981500e+02 K  P=1.013000e+05 Pa

STEP 1
  certificate  stage=STEP 1  complete  reason=step1_complete  wall=4.067000e-05s  cpu=3.900000e-05s  provider=1  solves=0  iterations=0

STEP 2

REFERENCE PRESSURE ROOTS
  root   0  V= 3.089465e-05  P rel.= 2.499168e-09  G/RT=-5.572957e+01  strict_stable
  root   1  V= 8.531780e-04  P rel.= 3.880266e-09  G/RT=-5.147508e+01  unstable
  root   2  V= 1.862994e-02  P rel.=-1.364993e-11  G/RT=-5.221387e+01  strict_stable
  selected root 0  status=selected
  eval     1  TPD=-2.038513e-01  P rel.=-6.133651e-09  V= 4.695210e-05  certified
  certificate  stage=STEP 2  complete  reason=negative_tpd_witness  wall=4.508585e-01s  cpu=4.508130e-01s  provider=545  solves=1  iterations=1

STEP 3
  certificate  stage=STEP 3  complete  reason=step3_complete  wall=8.627282e-01s  cpu=8.625510e-01s  provider=4  solves=0  iterations=0

STEP 4
  STAGE II STEP 4  major=0  upper=-5.574598e+01  LP_primal= 0.000000e+00  LP_dual= 0.000000e+00  active_cuts=5  certified
  certificate  stage=STEP 4  complete  reason=step4_complete  wall=3.929870e-04s  cpu=3.930000e-04s  provider=0  solves=1  iterations=1

STEP 5
  certificate  stage=STEP 5 LOCAL  major=0  attempt=0  accepted  reason=success  P rel.=-1.036703e-03  objective=-5.683495e+01  upper=-5.574598e+01  gap= 1.088974e+00  wall=0.000000e+00s  cpu=0.000000e+00s  provider=0  solves=0  iterations=0
  certificate  stage=STEP 5  complete  reason=step5_complete  wall=2.948482e-02s  cpu=2.948500e-02s  provider=153  solves=1  iterations=22

STEP 6
  certificate  stage=STEP 6  complete  reason=candidate_set  wall=3.510000e-06s  cpu=4.000000e-06s  provider=0  solves=0  iterations=0

STEP 8
  certificate  stage=STEP 8  complete  reason=step8_complete  wall=5.397801e-02s  cpu=5.391600e-02s  provider=96  solves=2  iterations=13

STEP 9
  certificate  stage=STEP 9  failed  objective=-5.574895e+01  upper=-5.574598e+01  gap= 2.977963e-03  wall=0.000000e+00s  cpu=0.000000e+00s  provider=0  solves=0  iterations=0
  certificate  stage=STEP 9  complete  reason=paper_free_energy_convergence_failed  wall=1.652861e-03s  cpu=1.653000e-03s  provider=2  solves=0  iterations=0

STEP 7
  certificate  stage=STEP 7  complete  reason=continue_stage_ii  wall=1.110000e-06s  cpu=1.000000e-06s  provider=0  solves=0  iterations=0

STEP 4
  STAGE II STEP 4  major=1  upper=-5.577944e+01  LP_primal= 0.000000e+00  LP_dual= 2.775558e-17  active_cuts=6  certified
  certificate  stage=STEP 4  complete  reason=step4_complete  wall=1.912290e-04s  cpu=1.910000e-04s  provider=0  solves=1  iterations=1

STEP 5
  certificate  stage=STEP 5 LOCAL  major=1  attempt=1  accepted  reason=success  P rel.=-9.745285e-08  objective=-5.613168e+01  upper=-5.577944e+01  gap= 3.522409e-01  wall=0.000000e+00s  cpu=0.000000e+00s  provider=0  solves=0  iterations=0
  certificate  stage=STEP 5  complete  reason=step5_complete  wall=2.922283e-02s  cpu=2.922400e-02s  provider=24  solves=1  iterations=23

STEP 6
  certificate  stage=STEP 6  complete  reason=candidate_set  wall=3.320000e-06s  cpu=3.000000e-06s  provider=0  solves=0  iterations=0

STEP 8
  certificate  stage=STEP 8  complete  reason=problem_67_infeasible  wall=1.356700e-04s  cpu=1.360000e-04s  provider=2  solves=1  iterations=0

STEP 7
  certificate  stage=STEP 7  complete  reason=continue_stage_ii  wall=2.000000e-06s  cpu=2.000000e-06s  provider=0  solves=0  iterations=0

STEP 4
  STAGE II STEP 4  major=2  upper=-5.594018e+01  LP_primal= 0.000000e+00  LP_dual= 1.110223e-16  active_cuts=7  certified
  certificate  stage=STEP 4  complete  reason=step4_complete  wall=3.666680e-04s  cpu=3.670000e-04s  provider=0  solves=1  iterations=1

STEP 5
  certificate  stage=STEP 5 LOCAL  major=2  attempt=2  accepted  reason=success  P rel.= 8.446719e-14  objective=-5.309519e+01  upper=-5.594018e+01  gap=-2.844995e+00  wall=0.000000e+00s  cpu=0.000000e+00s  provider=0  solves=0  iterations=0
  certificate  stage=STEP 5 LOCAL  major=2  attempt=3  accepted  reason=success  P rel.= 4.582489e-14  objective=-5.309519e+01  upper=-5.594018e+01  gap=-2.844995e+00  wall=0.000000e+00s  cpu=0.000000e+00s  provider=0  solves=0  iterations=0
  certificate  stage=STEP 5 LOCAL  major=2  attempt=4  accepted  reason=success  P rel.=-1.191562e-09  objective=-5.623569e+01  upper=-5.594018e+01  gap= 2.955068e-01  wall=0.000000e+00s  cpu=0.000000e+00s  provider=0  solves=0  iterations=0
  certificate  stage=STEP 5  complete  reason=step5_complete  wall=8.359624e-02s  cpu=8.357700e-02s  provider=69  solves=3  iterations=64

STEP 6
  certificate  stage=STEP 6  complete  reason=candidate_set  wall=3.230000e-06s  cpu=3.000000e-06s  provider=0  solves=0  iterations=0

STEP 8
  certificate  stage=STEP 8  complete  reason=step8_complete  wall=5.900471e-02s  cpu=5.900500e-02s  provider=102  solves=1  iterations=13

STEP 9
  certificate  stage=STEP 9  failed  objective=-5.594103e+01  upper=-5.594018e+01  gap= 8.442342e-04  wall=0.000000e+00s  cpu=0.000000e+00s  provider=0  solves=0  iterations=0
  certificate  stage=STEP 9  complete  reason=paper_free_energy_convergence_failed  wall=2.408085e-03s  cpu=2.408000e-03s  provider=3  solves=0  iterations=0

STEP 7
  certificate  stage=STEP 7  complete  reason=continue_stage_ii  wall=1.070000e-06s  cpu=1.000000e-06s  provider=0  solves=0  iterations=0

STEP 4
  STAGE II STEP 4  major=3  upper=-5.596686e+01  LP_primal= 4.263256e-14  LP_dual= 6.938894e-17  active_cuts=8  certified
  certificate  stage=STEP 4  complete  reason=step4_complete  wall=2.549090e-04s  cpu=2.550000e-04s  provider=0  solves=1  iterations=1

STEP 5
  certificate  stage=STEP 5 LOCAL  major=3  attempt=5  accepted  reason=success  P rel.= 4.295185e-14  objective=-5.312195e+01  upper=-5.596686e+01  gap=-2.844908e+00  wall=0.000000e+00s  cpu=0.000000e+00s  provider=0  solves=0  iterations=0
  certificate  stage=STEP 5 LOCAL  major=3  attempt=6  accepted  reason=success  P rel.=-1.454814e-09  objective=-5.606197e+01  upper=-5.596686e+01  gap= 9.510711e-02  wall=0.000000e+00s  cpu=0.000000e+00s  provider=0  solves=0  iterations=0
  certificate  stage=STEP 5  complete  reason=step5_complete  wall=3.832167e-02s  cpu=3.832200e-02s  provider=35  solves=2  iterations=30

STEP 6
  certificate  stage=STEP 6  complete  reason=candidate_set  wall=3.720000e-06s  cpu=4.000000e-06s  provider=0  solves=0  iterations=0

STEP 8
  certificate  stage=STEP 8  complete  reason=step8_complete  wall=7.892463e-02s  cpu=7.890500e-02s  provider=150  solves=1  iterations=20

STEP 9
  certificate  stage=STEP 9  failed  objective=-5.596837e+01  upper=-5.596686e+01  gap= 1.508049e-03  wall=0.000000e+00s  cpu=0.000000e+00s  provider=0  solves=0  iterations=0
  certificate  stage=STEP 9  complete  reason=paper_free_energy_convergence_failed  wall=2.246297e-03s  cpu=2.247000e-03s  provider=3  solves=0  iterations=0

STEP 7
  certificate  stage=STEP 7  complete  reason=continue_stage_ii  wall=1.330000e-06s  cpu=1.000000e-06s  provider=0  solves=0  iterations=0

STEP 4
  STAGE II STEP 4  major=4  upper=-5.599041e+01  LP_primal= 4.263256e-14  LP_dual= 0.000000e+00  active_cuts=9  certified
  certificate  stage=STEP 4  complete  reason=step4_complete  wall=2.660680e-04s  cpu=2.660000e-04s  provider=0  solves=1  iterations=1

STEP 5
  certificate  stage=STEP 5 LOCAL  major=4  attempt=7  accepted  reason=success  P rel.=-2.307466e-09  objective=-5.609939e+01  upper=-5.599041e+01  gap= 1.089724e-01  wall=0.000000e+00s  cpu=0.000000e+00s  provider=0  solves=0  iterations=0
  certificate  stage=STEP 5  complete  reason=step5_complete  wall=1.932498e-02s  cpu=1.932600e-02s  provider=18  solves=1  iterations=14

STEP 6
  certificate  stage=STEP 6  complete  reason=candidate_set  wall=3.550000e-06s  cpu=4.000000e-06s  provider=0  solves=0  iterations=0

STEP 8
  certificate  stage=STEP 8  complete  reason=step8_complete  wall=6.005495e-02s  cpu=6.003500e-02s  provider=114  solves=1  iterations=14

STEP 9
  certificate  stage=STEP 9  failed  objective=-5.599175e+01  upper=-5.599041e+01  gap= 1.339868e-03  wall=0.000000e+00s  cpu=0.000000e+00s  provider=0  solves=0  iterations=0
  certificate  stage=STEP 9  complete  reason=paper_free_energy_convergence_failed  wall=2.472905e-03s  cpu=2.467000e-03s  provider=3  solves=0  iterations=0

STEP 7
  certificate  stage=STEP 7  complete  reason=continue_stage_ii  wall=1.000000e-06s  cpu=1.000000e-06s  provider=0  solves=0  iterations=0

STEP 4
  STAGE II STEP 4  major=5  upper=-5.599499e+01  LP_primal= 0.000000e+00  LP_dual= 1.214306e-17  active_cuts=10  certified
  certificate  stage=STEP 4  complete  reason=step4_complete  wall=2.572880e-04s  cpu=2.570000e-04s  provider=0  solves=1  iterations=1

STEP 5
  certificate  stage=STEP 5 LOCAL  major=5  attempt=8  accepted  reason=success  P rel.= 4.496298e-14  objective=-5.314999e+01  upper=-5.599499e+01  gap=-2.844995e+00  wall=0.000000e+00s  cpu=0.000000e+00s  provider=0  solves=0  iterations=0
  certificate  stage=STEP 5 LOCAL  major=5  attempt=9  accepted  reason=success  P rel.= 2.420531e-13  objective=-5.314999e+01  upper=-5.599499e+01  gap=-2.844995e+00  wall=0.000000e+00s  cpu=0.000000e+00s  provider=0  solves=0  iterations=0
  certificate  stage=STEP 5 LOCAL  major=5  attempt=10  accepted  reason=success  P rel.= 6.378135e-14  objective=-5.314999e+01  upper=-5.599499e+01  gap=-2.844995e+00  wall=0.000000e+00s  cpu=0.000000e+00s  provider=0  solves=0  iterations=0
  certificate  stage=STEP 5 LOCAL  major=5  attempt=11  accepted  reason=success  P rel.= 5.491804e-13  objective=-5.314999e+01  upper=-5.599499e+01  gap=-2.844995e+00  wall=0.000000e+00s  cpu=0.000000e+00s  provider=0  solves=0  iterations=0
  certificate  stage=STEP 5 LOCAL  major=5  attempt=12  accepted  reason=success  P rel.= 9.179342e-14  objective=-5.314999e+01  upper=-5.599499e+01  gap=-2.844995e+00  wall=0.000000e+00s  cpu=0.000000e+00s  provider=0  solves=0  iterations=0
  certificate  stage=STEP 5 LOCAL  major=5  attempt=13  accepted  reason=success  P rel.=-1.575400e-09  objective=-5.599799e+01  upper=-5.599499e+01  gap= 3.007732e-03  wall=0.000000e+00s  cpu=0.000000e+00s  provider=0  solves=0  iterations=0
  certificate  stage=STEP 5  complete  reason=step5_complete  wall=1.435379e-01s  cpu=1.434990e-01s  provider=131  solves=6  iterations=119

STEP 6
  certificate  stage=STEP 6  complete  reason=candidate_set  wall=4.130000e-06s  cpu=4.000000e-06s  provider=0  solves=0  iterations=0

STEP 8
  certificate  stage=STEP 8  complete  reason=step8_complete  wall=5.773492e-02s  cpu=5.773600e-02s  provider=117  solves=1  iterations=14

STEP 9
  certificate  stage=STEP 9  failed  objective=-5.599598e+01  upper=-5.599499e+01  gap= 9.920794e-04  wall=0.000000e+00s  cpu=0.000000e+00s  provider=0  solves=0  iterations=0
  certificate  stage=STEP 9  complete  reason=paper_free_energy_convergence_failed  wall=2.342236e-03s  cpu=2.343000e-03s  provider=3  solves=0  iterations=0

STEP 7
  certificate  stage=STEP 7  complete  reason=continue_stage_ii  wall=1.220000e-06s  cpu=1.000000e-06s  provider=0  solves=0  iterations=0

STEP 4
  STAGE II STEP 4  major=6  upper=-5.599555e+01  LP_primal= 7.105427e-15  LP_dual= 2.775558e-17  active_cuts=11  certified
  certificate  stage=STEP 4  complete  reason=step4_complete  wall=3.058680e-04s  cpu=3.060000e-04s  provider=0  solves=1  iterations=1

STEP 5
  certificate  stage=STEP 5 LOCAL  major=6  attempt=14  accepted  reason=success  P rel.= 6.033371e-14  objective=-5.315054e+01  upper=-5.599555e+01  gap=-2.845013e+00  wall=0.000000e+00s  cpu=0.000000e+00s  provider=0  solves=0  iterations=0
  certificate  stage=STEP 5 LOCAL  major=6  attempt=15  accepted  reason=success  P rel.= 5.544955e-14  objective=-5.315054e+01  upper=-5.599555e+01  gap=-2.845013e+00  wall=0.000000e+00s  cpu=0.000000e+00s  provider=0  solves=0  iterations=0
  certificate  stage=STEP 5 LOCAL  major=6  attempt=16  accepted  reason=success  P rel.=-1.516287e-09  objective=-5.599645e+01  upper=-5.599555e+01  gap= 8.949661e-04  wall=0.000000e+00s  cpu=0.000000e+00s  provider=0  solves=0  iterations=0
  certificate  stage=STEP 5  complete  reason=step5_complete  wall=6.930431e-02s  cpu=6.929700e-02s  provider=66  solves=3  iterations=58

STEP 6
  certificate  stage=STEP 6  complete  reason=candidate_set  wall=4.389000e-06s  cpu=4.000000e-06s  provider=0  solves=0  iterations=0

STEP 8
  certificate  stage=STEP 8  complete  reason=step8_complete  wall=7.898522e-02s  cpu=7.897500e-02s  provider=158  solves=2  iterations=16

STEP 9
  certificate  stage=STEP 9  failed  objective=-5.599614e+01  upper=-5.599555e+01  gap= 5.845717e-04  wall=0.000000e+00s  cpu=0.000000e+00s  provider=0  solves=0  iterations=0
  certificate  stage=STEP 9  complete  reason=paper_free_energy_convergence_failed  wall=2.984642e-03s  cpu=2.985000e-03s  provider=3  solves=0  iterations=0

STEP 7
  certificate  stage=STEP 7  complete  reason=continue_stage_ii  wall=1.200000e-06s  cpu=2.000000e-06s  provider=0  solves=0  iterations=0

STEP 4
  STAGE II STEP 4  major=7  upper=-5.599574e+01  LP_primal= 7.105427e-15  LP_dual= 5.551115e-17  active_cuts=12  certified
  certificate  stage=STEP 4  complete  reason=step4_complete  wall=2.735980e-04s  cpu=2.740000e-04s  provider=0  solves=1  iterations=1

STEP 5
  certificate  stage=STEP 5 LOCAL  major=7  attempt=17  accepted  reason=success  P rel.= 5.372573e-14  objective=-5.315073e+01  upper=-5.599574e+01  gap=-2.845006e+00  wall=0.000000e+00s  cpu=0.000000e+00s  provider=0  solves=0  iterations=0
  certificate  stage=STEP 5 LOCAL  major=7  attempt=18  accepted  reason=success  P rel.= 5.975910e-14  objective=-5.315073e+01  upper=-5.599574e+01  gap=-2.845006e+00  wall=0.000000e+00s  cpu=0.000000e+00s  provider=0  solves=0  iterations=0
  certificate  stage=STEP 5 LOCAL  major=7  attempt=19  accepted  reason=success  P rel.=-1.536674e-09  objective=-5.599596e+01  upper=-5.599574e+01  gap= 2.204999e-04  wall=0.000000e+00s  cpu=0.000000e+00s  provider=0  solves=0  iterations=0
  certificate  stage=STEP 5  complete  reason=step5_complete  wall=7.678915e-02s  cpu=7.674200e-02s  provider=63  solves=3  iterations=55

STEP 6
  certificate  stage=STEP 6  complete  reason=candidate_set  wall=5.050000e-06s  cpu=5.000000e-06s  provider=0  solves=0  iterations=0

STEP 8
  certificate  stage=STEP 8  complete  reason=step8_complete  wall=2.563526e-01s  cpu=2.563340e-01s  provider=1542  solves=2  iterations=45

STEP 9
  certificate  stage=STEP 9  failed  objective=-5.599616e+01  upper=-5.599574e+01  gap= 4.268343e-04  wall=0.000000e+00s  cpu=0.000000e+00s  provider=0  solves=0  iterations=0
  certificate  stage=STEP 9  complete  reason=paper_free_energy_convergence_failed  wall=2.504605e-03s  cpu=2.505000e-03s  provider=3  solves=0  iterations=0

STEP 7
  certificate  stage=STEP 7  complete  reason=continue_stage_ii  wall=1.130000e-06s  cpu=1.000000e-06s  provider=0  solves=0  iterations=0

STEP 4
  STAGE II STEP 4  major=8  upper=-5.599578e+01  LP_primal= 7.105427e-15  LP_dual= 5.551115e-17  active_cuts=13  certified
  certificate  stage=STEP 4  complete  reason=step4_complete  wall=2.744380e-04s  cpu=2.750000e-04s  provider=0  solves=1  iterations=1

STEP 5
  certificate  stage=STEP 5 LOCAL  major=8  attempt=20  accepted  reason=success  P rel.= 6.148292e-14  objective=-5.315077e+01  upper=-5.599578e+01  gap=-2.845010e+00  wall=0.000000e+00s  cpu=0.000000e+00s  provider=0  solves=0  iterations=0
  certificate  stage=STEP 5 LOCAL  major=8  attempt=23  accepted  reason=success  P rel.= 3.720579e-14  objective=-5.315077e+01  upper=-5.599578e+01  gap=-2.845010e+00  wall=0.000000e+00s  cpu=0.000000e+00s  provider=0  solves=0  iterations=0
  certificate  stage=STEP 5 LOCAL  major=8  attempt=24  accepted  reason=success  P rel.=-1.515263e-09  objective=-5.599584e+01  upper=-5.599578e+01  gap= 5.551092e-05  wall=0.000000e+00s  cpu=0.000000e+00s  provider=0  solves=0  iterations=0
  certificate  stage=STEP 5  complete  reason=step5_complete  wall=7.323618e-02s  cpu=7.322800e-02s  provider=63  solves=5  iterations=50

STEP 6
  certificate  stage=STEP 6  complete  reason=candidate_set  wall=5.080000e-06s  cpu=5.000000e-06s  provider=0  solves=0  iterations=0

STEP 8
  certificate  stage=STEP 8  complete  reason=step8_complete  wall=1.298950e-01s  cpu=1.298980e-01s  provider=244  solves=2  iterations=27

STEP 9
  certificate  stage=STEP 9  failed  objective=-5.599617e+01  upper=-5.599578e+01  gap= 3.865223e-04  wall=0.000000e+00s  cpu=0.000000e+00s  provider=0  solves=0  iterations=0
  certificate  stage=STEP 9  complete  reason=paper_free_energy_convergence_failed  wall=1.668091e-03s  cpu=1.668000e-03s  provider=2  solves=0  iterations=0

STEP 7
  certificate  stage=STEP 7  complete  reason=continue_stage_ii  wall=1.360000e-06s  cpu=2.000000e-06s  provider=0  solves=0  iterations=0

STEP 4
  STAGE II STEP 4  major=9  upper=-5.599579e+01  LP_primal= 0.000000e+00  LP_dual= 1.734723e-18  active_cuts=14  certified
  certificate  stage=STEP 4  complete  reason=step4_complete  wall=2.837690e-04s  cpu=2.840000e-04s  provider=0  solves=1  iterations=1

STEP 5
  certificate  stage=STEP 5 LOCAL  major=9  attempt=25  accepted  reason=success  P rel.= 4.654314e-14  objective=-5.315079e+01  upper=-5.599579e+01  gap=-2.845008e+00  wall=0.000000e+00s  cpu=0.000000e+00s  provider=0  solves=0  iterations=0
  certificate  stage=STEP 5 LOCAL  major=9  attempt=26  accepted  reason=success  P rel.=-1.525056e-09  objective=-5.599581e+01  upper=-5.599579e+01  gap= 1.382884e-05  wall=0.000000e+00s  cpu=0.000000e+00s  provider=0  solves=0  iterations=0
  certificate  stage=STEP 5  complete  reason=step5_complete  wall=5.635341e-02s  cpu=5.634200e-02s  provider=47  solves=2  iterations=42

STEP 6
  certificate  stage=STEP 6  complete  reason=candidate_set  wall=5.230000e-06s  cpu=5.000000e-06s  provider=0  solves=0  iterations=0

STEP 8
  certificate  stage=STEP 8  complete  reason=step8_complete  wall=1.000438e-01s  cpu=1.000280e-01s  provider=202  solves=1  iterations=27

STEP 9
  certificate  stage=STEP 9  failed  objective=-5.599617e+01  upper=-5.599579e+01  gap= 3.752534e-04  wall=0.000000e+00s  cpu=0.000000e+00s  provider=0  solves=0  iterations=0
  certificate  stage=STEP 9  complete  reason=paper_free_energy_convergence_failed  wall=1.635160e-03s  cpu=1.636000e-03s  provider=2  solves=0  iterations=0

STEP 7
  certificate  stage=STEP 7  complete  reason=continue_stage_ii  wall=1.210000e-06s  cpu=1.000000e-06s  provider=0  solves=0  iterations=0

STEP 4
  STAGE II STEP 4  major=10  upper=-5.599580e+01  LP_primal= 0.000000e+00  LP_dual= 5.551115e-17  active_cuts=15  certified
  certificate  stage=STEP 4  complete  reason=step4_complete  wall=3.299280e-04s  cpu=3.300000e-04s  provider=0  solves=1  iterations=1

STEP 5
  certificate  stage=STEP 5 LOCAL  major=10  attempt=27  accepted  reason=success  P rel.= 7.369331e-14  objective=-5.315079e+01  upper=-5.599580e+01  gap=-2.845009e+00  wall=0.000000e+00s  cpu=0.000000e+00s  provider=0  solves=0  iterations=0
  certificate  stage=STEP 5 LOCAL  major=10  attempt=28  accepted  reason=success  P rel.= 6.579247e-14  objective=-5.315079e+01  upper=-5.599580e+01  gap=-2.845009e+00  wall=0.000000e+00s  cpu=0.000000e+00s  provider=0  solves=0  iterations=0
  certificate  stage=STEP 5 LOCAL  major=10  attempt=29  accepted  reason=success  P rel.= 6.478691e-14  objective=-5.315079e+01  upper=-5.599580e+01  gap=-2.845009e+00  wall=0.000000e+00s  cpu=0.000000e+00s  provider=0  solves=0  iterations=0
  certificate  stage=STEP 5 LOCAL  major=10  attempt=30  accepted  reason=success  P rel.= 6.708533e-14  objective=-5.315079e+01  upper=-5.599580e+01  gap=-2.845009e+00  wall=0.000000e+00s  cpu=0.000000e+00s  provider=0  solves=0  iterations=0
  certificate  stage=STEP 5 LOCAL  major=10  attempt=31  accepted  reason=success  P rel.= 8.532910e-14  objective=-5.315079e+01  upper=-5.599580e+01  gap=-2.845009e+00  wall=0.000000e+00s  cpu=0.000000e+00s  provider=0  solves=0  iterations=0
  certificate  stage=STEP 5 LOCAL  major=10  attempt=32  accepted  reason=success  P rel.= 6.478691e-14  objective=-5.315079e+01  upper=-5.599580e+01  gap=-2.845009e+00  wall=0.000000e+00s  cpu=0.000000e+00s  provider=0  solves=0  iterations=0
  certificate  stage=STEP 5 LOCAL  major=10  attempt=33  accepted  reason=success  P rel.= 3.490736e-14  objective=-5.315079e+01  upper=-5.599580e+01  gap=-2.845009e+00  wall=0.000000e+00s  cpu=0.000000e+00s  provider=0  solves=0  iterations=0
  certificate  stage=STEP 5 LOCAL  major=10  attempt=34  accepted  reason=success  P rel.= 5.401303e-14  objective=-5.315079e+01  upper=-5.599580e+01  gap=-2.845009e+00  wall=0.000000e+00s  cpu=0.000000e+00s  provider=0  solves=0  iterations=0
  certificate  stage=STEP 5 LOCAL  major=10  attempt=35  accepted  reason=success  P rel.= 5.487494e-14  objective=-5.315079e+01  upper=-5.599580e+01  gap=-2.845009e+00  wall=0.000000e+00s  cpu=0.000000e+00s  provider=0  solves=0  iterations=0
  certificate  stage=STEP 5 LOCAL  major=10  attempt=36  accepted  reason=success  P rel.=-1.525323e-09  objective=-5.599580e+01  upper=-5.599580e+01  gap= 3.463278e-06  wall=0.000000e+00s  cpu=0.000000e+00s  provider=0  solves=0  iterations=0
  certificate  stage=STEP 5  complete  reason=step5_complete  wall=2.313109e-01s  cpu=2.312540e-01s  provider=206  solves=10  iterations=191

STEP 6
  certificate  stage=STEP 6  complete  reason=candidate_set  wall=5.230000e-06s  cpu=5.000000e-06s  provider=0  solves=0  iterations=0

STEP 8
  certificate  stage=STEP 8  complete  reason=step8_complete  wall=9.056684e-02s  cpu=9.055900e-02s  provider=232  solves=1  iterations=23

STEP 9
  certificate  stage=STEP 9  failed  objective=-5.599617e+01  upper=-5.599580e+01  gap= 3.723205e-04  wall=0.000000e+00s  cpu=0.000000e+00s  provider=0  solves=0  iterations=0
  certificate  stage=STEP 9  complete  reason=paper_free_energy_convergence_failed  wall=1.562011e-03s  cpu=1.562000e-03s  provider=2  solves=0  iterations=0

STEP 7
  certificate  stage=STEP 7  complete  reason=continue_stage_ii  wall=1.190000e-06s  cpu=2.000000e-06s  provider=0  solves=0  iterations=0

STEP 4
  STAGE II STEP 4  major=11  upper=-5.599580e+01  LP_primal= 0.000000e+00  LP_dual= 2.775558e-17  active_cuts=16  certified
  certificate  stage=STEP 4  complete  reason=step4_complete  wall=3.157780e-04s  cpu=3.160000e-04s  provider=0  solves=1  iterations=1

STEP 5
  certificate  stage=STEP 5 LOCAL  major=11  attempt=37  accepted  reason=success  P rel.=-3.373830e-08  objective=-5.599634e+01  upper=-5.599580e+01  gap= 5.464464e-04  wall=0.000000e+00s  cpu=0.000000e+00s  provider=0  solves=0  iterations=0
  certificate  stage=STEP 5  complete  reason=step5_complete  wall=3.736445e-02s  cpu=3.736500e-02s  provider=34  solves=1  iterations=29

STEP 6
  certificate  stage=STEP 6  complete  reason=candidate_set  wall=7.520000e-06s  cpu=7.000000e-06s  provider=0  solves=0  iterations=0

STEP 8
  certificate  stage=STEP 8  complete  reason=step8_complete  wall=1.235194e-01s  cpu=1.235210e-01s  provider=288  solves=2  iterations=35

STEP 9
  certificate  stage=STEP 9  failed  objective=-5.599618e+01  upper=-5.599580e+01  gap= 3.777787e-04  wall=0.000000e+00s  cpu=0.000000e+00s  provider=0  solves=0  iterations=0
  certificate  stage=STEP 9  complete  reason=paper_free_energy_convergence_failed  wall=1.738170e-03s  cpu=1.739000e-03s  provider=2  solves=0  iterations=0

STEP 7
  certificate  stage=STEP 7  complete  reason=continue_stage_ii  wall=1.250000e-06s  cpu=1.000000e-06s  provider=0  solves=0  iterations=0

STEP 4
  STAGE II STEP 4  major=12  upper=-5.599618e+01  LP_primal= 0.000000e+00  LP_dual= 6.938894e-17  active_cuts=17  certified
  certificate  stage=STEP 4  complete  reason=step4_complete  wall=3.228480e-04s  cpu=3.230000e-04s  provider=0  solves=1  iterations=1

STEP 5
  certificate  stage=STEP 5 LOCAL  major=12  attempt=38  accepted  reason=success  P rel.= 6.737264e-14  objective=-5.315062e+01  upper=-5.599618e+01  gap=-2.845555e+00  wall=0.000000e+00s  cpu=0.000000e+00s  provider=0  solves=0  iterations=0
  certificate  stage=STEP 5 LOCAL  major=12  attempt=39  accepted  reason=success  P rel.= 4.007882e-14  objective=-5.315062e+01  upper=-5.599618e+01  gap=-2.845555e+00  wall=0.000000e+00s  cpu=0.000000e+00s  provider=0  solves=0  iterations=0
  certificate  stage=STEP 5 LOCAL  major=12  attempt=40  accepted  reason=success  P rel.= 4.999078e-14  objective=-5.315062e+01  upper=-5.599618e+01  gap=-2.845555e+00  wall=0.000000e+00s  cpu=0.000000e+00s  provider=0  solves=0  iterations=0
  certificate  stage=STEP 5 LOCAL  major=12  attempt=41  accepted  reason=success  P rel.= 3.749309e-14  objective=-5.315062e+01  upper=-5.599618e+01  gap=-2.845555e+00  wall=0.000000e+00s  cpu=0.000000e+00s  provider=0  solves=0  iterations=0
  certificate  stage=STEP 5 LOCAL  major=12  attempt=42  accepted  reason=success  P rel.= 5.659876e-14  objective=-5.315062e+01  upper=-5.599618e+01  gap=-2.845555e+00  wall=0.000000e+00s  cpu=0.000000e+00s  provider=0  solves=0  iterations=0
  certificate  stage=STEP 5 LOCAL  major=12  attempt=43  accepted  reason=success  P rel.=-1.523587e-09  objective=-5.599618e+01  upper=-5.599618e+01  gap= 8.848157e-07  wall=0.000000e+00s  cpu=0.000000e+00s  provider=0  solves=0  iterations=0
  certificate  stage=STEP 5  complete  reason=step5_complete  wall=1.530309e-01s  cpu=1.530270e-01s  provider=127  solves=6  iterations=117

STEP 6
  certificate  stage=STEP 6  complete  reason=candidate_set  wall=9.300000e-06s  cpu=1.000000e-05s  provider=0  solves=0  iterations=0

STEP 8
  certificate  stage=STEP 8  complete  reason=step8_complete  wall=3.395109e-02s  cpu=3.395200e-02s  provider=58  solves=1  iterations=10

STEP 9
  certificate  stage=STEP 9  failed  objective=-5.599618e+01  upper=-5.599618e+01  gap= 1.942547e-07  wall=0.000000e+00s  cpu=0.000000e+00s  provider=0  solves=0  iterations=0
  certificate  stage=STEP 9  complete  reason=paper_potential_convergence_failed  wall=1.698650e-03s  cpu=1.699000e-03s  provider=2  solves=0  iterations=0

STEP 7
  certificate  stage=STEP 7  complete  reason=continue_stage_ii  wall=1.310000e-06s  cpu=1.000000e-06s  provider=0  solves=0  iterations=0

STEP 4
  STAGE II STEP 4  major=13  upper=-5.599618e+01  LP_primal= 0.000000e+00  LP_dual= 5.551115e-17  active_cuts=18  certified
  certificate  stage=STEP 4  complete  reason=step4_complete  wall=2.895190e-04s  cpu=2.890000e-04s  provider=0  solves=1  iterations=1

STEP 5
  certificate  stage=STEP 5 LOCAL  major=13  attempt=44  accepted  reason=success  P rel.= 4.050977e-14  objective=-5.315062e+01  upper=-5.599618e+01  gap=-2.845555e+00  wall=0.000000e+00s  cpu=0.000000e+00s  provider=0  solves=0  iterations=0
  certificate  stage=STEP 5 LOCAL  major=13  attempt=45  accepted  reason=success  P rel.= 5.487494e-14  objective=-5.315062e+01  upper=-5.599618e+01  gap=-2.845555e+00  wall=0.000000e+00s  cpu=0.000000e+00s  provider=0  solves=0  iterations=0
  certificate  stage=STEP 5 LOCAL  major=13  attempt=47  accepted  reason=success  P rel.=-1.527994e-09  objective=-5.599618e+01  upper=-5.599618e+01  gap= 2.261101e-07  wall=0.000000e+00s  cpu=0.000000e+00s  provider=0  solves=0  iterations=0
  certificate  stage=STEP 5  complete  reason=step5_complete  wall=7.930901e-02s  cpu=7.931000e-02s  provider=69  solves=4  iterations=57

STEP 6
  certificate  stage=STEP 6  complete  reason=candidate_set  wall=1.239000e-05s  cpu=1.200000e-05s  provider=0  solves=0  iterations=0

STEP 8
  certificate  stage=STEP 8  complete  reason=step8_complete  wall=3.825056e-02s  cpu=3.824200e-02s  provider=58  solves=1  iterations=10

STEP 9
  certificate  stage=STEP 9  failed  objective=-5.599618e+01  upper=-5.599618e+01  gap= 6.942109e-08  wall=0.000000e+00s  cpu=0.000000e+00s  provider=0  solves=0  iterations=0
  certificate  stage=STEP 9  complete  reason=paper_potential_convergence_failed  wall=1.708540e-03s  cpu=1.709000e-03s  provider=2  solves=0  iterations=0

STEP 7
  certificate  stage=STEP 7  complete  reason=continue_stage_ii  wall=1.250000e-06s  cpu=1.000000e-06s  provider=0  solves=0  iterations=0

STEP 4
  STAGE II STEP 4  major=14  upper=-5.599618e+01  LP_primal= 0.000000e+00  LP_dual= 2.775558e-17  active_cuts=19  certified
  certificate  stage=STEP 4  complete  reason=step4_complete  wall=3.481070e-04s  cpu=3.490000e-04s  provider=0  solves=1  iterations=1

STEP 5
  certificate  stage=STEP 5 LOCAL  major=14  attempt=48  accepted  reason=success  P rel.= 4.398614e-13  objective=-5.315062e+01  upper=-5.599618e+01  gap=-2.845555e+00  wall=0.000000e+00s  cpu=0.000000e+00s  provider=0  solves=0  iterations=0
  certificate  stage=STEP 5 LOCAL  major=14  attempt=49  accepted  reason=success  P rel.= 6.564882e-14  objective=-5.315062e+01  upper=-5.599618e+01  gap=-2.845555e+00  wall=0.000000e+00s  cpu=0.000000e+00s  provider=0  solves=0  iterations=0
  certificate  stage=STEP 5 LOCAL  major=14  attempt=50  accepted  reason=success  P rel.= 5.128365e-14  objective=-5.315062e+01  upper=-5.599618e+01  gap=-2.845555e+00  wall=0.000000e+00s  cpu=0.000000e+00s  provider=0  solves=0  iterations=0
  certificate  stage=STEP 5 LOCAL  major=14  attempt=51  accepted  reason=success  P rel.= 4.367011e-14  objective=-5.315062e+01  upper=-5.599618e+01  gap=-2.845555e+00  wall=0.000000e+00s  cpu=0.000000e+00s  provider=0  solves=0  iterations=0
  certificate  stage=STEP 5 LOCAL  major=14  attempt=52  accepted  reason=success  P rel.= 4.266455e-14  objective=-5.315062e+01  upper=-5.599618e+01  gap=-2.845555e+00  wall=0.000000e+00s  cpu=0.000000e+00s  provider=0  solves=0  iterations=0
  certificate  stage=STEP 5 LOCAL  major=14  attempt=53  accepted  reason=success  P rel.= 4.094073e-14  objective=-5.315062e+01  upper=-5.599618e+01  gap=-2.845555e+00  wall=0.000000e+00s  cpu=0.000000e+00s  provider=0  solves=0  iterations=0
  certificate  stage=STEP 5 LOCAL  major=14  attempt=54  accepted  reason=success  P rel.= 3.849865e-14  objective=-5.315062e+01  upper=-5.599618e+01  gap=-2.845555e+00  wall=0.000000e+00s  cpu=0.000000e+00s  provider=0  solves=0  iterations=0
  certificate  stage=STEP 5 LOCAL  major=14  attempt=55  accepted  reason=success  P rel.= 5.500423e-13  objective=-5.315062e+01  upper=-5.599618e+01  gap=-2.845555e+00  wall=0.000000e+00s  cpu=0.000000e+00s  provider=0  solves=0  iterations=0
  certificate  stage=STEP 5 LOCAL  major=14  attempt=56  accepted  reason=success  P rel.= 3.282441e-13  objective=-5.315062e+01  upper=-5.599618e+01  gap=-2.845555e+00  wall=0.000000e+00s  cpu=0.000000e+00s  provider=0  solves=0  iterations=0
  certificate  stage=STEP 5 LOCAL  major=14  attempt=57  accepted  reason=success  P rel.= 5.559320e-14  objective=-5.315062e+01  upper=-5.599618e+01  gap=-2.845555e+00  wall=0.000000e+00s  cpu=0.000000e+00s  provider=0  solves=0  iterations=0
  certificate  stage=STEP 5 LOCAL  major=14  attempt=59  accepted  reason=success  P rel.= 6.198570e-13  objective=-5.315062e+01  upper=-5.599618e+01  gap=-2.845555e+00  wall=0.000000e+00s  cpu=0.000000e+00s  provider=0  solves=0  iterations=0
  certificate  stage=STEP 5 LOCAL  major=14  attempt=60  accepted  reason=success  P rel.= 4.367011e-14  objective=-5.315062e+01  upper=-5.599618e+01  gap=-2.845555e+00  wall=0.000000e+00s  cpu=0.000000e+00s  provider=0  solves=0  iterations=0
  certificate  stage=STEP 5 LOCAL  major=14  attempt=61  accepted  reason=success  P rel.= 3.849865e-14  objective=-5.315062e+01  upper=-5.599618e+01  gap=-2.845555e+00  wall=0.000000e+00s  cpu=0.000000e+00s  provider=0  solves=0  iterations=0
  certificate  stage=STEP 5 LOCAL  major=14  attempt=62  accepted  reason=success  P rel.=-1.525456e-09  objective=-5.599618e+01  upper=-5.599618e+01  gap= 6.186833e-08  wall=0.000000e+00s  cpu=0.000000e+00s  provider=0  solves=0  iterations=0
  certificate  stage=STEP 5  complete  reason=step5_complete  wall=3.642042e-01s  cpu=3.641140e-01s  provider=304  solves=15  iterations=275

STEP 6
  certificate  stage=STEP 6  complete  reason=candidate_set  wall=9.160000e-06s  cpu=9.000000e-06s  provider=0  solves=0  iterations=0

STEP 8
  certificate  stage=STEP 8  complete  reason=step8_complete  wall=3.140000e-02s  cpu=3.140100e-02s  provider=58  solves=1  iterations=10

STEP 9
  certificate  stage=STEP 9  failed  objective=-5.599618e+01  upper=-5.599618e+01  gap= 4.157933e-09  wall=0.000000e+00s  cpu=0.000000e+00s  provider=0  solves=0  iterations=0
  certificate  stage=STEP 9  complete  reason=paper_potential_convergence_failed  wall=1.567901e-03s  cpu=1.569000e-03s  provider=2  solves=0  iterations=0

STEP 7
  certificate  stage=STEP 7  complete  reason=continue_stage_ii  wall=1.350000e-06s  cpu=2.000000e-06s  provider=0  solves=0  iterations=0

STEP 4
  STAGE II STEP 4  major=15  upper=-5.599618e+01  LP_primal= 0.000000e+00  LP_dual= 5.551115e-17  active_cuts=20  certified
  certificate  stage=STEP 4  complete  reason=step4_complete  wall=3.181180e-04s  cpu=3.190000e-04s  provider=0  solves=1  iterations=1

STEP 5
  certificate  stage=STEP 5 LOCAL  major=15  attempt=63  accepted  reason=success  P rel.=-1.519135e-09  objective=-5.599618e+01  upper=-5.599618e+01  gap= 1.546885e-08  wall=0.000000e+00s  cpu=0.000000e+00s  provider=0  solves=0  iterations=0
  certificate  stage=STEP 5  complete  reason=step5_complete  wall=2.166437e-02s  cpu=2.166500e-02s  provider=21  solves=1  iterations=17

STEP 6
  certificate  stage=STEP 6  complete  reason=candidate_set  wall=1.307000e-05s  cpu=1.300000e-05s  provider=0  solves=0  iterations=0

STEP 8
  certificate  stage=STEP 8  complete  reason=step8_complete  wall=3.103041e-02s  cpu=3.103100e-02s  provider=58  solves=1  iterations=10

STEP 9
  certificate  stage=STEP 9  failed  objective=-5.599618e+01  upper=-5.599618e+01  gap= 1.957055e-09  wall=0.000000e+00s  cpu=0.000000e+00s  provider=0  solves=0  iterations=0
  certificate  stage=STEP 9  complete  reason=paper_potential_convergence_failed  wall=1.694840e-03s  cpu=1.695000e-03s  provider=2  solves=0  iterations=0

STEP 7
  certificate  stage=STEP 7  complete  reason=continue_stage_ii  wall=9.700000e-07s  cpu=1.000000e-06s  provider=0  solves=0  iterations=0

STEP 4
  STAGE II STEP 4  major=16  upper=-5.599618e+01  LP_primal= 0.000000e+00  LP_dual= 5.551115e-17  active_cuts=21  certified
  certificate  stage=STEP 4  complete  reason=step4_complete  wall=2.803590e-04s  cpu=2.810000e-04s  provider=0  solves=1  iterations=1

STEP 5
  certificate  stage=STEP 5 LOCAL  major=16  attempt=64  accepted  reason=success  P rel.=-2.763772e-09  objective=-5.599618e+01  upper=-5.599618e+01  gap= 3.867420e-09  wall=0.000000e+00s  cpu=0.000000e+00s  provider=0  solves=0  iterations=0
  certificate  stage=STEP 5  complete  reason=step5_complete  wall=2.233635e-02s  cpu=2.233800e-02s  provider=20  solves=1  iterations=17

STEP 6
  certificate  stage=STEP 6  complete  reason=candidate_set  wall=7.020000e-06s  cpu=7.000000e-06s  provider=0  solves=0  iterations=0

STEP 8
  certificate  stage=STEP 8  complete  reason=step8_complete  wall=3.166664e-02s  cpu=3.166100e-02s  provider=58  solves=1  iterations=10

STEP 9
  certificate  stage=STEP 9  failed  objective=-5.599618e+01  upper=-5.599618e+01  gap= 8.564598e-10  wall=0.000000e+00s  cpu=0.000000e+00s  provider=0  solves=0  iterations=0
  certificate  stage=STEP 9  complete  reason=paper_potential_convergence_failed  wall=1.593591e-03s  cpu=1.594000e-03s  provider=2  solves=0  iterations=0

STEP 7
  certificate  stage=STEP 7  complete  reason=continue_stage_ii  wall=1.050000e-06s  cpu=1.000000e-06s  provider=0  solves=0  iterations=0

STEP 4
  STAGE II STEP 4  major=17  upper=-5.599618e+01  LP_primal= 0.000000e+00  LP_dual= 5.551115e-17  active_cuts=22  certified
  certificate  stage=STEP 4  complete  reason=step4_complete  wall=2.900590e-04s  cpu=2.910000e-04s  provider=0  solves=1  iterations=1

STEP 5
  certificate  stage=STEP 5 LOCAL  major=17  attempt=65  accepted  reason=success  P rel.= 5.688607e-14  objective=-5.315062e+01  upper=-5.599618e+01  gap=-2.845555e+00  wall=0.000000e+00s  cpu=0.000000e+00s  provider=0  solves=0  iterations=0
  certificate  stage=STEP 5 LOCAL  major=17  attempt=66  accepted  reason=success  P rel.= 6.622342e-14  objective=-5.315062e+01  upper=-5.599618e+01  gap=-2.845555e+00  wall=0.000000e+00s  cpu=0.000000e+00s  provider=0  solves=0  iterations=0
  certificate  stage=STEP 5 LOCAL  major=17  attempt=67  accepted  reason=success  P rel.= 5.688607e-14  objective=-5.315062e+01  upper=-5.599618e+01  gap=-2.845555e+00  wall=0.000000e+00s  cpu=0.000000e+00s  provider=0  solves=0  iterations=0
  certificate  stage=STEP 5 LOCAL  major=17  attempt=68  accepted  reason=success  P rel.= 6.306309e-14  objective=-5.315062e+01  upper=-5.599618e+01  gap=-2.845555e+00  wall=0.000000e+00s  cpu=0.000000e+00s  provider=0  solves=0  iterations=0
  certificate  stage=STEP 5 LOCAL  major=17  attempt=69  accepted  reason=success  P rel.= 5.114000e-14  objective=-5.315062e+01  upper=-5.599618e+01  gap=-2.845555e+00  wall=0.000000e+00s  cpu=0.000000e+00s  provider=0  solves=0  iterations=0
  certificate  stage=STEP 5 LOCAL  major=17  attempt=70  accepted  reason=success  P rel.=-1.512236e-09  objective=-5.599618e+01  upper=-5.599618e+01  gap= 9.668852e-10  wall=0.000000e+00s  cpu=0.000000e+00s  provider=0  solves=0  iterations=0
  certificate  stage=STEP 5  complete  reason=step5_complete  wall=1.347594e-01s  cpu=1.347410e-01s  provider=121  solves=6  iterations=112

STEP 6
  certificate  stage=STEP 6  complete  reason=candidate_set  wall=9.629000e-06s  cpu=1.000000e-05s  provider=0  solves=0  iterations=0

STEP 8
  certificate  stage=STEP 8  complete  reason=step8_complete  wall=3.139388e-02s  cpu=3.139400e-02s  provider=58  solves=1  iterations=10

STEP 9
  certificate  stage=STEP 9  failed  objective=-5.599618e+01  upper=-5.599618e+01  gap= 3.061018e-10  wall=0.000000e+00s  cpu=0.000000e+00s  provider=0  solves=0  iterations=0
  certificate  stage=STEP 9  complete  reason=paper_potential_convergence_failed  wall=1.601511e-03s  cpu=1.602000e-03s  provider=2  solves=0  iterations=0

STEP 7
  certificate  stage=STEP 7  complete  reason=continue_stage_ii  wall=1.000000e-06s  cpu=1.000000e-06s  provider=0  solves=0  iterations=0

STEP 4
  STAGE II STEP 4  major=18  upper=-5.599618e+01  LP_primal= 0.000000e+00  LP_dual= 5.551115e-17  active_cuts=23  certified
  certificate  stage=STEP 4  complete  reason=step4_complete  wall=3.122680e-04s  cpu=3.130000e-04s  provider=0  solves=1  iterations=1

STEP 5
  certificate  stage=STEP 5 LOCAL  major=18  attempt=71  accepted  reason=success  P rel.= 3.892961e-14  objective=-5.315062e+01  upper=-5.599618e+01  gap=-2.845555e+00  wall=0.000000e+00s  cpu=0.000000e+00s  provider=0  solves=0  iterations=0
  certificate  stage=STEP 5 LOCAL  major=18  attempt=72  accepted  reason=success  P rel.= 4.094073e-14  objective=-5.315062e+01  upper=-5.599618e+01  gap=-2.845555e+00  wall=0.000000e+00s  cpu=0.000000e+00s  provider=0  solves=0  iterations=0
  certificate  stage=STEP 5 LOCAL  major=18  attempt=73  accepted  reason=success  P rel.= 2.067148e-13  objective=-5.315062e+01  upper=-5.599618e+01  gap=-2.845555e+00  wall=0.000000e+00s  cpu=0.000000e+00s  provider=0  solves=0  iterations=0
  certificate  stage=STEP 5 LOCAL  major=18  attempt=74  accepted  reason=success  P rel.= 2.274006e-13  objective=-5.315062e+01  upper=-5.599618e+01  gap=-2.845555e+00  wall=0.000000e+00s  cpu=0.000000e+00s  provider=0  solves=0  iterations=0
  certificate  stage=STEP 5 LOCAL  major=18  attempt=75  accepted  reason=success  P rel.= 4.094073e-14  objective=-5.315062e+01  upper=-5.599618e+01  gap=-2.845555e+00  wall=0.000000e+00s  cpu=0.000000e+00s  provider=0  solves=0  iterations=0
  certificate  stage=STEP 5 LOCAL  major=18  attempt=76  accepted  reason=success  P rel.= 6.807653e-13  objective=-5.315062e+01  upper=-5.599618e+01  gap=-2.845555e+00  wall=0.000000e+00s  cpu=0.000000e+00s  provider=0  solves=0  iterations=0
  certificate  stage=STEP 5 LOCAL  major=18  attempt=77  accepted  reason=success  P rel.= 2.331467e-13  objective=-5.315062e+01  upper=-5.599618e+01  gap=-2.845555e+00  wall=0.000000e+00s  cpu=0.000000e+00s  provider=0  solves=0  iterations=0
  certificate  stage=STEP 5 LOCAL  major=18  attempt=78  accepted  reason=success  P rel.= 4.079708e-14  objective=-5.315062e+01  upper=-5.599618e+01  gap=-2.845555e+00  wall=0.000000e+00s  cpu=0.000000e+00s  provider=0  solves=0  iterations=0
  certificate  stage=STEP 5 LOCAL  major=18  attempt=79  accepted  reason=success  P rel.= 2.973590e-14  objective=-5.315062e+01  upper=-5.599618e+01  gap=-2.845555e+00  wall=0.000000e+00s  cpu=0.000000e+00s  provider=0  solves=0  iterations=0
  certificate  stage=STEP 5 LOCAL  major=18  attempt=80  accepted  reason=success  P rel.= 5.329477e-14  objective=-5.315062e+01  upper=-5.599618e+01  gap=-2.845555e+00  wall=0.000000e+00s  cpu=0.000000e+00s  provider=0  solves=0  iterations=0
  certificate  stage=STEP 5 LOCAL  major=18  attempt=81  accepted  reason=success  P rel.= 1.499724e-13  objective=-5.315062e+01  upper=-5.599618e+01  gap=-2.845555e+00  wall=0.000000e+00s  cpu=0.000000e+00s  provider=0  solves=0  iterations=0
  certificate  stage=STEP 5 LOCAL  major=18  attempt=82  accepted  reason=success  P rel.= 4.094073e-14  objective=-5.315062e+01  upper=-5.599618e+01  gap=-2.845555e+00  wall=0.000000e+00s  cpu=0.000000e+00s  provider=0  solves=0  iterations=0
  certificate  stage=STEP 5 LOCAL  major=18  attempt=83  accepted  reason=success  P rel.= 4.381376e-14  objective=-5.315062e+01  upper=-5.599618e+01  gap=-2.845555e+00  wall=0.000000e+00s  cpu=0.000000e+00s  provider=0  solves=0  iterations=0
  certificate  stage=STEP 5 LOCAL  major=18  attempt=84  accepted  reason=success  P rel.= 2.686286e-14  objective=-5.315062e+01  upper=-5.599618e+01  gap=-2.845555e+00  wall=0.000000e+00s  cpu=0.000000e+00s  provider=0  solves=0  iterations=0
  certificate  stage=STEP 5 LOCAL  major=18  attempt=85  accepted  reason=success  P rel.= 4.381376e-14  objective=-5.315062e+01  upper=-5.599618e+01  gap=-2.845555e+00  wall=0.000000e+00s  cpu=0.000000e+00s  provider=0  solves=0  iterations=0
  certificate  stage=STEP 5 LOCAL  major=18  attempt=87  accepted  reason=success  P rel.= 2.470809e-14  objective=-5.315062e+01  upper=-5.599618e+01  gap=-2.845555e+00  wall=0.000000e+00s  cpu=0.000000e+00s  provider=0  solves=0  iterations=0
  certificate  stage=STEP 5 LOCAL  major=18  attempt=88  accepted  reason=success  P rel.= 5.975910e-14  objective=-5.315062e+01  upper=-5.599618e+01  gap=-2.845555e+00  wall=0.000000e+00s  cpu=0.000000e+00s  provider=0  solves=0  iterations=0
  certificate  stage=STEP 5 LOCAL  major=18  attempt=89  accepted  reason=success  P rel.=-1.539122e-09  objective=-5.599618e+01  upper=-5.599618e+01  gap= 2.417266e-10  wall=0.000000e+00s  cpu=0.000000e+00s  provider=0  solves=0  iterations=0
  certificate  stage=STEP 5  complete  reason=step5_complete  wall=4.168948e-01s  cpu=4.168490e-01s  provider=363  solves=19  iterations=338

STEP 6
  certificate  stage=STEP 6  complete  reason=candidate_set  wall=1.058900e-05s  cpu=1.100000e-05s  provider=0  solves=0  iterations=0

STEP 8
  certificate  stage=STEP 8  complete  reason=step8_complete  wall=3.412310e-02s  cpu=3.412400e-02s  provider=58  solves=1  iterations=10

STEP 9
  certificate  stage=STEP 9  failed  objective=-5.599618e+01  upper=-5.599618e+01  gap= 3.091571e-11  wall=0.000000e+00s  cpu=0.000000e+00s  provider=0  solves=0  iterations=0
  certificate  stage=STEP 9  complete  reason=paper_potential_convergence_failed  wall=1.672461e-03s  cpu=1.673000e-03s  provider=2  solves=0  iterations=0

STEP 7
  certificate  stage=STEP 7  complete  reason=continue_stage_ii  wall=1.260000e-06s  cpu=1.000000e-06s  provider=0  solves=0  iterations=0

STEP 4
  STAGE II STEP 4  major=19  upper=-5.599618e+01  LP_primal= 0.000000e+00  LP_dual= 1.110223e-16  active_cuts=24  certified
  certificate  stage=STEP 4  complete  reason=step4_complete  wall=3.244480e-04s  cpu=3.250000e-04s  provider=0  solves=1  iterations=1

STEP 5
  certificate  stage=STEP 5 LOCAL  major=19  attempt=90  accepted  reason=success  P rel.= 3.390180e-14  objective=-5.315062e+01  upper=-5.599618e+01  gap=-2.845555e+00  wall=0.000000e+00s  cpu=0.000000e+00s  provider=0  solves=0  iterations=0
  certificate  stage=STEP 5 LOCAL  major=19  attempt=91  accepted  reason=success  P rel.=-1.528528e-09  objective=-5.599618e+01  upper=-5.599618e+01  gap= 6.043877e-11  wall=0.000000e+00s  cpu=0.000000e+00s  provider=0  solves=0  iterations=0
  certificate  stage=STEP 5  complete  reason=step5_complete  wall=5.411370e-02s  cpu=5.411500e-02s  provider=46  solves=2  iterations=41

STEP 6
  certificate  stage=STEP 6  complete  reason=candidate_set  wall=1.022000e-05s  cpu=1.100000e-05s  provider=0  solves=0  iterations=0

STEP 8
  certificate  stage=STEP 8  complete  reason=step8_complete  wall=3.652071e-02s  cpu=3.652100e-02s  provider=58  solves=1  iterations=10

STEP 9
  certificate  stage=STEP 9  failed  objective=-5.599618e+01  upper=-5.599618e+01  gap= 1.954703e-11  wall=0.000000e+00s  cpu=0.000000e+00s  provider=0  solves=0  iterations=0
  certificate  stage=STEP 9  complete  reason=paper_potential_convergence_failed  wall=1.781559e-03s  cpu=1.782000e-03s  provider=2  solves=0  iterations=0

STEP 7
  certificate  stage=STEP 7  complete  reason=continue_stage_ii  wall=1.983000e-05s  cpu=5.000000e-06s  provider=0  solves=0  iterations=0

STEP 4
  STAGE II STEP 4  major=20  upper=-5.599618e+01  LP_primal= 6.043877e-11  LP_dual= 1.110223e-16  active_cuts=25  certified
  certificate  stage=STEP 4  complete  reason=step4_complete  wall=3.879280e-04s  cpu=3.890000e-04s  provider=0  solves=1  iterations=1

STEP 5
  certificate  stage=STEP 5 LOCAL  major=20  attempt=92  accepted  reason=success  P rel.= 2.657556e-14  objective=-5.315062e+01  upper=-5.599618e+01  gap=-2.845555e+00  wall=0.000000e+00s  cpu=0.000000e+00s  provider=0  solves=0  iterations=0
  certificate  stage=STEP 5 LOCAL  major=20  attempt=93  accepted  reason=success  P rel.= 6.610850e-13  objective=-5.315062e+01  upper=-5.599618e+01  gap=-2.845555e+00  wall=0.000000e+00s  cpu=0.000000e+00s  provider=0  solves=0  iterations=0
  certificate  stage=STEP 5 LOCAL  major=20  attempt=94  accepted  reason=success  P rel.= 2.183506e-14  objective=-5.315062e+01  upper=-5.599618e+01  gap=-2.845555e+00  wall=0.000000e+00s  cpu=0.000000e+00s  provider=0  solves=0  iterations=0
  certificate  stage=STEP 5 LOCAL  major=20  attempt=95  accepted  reason=success  P rel.=-1.507607e-09  objective=-5.599618e+01  upper=-5.599618e+01  gap= 6.042455e-11  wall=0.000000e+00s  cpu=0.000000e+00s  provider=0  solves=0  iterations=0
  certificate  stage=STEP 5  complete  reason=step5_complete  wall=1.167051e-01s  cpu=1.163910e-01s  provider=87  solves=4  iterations=80

STEP 6
  certificate  stage=STEP 6  complete  reason=candidate_set  wall=1.566000e-05s  cpu=1.600000e-05s  provider=0  solves=0  iterations=0

STEP 8
  certificate  stage=STEP 8  complete  reason=step8_complete  wall=3.445643e-02s  cpu=3.445700e-02s  provider=58  solves=1  iterations=10

STEP 9
  certificate  stage=STEP 9  failed  objective=-5.599618e+01  upper=-5.599618e+01  gap= 1.955414e-11  wall=0.000000e+00s  cpu=0.000000e+00s  provider=0  solves=0  iterations=0
  certificate  stage=STEP 9  complete  reason=paper_potential_convergence_failed  wall=1.719870e-03s  cpu=1.720000e-03s  provider=2  solves=0  iterations=0

STEP 7
  certificate  stage=STEP 7  complete  reason=continue_stage_ii  wall=1.910000e-06s  cpu=2.000000e-06s  provider=0  solves=0  iterations=0

STEP 4
  STAGE II STEP 4  major=21  upper=-5.599618e+01  LP_primal= 6.043877e-11  LP_dual= 1.110223e-16  active_cuts=26  certified
  certificate  stage=STEP 4  complete  reason=step4_complete  wall=3.749980e-04s  cpu=3.750000e-04s  provider=0  solves=1  iterations=1

STEP 5
  certificate  stage=STEP 5 LOCAL  major=21  attempt=96  accepted  reason=success  P rel.=-4.307359e-09  objective=-5.599618e+01  upper=-5.599618e+01  gap= 6.041745e-11  wall=0.000000e+00s  cpu=0.000000e+00s  provider=0  solves=0  iterations=0
  certificate  stage=STEP 5  complete  reason=step5_complete  wall=2.432379e-02s  cpu=2.432400e-02s  provider=21  solves=1  iterations=16

STEP 6
  certificate  stage=STEP 6  complete  reason=candidate_set  wall=1.497000e-05s  cpu=1.500000e-05s  provider=0  solves=0  iterations=0

STEP 8
  certificate  stage=STEP 8  complete  reason=step8_complete  wall=3.438927e-02s  cpu=3.439000e-02s  provider=58  solves=1  iterations=10

STEP 9
  certificate  stage=STEP 9  failed  objective=-5.599618e+01  upper=-5.599618e+01  gap= 1.955414e-11  wall=0.000000e+00s  cpu=0.000000e+00s  provider=0  solves=0  iterations=0
  certificate  stage=STEP 9  complete  reason=paper_potential_convergence_failed  wall=1.993078e-03s  cpu=1.993000e-03s  provider=2  solves=0  iterations=0

STEP 7
  certificate  stage=STEP 7  complete  reason=continue_stage_ii  wall=1.990000e-06s  cpu=2.000000e-06s  provider=0  solves=0  iterations=0

STEP 4
  STAGE II STEP 4  major=22  upper=-5.599618e+01  LP_primal= 2.131628e-14  LP_dual= 4.163336e-17  active_cuts=27  certified
  certificate  stage=STEP 4  complete  reason=step4_complete  wall=4.432870e-04s  cpu=4.440000e-04s  provider=0  solves=1  iterations=1

STEP 5
  certificate  stage=STEP 5 LOCAL  major=22  attempt=97  accepted  reason=success  P rel.=-1.539612e-09  objective=-5.599618e+01  upper=-5.599618e+01  gap= 1.510614e-11  wall=0.000000e+00s  cpu=0.000000e+00s  provider=0  solves=0  iterations=0
  certificate  stage=STEP 5  complete  reason=step5_complete  wall=1.691045e-02s  cpu=1.691100e-02s  provider=14  solves=1  iterations=13

STEP 6
  certificate  stage=STEP 6  complete  reason=candidate_set  wall=1.478000e-05s  cpu=1.500000e-05s  provider=0  solves=0  iterations=0

STEP 8
  certificate  stage=STEP 8  complete  reason=step8_complete  wall=3.279558e-02s  cpu=3.279600e-02s  provider=58  solves=1  iterations=10

STEP 9
  certificate  stage=STEP 9  failed  objective=-5.599618e+01  upper=-5.599618e+01  gap= 1.387690e-11  wall=0.000000e+00s  cpu=0.000000e+00s  provider=0  solves=0  iterations=0
  certificate  stage=STEP 9  complete  reason=paper_potential_convergence_failed  wall=1.696460e-03s  cpu=1.696000e-03s  provider=2  solves=0  iterations=0

STEP 7
  certificate  stage=STEP 7  complete  reason=continue_stage_ii  wall=1.990000e-06s  cpu=2.000000e-06s  provider=0  solves=0  iterations=0

STEP 4
  STAGE II STEP 4  major=23  upper=-5.599618e+01  LP_primal= 1.510614e-11  LP_dual= 4.163336e-17  active_cuts=28  certified
  certificate  stage=STEP 4  complete  reason=step4_complete  wall=4.711980e-04s  cpu=4.720000e-04s  provider=0  solves=1  iterations=1

STEP 5
  certificate  stage=STEP 5 LOCAL  major=23  attempt=98  accepted  reason=success  P rel.= 4.237725e-14  objective=-5.315062e+01  upper=-5.599618e+01  gap=-2.845555e+00  wall=0.000000e+00s  cpu=0.000000e+00s  provider=0  solves=0  iterations=0
  certificate  stage=STEP 5 LOCAL  major=23  attempt=99  accepted  reason=success  P rel.= 5.056539e-14  objective=-5.315062e+01  upper=-5.599618e+01  gap=-2.845555e+00  wall=0.000000e+00s  cpu=0.000000e+00s  provider=0  solves=0  iterations=0
  certificate  stage=STEP 5 LOCAL  major=23  attempt=100  accepted  reason=success  P rel.= 4.869792e-14  objective=-5.315062e+01  upper=-5.599618e+01  gap=-2.845555e+00  wall=0.000000e+00s  cpu=0.000000e+00s  provider=0  solves=0  iterations=0
  certificate  stage=STEP 5 LOCAL  major=23  attempt=102  accepted  reason=success  P rel.= 5.860989e-14  objective=-5.315062e+01  upper=-5.599618e+01  gap=-2.845555e+00  wall=0.000000e+00s  cpu=0.000000e+00s  provider=0  solves=0  iterations=0
  certificate  stage=STEP 5 LOCAL  major=23  attempt=103  accepted  reason=success  P rel.= 4.496298e-14  objective=-5.315062e+01  upper=-5.599618e+01  gap=-2.845555e+00  wall=0.000000e+00s  cpu=0.000000e+00s  provider=0  solves=0  iterations=0
  certificate  stage=STEP 5 LOCAL  major=23  attempt=104  accepted  reason=success  P rel.=-1.527994e-09  objective=-5.599618e+01  upper=-5.599618e+01  gap= 1.510614e-11  wall=0.000000e+00s  cpu=0.000000e+00s  provider=0  solves=0  iterations=0
  certificate  stage=STEP 5  complete  reason=step5_complete  wall=1.239883e-01s  cpu=1.239890e-01s  provider=116  solves=7  iterations=104

STEP 6
  certificate  stage=STEP 6  complete  reason=candidate_set  wall=1.488000e-05s  cpu=1.500000e-05s  provider=0  solves=0  iterations=0

STEP 8
  certificate  stage=STEP 8  complete  reason=step8_complete  wall=3.066238e-02s  cpu=3.066300e-02s  provider=58  solves=1  iterations=10

STEP 9
  certificate  stage=STEP 9  failed  objective=-5.599618e+01  upper=-5.599618e+01  gap= 1.386979e-11  wall=0.000000e+00s  cpu=0.000000e+00s  provider=0  solves=0  iterations=0
  certificate  stage=STEP 9  complete  reason=paper_potential_convergence_failed  wall=1.565041e-03s  cpu=1.565000e-03s  provider=2  solves=0  iterations=0

STEP 7
  certificate  stage=STEP 7  complete  reason=continue_stage_ii  wall=1.520000e-06s  cpu=2.000000e-06s  provider=0  solves=0  iterations=0

STEP 4
  STAGE II STEP 4  major=24  upper=-5.599618e+01  LP_primal= 1.510614e-11  LP_dual= 4.163336e-17  active_cuts=29  certified
  certificate  stage=STEP 4  complete  reason=step4_complete  wall=3.579280e-04s  cpu=3.580000e-04s  provider=0  solves=1  iterations=1

STEP 5
  certificate  stage=STEP 5 LOCAL  major=24  attempt=105  accepted  reason=success  P rel.= 5.042174e-14  objective=-5.315062e+01  upper=-5.599618e+01  gap=-2.845555e+00  wall=0.000000e+00s  cpu=0.000000e+00s  provider=0  solves=0  iterations=0
  certificate  stage=STEP 5 LOCAL  major=24  attempt=106  accepted  reason=success  P rel.= 4.165899e-14  objective=-5.315062e+01  upper=-5.599618e+01  gap=-2.845555e+00  wall=0.000000e+00s  cpu=0.000000e+00s  provider=0  solves=0  iterations=0
  certificate  stage=STEP 5 LOCAL  major=24  attempt=107  accepted  reason=success  P rel.= 4.398614e-13  objective=-5.315062e+01  upper=-5.599618e+01  gap=-2.845555e+00  wall=0.000000e+00s  cpu=0.000000e+00s  provider=0  solves=0  iterations=0
  certificate  stage=STEP 5 LOCAL  major=24  attempt=108  accepted  reason=success  P rel.= 4.164462e-13  objective=-5.315062e+01  upper=-5.599618e+01  gap=-2.845555e+00  wall=0.000000e+00s  cpu=0.000000e+00s  provider=0  solves=0  iterations=0
  certificate  stage=STEP 5 LOCAL  major=24  attempt=109  accepted  reason=success  P rel.=-1.523676e-09  objective=-5.599618e+01  upper=-5.599618e+01  gap= 1.509903e-11  wall=0.000000e+00s  cpu=0.000000e+00s  provider=0  solves=0  iterations=0
  certificate  stage=STEP 5  complete  reason=step5_complete  wall=1.301553e-01s  cpu=1.301410e-01s  provider=120  solves=5  iterations=99

STEP 6
  certificate  stage=STEP 6  complete  reason=candidate_set  wall=1.519000e-05s  cpu=1.600000e-05s  provider=0  solves=0  iterations=0

STEP 8
  certificate  stage=STEP 8  complete  reason=step8_complete  wall=3.056786e-02s  cpu=3.056900e-02s  provider=58  solves=1  iterations=10

STEP 9
  certificate  stage=STEP 9  failed  objective=-5.599618e+01  upper=-5.599618e+01  gap= 1.387690e-11  wall=0.000000e+00s  cpu=0.000000e+00s  provider=0  solves=0  iterations=0
  certificate  stage=STEP 9  complete  reason=paper_potential_convergence_failed  wall=1.579660e-03s  cpu=1.580000e-03s  provider=2  solves=0  iterations=0

STEP 7
  certificate  stage=STEP 7  complete  reason=continue_stage_ii  wall=1.620000e-06s  cpu=2.000000e-06s  provider=0  solves=0  iterations=0

STEP 4
  STAGE II STEP 4  major=25  upper=-5.599618e+01  LP_primal= 2.984990e-11  LP_dual= 1.362799e-13  active_cuts=30  certified
  certificate  stage=STEP 4  complete  reason=step4_complete  wall=3.654980e-04s  cpu=3.650000e-04s  provider=0  solves=1  iterations=1

STEP 5
  certificate  stage=STEP 5 LOCAL  major=25  attempt=110  accepted  reason=success  P rel.= 8.374893e-14  objective=-5.315062e+01  upper=-5.599618e+01  gap=-2.845555e+00  wall=0.000000e+00s  cpu=0.000000e+00s  provider=0  solves=0  iterations=0
  certificate  stage=STEP 5 LOCAL  major=25  attempt=111  accepted  reason=success  P rel.= 4.841062e-14  objective=-5.315062e+01  upper=-5.599618e+01  gap=-2.845555e+00  wall=0.000000e+00s  cpu=0.000000e+00s  provider=0  solves=0  iterations=0
  certificate  stage=STEP 5 LOCAL  major=25  attempt=112  accepted  reason=success  P rel.= 4.338281e-14  objective=-5.315062e+01  upper=-5.599618e+01  gap=-2.845555e+00  wall=0.000000e+00s  cpu=0.000000e+00s  provider=0  solves=0  iterations=0
  certificate  stage=STEP 5 LOCAL  major=25  attempt=113  accepted  reason=success  P rel.= 6.220118e-14  objective=-5.315062e+01  upper=-5.599618e+01  gap=-2.845555e+00  wall=0.000000e+00s  cpu=0.000000e+00s  provider=0  solves=0  iterations=0
  certificate  stage=STEP 5 LOCAL  major=25  attempt=114  accepted  reason=success  P rel.= 2.643191e-14  objective=-5.315062e+01  upper=-5.599618e+01  gap=-2.845555e+00  wall=0.000000e+00s  cpu=0.000000e+00s  provider=0  solves=0  iterations=0
  certificate  stage=STEP 5 LOCAL  major=25  attempt=115  accepted  reason=success  P rel.= 4.510663e-14  objective=-5.315062e+01  upper=-5.599618e+01  gap=-2.845555e+00  wall=0.000000e+00s  cpu=0.000000e+00s  provider=0  solves=0  iterations=0
  certificate  stage=STEP 5 LOCAL  major=25  attempt=116  accepted  reason=success  P rel.=-1.522251e-09  objective=-5.599618e+01  upper=-5.599618e+01  gap= 3.345235e-11  wall=0.000000e+00s  cpu=0.000000e+00s  provider=0  solves=0  iterations=0
  certificate  stage=STEP 5  complete  reason=step5_complete  wall=1.685763e-01s  cpu=1.685640e-01s  provider=155  solves=7  iterations=132

STEP 6
  certificate  stage=STEP 6  complete  reason=candidate_set  wall=1.586000e-05s  cpu=1.600000e-05s  provider=0  solves=0  iterations=0

STEP 8
  certificate  stage=STEP 8  complete  reason=step8_complete  wall=3.391970e-02s  cpu=3.392100e-02s  provider=58  solves=1  iterations=10

STEP 9
  certificate  stage=STEP 9  failed  objective=-5.599618e+01  upper=-5.599618e+01  gap= 2.018652e-11  wall=0.000000e+00s  cpu=0.000000e+00s  provider=0  solves=0  iterations=0
  certificate  stage=STEP 9  complete  reason=paper_potential_convergence_failed  wall=1.706450e-03s  cpu=1.706000e-03s  provider=2  solves=0  iterations=0

STEP 7
  certificate  stage=STEP 7  complete  reason=continue_stage_ii  wall=1.540000e-06s  cpu=1.000000e-06s  provider=0  solves=0  iterations=0

STEP 4
  STAGE II STEP 4  major=26  upper=-5.599618e+01  LP_primal= 3.345235e-11  LP_dual= 1.362799e-13  active_cuts=31  certified
  certificate  stage=STEP 4  complete  reason=step4_complete  wall=3.908170e-04s  cpu=3.910000e-04s  provider=0  solves=1  iterations=1

STEP 5
  certificate  stage=STEP 5 LOCAL  major=26  attempt=117  accepted  reason=success  P rel.= 5.616781e-14  objective=-5.315062e+01  upper=-5.599618e+01  gap=-2.845555e+00  wall=0.000000e+00s  cpu=0.000000e+00s  provider=0  solves=0  iterations=0
  certificate  stage=STEP 5 LOCAL  major=26  attempt=118  accepted  reason=success  P rel.= 4.191756e-13  objective=-5.315062e+01  upper=-5.599618e+01  gap=-2.845555e+00  wall=0.000000e+00s  cpu=0.000000e+00s  provider=0  solves=0  iterations=0
  certificate  stage=STEP 5 LOCAL  major=26  attempt=119  accepted  reason=success  P rel.= 4.036612e-14  objective=-5.315062e+01  upper=-5.599618e+01  gap=-2.845555e+00  wall=0.000000e+00s  cpu=0.000000e+00s  provider=0  solves=0  iterations=0
  certificate  stage=STEP 5 LOCAL  major=26  attempt=120  accepted  reason=success  P rel.= 6.488746e-13  objective=-5.315062e+01  upper=-5.599618e+01  gap=-2.845555e+00  wall=0.000000e+00s  cpu=0.000000e+00s  provider=0  solves=0  iterations=0
  certificate  stage=STEP 5 LOCAL  major=26  attempt=121  accepted  reason=success  P rel.= 4.036612e-14  objective=-5.315062e+01  upper=-5.599618e+01  gap=-2.845555e+00  wall=0.000000e+00s  cpu=0.000000e+00s  provider=0  solves=0  iterations=0
  certificate  stage=STEP 5 LOCAL  major=26  attempt=122  accepted  reason=success  P rel.=-1.520604e-09  objective=-5.599618e+01  upper=-5.599618e+01  gap= 3.344525e-11  wall=0.000000e+00s  cpu=0.000000e+00s  provider=0  solves=0  iterations=0
  certificate  stage=STEP 5  complete  reason=step5_complete  wall=1.633566e-01s  cpu=1.633390e-01s  provider=136  solves=6  iterations=129

STEP 6
  certificate  stage=STEP 6  complete  reason=candidate_set  wall=1.679000e-05s  cpu=1.700000e-05s  provider=0  solves=0  iterations=0

STEP 8
  certificate  stage=STEP 8  complete  reason=step8_complete  wall=3.355640e-02s  cpu=3.355700e-02s  provider=58  solves=1  iterations=10

STEP 9
  certificate  stage=STEP 9  failed  objective=-5.599618e+01  upper=-5.599618e+01  gap= 2.019362e-11  wall=0.000000e+00s  cpu=0.000000e+00s  provider=0  solves=0  iterations=0
  certificate  stage=STEP 9  complete  reason=paper_potential_convergence_failed  wall=1.708860e-03s  cpu=1.709000e-03s  provider=2  solves=0  iterations=0

STEP 7
  certificate  stage=STEP 7  complete  reason=continue_stage_ii  wall=1.580000e-06s  cpu=2.000000e-06s  provider=0  solves=0  iterations=0

STEP 4
  STAGE II STEP 4  major=27  upper=-5.599618e+01  LP_primal= 1.510614e-11  LP_dual= 4.163336e-17  active_cuts=32  certified
  certificate  stage=STEP 4  complete  reason=step4_complete  wall=3.984680e-04s  cpu=3.990000e-04s  provider=0  solves=1  iterations=1

STEP 5
  certificate  stage=STEP 5 LOCAL  major=27  attempt=123  accepted  reason=success  P rel.= 3.605657e-14  objective=-5.315062e+01  upper=-5.599618e+01  gap=-2.845555e+00  wall=0.000000e+00s  cpu=0.000000e+00s  provider=0  solves=0  iterations=0
  certificate  stage=STEP 5 LOCAL  major=27  attempt=124  accepted  reason=success  P rel.= 3.993517e-14  objective=-5.315062e+01  upper=-5.599618e+01  gap=-2.845555e+00  wall=0.000000e+00s  cpu=0.000000e+00s  provider=0  solves=0  iterations=0
  certificate  stage=STEP 5 LOCAL  major=27  attempt=125  accepted  reason=success  P rel.=-1.511168e-09  objective=-5.599618e+01  upper=-5.599618e+01  gap= 1.509193e-11  wall=0.000000e+00s  cpu=0.000000e+00s  provider=0  solves=0  iterations=0
  certificate  stage=STEP 5  complete  reason=step5_complete  wall=6.840304e-02s  cpu=6.839500e-02s  provider=57  solves=3  iterations=52

STEP 6
  certificate  stage=STEP 6  complete  reason=candidate_set  wall=1.195000e-05s  cpu=1.200000e-05s  provider=0  solves=0  iterations=0

STEP 8
  certificate  stage=STEP 8  complete  reason=step8_complete  wall=3.498053e-02s  cpu=3.498100e-02s  provider=58  solves=1  iterations=10

STEP 9
  certificate  stage=STEP 9  failed  objective=-5.599618e+01  upper=-5.599618e+01  gap= 1.386269e-11  wall=0.000000e+00s  cpu=0.000000e+00s  provider=0  solves=0  iterations=0
  certificate  stage=STEP 9  complete  reason=paper_potential_convergence_failed  wall=1.668741e-03s  cpu=1.669000e-03s  provider=2  solves=0  iterations=0

STEP 7
  certificate  stage=STEP 7  complete  reason=continue_stage_ii  wall=1.110000e-06s  cpu=1.000000e-06s  provider=0  solves=0  iterations=0

STEP 4
  STAGE II STEP 4  major=28  upper=-5.599618e+01  LP_primal= 1.510614e-11  LP_dual= 4.163336e-17  active_cuts=33  certified
  certificate  stage=STEP 4  complete  reason=step4_complete  wall=4.149580e-04s  cpu=4.150000e-04s  provider=0  solves=1  iterations=1

STEP 5
  certificate  stage=STEP 5 LOCAL  major=28  attempt=126  accepted  reason=success  P rel.= 2.470809e-14  objective=-5.315062e+01  upper=-5.599618e+01  gap=-2.845555e+00  wall=0.000000e+00s  cpu=0.000000e+00s  provider=0  solves=0  iterations=0
  certificate  stage=STEP 5 LOCAL  major=28  attempt=127  accepted  reason=success  P rel.= 5.889719e-14  objective=-5.315062e+01  upper=-5.599618e+01  gap=-2.845555e+00  wall=0.000000e+00s  cpu=0.000000e+00s  provider=0  solves=0  iterations=0
  certificate  stage=STEP 5 LOCAL  major=28  attempt=128  accepted  reason=success  P rel.= 5.401303e-14  objective=-5.315062e+01  upper=-5.599618e+01  gap=-2.845555e+00  wall=0.000000e+00s  cpu=0.000000e+00s  provider=0  solves=0  iterations=0
  certificate  stage=STEP 5 LOCAL  major=28  attempt=129  accepted  reason=success  P rel.=-1.536318e-09  objective=-5.599618e+01  upper=-5.599618e+01  gap= 1.509903e-11  wall=0.000000e+00s  cpu=0.000000e+00s  provider=0  solves=0  iterations=0
  certificate  stage=STEP 5  complete  reason=step5_complete  wall=1.092397e-01s  cpu=1.092410e-01s  provider=91  solves=4  iterations=78

STEP 6
  certificate  stage=STEP 6  complete  reason=candidate_set  wall=1.755000e-05s  cpu=1.700000e-05s  provider=0  solves=0  iterations=0

STEP 8
  certificate  stage=STEP 8  complete  reason=step8_complete  wall=3.436531e-02s  cpu=3.435300e-02s  provider=58  solves=1  iterations=10

STEP 9
  certificate  stage=STEP 9  failed  objective=-5.599618e+01  upper=-5.599618e+01  gap= 1.388401e-11  wall=0.000000e+00s  cpu=0.000000e+00s  provider=0  solves=0  iterations=0
  certificate  stage=STEP 9  complete  reason=paper_potential_convergence_failed  wall=1.705810e-03s  cpu=1.706000e-03s  provider=2  solves=0  iterations=0

STEP 7
  certificate  stage=STEP 7  complete  reason=continue_stage_ii  wall=1.770000e-06s  cpu=1.000000e-06s  provider=0  solves=0  iterations=0

STEP 4
  STAGE II STEP 4  major=29  upper=-5.599618e+01  LP_primal= 1.510614e-11  LP_dual= 4.163336e-17  active_cuts=34  certified
  certificate  stage=STEP 4  complete  reason=step4_complete  wall=3.957670e-04s  cpu=3.970000e-04s  provider=0  solves=1  iterations=1

STEP 5
  certificate  stage=STEP 5 LOCAL  major=29  attempt=130  accepted  reason=success  P rel.= 5.372573e-14  objective=-5.315062e+01  upper=-5.599618e+01  gap=-2.845555e+00  wall=0.000000e+00s  cpu=0.000000e+00s  provider=0  solves=0  iterations=0
  certificate  stage=STEP 5 LOCAL  major=29  attempt=131  accepted  reason=success  P rel.=-1.517221e-09  objective=-5.599618e+01  upper=-5.599618e+01  gap= 1.509903e-11  wall=0.000000e+00s  cpu=0.000000e+00s  provider=0  solves=0  iterations=0
  certificate  stage=STEP 5  complete  reason=step5_complete  wall=5.065234e-02s  cpu=5.064600e-02s  provider=41  solves=2  iterations=39

STEP 6
  certificate  stage=STEP 6  complete  reason=candidate_set  wall=1.736000e-05s  cpu=1.700000e-05s  provider=0  solves=0  iterations=0

STEP 8
  certificate  stage=STEP 8  complete  reason=step8_complete  wall=3.331764e-02s  cpu=3.329900e-02s  provider=58  solves=1  iterations=10

STEP 9
  certificate  stage=STEP 9  failed  objective=-5.599618e+01  upper=-5.599618e+01  gap= 1.387690e-11  wall=0.000000e+00s  cpu=0.000000e+00s  provider=0  solves=0  iterations=0
  certificate  stage=STEP 9  complete  reason=paper_potential_convergence_failed  wall=1.551611e-03s  cpu=1.552000e-03s  provider=2  solves=0  iterations=0

STEP 7
  certificate  stage=STEP 7  complete  reason=continue_stage_ii  wall=1.680000e-06s  cpu=1.000000e-06s  provider=0  solves=0  iterations=0

STEP 4
  STAGE II STEP 4  major=30  upper=-5.599618e+01  LP_primal= 1.510614e-11  LP_dual= 4.163336e-17  active_cuts=35  certified
  certificate  stage=STEP 4  complete  reason=step4_complete  wall=3.602280e-04s  cpu=3.600000e-04s  provider=0  solves=1  iterations=1

STEP 5
  certificate  stage=STEP 5 LOCAL  major=30  attempt=132  accepted  reason=success  P rel.= 5.904084e-14  objective=-5.315062e+01  upper=-5.599618e+01  gap=-2.845555e+00  wall=0.000000e+00s  cpu=0.000000e+00s  provider=0  solves=0  iterations=0
  certificate  stage=STEP 5 LOCAL  major=30  attempt=133  accepted  reason=success  P rel.=-1.524477e-09  objective=-5.599618e+01  upper=-5.599618e+01  gap= 1.509903e-11  wall=0.000000e+00s  cpu=0.000000e+00s  provider=0  solves=0  iterations=0
  certificate  stage=STEP 5  complete  reason=step5_complete  wall=4.858642e-02s  cpu=4.858700e-02s  provider=45  solves=2  iterations=36

STEP 6
  certificate  stage=STEP 6  complete  reason=candidate_set  wall=1.628000e-05s  cpu=1.600000e-05s  provider=0  solves=0  iterations=0

STEP 8
  certificate  stage=STEP 8  complete  reason=step8_complete  wall=3.210723e-02s  cpu=3.210200e-02s  provider=58  solves=1  iterations=10

STEP 9
  certificate  stage=STEP 9  failed  objective=-5.599618e+01  upper=-5.599618e+01  gap= 1.387690e-11  wall=0.000000e+00s  cpu=0.000000e+00s  provider=0  solves=0  iterations=0
  certificate  stage=STEP 9  complete  reason=paper_potential_convergence_failed  wall=1.549810e-03s  cpu=1.550000e-03s  provider=2  solves=0  iterations=0

STEP 7
  certificate  stage=STEP 7  complete  reason=continue_stage_ii  wall=1.430000e-06s  cpu=1.000000e-06s  provider=0  solves=0  iterations=0

STEP 4
  STAGE II STEP 4  major=31  upper=-5.599618e+01  LP_primal= 1.510614e-11  LP_dual= 4.163336e-17  active_cuts=36  certified
  certificate  stage=STEP 4  complete  reason=step4_complete  wall=3.740580e-04s  cpu=3.740000e-04s  provider=0  solves=1  iterations=1

STEP 5
  certificate  stage=STEP 5 LOCAL  major=31  attempt=134  accepted  reason=success  P rel.= 5.473129e-14  objective=-5.315062e+01  upper=-5.599618e+01  gap=-2.845555e+00  wall=0.000000e+00s  cpu=0.000000e+00s  provider=0  solves=0  iterations=0
  certificate  stage=STEP 5 LOCAL  major=31  attempt=135  accepted  reason=success  P rel.=-1.538276e-09  objective=-5.599618e+01  upper=-5.599618e+01  gap= 1.511324e-11  wall=0.000000e+00s  cpu=0.000000e+00s  provider=0  solves=0  iterations=0
  certificate  stage=STEP 5  complete  reason=step5_complete  wall=4.303091e-02s  cpu=4.303200e-02s  provider=39  solves=2  iterations=34

STEP 6
  certificate  stage=STEP 6  complete  reason=candidate_set  wall=1.584000e-05s  cpu=1.600000e-05s  provider=0  solves=0  iterations=0

STEP 8
  certificate  stage=STEP 8  complete  reason=step8_complete  wall=3.061119e-02s  cpu=3.061200e-02s  provider=58  solves=1  iterations=10

STEP 9
  certificate  stage=STEP 9  failed  objective=-5.599618e+01  upper=-5.599618e+01  gap= 1.386979e-11  wall=0.000000e+00s  cpu=0.000000e+00s  provider=0  solves=0  iterations=0
  certificate  stage=STEP 9  complete  reason=paper_potential_convergence_failed  wall=1.563951e-03s  cpu=1.564000e-03s  provider=2  solves=0  iterations=0

STEP 7
  certificate  stage=STEP 7  complete  reason=continue_stage_ii  wall=1.450000e-06s  cpu=1.000000e-06s  provider=0  solves=0  iterations=0

STEP 4
  STAGE II STEP 4  major=32  upper=-5.599618e+01  LP_primal= 1.511324e-11  LP_dual= 4.163336e-17  active_cuts=37  certified
  certificate  stage=STEP 4  complete  reason=step4_complete  wall=3.629180e-04s  cpu=3.630000e-04s  provider=0  solves=1  iterations=1

STEP 5
  certificate  stage=STEP 5 LOCAL  major=32  attempt=137  accepted  reason=success  P rel.= 3.318354e-14  objective=-5.315062e+01  upper=-5.599618e+01  gap=-2.845555e+00  wall=0.000000e+00s  cpu=0.000000e+00s  provider=0  solves=0  iterations=0
  certificate  stage=STEP 5 LOCAL  major=32  attempt=138  accepted  reason=success  P rel.= 6.353714e-13  objective=-5.315062e+01  upper=-5.599618e+01  gap=-2.845555e+00  wall=0.000000e+00s  cpu=0.000000e+00s  provider=0  solves=0  iterations=0
  certificate  stage=STEP 5 LOCAL  major=32  attempt=139  accepted  reason=success  P rel.= 3.849865e-14  objective=-5.315062e+01  upper=-5.599618e+01  gap=-2.845555e+00  wall=0.000000e+00s  cpu=0.000000e+00s  provider=0  solves=0  iterations=0
  certificate  stage=STEP 5 LOCAL  major=32  attempt=141  accepted  reason=success  P rel.= 2.944859e-14  objective=-5.315062e+01  upper=-5.599618e+01  gap=-2.845555e+00  wall=0.000000e+00s  cpu=0.000000e+00s  provider=0  solves=0  iterations=0
  certificate  stage=STEP 5 LOCAL  major=32  attempt=142  accepted  reason=success  P rel.= 4.065343e-14  objective=-5.315062e+01  upper=-5.599618e+01  gap=-2.845555e+00  wall=0.000000e+00s  cpu=0.000000e+00s  provider=0  solves=0  iterations=0
  certificate  stage=STEP 5 LOCAL  major=32  attempt=143  accepted  reason=success  P rel.= 6.076466e-14  objective=-5.315062e+01  upper=-5.599618e+01  gap=-2.845555e+00  wall=0.000000e+00s  cpu=0.000000e+00s  provider=0  solves=0  iterations=0
  certificate  stage=STEP 5 LOCAL  major=32  attempt=144  accepted  reason=success  P rel.=-1.520382e-09  objective=-5.599618e+01  upper=-5.599618e+01  gap= 1.509903e-11  wall=0.000000e+00s  cpu=0.000000e+00s  provider=0  solves=0  iterations=0
  certificate  stage=STEP 5  complete  reason=step5_complete  wall=1.557128e-01s  cpu=1.556890e-01s  provider=146  solves=9  iterations=129

STEP 6
  certificate  stage=STEP 6  complete  reason=candidate_set  wall=1.506000e-05s  cpu=1.500000e-05s  provider=0  solves=0  iterations=0

STEP 8
  certificate  stage=STEP 8  complete  reason=step8_complete  wall=3.095591e-02s  cpu=3.095700e-02s  provider=58  solves=1  iterations=10

STEP 9
  certificate  stage=STEP 9  failed  objective=-5.599618e+01  upper=-5.599618e+01  gap= 1.387690e-11  wall=0.000000e+00s  cpu=0.000000e+00s  provider=0  solves=0  iterations=0
  certificate  stage=STEP 9  complete  reason=paper_potential_convergence_failed  wall=1.559841e-03s  cpu=1.560000e-03s  provider=2  solves=0  iterations=0

STEP 7
  certificate  stage=STEP 7  complete  reason=continue_stage_ii  wall=1.450000e-06s  cpu=2.000000e-06s  provider=0  solves=0  iterations=0

STEP 4
  STAGE II STEP 4  major=33  upper=-5.599618e+01  LP_primal= 1.511324e-11  LP_dual= 4.163336e-17  active_cuts=38  certified
  certificate  stage=STEP 4  complete  reason=step4_complete  wall=3.672180e-04s  cpu=3.680000e-04s  provider=0  solves=1  iterations=1

STEP 5
  certificate  stage=STEP 5 LOCAL  major=33  attempt=145  accepted  reason=success  P rel.=-1.515085e-09  objective=-5.599618e+01  upper=-5.599618e+01  gap= 1.510614e-11  wall=0.000000e+00s  cpu=0.000000e+00s  provider=0  solves=0  iterations=0
  certificate  stage=STEP 5  complete  reason=step5_complete  wall=2.073260e-02s  cpu=2.073000e-02s  provider=19  solves=1  iterations=16

STEP 6
  certificate  stage=STEP 6  complete  reason=candidate_set  wall=1.507000e-05s  cpu=1.500000e-05s  provider=0  solves=0  iterations=0

STEP 8
  certificate  stage=STEP 8  complete  reason=step8_complete  wall=3.082555e-02s  cpu=3.081800e-02s  provider=58  solves=1  iterations=10

STEP 9
  certificate  stage=STEP 9  failed  objective=-5.599618e+01  upper=-5.599618e+01  gap= 1.386979e-11  wall=0.000000e+00s  cpu=0.000000e+00s  provider=0  solves=0  iterations=0
  certificate  stage=STEP 9  complete  reason=paper_potential_convergence_failed  wall=1.602491e-03s  cpu=1.603000e-03s  provider=2  solves=0  iterations=0

STEP 7
  certificate  stage=STEP 7  complete  reason=continue_stage_ii  wall=1.620000e-06s  cpu=1.000000e-06s  provider=0  solves=0  iterations=0

STEP 4
  STAGE II STEP 4  major=34  upper=-5.599618e+01  LP_primal= 1.511324e-11  LP_dual= 4.163336e-17  active_cuts=39  certified
  certificate  stage=STEP 4  complete  reason=step4_complete  wall=3.702580e-04s  cpu=3.710000e-04s  provider=0  solves=1  iterations=1

STEP 5
  certificate  stage=STEP 5 LOCAL  major=34  attempt=146  accepted  reason=success  P rel.=-1.539300e-09  objective=-5.599618e+01  upper=-5.599618e+01  gap= 1.510614e-11  wall=0.000000e+00s  cpu=0.000000e+00s  provider=0  solves=0  iterations=0
  certificate  stage=STEP 5  complete  reason=step5_complete  wall=1.337132e-02s  cpu=1.337200e-02s  provider=12  solves=1  iterations=11

STEP 6
  certificate  stage=STEP 6  complete  reason=candidate_set  wall=1.585000e-05s  cpu=1.600000e-05s  provider=0  solves=0  iterations=0

STEP 8
  certificate  stage=STEP 8  complete  reason=step8_complete  wall=3.079550e-02s  cpu=3.078700e-02s  provider=58  solves=1  iterations=10

STEP 9
  certificate  stage=STEP 9  failed  objective=-5.599618e+01  upper=-5.599618e+01  gap= 1.387690e-11  wall=0.000000e+00s  cpu=0.000000e+00s  provider=0  solves=0  iterations=0
  certificate  stage=STEP 9  complete  reason=paper_potential_convergence_failed  wall=1.603290e-03s  cpu=1.603000e-03s  provider=2  solves=0  iterations=0

STEP 7
  certificate  stage=STEP 7  complete  reason=continue_stage_ii  wall=1.430000e-06s  cpu=1.000000e-06s  provider=0  solves=0  iterations=0

STEP 4
  STAGE II STEP 4  major=35  upper=-5.599618e+01  LP_primal= 1.511324e-11  LP_dual= 4.163336e-17  active_cuts=40  certified
  certificate  stage=STEP 4  complete  reason=step4_complete  wall=3.780580e-04s  cpu=3.790000e-04s  provider=0  solves=1  iterations=1

STEP 5
  certificate  stage=STEP 5 LOCAL  major=35  attempt=147  accepted  reason=success  P rel.= 2.470809e-14  objective=-5.315062e+01  upper=-5.599618e+01  gap=-2.845555e+00  wall=0.000000e+00s  cpu=0.000000e+00s  provider=0  solves=0  iterations=0
  certificate  stage=STEP 5 LOCAL  major=35  attempt=148  accepted  reason=success  P rel.= 5.060849e-13  objective=-5.315062e+01  upper=-5.599618e+01  gap=-2.845555e+00  wall=0.000000e+00s  cpu=0.000000e+00s  provider=0  solves=0  iterations=0
  certificate  stage=STEP 5 LOCAL  major=35  attempt=149  accepted  reason=success  P rel.=-1.537742e-09  objective=-5.599618e+01  upper=-5.599618e+01  gap= 1.510614e-11  wall=0.000000e+00s  cpu=0.000000e+00s  provider=0  solves=0  iterations=0
  certificate  stage=STEP 5  complete  reason=step5_complete  wall=6.287048e-02s  cpu=6.287100e-02s  provider=57  solves=3  iterations=54

STEP 6
  certificate  stage=STEP 6  complete  reason=candidate_set  wall=1.602000e-05s  cpu=1.600000e-05s  provider=0  solves=0  iterations=0

STEP 8
  certificate  stage=STEP 8  complete  reason=step8_complete  wall=3.125353e-02s  cpu=3.125500e-02s  provider=58  solves=1  iterations=10

STEP 9
  certificate  stage=STEP 9  failed  objective=-5.599618e+01  upper=-5.599618e+01  gap= 1.387690e-11  wall=0.000000e+00s  cpu=0.000000e+00s  provider=0  solves=0  iterations=0
  certificate  stage=STEP 9  complete  reason=paper_potential_convergence_failed  wall=1.680970e-03s  cpu=1.681000e-03s  provider=2  solves=0  iterations=0

STEP 7
  certificate  stage=STEP 7  complete  reason=continue_stage_ii  wall=1.650000e-06s  cpu=2.000000e-06s  provider=0  solves=0  iterations=0

STEP 4
  STAGE II STEP 4  major=36  upper=-5.599618e+01  LP_primal= 1.511324e-11  LP_dual= 4.163336e-17  active_cuts=41  certified
  certificate  stage=STEP 4  complete  reason=step4_complete  wall=4.261570e-04s  cpu=4.260000e-04s  provider=0  solves=1  iterations=1

STEP 5
  certificate  stage=STEP 5 LOCAL  major=36  attempt=151  accepted  reason=success  P rel.= 4.237725e-14  objective=-5.315062e+01  upper=-5.599618e+01  gap=-2.845555e+00  wall=0.000000e+00s  cpu=0.000000e+00s  provider=0  solves=0  iterations=0
  certificate  stage=STEP 5 LOCAL  major=36  attempt=152  accepted  reason=success  P rel.=-1.538944e-09  objective=-5.599618e+01  upper=-5.599618e+01  gap= 1.509903e-11  wall=0.000000e+00s  cpu=0.000000e+00s  provider=0  solves=0  iterations=0
  certificate  stage=STEP 5  complete  reason=step5_complete  wall=4.756331e-02s  cpu=4.756400e-02s  provider=41  solves=3  iterations=35

STEP 6
  certificate  stage=STEP 6  complete  reason=candidate_set  wall=1.803000e-05s  cpu=1.800000e-05s  provider=0  solves=0  iterations=0

STEP 8
  certificate  stage=STEP 8  complete  reason=step8_complete  wall=3.413004e-02s  cpu=3.413100e-02s  provider=58  solves=1  iterations=10

STEP 9
  certificate  stage=STEP 9  failed  objective=-5.599618e+01  upper=-5.599618e+01  gap= 1.388401e-11  wall=0.000000e+00s  cpu=0.000000e+00s  provider=0  solves=0  iterations=0
  certificate  stage=STEP 9  complete  reason=paper_potential_convergence_failed  wall=1.734440e-03s  cpu=1.735000e-03s  provider=2  solves=0  iterations=0

STEP 7
  certificate  stage=STEP 7  complete  reason=continue_stage_ii  wall=1.710000e-06s  cpu=1.000000e-06s  provider=0  solves=0  iterations=0

STEP 4
  STAGE II STEP 4  major=37  upper=-5.599618e+01  LP_primal= 1.511324e-11  LP_dual= 4.163336e-17  active_cuts=42  certified
  certificate  stage=STEP 4  complete  reason=step4_complete  wall=4.556980e-04s  cpu=4.560000e-04s  provider=0  solves=1  iterations=1

STEP 5
  certificate  stage=STEP 5 LOCAL  major=37  attempt=153  accepted  reason=success  P rel.= 9.911966e-15  objective=-5.315062e+01  upper=-5.599618e+01  gap=-2.845555e+00  wall=0.000000e+00s  cpu=0.000000e+00s  provider=0  solves=0  iterations=0
  certificate  stage=STEP 5 LOCAL  major=37  attempt=154  accepted  reason=success  P rel.=-1.525189e-09  objective=-5.599618e+01  upper=-5.599618e+01  gap= 1.510614e-11  wall=0.000000e+00s  cpu=0.000000e+00s  provider=0  solves=0  iterations=0
  certificate  stage=STEP 5  complete  reason=step5_complete  wall=5.139592e-02s  cpu=5.139700e-02s  provider=44  solves=2  iterations=36

STEP 6
  certificate  stage=STEP 6  complete  reason=candidate_set  wall=1.447000e-05s  cpu=1.500000e-05s  provider=0  solves=0  iterations=0

STEP 8
  certificate  stage=STEP 8  complete  reason=step8_complete  wall=3.503362e-02s  cpu=3.503400e-02s  provider=58  solves=1  iterations=10

STEP 9
  certificate  stage=STEP 9  failed  objective=-5.599618e+01  upper=-5.599618e+01  gap= 1.387690e-11  wall=0.000000e+00s  cpu=0.000000e+00s  provider=0  solves=0  iterations=0
  certificate  stage=STEP 9  complete  reason=paper_potential_convergence_failed  wall=2.653904e-03s  cpu=2.654000e-03s  provider=2  solves=0  iterations=0

STEP 7
  certificate  stage=STEP 7  complete  reason=continue_stage_ii  wall=1.570000e-06s  cpu=1.000000e-06s  provider=0  solves=0  iterations=0

STEP 4
  STAGE II STEP 4  major=38  upper=-5.599618e+01  LP_primal= 3.345235e-11  LP_dual= 1.362799e-13  active_cuts=43  certified
  certificate  stage=STEP 4  complete  reason=step4_complete  wall=5.900360e-04s  cpu=5.900000e-04s  provider=0  solves=1  iterations=1

STEP 5
  certificate  stage=STEP 5 LOCAL  major=38  attempt=155  accepted  reason=success  P rel.= 3.260893e-14  objective=-5.315062e+01  upper=-5.599618e+01  gap=-2.845555e+00  wall=0.000000e+00s  cpu=0.000000e+00s  provider=0  solves=0  iterations=0
  certificate  stage=STEP 5 LOCAL  major=38  attempt=156  accepted  reason=success  P rel.= 4.065343e-14  objective=-5.315062e+01  upper=-5.599618e+01  gap=-2.845555e+00  wall=0.000000e+00s  cpu=0.000000e+00s  provider=0  solves=0  iterations=0
  certificate  stage=STEP 5 LOCAL  major=38  attempt=157  accepted  reason=success  P rel.= 5.056539e-14  objective=-5.315062e+01  upper=-5.599618e+01  gap=-2.845555e+00  wall=0.000000e+00s  cpu=0.000000e+00s  provider=0  solves=0  iterations=0
  certificate  stage=STEP 5 LOCAL  major=38  attempt=158  accepted  reason=success  P rel.= 5.056539e-14  objective=-5.315062e+01  upper=-5.599618e+01  gap=-2.845555e+00  wall=0.000000e+00s  cpu=0.000000e+00s  provider=0  solves=0  iterations=0
  certificate  stage=STEP 5 LOCAL  major=38  attempt=159  accepted  reason=success  P rel.=-3.742886e-09  objective=-5.599618e+01  upper=-5.599618e+01  gap= 3.343814e-11  wall=0.000000e+00s  cpu=0.000000e+00s  provider=0  solves=0  iterations=0
  certificate  stage=STEP 5  complete  reason=step5_complete  wall=1.314263e-01s  cpu=1.314280e-01s  provider=102  solves=5  iterations=92

STEP 6
  certificate  stage=STEP 6  complete  reason=candidate_set  wall=1.609000e-05s  cpu=1.600000e-05s  provider=0  solves=0  iterations=0

STEP 8
  certificate  stage=STEP 8  complete  reason=step8_complete  wall=3.355005e-02s  cpu=3.355000e-02s  provider=58  solves=1  iterations=10

STEP 9
  certificate  stage=STEP 9  failed  objective=-5.599618e+01  upper=-5.599618e+01  gap= 2.019362e-11  wall=0.000000e+00s  cpu=0.000000e+00s  provider=0  solves=0  iterations=0
  certificate  stage=STEP 9  complete  reason=paper_potential_convergence_failed  wall=1.740379e-03s  cpu=1.740000e-03s  provider=2  solves=0  iterations=0

STEP 7
  certificate  stage=STEP 7  complete  reason=continue_stage_ii  wall=1.200000e-06s  cpu=2.000000e-06s  provider=0  solves=0  iterations=0

STEP 4
  STAGE II STEP 4  major=39  upper=-5.599618e+01  LP_primal= 3.345235e-11  LP_dual= 1.362799e-13  active_cuts=44  certified
  certificate  stage=STEP 4  complete  reason=step4_complete  wall=3.971470e-04s  cpu=3.970000e-04s  provider=0  solves=1  iterations=1

STEP 5
  certificate  stage=STEP 5 LOCAL  major=39  attempt=160  accepted  reason=success  P rel.= 5.056539e-14  objective=-5.315062e+01  upper=-5.599618e+01  gap=-2.845555e+00  wall=0.000000e+00s  cpu=0.000000e+00s  provider=0  solves=0  iterations=0
  certificate  stage=STEP 5 LOCAL  major=39  attempt=161  accepted  reason=success  P rel.=-1.527326e-09  objective=-5.599618e+01  upper=-5.599618e+01  gap= 3.344525e-11  wall=0.000000e+00s  cpu=0.000000e+00s  provider=0  solves=0  iterations=0
  certificate  stage=STEP 5  complete  reason=step5_complete  wall=4.660547e-02s  cpu=4.660600e-02s  provider=39  solves=2  iterations=35

STEP 6
  certificate  stage=STEP 6  complete  reason=candidate_set  wall=1.474000e-05s  cpu=1.400000e-05s  provider=0  solves=0  iterations=0

STEP 8
  certificate  stage=STEP 8  complete  reason=step8_complete  wall=3.845912e-02s  cpu=3.846100e-02s  provider=58  solves=1  iterations=10

STEP 9
  certificate  stage=STEP 9  failed  objective=-5.599618e+01  upper=-5.599618e+01  gap= 2.020073e-11  wall=0.000000e+00s  cpu=0.000000e+00s  provider=0  solves=0  iterations=0
  certificate  stage=STEP 9  complete  reason=paper_potential_convergence_failed  wall=1.927329e-03s  cpu=1.927000e-03s  provider=2  solves=0  iterations=0

STEP 7
  certificate  stage=STEP 7  complete  reason=continue_stage_ii  wall=1.340000e-06s  cpu=1.000000e-06s  provider=0  solves=0  iterations=0

STEP 4
  STAGE II STEP 4  major=40  upper=-5.599618e+01  LP_primal= 3.345235e-11  LP_dual= 1.362799e-13  active_cuts=45  certified
  certificate  stage=STEP 4  complete  reason=step4_complete  wall=4.813770e-04s  cpu=4.820000e-04s  provider=0  solves=1  iterations=1

STEP 5
  certificate  stage=STEP 5 LOCAL  major=40  attempt=162  accepted  reason=success  P rel.= 4.841062e-14  objective=-5.315062e+01  upper=-5.599618e+01  gap=-2.845555e+00  wall=0.000000e+00s  cpu=0.000000e+00s  provider=0  solves=0  iterations=0
  certificate  stage=STEP 5 LOCAL  major=40  attempt=163  accepted  reason=success  P rel.= 1.669233e-13  objective=-5.315062e+01  upper=-5.599618e+01  gap=-2.845555e+00  wall=0.000000e+00s  cpu=0.000000e+00s  provider=0  solves=0  iterations=0
  certificate  stage=STEP 5 LOCAL  major=40  attempt=164  accepted  reason=success  P rel.= 4.338281e-14  objective=-5.315062e+01  upper=-5.599618e+01  gap=-2.845555e+00  wall=0.000000e+00s  cpu=0.000000e+00s  provider=0  solves=0  iterations=0
  certificate  stage=STEP 5 LOCAL  major=40  attempt=165  accepted  reason=success  P rel.= 5.056539e-14  objective=-5.315062e+01  upper=-5.599618e+01  gap=-2.845555e+00  wall=0.000000e+00s  cpu=0.000000e+00s  provider=0  solves=0  iterations=0
  certificate  stage=STEP 5 LOCAL  major=40  attempt=166  accepted  reason=success  P rel.= 4.545139e-13  objective=-5.315062e+01  upper=-5.599618e+01  gap=-2.845555e+00  wall=0.000000e+00s  cpu=0.000000e+00s  provider=0  solves=0  iterations=0
  certificate  stage=STEP 5 LOCAL  major=40  attempt=167  accepted  reason=success  P rel.=-1.535872e-09  objective=-5.599618e+01  upper=-5.599618e+01  gap= 3.344525e-11  wall=0.000000e+00s  cpu=0.000000e+00s  provider=0  solves=0  iterations=0
  certificate  stage=STEP 5  complete  reason=step5_complete  wall=1.540654e-01s  cpu=1.540290e-01s  provider=136  solves=6  iterations=124

STEP 6
  certificate  stage=STEP 6  complete  reason=candidate_set  wall=1.971000e-05s  cpu=1.900000e-05s  provider=0  solves=0  iterations=0

STEP 8
  certificate  stage=STEP 8  complete  reason=step8_complete  wall=3.082670e-02s  cpu=3.082200e-02s  provider=58  solves=1  iterations=10

STEP 9
  certificate  stage=STEP 9  failed  objective=-5.599618e+01  upper=-5.599618e+01  gap= 2.017941e-11  wall=0.000000e+00s  cpu=0.000000e+00s  provider=0  solves=0  iterations=0
  certificate  stage=STEP 9  complete  reason=paper_potential_convergence_failed  wall=1.592371e-03s  cpu=1.592000e-03s  provider=2  solves=0  iterations=0

STEP 7
  certificate  stage=STEP 7  complete  reason=continue_stage_ii  wall=1.890000e-06s  cpu=1.000000e-06s  provider=0  solves=0  iterations=0

STEP 4
  STAGE II STEP 4  major=41  upper=-5.599618e+01  LP_primal= 3.345235e-11  LP_dual= 1.362799e-13  active_cuts=46  certified
  certificate  stage=STEP 4  complete  reason=step4_complete  wall=3.931280e-04s  cpu=3.940000e-04s  provider=0  solves=1  iterations=1

STEP 5
  certificate  stage=STEP 5 LOCAL  major=41  attempt=169  accepted  reason=success  P rel.= 7.125123e-14  objective=-5.315062e+01  upper=-5.599618e+01  gap=-2.845555e+00  wall=0.000000e+00s  cpu=0.000000e+00s  provider=0  solves=0  iterations=0
  certificate  stage=STEP 5 LOCAL  major=41  attempt=170  accepted  reason=success  P rel.= 2.944859e-14  objective=-5.315062e+01  upper=-5.599618e+01  gap=-2.845555e+00  wall=0.000000e+00s  cpu=0.000000e+00s  provider=0  solves=0  iterations=0
  certificate  stage=STEP 5 LOCAL  major=41  attempt=171  accepted  reason=success  P rel.= 5.616781e-14  objective=-5.315062e+01  upper=-5.599618e+01  gap=-2.845555e+00  wall=0.000000e+00s  cpu=0.000000e+00s  provider=0  solves=0  iterations=0
  certificate  stage=STEP 5 LOCAL  major=41  attempt=172  accepted  reason=success  P rel.= 5.070904e-14  objective=-5.315062e+01  upper=-5.599618e+01  gap=-2.845555e+00  wall=0.000000e+00s  cpu=0.000000e+00s  provider=0  solves=0  iterations=0
  certificate  stage=STEP 5 LOCAL  major=41  attempt=173  accepted  reason=success  P rel.= 6.909646e-14  objective=-5.315062e+01  upper=-5.599618e+01  gap=-2.845555e+00  wall=0.000000e+00s  cpu=0.000000e+00s  provider=0  solves=0  iterations=0
  certificate  stage=STEP 5 LOCAL  major=41  attempt=174  accepted  reason=success  P rel.=-1.520070e-09  objective=-5.599618e+01  upper=-5.599618e+01  gap= 3.343814e-11  wall=0.000000e+00s  cpu=0.000000e+00s  provider=0  solves=0  iterations=0
  certificate  stage=STEP 5  complete  reason=step5_complete  wall=1.478359e-01s  cpu=1.478010e-01s  provider=138  solves=7  iterations=119

STEP 6
  certificate  stage=STEP 6  complete  reason=candidate_set  wall=2.117000e-05s  cpu=2.100000e-05s  provider=0  solves=0  iterations=0

STEP 8
  certificate  stage=STEP 8  complete  reason=step8_complete  wall=3.099295e-02s  cpu=3.098300e-02s  provider=58  solves=1  iterations=10

STEP 9
  certificate  stage=STEP 9  failed  objective=-5.599618e+01  upper=-5.599618e+01  gap= 2.018652e-11  wall=0.000000e+00s  cpu=0.000000e+00s  provider=0  solves=0  iterations=0
  certificate  stage=STEP 9  complete  reason=paper_potential_convergence_failed  wall=1.598841e-03s  cpu=1.599000e-03s  provider=2  solves=0  iterations=0

STEP 7
  certificate  stage=STEP 7  complete  reason=continue_stage_ii  wall=1.660000e-06s  cpu=2.000000e-06s  provider=0  solves=0  iterations=0

STEP 4
  STAGE II STEP 4  major=42  upper=-5.599618e+01  LP_primal= 3.345235e-11  LP_dual= 1.362799e-13  active_cuts=47  certified
  certificate  stage=STEP 4  complete  reason=step4_complete  wall=4.518370e-04s  cpu=4.520000e-04s  provider=0  solves=1  iterations=1

STEP 5
  certificate  stage=STEP 5 LOCAL  major=42  attempt=175  accepted  reason=success  P rel.=-1.518779e-09  objective=-5.599618e+01  upper=-5.599618e+01  gap= 3.344525e-11  wall=0.000000e+00s  cpu=0.000000e+00s  provider=0  solves=0  iterations=0
  certificate  stage=STEP 5  complete  reason=step5_complete  wall=1.450780e-02s  cpu=1.450900e-02s  provider=13  solves=1  iterations=12

STEP 6
  certificate  stage=STEP 6  complete  reason=candidate_set  wall=1.816000e-05s  cpu=1.800000e-05s  provider=0  solves=0  iterations=0

STEP 8
  certificate  stage=STEP 8  complete  reason=step8_complete  wall=3.096493e-02s  cpu=3.096500e-02s  provider=58  solves=1  iterations=10

STEP 9
  certificate  stage=STEP 9  failed  objective=-5.599618e+01  upper=-5.599618e+01  gap= 2.018652e-11  wall=0.000000e+00s  cpu=0.000000e+00s  provider=0  solves=0  iterations=0
  certificate  stage=STEP 9  complete  reason=paper_potential_convergence_failed  wall=1.608270e-03s  cpu=1.609000e-03s  provider=2  solves=0  iterations=0

STEP 7
  certificate  stage=STEP 7  complete  reason=continue_stage_ii  wall=1.690000e-06s  cpu=1.000000e-06s  provider=0  solves=0  iterations=0

STEP 4
  STAGE II STEP 4  major=43  upper=-5.599618e+01  LP_primal= 3.345235e-11  LP_dual= 1.362799e-13  active_cuts=48  certified
  certificate  stage=STEP 4  complete  reason=step4_complete  wall=4.053370e-04s  cpu=4.060000e-04s  provider=0  solves=1  iterations=1

STEP 5
  certificate  stage=STEP 5 LOCAL  major=43  attempt=176  accepted  reason=success  P rel.= 7.857747e-14  objective=-5.315062e+01  upper=-5.599618e+01  gap=-2.845555e+00  wall=0.000000e+00s  cpu=0.000000e+00s  provider=0  solves=0  iterations=0
  certificate  stage=STEP 5 LOCAL  major=43  attempt=177  accepted  reason=success  P rel.=-1.507785e-09  objective=-5.599618e+01  upper=-5.599618e+01  gap= 3.343814e-11  wall=0.000000e+00s  cpu=0.000000e+00s  provider=0  solves=0  iterations=0
  certificate  stage=STEP 5  complete  reason=step5_complete  wall=5.399098e-02s  cpu=5.399200e-02s  provider=50  solves=2  iterations=43

STEP 6
  certificate  stage=STEP 6  complete  reason=candidate_set  wall=1.738000e-05s  cpu=1.700000e-05s  provider=0  solves=0  iterations=0

STEP 8
  certificate  stage=STEP 8  complete  reason=step8_complete  wall=3.090984e-02s  cpu=3.090000e-02s  provider=58  solves=1  iterations=10

STEP 9
  certificate  stage=STEP 9  failed  objective=-5.599618e+01  upper=-5.599618e+01  gap= 2.018652e-11  wall=0.000000e+00s  cpu=0.000000e+00s  provider=0  solves=0  iterations=0
  certificate  stage=STEP 9  complete  reason=paper_potential_convergence_failed  wall=1.594341e-03s  cpu=1.594000e-03s  provider=2  solves=0  iterations=0

STEP 7
  certificate  stage=STEP 7  complete  reason=continue_stage_ii  wall=1.640000e-06s  cpu=2.000000e-06s  provider=0  solves=0  iterations=0

STEP 4
  STAGE II STEP 4  major=44  upper=-5.599618e+01  LP_primal= 3.345235e-11  LP_dual= 1.362799e-13  active_cuts=49  certified
  certificate  stage=STEP 4  complete  reason=step4_complete  wall=4.031570e-04s  cpu=4.030000e-04s  provider=0  solves=1  iterations=1

STEP 5
  certificate  stage=STEP 5 LOCAL  major=44  attempt=178  accepted  reason=success  P rel.=-1.542149e-09  objective=-5.599618e+01  upper=-5.599618e+01  gap= 3.345235e-11  wall=0.000000e+00s  cpu=0.000000e+00s  provider=0  solves=0  iterations=0
  certificate  stage=STEP 5  complete  reason=step5_complete  wall=2.521868e-02s  cpu=2.522000e-02s  provider=20  solves=1  iterations=16

STEP 6
  certificate  stage=STEP 6  complete  reason=candidate_set  wall=2.346900e-05s  cpu=2.300000e-05s  provider=0  solves=0  iterations=0

STEP 8
  certificate  stage=STEP 8  complete  reason=step8_complete  wall=3.504172e-02s  cpu=3.503300e-02s  provider=58  solves=1  iterations=10

STEP 9
  certificate  stage=STEP 9  failed  objective=-5.599618e+01  upper=-5.599618e+01  gap= 2.018652e-11  wall=0.000000e+00s  cpu=0.000000e+00s  provider=0  solves=0  iterations=0
  certificate  stage=STEP 9  complete  reason=paper_potential_convergence_failed  wall=1.936358e-03s  cpu=1.937000e-03s  provider=2  solves=0  iterations=0

STEP 7
  certificate  stage=STEP 7  complete  reason=continue_stage_ii  wall=2.340000e-06s  cpu=2.000000e-06s  provider=0  solves=0  iterations=0

STEP 4
  STAGE II STEP 4  major=45  upper=-5.599618e+01  LP_primal= 1.511324e-11  LP_dual= 4.163336e-17  active_cuts=50  certified
  certificate  stage=STEP 4  complete  reason=step4_complete  wall=5.984670e-04s  cpu=5.980000e-04s  provider=0  solves=1  iterations=1

STEP 5
  certificate  stage=STEP 5 LOCAL  major=45  attempt=179  accepted  reason=success  P rel.= 9.911966e-15  objective=-5.315062e+01  upper=-5.599618e+01  gap=-2.845555e+00  wall=0.000000e+00s  cpu=0.000000e+00s  provider=0  solves=0  iterations=0
  certificate  stage=STEP 5 LOCAL  major=45  attempt=180  accepted  reason=success  P rel.= 5.056539e-14  objective=-5.315062e+01  upper=-5.599618e+01  gap=-2.845555e+00  wall=0.000000e+00s  cpu=0.000000e+00s  provider=0  solves=0  iterations=0
  certificate  stage=STEP 5 LOCAL  major=45  attempt=182  accepted  reason=success  P rel.= 6.536151e-14  objective=-5.315062e+01  upper=-5.599618e+01  gap=-2.845555e+00  wall=0.000000e+00s  cpu=0.000000e+00s  provider=0  solves=0  iterations=0
  certificate  stage=STEP 5 LOCAL  major=45  attempt=183  accepted  reason=success  P rel.= 7.512983e-14  objective=-5.315062e+01  upper=-5.599618e+01  gap=-2.845555e+00  wall=0.000000e+00s  cpu=0.000000e+00s  provider=0  solves=0  iterations=0
  certificate  stage=STEP 5 LOCAL  major=45  attempt=184  accepted  reason=success  P rel.= 6.478691e-14  objective=-5.315062e+01  upper=-5.599618e+01  gap=-2.845555e+00  wall=0.000000e+00s  cpu=0.000000e+00s  provider=0  solves=0  iterations=0
  certificate  stage=STEP 5 LOCAL  major=45  attempt=185  accepted  reason=success  P rel.=-1.522786e-09  objective=-5.599618e+01  upper=-5.599618e+01  gap= 1.509903e-11  wall=0.000000e+00s  cpu=0.000000e+00s  provider=0  solves=0  iterations=0
  certificate  stage=STEP 5  complete  reason=step5_complete  wall=1.565868e-01s  cpu=1.565390e-01s  provider=129  solves=7  iterations=115

STEP 6
  certificate  stage=STEP 6  complete  reason=candidate_set  wall=1.683000e-05s  cpu=1.700000e-05s  provider=0  solves=0  iterations=0

STEP 8
  certificate  stage=STEP 8  complete  reason=step8_complete  wall=3.652523e-02s  cpu=3.652600e-02s  provider=58  solves=1  iterations=10

STEP 9
  certificate  stage=STEP 9  failed  objective=-5.599618e+01  upper=-5.599618e+01  gap= 1.386979e-11  wall=0.000000e+00s  cpu=0.000000e+00s  provider=0  solves=0  iterations=0
  certificate  stage=STEP 9  complete  reason=paper_potential_convergence_failed  wall=1.690459e-03s  cpu=1.690000e-03s  provider=2  solves=0  iterations=0

STEP 7
  certificate  stage=STEP 7  complete  reason=continue_stage_ii  wall=1.320000e-06s  cpu=1.000000e-06s  provider=0  solves=0  iterations=0

STEP 4
  STAGE II STEP 4  major=46  upper=-5.599618e+01  LP_primal= 1.511324e-11  LP_dual= 4.163336e-17  active_cuts=51  certified
  certificate  stage=STEP 4  complete  reason=step4_complete  wall=4.825070e-04s  cpu=4.830000e-04s  provider=0  solves=1  iterations=1

STEP 5
  certificate  stage=STEP 5 LOCAL  major=46  attempt=186  accepted  reason=success  P rel.= 8.461084e-14  objective=-5.315062e+01  upper=-5.599618e+01  gap=-2.845555e+00  wall=0.000000e+00s  cpu=0.000000e+00s  provider=0  solves=0  iterations=0
  certificate  stage=STEP 5 LOCAL  major=46  attempt=187  accepted  reason=success  P rel.= 5.042174e-14  objective=-5.315062e+01  upper=-5.599618e+01  gap=-2.845555e+00  wall=0.000000e+00s  cpu=0.000000e+00s  provider=0  solves=0  iterations=0
  certificate  stage=STEP 5 LOCAL  major=46  attempt=188  accepted  reason=success  P rel.=-1.538321e-09  objective=-5.599618e+01  upper=-5.599618e+01  gap= 1.509903e-11  wall=0.000000e+00s  cpu=0.000000e+00s  provider=0  solves=0  iterations=0
  certificate  stage=STEP 5  complete  reason=step5_complete  wall=7.909707e-02s  cpu=7.909900e-02s  provider=63  solves=3  iterations=58

STEP 6
  certificate  stage=STEP 6  complete  reason=candidate_set  wall=1.771900e-05s  cpu=1.700000e-05s  provider=0  solves=0  iterations=0

STEP 8
  certificate  stage=STEP 8  complete  reason=step8_complete  wall=3.517384e-02s  cpu=3.517500e-02s  provider=58  solves=1  iterations=10

STEP 9
  certificate  stage=STEP 9  failed  objective=-5.599618e+01  upper=-5.599618e+01  gap= 1.386979e-11  wall=0.000000e+00s  cpu=0.000000e+00s  provider=0  solves=0  iterations=0
  certificate  stage=STEP 9  complete  reason=paper_potential_convergence_failed  wall=1.696330e-03s  cpu=1.697000e-03s  provider=2  solves=0  iterations=0

STEP 7
  certificate  stage=STEP 7  complete  reason=continue_stage_ii  wall=1.210000e-06s  cpu=1.000000e-06s  provider=0  solves=0  iterations=0

STEP 4
  STAGE II STEP 4  major=47  upper=-5.599618e+01  LP_primal= 1.511324e-11  LP_dual= 4.163336e-17  active_cuts=52  certified
  certificate  stage=STEP 4  complete  reason=step4_complete  wall=4.414880e-04s  cpu=4.420000e-04s  provider=0  solves=1  iterations=1

STEP 5
  certificate  stage=STEP 5 LOCAL  major=47  attempt=189  accepted  reason=success  P rel.= 2.944859e-14  objective=-5.315062e+01  upper=-5.599618e+01  gap=-2.845555e+00  wall=0.000000e+00s  cpu=0.000000e+00s  provider=0  solves=0  iterations=0
  certificate  stage=STEP 5 LOCAL  major=47  attempt=190  accepted  reason=success  P rel.= 3.490736e-14  objective=-5.315062e+01  upper=-5.599618e+01  gap=-2.845555e+00  wall=0.000000e+00s  cpu=0.000000e+00s  provider=0  solves=0  iterations=0
  certificate  stage=STEP 5 LOCAL  major=47  attempt=191  accepted  reason=success  P rel.= 2.347268e-13  objective=-5.315062e+01  upper=-5.599618e+01  gap=-2.845555e+00  wall=0.000000e+00s  cpu=0.000000e+00s  provider=0  solves=0  iterations=0
  certificate  stage=STEP 5 LOCAL  major=47  attempt=192  accepted  reason=success  P rel.= 4.826696e-14  objective=-5.315062e+01  upper=-5.599618e+01  gap=-2.845555e+00  wall=0.000000e+00s  cpu=0.000000e+00s  provider=0  solves=0  iterations=0
  certificate  stage=STEP 5 LOCAL  major=47  attempt=193  accepted  reason=success  P rel.= 4.065343e-14  objective=-5.315062e+01  upper=-5.599618e+01  gap=-2.845555e+00  wall=0.000000e+00s  cpu=0.000000e+00s  provider=0  solves=0  iterations=0
  certificate  stage=STEP 5 LOCAL  major=47  attempt=194  accepted  reason=success  P rel.=-1.540724e-09  objective=-5.599618e+01  upper=-5.599618e+01  gap= 1.509903e-11  wall=0.000000e+00s  cpu=0.000000e+00s  provider=0  solves=0  iterations=0
  certificate  stage=STEP 5  complete  reason=step5_complete  wall=1.627753e-01s  cpu=1.627620e-01s  provider=130  solves=6  iterations=118

STEP 6
  certificate  stage=STEP 6  complete  reason=candidate_set  wall=1.835000e-05s  cpu=1.800000e-05s  provider=0  solves=0  iterations=0

STEP 8
  certificate  stage=STEP 8  complete  reason=step8_complete  wall=3.613441e-02s  cpu=3.612300e-02s  provider=58  solves=1  iterations=10

STEP 9
  certificate  stage=STEP 9  failed  objective=-5.599618e+01  upper=-5.599618e+01  gap= 1.386979e-11  wall=0.000000e+00s  cpu=0.000000e+00s  provider=0  solves=0  iterations=0
  certificate  stage=STEP 9  complete  reason=paper_potential_convergence_failed  wall=1.691970e-03s  cpu=1.692000e-03s  provider=2  solves=0  iterations=0

STEP 7
  certificate  stage=STEP 7  complete  reason=continue_stage_ii  wall=1.120000e-06s  cpu=1.000000e-06s  provider=0  solves=0  iterations=0

STEP 4
  STAGE II STEP 4  major=48  upper=-5.599618e+01  LP_primal= 1.511324e-11  LP_dual= 4.163336e-17  active_cuts=53  certified
  certificate  stage=STEP 4  complete  reason=step4_complete  wall=4.472780e-04s  cpu=4.480000e-04s  provider=0  solves=1  iterations=1

STEP 5
  certificate  stage=STEP 5 LOCAL  major=48  attempt=195  accepted  reason=success  P rel.= 6.564882e-14  objective=-5.315062e+01  upper=-5.599618e+01  gap=-2.845555e+00  wall=0.000000e+00s  cpu=0.000000e+00s  provider=0  solves=0  iterations=0
  certificate  stage=STEP 5 LOCAL  major=48  attempt=196  accepted  reason=success  P rel.= 7.642269e-14  objective=-5.315062e+01  upper=-5.599618e+01  gap=-2.845555e+00  wall=0.000000e+00s  cpu=0.000000e+00s  provider=0  solves=0  iterations=0
  certificate  stage=STEP 5 LOCAL  major=48  attempt=197  accepted  reason=success  P rel.=-1.000755e-08  objective=-5.599618e+01  upper=-5.599618e+01  gap= 1.512035e-11  wall=0.000000e+00s  cpu=0.000000e+00s  provider=0  solves=0  iterations=0
  certificate  stage=STEP 5  complete  reason=step5_complete  wall=6.829868e-02s  cpu=6.829400e-02s  provider=60  solves=3  iterations=55

STEP 6
  certificate  stage=STEP 6  complete  reason=candidate_set  wall=1.645900e-05s  cpu=1.700000e-05s  provider=0  solves=0  iterations=0

STEP 8
  certificate  stage=STEP 8  complete  reason=step8_complete  wall=3.178279e-02s  cpu=3.178400e-02s  provider=58  solves=1  iterations=10

STEP 9
  certificate  stage=STEP 9  failed  objective=-5.599618e+01  upper=-5.599618e+01  gap= 1.386979e-11  wall=0.000000e+00s  cpu=0.000000e+00s  provider=0  solves=0  iterations=0
  certificate  stage=STEP 9  complete  reason=paper_potential_convergence_failed  wall=1.610191e-03s  cpu=1.610000e-03s  provider=2  solves=0  iterations=0

STEP 7
  certificate  stage=STEP 7  complete  reason=continue_stage_ii  wall=1.130000e-06s  cpu=1.000000e-06s  provider=0  solves=0  iterations=0

STEP 4
  STAGE II STEP 4  major=49  upper=-5.599618e+01  LP_primal= 3.758771e-12  LP_dual= 8.326673e-17  active_cuts=54  certified
  certificate  stage=STEP 4  complete  reason=step4_complete  wall=4.496280e-04s  cpu=4.500000e-04s  provider=0  solves=1  iterations=1

STEP 5
  certificate  stage=STEP 5 LOCAL  major=49  attempt=198  accepted  reason=success  P rel.=-1.518557e-09  objective=-5.599618e+01  upper=-5.599618e+01  gap= 3.744560e-12  wall=0.000000e+00s  cpu=0.000000e+00s  provider=0  solves=0  iterations=0
  certificate  stage=STEP 5  complete  reason=step5_complete  wall=3.096837e-02s  cpu=3.096000e-02s  provider=30  solves=1  iterations=20

STEP 6
  certificate  stage=STEP 6  complete  reason=candidate_set  wall=1.770000e-05s  cpu=1.800000e-05s  provider=0  solves=0  iterations=0

STEP 8
  certificate  stage=STEP 8  complete  reason=step8_complete  wall=3.178996e-02s  cpu=3.179100e-02s  provider=58  solves=1  iterations=10

STEP 9
  certificate  stage=STEP 9  failed  objective=-5.599618e+01  upper=-5.599618e+01  gap= 1.102762e-11  wall=0.000000e+00s  cpu=0.000000e+00s  provider=0  solves=0  iterations=0
  certificate  stage=STEP 9  complete  reason=paper_potential_convergence_failed  wall=1.589341e-03s  cpu=1.589000e-03s  provider=2  solves=0  iterations=0

STEP 7
  certificate  stage=STEP 7  complete  reason=continue_stage_ii  wall=1.190000e-06s  cpu=1.000000e-06s  provider=0  solves=0  iterations=0

STEP 4
  STAGE II STEP 4  major=50  upper=-5.599618e+01  LP_primal= 3.758771e-12  LP_dual= 8.326673e-17  active_cuts=55  certified
  certificate  stage=STEP 4  complete  reason=step4_complete  wall=4.448980e-04s  cpu=4.450000e-04s  provider=0  solves=1  iterations=1

STEP 5
  certificate  stage=STEP 5 LOCAL  major=50  attempt=199  accepted  reason=success  P rel.=-1.529863e-09  objective=-5.599618e+01  upper=-5.599618e+01  gap= 3.744560e-12  wall=0.000000e+00s  cpu=0.000000e+00s  provider=0  solves=0  iterations=0
  certificate  stage=STEP 5  complete  reason=step5_complete  wall=2.114617e-02s  cpu=2.114700e-02s  provider=20  solves=1  iterations=15

STEP 6
  certificate  stage=STEP 6  complete  reason=candidate_set  wall=2.169000e-05s  cpu=2.200000e-05s  provider=0  solves=0  iterations=0

STEP 8
  certificate  stage=STEP 8  complete  reason=step8_complete  wall=3.146008e-02s  cpu=3.146100e-02s  provider=58  solves=1  iterations=10

STEP 9
  certificate  stage=STEP 9  failed  objective=-5.599618e+01  upper=-5.599618e+01  gap= 1.103473e-11  wall=0.000000e+00s  cpu=0.000000e+00s  provider=0  solves=0  iterations=0
  certificate  stage=STEP 9  complete  reason=paper_potential_convergence_failed  wall=1.634050e-03s  cpu=1.634000e-03s  provider=2  solves=0  iterations=0

STEP 7
  certificate  stage=STEP 7  complete  reason=continue_stage_ii  wall=1.270000e-06s  cpu=1.000000e-06s  provider=0  solves=0  iterations=0

STEP 4
  STAGE II STEP 4  major=51  upper=-5.599618e+01  LP_primal= 3.758771e-12  LP_dual= 8.326673e-17  active_cuts=56  certified
  certificate  stage=STEP 4  complete  reason=step4_complete  wall=4.731270e-04s  cpu=4.740000e-04s  provider=0  solves=1  iterations=1

STEP 5
  certificate  stage=STEP 5 LOCAL  major=51  attempt=200  accepted  reason=success  P rel.= 7.268775e-14  objective=-5.315062e+01  upper=-5.599618e+01  gap=-2.845555e+00  wall=0.000000e+00s  cpu=0.000000e+00s  provider=0  solves=0  iterations=0
  certificate  stage=STEP 5 LOCAL  major=51  attempt=201  accepted  reason=success  P rel.=-1.538499e-09  objective=-5.599618e+01  upper=-5.599618e+01  gap= 3.751666e-12  wall=0.000000e+00s  cpu=0.000000e+00s  provider=0  solves=0  iterations=0
  certificate  stage=STEP 5  complete  reason=step5_complete  wall=4.071099e-02s  cpu=4.070500e-02s  provider=37  solves=2  iterations=33

STEP 6
  certificate  stage=STEP 6  complete  reason=candidate_set  wall=1.694000e-05s  cpu=1.700000e-05s  provider=0  solves=0  iterations=0

STEP 8
  certificate  stage=STEP 8  complete  reason=step8_complete  wall=3.128768e-02s  cpu=3.128900e-02s  provider=58  solves=1  iterations=10

STEP 9
  certificate  stage=STEP 9  failed  objective=-5.599618e+01  upper=-5.599618e+01  gap= 1.102052e-11  wall=0.000000e+00s  cpu=0.000000e+00s  provider=0  solves=0  iterations=0
  certificate  stage=STEP 9  complete  reason=paper_potential_convergence_failed  wall=1.579021e-03s  cpu=1.579000e-03s  provider=2  solves=0  iterations=0

STEP 7
  certificate  stage=STEP 7  complete  reason=continue_stage_ii  wall=1.209000e-06s  cpu=2.000000e-06s  provider=0  solves=0  iterations=0

STEP 4
  STAGE II STEP 4  major=52  upper=-5.599618e+01  LP_primal= 3.758771e-12  LP_dual= 8.326673e-17  active_cuts=57  certified
  certificate  stage=STEP 4  complete  reason=step4_complete  wall=4.670380e-04s  cpu=4.670000e-04s  provider=0  solves=1  iterations=1

STEP 5
  certificate  stage=STEP 5 LOCAL  major=52  attempt=202  accepted  reason=success  P rel.= 6.019005e-14  objective=-5.315062e+01  upper=-5.599618e+01  gap=-2.845555e+00  wall=0.000000e+00s  cpu=0.000000e+00s  provider=0  solves=0  iterations=0
  certificate  stage=STEP 5 LOCAL  major=52  attempt=203  accepted  reason=success  P rel.= 6.547644e-13  objective=-5.315062e+01  upper=-5.599618e+01  gap=-2.845555e+00  wall=0.000000e+00s  cpu=0.000000e+00s  provider=0  solves=0  iterations=0
  certificate  stage=STEP 5 LOCAL  major=52  attempt=204  accepted  reason=success  P rel.= 1.111864e-13  objective=-5.315062e+01  upper=-5.599618e+01  gap=-2.845555e+00  wall=0.000000e+00s  cpu=0.000000e+00s  provider=0  solves=0  iterations=0
  certificate  stage=STEP 5 LOCAL  major=52  attempt=206  accepted  reason=success  P rel.= 2.600095e-14  objective=-5.315062e+01  upper=-5.599618e+01  gap=-2.845555e+00  wall=0.000000e+00s  cpu=0.000000e+00s  provider=0  solves=0  iterations=0
  certificate  stage=STEP 5 LOCAL  major=52  attempt=207  accepted  reason=success  P rel.= 5.702972e-14  objective=-5.315062e+01  upper=-5.599618e+01  gap=-2.845555e+00  wall=0.000000e+00s  cpu=0.000000e+00s  provider=0  solves=0  iterations=0
  certificate  stage=STEP 5 LOCAL  major=52  attempt=208  accepted  reason=success  P rel.=-3.388026e-09  objective=-5.599618e+01  upper=-5.599618e+01  gap= 3.751666e-12  wall=0.000000e+00s  cpu=0.000000e+00s  provider=0  solves=0  iterations=0
  certificate  stage=STEP 5  complete  reason=step5_complete  wall=1.403392e-01s  cpu=1.403110e-01s  provider=134  solves=7  iterations=121

STEP 6
  certificate  stage=STEP 6  complete  reason=candidate_set  wall=1.834000e-05s  cpu=1.800000e-05s  provider=0  solves=0  iterations=0

STEP 8
  certificate  stage=STEP 8  complete  reason=step8_complete  wall=3.036195e-02s  cpu=3.035500e-02s  provider=58  solves=1  iterations=10

STEP 9
  certificate  stage=STEP 9  failed  objective=-5.599618e+01  upper=-5.599618e+01  gap= 1.102762e-11  wall=0.000000e+00s  cpu=0.000000e+00s  provider=0  solves=0  iterations=0
  certificate  stage=STEP 9  complete  reason=paper_potential_convergence_failed  wall=1.542871e-03s  cpu=1.543000e-03s  provider=2  solves=0  iterations=0

STEP 7
  certificate  stage=STEP 7  complete  reason=continue_stage_ii  wall=1.210000e-06s  cpu=1.000000e-06s  provider=0  solves=0  iterations=0

STEP 4
  STAGE II STEP 4  major=53  upper=-5.599618e+01  LP_primal= 3.758771e-12  LP_dual= 8.326673e-17  active_cuts=58  certified
  certificate  stage=STEP 4  complete  reason=step4_complete  wall=4.622370e-04s  cpu=4.630000e-04s  provider=0  solves=1  iterations=1

STEP 5
  certificate  stage=STEP 5 LOCAL  major=53  attempt=209  accepted  reason=success  P rel.= 1.640502e-13  objective=-5.315062e+01  upper=-5.599618e+01  gap=-2.845555e+00  wall=0.000000e+00s  cpu=0.000000e+00s  provider=0  solves=0  iterations=0
  certificate  stage=STEP 5 LOCAL  major=53  attempt=210  accepted  reason=success  P rel.=-1.536095e-09  objective=-5.599618e+01  upper=-5.599618e+01  gap= 3.758771e-12  wall=0.000000e+00s  cpu=0.000000e+00s  provider=0  solves=0  iterations=0
  certificate  stage=STEP 5  complete  reason=step5_complete  wall=4.073092e-02s  cpu=4.072400e-02s  provider=38  solves=2  iterations=36

STEP 6
  certificate  stage=STEP 6  complete  reason=candidate_set  wall=1.731000e-05s  cpu=1.700000e-05s  provider=0  solves=0  iterations=0

STEP 8
  certificate  stage=STEP 8  complete  reason=step8_complete  wall=3.009224e-02s  cpu=3.009300e-02s  provider=58  solves=1  iterations=10

STEP 9
  certificate  stage=STEP 9  failed  objective=-5.599618e+01  upper=-5.599618e+01  gap= 1.102052e-11  wall=0.000000e+00s  cpu=0.000000e+00s  provider=0  solves=0  iterations=0
  certificate  stage=STEP 9  complete  reason=paper_potential_convergence_failed  wall=1.558211e-03s  cpu=1.559000e-03s  provider=2  solves=0  iterations=0

STEP 7
  certificate  stage=STEP 7  complete  reason=continue_stage_ii  wall=1.050000e-06s  cpu=1.000000e-06s  provider=0  solves=0  iterations=0

STEP 4
  STAGE II STEP 4  major=54  upper=-5.599618e+01  LP_primal= 3.758771e-12  LP_dual= 8.326673e-17  active_cuts=59  certified
  certificate  stage=STEP 4  complete  reason=step4_complete  wall=4.387570e-04s  cpu=4.390000e-04s  provider=0  solves=1  iterations=1

STEP 5
  certificate  stage=STEP 5 LOCAL  major=54  attempt=211  accepted  reason=success  P rel.= 3.849865e-14  objective=-5.315062e+01  upper=-5.599618e+01  gap=-2.845555e+00  wall=0.000000e+00s  cpu=0.000000e+00s  provider=0  solves=0  iterations=0
  certificate  stage=STEP 5 LOCAL  major=54  attempt=212  accepted  reason=success  P rel.= 5.530590e-14  objective=-5.315062e+01  upper=-5.599618e+01  gap=-2.845555e+00  wall=0.000000e+00s  cpu=0.000000e+00s  provider=0  solves=0  iterations=0
  certificate  stage=STEP 5 LOCAL  major=54  attempt=213  accepted  reason=success  P rel.= 5.243286e-14  objective=-5.315062e+01  upper=-5.599618e+01  gap=-2.845555e+00  wall=0.000000e+00s  cpu=0.000000e+00s  provider=0  solves=0  iterations=0
  certificate  stage=STEP 5 LOCAL  major=54  attempt=214  accepted  reason=success  P rel.= 6.636708e-14  objective=-5.315062e+01  upper=-5.599618e+01  gap=-2.845555e+00  wall=0.000000e+00s  cpu=0.000000e+00s  provider=0  solves=0  iterations=0
  certificate  stage=STEP 5 LOCAL  major=54  attempt=215  accepted  reason=success  P rel.= 5.530590e-14  objective=-5.315062e+01  upper=-5.599618e+01  gap=-2.845555e+00  wall=0.000000e+00s  cpu=0.000000e+00s  provider=0  solves=0  iterations=0
  certificate  stage=STEP 5 LOCAL  major=54  attempt=216  accepted  reason=success  P rel.= 4.007882e-14  objective=-5.315062e+01  upper=-5.599618e+01  gap=-2.845555e+00  wall=0.000000e+00s  cpu=0.000000e+00s  provider=0  solves=0  iterations=0
  certificate  stage=STEP 5 LOCAL  major=54  attempt=217  accepted  reason=success  P rel.= 2.238093e-13  objective=-5.315062e+01  upper=-5.599618e+01  gap=-2.845555e+00  wall=0.000000e+00s  cpu=0.000000e+00s  provider=0  solves=0  iterations=0
  certificate  stage=STEP 5 LOCAL  major=54  attempt=218  accepted  reason=success  P rel.= 4.510663e-14  objective=-5.315062e+01  upper=-5.599618e+01  gap=-2.845555e+00  wall=0.000000e+00s  cpu=0.000000e+00s  provider=0  solves=0  iterations=0
  certificate  stage=STEP 5 LOCAL  major=54  attempt=219  accepted  reason=success  P rel.= 3.706213e-14  objective=-5.315062e+01  upper=-5.599618e+01  gap=-2.845555e+00  wall=0.000000e+00s  cpu=0.000000e+00s  provider=0  solves=0  iterations=0
  certificate  stage=STEP 5 LOCAL  major=54  attempt=220  accepted  reason=success  P rel.= 4.510663e-14  objective=-5.315062e+01  upper=-5.599618e+01  gap=-2.845555e+00  wall=0.000000e+00s  cpu=0.000000e+00s  provider=0  solves=0  iterations=0
  certificate  stage=STEP 5 LOCAL  major=54  attempt=221  accepted  reason=success  P rel.= 9.610297e-14  objective=-5.315062e+01  upper=-5.599618e+01  gap=-2.845555e+00  wall=0.000000e+00s  cpu=0.000000e+00s  provider=0  solves=0  iterations=0
  certificate  stage=STEP 5 LOCAL  major=54  attempt=222  accepted  reason=success  P rel.= 4.545139e-13  objective=-5.315062e+01  upper=-5.599618e+01  gap=-2.845555e+00  wall=0.000000e+00s  cpu=0.000000e+00s  provider=0  solves=0  iterations=0
  certificate  stage=STEP 5 LOCAL  major=54  attempt=223  accepted  reason=success  P rel.= 3.849865e-14  objective=-5.315062e+01  upper=-5.599618e+01  gap=-2.845555e+00  wall=0.000000e+00s  cpu=0.000000e+00s  provider=0  solves=0  iterations=0
  certificate  stage=STEP 5 LOCAL  major=54  attempt=224  accepted  reason=success  P rel.= 1.761170e-13  objective=-5.315062e+01  upper=-5.599618e+01  gap=-2.845555e+00  wall=0.000000e+00s  cpu=0.000000e+00s  provider=0  solves=0  iterations=0
  certificate  stage=STEP 5 LOCAL  major=54  attempt=225  accepted  reason=success  P rel.= 5.530590e-14  objective=-5.315062e+01  upper=-5.599618e+01  gap=-2.845555e+00  wall=0.000000e+00s  cpu=0.000000e+00s  provider=0  solves=0  iterations=0
  certificate  stage=STEP 5 LOCAL  major=54  attempt=226  accepted  reason=success  P rel.= 4.496298e-14  objective=-5.315062e+01  upper=-5.599618e+01  gap=-2.845555e+00  wall=0.000000e+00s  cpu=0.000000e+00s  provider=0  solves=0  iterations=0
  certificate  stage=STEP 5 LOCAL  major=54  attempt=228  accepted  reason=success  P rel.= 5.530590e-14  objective=-5.315062e+01  upper=-5.599618e+01  gap=-2.845555e+00  wall=0.000000e+00s  cpu=0.000000e+00s  provider=0  solves=0  iterations=0
  certificate  stage=STEP 5 LOCAL  major=54  attempt=229  accepted  reason=success  P rel.= 5.530590e-14  objective=-5.315062e+01  upper=-5.599618e+01  gap=-2.845555e+00  wall=0.000000e+00s  cpu=0.000000e+00s  provider=0  solves=0  iterations=0
  certificate  stage=STEP 5 LOCAL  major=54  attempt=230  accepted  reason=success  P rel.= 3.734944e-14  objective=-5.315062e+01  upper=-5.599618e+01  gap=-2.845555e+00  wall=0.000000e+00s  cpu=0.000000e+00s  provider=0  solves=0  iterations=0
  certificate  stage=STEP 5 LOCAL  major=54  attempt=231  accepted  reason=success  P rel.= 5.975910e-14  objective=-5.315062e+01  upper=-5.599618e+01  gap=-2.845555e+00  wall=0.000000e+00s  cpu=0.000000e+00s  provider=0  solves=0  iterations=0
  certificate  stage=STEP 5 LOCAL  major=54  attempt=232  accepted  reason=success  P rel.= 4.697410e-14  objective=-5.315062e+01  upper=-5.599618e+01  gap=-2.845555e+00  wall=0.000000e+00s  cpu=0.000000e+00s  provider=0  solves=0  iterations=0
  certificate  stage=STEP 5 LOCAL  major=54  attempt=233  accepted  reason=success  P rel.= 6.220118e-14  objective=-5.315062e+01  upper=-5.599618e+01  gap=-2.845555e+00  wall=0.000000e+00s  cpu=0.000000e+00s  provider=0  solves=0  iterations=0
  certificate  stage=STEP 5 LOCAL  major=54  attempt=235  accepted  reason=success  P rel.= 8.303067e-14  objective=-5.315062e+01  upper=-5.599618e+01  gap=-2.845555e+00  wall=0.000000e+00s  cpu=0.000000e+00s  provider=0  solves=0  iterations=0
  certificate  stage=STEP 5 LOCAL  major=54  attempt=236  accepted  reason=success  P rel.= 2.600095e-14  objective=-5.315062e+01  upper=-5.599618e+01  gap=-2.845555e+00  wall=0.000000e+00s  cpu=0.000000e+00s  provider=0  solves=0  iterations=0
  certificate  stage=STEP 5 LOCAL  major=54  attempt=237  accepted  reason=success  P rel.= 5.530590e-14  objective=-5.315062e+01  upper=-5.599618e+01  gap=-2.845555e+00  wall=0.000000e+00s  cpu=0.000000e+00s  provider=0  solves=0  iterations=0
  certificate  stage=STEP 5 LOCAL  major=54  attempt=238  accepted  reason=success  P rel.= 4.835316e-13  objective=-5.315062e+01  upper=-5.599618e+01  gap=-2.845555e+00  wall=0.000000e+00s  cpu=0.000000e+00s  provider=0  solves=0  iterations=0
  certificate  stage=STEP 5 LOCAL  major=54  attempt=239  accepted  reason=success  P rel.= 4.697410e-14  objective=-5.315062e+01  upper=-5.599618e+01  gap=-2.845555e+00  wall=0.000000e+00s  cpu=0.000000e+00s  provider=0  solves=0  iterations=0
  certificate  stage=STEP 5 LOCAL  major=54  attempt=240  accepted  reason=success  P rel.=-1.537609e-09  objective=-5.599618e+01  upper=-5.599618e+01  gap= 3.737455e-12  wall=0.000000e+00s  cpu=0.000000e+00s  provider=0  solves=0  iterations=0
  certificate  stage=STEP 5  complete  reason=step5_complete  wall=6.922129e-01s  cpu=6.921210e-01s  provider=582  solves=30  iterations=541

STEP 6
  certificate  stage=STEP 6  complete  reason=candidate_set  wall=1.916000e-05s  cpu=2.000000e-05s  provider=0  solves=0  iterations=0

STEP 8
  certificate  stage=STEP 8  complete  reason=step8_complete  wall=3.118012e-02s  cpu=3.118200e-02s  provider=58  solves=1  iterations=10

STEP 9
  certificate  stage=STEP 9  failed  objective=-5.599618e+01  upper=-5.599618e+01  gap= 1.102762e-11  wall=0.000000e+00s  cpu=0.000000e+00s  provider=0  solves=0  iterations=0
  certificate  stage=STEP 9  complete  reason=paper_potential_convergence_failed  wall=1.613551e-03s  cpu=1.614000e-03s  provider=2  solves=0  iterations=0

STEP 7
  certificate  stage=STEP 7  complete  reason=continue_stage_ii  wall=1.200000e-06s  cpu=2.000000e-06s  provider=0  solves=0  iterations=0

STEP 4
  STAGE II STEP 4  major=55  upper=-5.599618e+01  LP_primal= 1.169553e-11  LP_dual= 3.028133e-14  active_cuts=60  certified
  certificate  stage=STEP 4  complete  reason=step4_complete  wall=4.632880e-04s  cpu=4.640000e-04s  provider=0  solves=1  iterations=1

STEP 5
  certificate  stage=STEP 5 LOCAL  major=55  attempt=241  accepted  reason=success  P rel.= 5.070904e-14  objective=-5.315062e+01  upper=-5.599618e+01  gap=-2.845555e+00  wall=0.000000e+00s  cpu=0.000000e+00s  provider=0  solves=0  iterations=0
  certificate  stage=STEP 5 LOCAL  major=55  attempt=242  accepted  reason=success  P rel.= 2.308483e-13  objective=-5.315062e+01  upper=-5.599618e+01  gap=-2.845555e+00  wall=0.000000e+00s  cpu=0.000000e+00s  provider=0  solves=0  iterations=0
  certificate  stage=STEP 5 LOCAL  major=55  attempt=243  accepted  reason=success  P rel.=-1.541837e-09  objective=-5.599618e+01  upper=-5.599618e+01  gap= 1.188738e-11  wall=0.000000e+00s  cpu=0.000000e+00s  provider=0  solves=0  iterations=0
  certificate  stage=STEP 5  complete  reason=step5_complete  wall=6.329691e-02s  cpu=6.328800e-02s  provider=58  solves=3  iterations=55

STEP 6
  certificate  stage=STEP 6  complete  reason=candidate_set  wall=1.885000e-05s  cpu=1.900000e-05s  provider=0  solves=0  iterations=0

STEP 8
  certificate  stage=STEP 8  complete  reason=step8_complete  wall=3.161409e-02s  cpu=3.161500e-02s  provider=58  solves=1  iterations=10

STEP 9
  certificate  stage=STEP 9  failed  objective=-5.599618e+01  upper=-5.599618e+01  gap= 1.244160e-11  wall=0.000000e+00s  cpu=0.000000e+00s  provider=0  solves=0  iterations=0
  certificate  stage=STEP 9  complete  reason=paper_potential_convergence_failed  wall=1.564710e-03s  cpu=1.565000e-03s  provider=2  solves=0  iterations=0

STEP 7
  certificate  stage=STEP 7  complete  reason=continue_stage_ii  wall=1.310000e-06s  cpu=1.000000e-06s  provider=0  solves=0  iterations=0

STEP 4
  STAGE II STEP 4  major=56  upper=-5.599618e+01  LP_primal= 1.188738e-11  LP_dual= 3.028133e-14  active_cuts=61  certified
  certificate  stage=STEP 4  complete  reason=step4_complete  wall=4.753670e-04s  cpu=4.750000e-04s  provider=0  solves=1  iterations=1

STEP 5
  certificate  stage=STEP 5 LOCAL  major=56  attempt=244  accepted  reason=success  P rel.= 3.048289e-13  objective=-5.315062e+01  upper=-5.599618e+01  gap=-2.845555e+00  wall=0.000000e+00s  cpu=0.000000e+00s  provider=0  solves=0  iterations=0
  certificate  stage=STEP 5 LOCAL  major=56  attempt=245  accepted  reason=success  P rel.= 4.884157e-14  objective=-5.315062e+01  upper=-5.599618e+01  gap=-2.845555e+00  wall=0.000000e+00s  cpu=0.000000e+00s  provider=0  solves=0  iterations=0
  certificate  stage=STEP 5 LOCAL  major=56  attempt=246  accepted  reason=success  P rel.= 4.754871e-14  objective=-5.315062e+01  upper=-5.599618e+01  gap=-2.845555e+00  wall=0.000000e+00s  cpu=0.000000e+00s  provider=0  solves=0  iterations=0
  certificate  stage=STEP 5 LOCAL  major=56  attempt=247  accepted  reason=success  P rel.= 5.444399e-14  objective=-5.315062e+01  upper=-5.599618e+01  gap=-2.845555e+00  wall=0.000000e+00s  cpu=0.000000e+00s  provider=0  solves=0  iterations=0
  certificate  stage=STEP 5 LOCAL  major=56  attempt=248  accepted  reason=success  P rel.=-2.563417e-09  objective=-5.599053e+01  upper=-5.599618e+01  gap=-5.644987e-03  wall=0.000000e+00s  cpu=0.000000e+00s  provider=0  solves=0  iterations=0
  certificate  stage=STEP 5 LOCAL  major=56  attempt=249  accepted  reason=success  P rel.= 6.047736e-14  objective=-5.315062e+01  upper=-5.599618e+01  gap=-2.845555e+00  wall=0.000000e+00s  cpu=0.000000e+00s  provider=0  solves=0  iterations=0
  certificate  stage=STEP 5 LOCAL  major=56  attempt=250  accepted  reason=success  P rel.= 5.616781e-14  objective=-5.315062e+01  upper=-5.599618e+01  gap=-2.845555e+00  wall=0.000000e+00s  cpu=0.000000e+00s  provider=0  solves=0  iterations=0
  certificate  stage=STEP 5 LOCAL  major=56  attempt=251  accepted  reason=success  P rel.= 3.303989e-14  objective=-5.315062e+01  upper=-5.599618e+01  gap=-2.845555e+00  wall=0.000000e+00s  cpu=0.000000e+00s  provider=0  solves=0  iterations=0
  certificate  stage=STEP 5 LOCAL  major=56  attempt=253  accepted  reason=success  P rel.= 6.300563e-13  objective=-5.315062e+01  upper=-5.599618e+01  gap=-2.845555e+00  wall=0.000000e+00s  cpu=0.000000e+00s  provider=0  solves=0  iterations=0
  certificate  stage=STEP 5 LOCAL  major=56  attempt=254  accepted  reason=success  P rel.=-1.527548e-09  objective=-5.599618e+01  upper=-5.599618e+01  gap= 1.188738e-11  wall=0.000000e+00s  cpu=0.000000e+00s  provider=0  solves=0  iterations=0
  certificate  stage=STEP 5  complete  reason=step5_complete  wall=2.478992e-01s  cpu=2.478560e-01s  provider=221  solves=11  iterations=198

STEP 6
  certificate  stage=STEP 6  complete  reason=candidate_set  wall=1.981000e-05s  cpu=2.000000e-05s  provider=0  solves=0  iterations=0

STEP 8
  certificate  stage=STEP 8  complete  reason=step8_complete  wall=3.109805e-02s  cpu=3.110000e-02s  provider=58  solves=1  iterations=10

STEP 9
  certificate  stage=STEP 9  failed  objective=-5.599618e+01  upper=-5.599618e+01  gap= 1.244160e-11  wall=0.000000e+00s  cpu=0.000000e+00s  provider=0  solves=0  iterations=0
  certificate  stage=STEP 9  complete  reason=paper_potential_convergence_failed  wall=1.589041e-03s  cpu=1.589000e-03s  provider=2  solves=0  iterations=0

STEP 7
  certificate  stage=STEP 7  complete  reason=continue_stage_ii  wall=1.650000e-06s  cpu=2.000000e-06s  provider=0  solves=0  iterations=0

STEP 4
  STAGE II STEP 4  major=57  upper=-5.599618e+01  LP_primal= 1.188738e-11  LP_dual= 3.028133e-14  active_cuts=62  certified
  certificate  stage=STEP 4  complete  reason=step4_complete  wall=5.190070e-04s  cpu=5.200000e-04s  provider=0  solves=1  iterations=1

STEP 5
  certificate  stage=STEP 5 LOCAL  major=57  attempt=255  accepted  reason=success  P rel.=-1.519892e-09  objective=-5.599618e+01  upper=-5.599618e+01  gap= 1.188738e-11  wall=0.000000e+00s  cpu=0.000000e+00s  provider=0  solves=0  iterations=0
  certificate  stage=STEP 5  complete  reason=step5_complete  wall=1.519355e-02s  cpu=1.518400e-02s  provider=14  solves=1  iterations=12

STEP 6
  certificate  stage=STEP 6  complete  reason=candidate_set  wall=1.800900e-05s  cpu=1.800000e-05s  provider=0  solves=0  iterations=0

STEP 8
  certificate  stage=STEP 8  complete  reason=step8_complete  wall=3.094301e-02s  cpu=3.094400e-02s  provider=58  solves=1  iterations=10

STEP 9
  certificate  stage=STEP 9  failed  objective=-5.599618e+01  upper=-5.599618e+01  gap= 1.244871e-11  wall=0.000000e+00s  cpu=0.000000e+00s  provider=0  solves=0  iterations=0
  certificate  stage=STEP 9  complete  reason=paper_potential_convergence_failed  wall=1.587921e-03s  cpu=1.588000e-03s  provider=2  solves=0  iterations=0

STEP 7
  certificate  stage=STEP 7  complete  reason=continue_stage_ii  wall=1.490000e-06s  cpu=1.000000e-06s  provider=0  solves=0  iterations=0

STEP 4
  STAGE II STEP 4  major=58  upper=-5.599618e+01  LP_primal= 1.188738e-11  LP_dual= 3.028133e-14  active_cuts=63  certified
  certificate  stage=STEP 4  complete  reason=step4_complete  wall=4.196170e-04s  cpu=4.200000e-04s  provider=0  solves=1  iterations=1

STEP 5
  certificate  stage=STEP 5 LOCAL  major=58  attempt=258  accepted  reason=success  P rel.= 4.065343e-14  objective=-5.315062e+01  upper=-5.599618e+01  gap=-2.845555e+00  wall=0.000000e+00s  cpu=0.000000e+00s  provider=0  solves=0  iterations=0
  certificate  stage=STEP 5 LOCAL  major=58  attempt=259  accepted  reason=success  P rel.= 1.752551e-14  objective=-5.315062e+01  upper=-5.599618e+01  gap=-2.845555e+00  wall=0.000000e+00s  cpu=0.000000e+00s  provider=0  solves=0  iterations=0
  certificate  stage=STEP 5 LOCAL  major=58  attempt=260  accepted  reason=success  P rel.=-2.067984e-09  objective=-5.599618e+01  upper=-5.599618e+01  gap= 1.190870e-11  wall=0.000000e+00s  cpu=0.000000e+00s  provider=0  solves=0  iterations=0
  certificate  stage=STEP 5  complete  reason=step5_complete  wall=7.565091e-02s  cpu=7.565300e-02s  provider=67  solves=5  iterations=56

STEP 6
  certificate  stage=STEP 6  complete  reason=candidate_set  wall=2.007900e-05s  cpu=2.000000e-05s  provider=0  solves=0  iterations=0

STEP 8
  certificate  stage=STEP 8  complete  reason=step8_complete  wall=3.544158e-02s  cpu=3.544200e-02s  provider=58  solves=1  iterations=10

STEP 9
  certificate  stage=STEP 9  failed  objective=-5.599618e+01  upper=-5.599618e+01  gap= 1.244160e-11  wall=0.000000e+00s  cpu=0.000000e+00s  provider=0  solves=0  iterations=0
  certificate  stage=STEP 9  complete  reason=paper_potential_convergence_failed  wall=1.894178e-03s  cpu=1.894000e-03s  provider=2  solves=0  iterations=0

STEP 7
  certificate  stage=STEP 7  complete  reason=continue_stage_ii  wall=1.110000e-06s  cpu=1.000000e-06s  provider=0  solves=0  iterations=0

STEP 4
  STAGE II STEP 4  major=59  upper=-5.599618e+01  LP_primal= 1.190870e-11  LP_dual= 3.028133e-14  active_cuts=64  certified
  certificate  stage=STEP 4  complete  reason=step4_complete  wall=4.758070e-04s  cpu=4.760000e-04s  provider=0  solves=1  iterations=1

STEP 5
  certificate  stage=STEP 5 LOCAL  major=59  attempt=261  accepted  reason=success  P rel.=-6.463405e-09  objective=-5.599618e+01  upper=-5.599618e+01  gap= 1.189449e-11  wall=0.000000e+00s  cpu=0.000000e+00s  provider=0  solves=0  iterations=0
  certificate  stage=STEP 5  complete  reason=step5_complete  wall=2.223479e-02s  cpu=2.223600e-02s  provider=18  solves=1  iterations=17

STEP 6
  certificate  stage=STEP 6  complete  reason=candidate_set  wall=3.077000e-05s  cpu=3.100000e-05s  provider=0  solves=0  iterations=0

STEP 8
  certificate  stage=STEP 8  complete  reason=step8_complete  wall=3.465659e-02s  cpu=3.465700e-02s  provider=58  solves=1  iterations=10

STEP 9
  certificate  stage=STEP 9  failed  objective=-5.599618e+01  upper=-5.599618e+01  gap= 1.244871e-11  wall=0.000000e+00s  cpu=0.000000e+00s  provider=0  solves=0  iterations=0
  certificate  stage=STEP 9  complete  reason=paper_potential_convergence_failed  wall=1.691020e-03s  cpu=1.691000e-03s  provider=2  solves=0  iterations=0

STEP 7
  certificate  stage=STEP 7  complete  reason=continue_stage_ii  wall=1.090000e-06s  cpu=1.000000e-06s  provider=0  solves=0  iterations=0

STEP 4
  STAGE II STEP 4  major=60  upper=-5.599618e+01  LP_primal= 1.190870e-11  LP_dual= 3.028133e-14  active_cuts=65  certified
  certificate  stage=STEP 4  complete  reason=step4_complete  wall=4.717070e-04s  cpu=4.720000e-04s  provider=0  solves=1  iterations=1

STEP 5
  certificate  stage=STEP 5 LOCAL  major=60  attempt=262  accepted  reason=success  P rel.= 3.197686e-13  objective=-5.315062e+01  upper=-5.599618e+01  gap=-2.845555e+00  wall=0.000000e+00s  cpu=0.000000e+00s  provider=0  solves=0  iterations=0
  certificate  stage=STEP 5 LOCAL  major=60  attempt=263  accepted  reason=success  P rel.= 5.070904e-14  objective=-5.315062e+01  upper=-5.599618e+01  gap=-2.845555e+00  wall=0.000000e+00s  cpu=0.000000e+00s  provider=0  solves=0  iterations=0
  certificate  stage=STEP 5 LOCAL  major=60  attempt=264  accepted  reason=success  P rel.= 7.053298e-14  objective=-5.315062e+01  upper=-5.599618e+01  gap=-2.845555e+00  wall=0.000000e+00s  cpu=0.000000e+00s  provider=0  solves=0  iterations=0
  certificate  stage=STEP 5 LOCAL  major=60  attempt=265  accepted  reason=success  P rel.= 3.418910e-14  objective=-5.315062e+01  upper=-5.599618e+01  gap=-2.845555e+00  wall=0.000000e+00s  cpu=0.000000e+00s  provider=0  solves=0  iterations=0
  certificate  stage=STEP 5 LOCAL  major=60  attempt=266  accepted  reason=success  P rel.= 6.191387e-14  objective=-5.315062e+01  upper=-5.599618e+01  gap=-2.845555e+00  wall=0.000000e+00s  cpu=0.000000e+00s  provider=0  solves=0  iterations=0
  certificate  stage=STEP 5 LOCAL  major=60  attempt=267  accepted  reason=success  P rel.= 5.616781e-14  objective=-5.315062e+01  upper=-5.599618e+01  gap=-2.845555e+00  wall=0.000000e+00s  cpu=0.000000e+00s  provider=0  solves=0  iterations=0
  certificate  stage=STEP 5 LOCAL  major=60  attempt=268  accepted  reason=success  P rel.= 4.410107e-14  objective=-5.315062e+01  upper=-5.599618e+01  gap=-2.845555e+00  wall=0.000000e+00s  cpu=0.000000e+00s  provider=0  solves=0  iterations=0
  certificate  stage=STEP 5 LOCAL  major=60  attempt=269  accepted  reason=success  P rel.= 3.303989e-14  objective=-5.315062e+01  upper=-5.599618e+01  gap=-2.845555e+00  wall=0.000000e+00s  cpu=0.000000e+00s  provider=0  solves=0  iterations=0
  certificate  stage=STEP 5 LOCAL  major=60  attempt=270  accepted  reason=success  P rel.=-1.532044e-09  objective=-5.599618e+01  upper=-5.599618e+01  gap= 1.189449e-11  wall=0.000000e+00s  cpu=0.000000e+00s  provider=0  solves=0  iterations=0
  certificate  stage=STEP 5  complete  reason=step5_complete  wall=2.710017e-01s  cpu=2.708690e-01s  provider=200  solves=9  iterations=186

STEP 6
  certificate  stage=STEP 6  complete  reason=candidate_set  wall=3.010000e-05s  cpu=3.000000e-05s  provider=0  solves=0  iterations=0

STEP 8
  certificate  stage=STEP 8  complete  reason=step8_complete  wall=3.355046e-02s  cpu=3.354300e-02s  provider=58  solves=1  iterations=10

STEP 9
  certificate  stage=STEP 9  failed  objective=-5.599618e+01  upper=-5.599618e+01  gap= 1.244871e-11  wall=0.000000e+00s  cpu=0.000000e+00s  provider=0  solves=0  iterations=0
  certificate  stage=STEP 9  complete  reason=paper_potential_convergence_failed  wall=1.746229e-03s  cpu=1.746000e-03s  provider=2  solves=0  iterations=0

STEP 7
  certificate  stage=STEP 7  complete  reason=continue_stage_ii  wall=1.650000e-06s  cpu=2.000000e-06s  provider=0  solves=0  iterations=0

STEP 4
  STAGE II STEP 4  major=61  upper=-5.599618e+01  LP_primal= 1.190870e-11  LP_dual= 3.028133e-14  active_cuts=66  certified
  certificate  stage=STEP 4  complete  reason=step4_complete  wall=5.435870e-04s  cpu=5.440000e-04s  provider=0  solves=1  iterations=1

STEP 5
  certificate  stage=STEP 5 LOCAL  major=61  attempt=271  accepted  reason=success  P rel.= 4.237725e-14  objective=-5.315062e+01  upper=-5.599618e+01  gap=-2.845555e+00  wall=0.000000e+00s  cpu=0.000000e+00s  provider=0  solves=0  iterations=0
  certificate  stage=STEP 5 LOCAL  major=61  attempt=272  accepted  reason=success  P rel.= 4.582489e-14  objective=-5.315062e+01  upper=-5.599618e+01  gap=-2.845555e+00  wall=0.000000e+00s  cpu=0.000000e+00s  provider=0  solves=0  iterations=0
  certificate  stage=STEP 5 LOCAL  major=61  attempt=273  accepted  reason=success  P rel.=-8.817721e-08  objective=-5.599618e+01  upper=-5.599618e+01  gap= 1.189449e-11  wall=0.000000e+00s  cpu=0.000000e+00s  provider=0  solves=0  iterations=0
  certificate  stage=STEP 5  complete  reason=step5_complete  wall=7.701760e-02s  cpu=7.702000e-02s  provider=63  solves=3  iterations=58

STEP 6
  certificate  stage=STEP 6  complete  reason=candidate_set  wall=2.523000e-05s  cpu=2.500000e-05s  provider=0  solves=0  iterations=0

STEP 8
  certificate  stage=STEP 8  complete  reason=step8_complete  wall=3.563235e-02s  cpu=3.563300e-02s  provider=58  solves=1  iterations=10

STEP 9
  certificate  stage=STEP 9  failed  objective=-5.599618e+01  upper=-5.599618e+01  gap= 1.245581e-11  wall=0.000000e+00s  cpu=0.000000e+00s  provider=0  solves=0  iterations=0
  certificate  stage=STEP 9  complete  reason=paper_potential_convergence_failed  wall=1.949608e-03s  cpu=1.950000e-03s  provider=2  solves=0  iterations=0

STEP 7
  certificate  stage=STEP 7  complete  reason=continue_stage_ii  wall=1.780000e-06s  cpu=2.000000e-06s  provider=0  solves=0  iterations=0

STEP 4
  STAGE II STEP 4  major=62  upper=-5.599618e+01  LP_primal= 1.190870e-11  LP_dual= 3.028133e-14  active_cuts=67  certified
  certificate  stage=STEP 4  complete  reason=step4_complete  wall=4.827370e-04s  cpu=4.830000e-04s  provider=0  solves=1  iterations=1

STEP 5
  certificate  stage=STEP 5 LOCAL  major=62  attempt=274  accepted  reason=success  P rel.= 5.200191e-14  objective=-5.315062e+01  upper=-5.599618e+01  gap=-2.845555e+00  wall=0.000000e+00s  cpu=0.000000e+00s  provider=0  solves=0  iterations=0
  certificate  stage=STEP 5 LOCAL  major=62  attempt=275  accepted  reason=success  P rel.= 3.059781e-14  objective=-5.315062e+01  upper=-5.599618e+01  gap=-2.845555e+00  wall=0.000000e+00s  cpu=0.000000e+00s  provider=0  solves=0  iterations=0
  certificate  stage=STEP 5 LOCAL  major=62  attempt=276  accepted  reason=success  P rel.=-1.534626e-09  objective=-5.599618e+01  upper=-5.599618e+01  gap= 1.190870e-11  wall=0.000000e+00s  cpu=0.000000e+00s  provider=0  solves=0  iterations=0
  certificate  stage=STEP 5  complete  reason=step5_complete  wall=7.461024e-02s  cpu=7.460100e-02s  provider=61  solves=3  iterations=55

STEP 6
  certificate  stage=STEP 6  complete  reason=candidate_set  wall=2.439000e-05s  cpu=2.500000e-05s  provider=0  solves=0  iterations=0

STEP 8
  certificate  stage=STEP 8  complete  reason=step8_complete  wall=3.261257e-02s  cpu=3.261300e-02s  provider=58  solves=1  iterations=10

STEP 9
  certificate  stage=STEP 9  failed  objective=-5.599618e+01  upper=-5.599618e+01  gap= 1.243450e-11  wall=0.000000e+00s  cpu=0.000000e+00s  provider=0  solves=0  iterations=0
  certificate  stage=STEP 9  complete  reason=paper_potential_convergence_failed  wall=1.645141e-03s  cpu=1.645000e-03s  provider=2  solves=0  iterations=0

STEP 7
  certificate  stage=STEP 7  complete  reason=continue_stage_ii  wall=1.720000e-06s  cpu=2.000000e-06s  provider=0  solves=0  iterations=0

STEP 4
  STAGE II STEP 4  major=63  upper=-5.599618e+01  LP_primal= 1.190870e-11  LP_dual= 3.028133e-14  active_cuts=68  certified
  certificate  stage=STEP 4  complete  reason=step4_complete  wall=4.726170e-04s  cpu=4.730000e-04s  provider=0  solves=1  iterations=1

STEP 5
  certificate  stage=STEP 5 LOCAL  major=63  attempt=277  accepted  reason=success  P rel.= 1.120483e-13  objective=-5.315062e+01  upper=-5.599618e+01  gap=-2.845555e+00  wall=0.000000e+00s  cpu=0.000000e+00s  provider=0  solves=0  iterations=0
  certificate  stage=STEP 5 LOCAL  major=63  attempt=278  accepted  reason=success  P rel.= 7.053298e-14  objective=-5.315062e+01  upper=-5.599618e+01  gap=-2.845555e+00  wall=0.000000e+00s  cpu=0.000000e+00s  provider=0  solves=0  iterations=0
  certificate  stage=STEP 5 LOCAL  major=63  attempt=279  accepted  reason=success  P rel.= 1.169325e-13  objective=-5.315062e+01  upper=-5.599618e+01  gap=-2.845555e+00  wall=0.000000e+00s  cpu=0.000000e+00s  provider=0  solves=0  iterations=0
  certificate  stage=STEP 5 LOCAL  major=63  attempt=280  accepted  reason=success  P rel.= 4.237725e-14  objective=-5.315062e+01  upper=-5.599618e+01  gap=-2.845555e+00  wall=0.000000e+00s  cpu=0.000000e+00s  provider=0  solves=0  iterations=0
  certificate  stage=STEP 5 LOCAL  major=63  attempt=281  accepted  reason=success  P rel.=-1.526480e-09  objective=-5.599618e+01  upper=-5.599618e+01  gap= 1.189449e-11  wall=0.000000e+00s  cpu=0.000000e+00s  provider=0  solves=0  iterations=0
  certificate  stage=STEP 5  complete  reason=step5_complete  wall=1.171647e-01s  cpu=1.171660e-01s  provider=105  solves=5  iterations=98

STEP 6
  certificate  stage=STEP 6  complete  reason=candidate_set  wall=2.511900e-05s  cpu=2.500000e-05s  provider=0  solves=0  iterations=0

STEP 8
  certificate  stage=STEP 8  complete  reason=step8_complete  wall=3.065212e-02s  cpu=3.065300e-02s  provider=58  solves=1  iterations=10

STEP 9
  certificate  stage=STEP 9  failed  objective=-5.599618e+01  upper=-5.599618e+01  gap= 1.244871e-11  wall=0.000000e+00s  cpu=0.000000e+00s  provider=0  solves=0  iterations=0
  certificate  stage=STEP 9  complete  reason=paper_potential_convergence_failed  wall=1.572931e-03s  cpu=1.573000e-03s  provider=2  solves=0  iterations=0

STEP 7
  certificate  stage=STEP 7  complete  reason=continue_stage_ii  wall=1.730000e-06s  cpu=1.000000e-06s  provider=0  solves=0  iterations=0

STEP 4
  STAGE II STEP 4  major=64  upper=-5.599618e+01  LP_primal= 1.190870e-11  LP_dual= 3.028133e-14  active_cuts=69  certified
  certificate  stage=STEP 4  complete  reason=step4_complete  wall=4.488470e-04s  cpu=4.490000e-04s  provider=0  solves=1  iterations=1

STEP 5
  certificate  stage=STEP 5 LOCAL  major=64  attempt=282  accepted  reason=success  P rel.=-2.570450e-09  objective=-5.599053e+01  upper=-5.599618e+01  gap=-5.644987e-03  wall=0.000000e+00s  cpu=0.000000e+00s  provider=0  solves=0  iterations=0
  certificate  stage=STEP 5 LOCAL  major=64  attempt=283  accepted  reason=success  P rel.= 4.582489e-14  objective=-5.315062e+01  upper=-5.599618e+01  gap=-2.845555e+00  wall=0.000000e+00s  cpu=0.000000e+00s  provider=0  solves=0  iterations=0
  certificate  stage=STEP 5 LOCAL  major=64  attempt=284  accepted  reason=success  P rel.=-1.534226e-09  objective=-5.599618e+01  upper=-5.599618e+01  gap= 1.188738e-11  wall=0.000000e+00s  cpu=0.000000e+00s  provider=0  solves=0  iterations=0
  certificate  stage=STEP 5  complete  reason=step5_complete  wall=5.692858e-02s  cpu=5.693000e-02s  provider=52  solves=3  iterations=47

STEP 6
  certificate  stage=STEP 6  complete  reason=candidate_set  wall=2.393000e-05s  cpu=2.400000e-05s  provider=0  solves=0  iterations=0

STEP 8
  certificate  stage=STEP 8  complete  reason=step8_complete  wall=3.068946e-02s  cpu=3.069100e-02s  provider=58  solves=1  iterations=10

STEP 9
  certificate  stage=STEP 9  failed  objective=-5.599618e+01  upper=-5.599618e+01  gap= 1.244871e-11  wall=0.000000e+00s  cpu=0.000000e+00s  provider=0  solves=0  iterations=0
  certificate  stage=STEP 9  complete  reason=paper_potential_convergence_failed  wall=1.579600e-03s  cpu=1.579000e-03s  provider=2  solves=0  iterations=0

STEP 7
  certificate  stage=STEP 7  complete  reason=continue_stage_ii  wall=1.910000e-06s  cpu=2.000000e-06s  provider=0  solves=0  iterations=0

STEP 4
  STAGE II STEP 4  major=65  upper=-5.599618e+01  LP_primal= 1.190870e-11  LP_dual= 3.028133e-14  active_cuts=70  certified
  certificate  stage=STEP 4  complete  reason=step4_complete  wall=4.817470e-04s  cpu=4.820000e-04s  provider=0  solves=1  iterations=1

STEP 5
  certificate  stage=STEP 5 LOCAL  major=65  attempt=285  accepted  reason=success  P rel.=-1.533113e-09  objective=-5.599618e+01  upper=-5.599618e+01  gap= 1.189449e-11  wall=0.000000e+00s  cpu=0.000000e+00s  provider=0  solves=0  iterations=0
  certificate  stage=STEP 5  complete  reason=step5_complete  wall=2.329113e-02s  cpu=2.329200e-02s  provider=22  solves=1  iterations=17

STEP 6
  certificate  stage=STEP 6  complete  reason=candidate_set  wall=2.385000e-05s  cpu=2.400000e-05s  provider=0  solves=0  iterations=0

STEP 8
  certificate  stage=STEP 8  complete  reason=step8_complete  wall=3.126781e-02s  cpu=3.127000e-02s  provider=58  solves=1  iterations=10

STEP 9
  certificate  stage=STEP 9  failed  objective=-5.599618e+01  upper=-5.599618e+01  gap= 1.243450e-11  wall=0.000000e+00s  cpu=0.000000e+00s  provider=0  solves=0  iterations=0
  certificate  stage=STEP 9  complete  reason=paper_potential_convergence_failed  wall=1.651970e-03s  cpu=1.652000e-03s  provider=2  solves=0  iterations=0

STEP 7
  certificate  stage=STEP 7  complete  reason=continue_stage_ii  wall=1.300000e-06s  cpu=1.000000e-06s  provider=0  solves=0  iterations=0

STEP 4
  STAGE II STEP 4  major=66  upper=-5.599618e+01  LP_primal= 1.190870e-11  LP_dual= 3.028133e-14  active_cuts=71  certified
  certificate  stage=STEP 4  complete  reason=step4_complete  wall=5.112570e-04s  cpu=5.110000e-04s  provider=0  solves=1  iterations=1

STEP 5
  certificate  stage=STEP 5 LOCAL  major=66  attempt=287  accepted  reason=success  P rel.= 2.845740e-13  objective=-5.315062e+01  upper=-5.599618e+01  gap=-2.845555e+00  wall=0.000000e+00s  cpu=0.000000e+00s  provider=0  solves=0  iterations=0
  certificate  stage=STEP 5 LOCAL  major=66  attempt=288  accepted  reason=success  P rel.=-1.529062e-09  objective=-5.599618e+01  upper=-5.599618e+01  gap= 1.190159e-11  wall=0.000000e+00s  cpu=0.000000e+00s  provider=0  solves=0  iterations=0
  certificate  stage=STEP 5  complete  reason=step5_complete  wall=4.383337e-02s  cpu=4.383500e-02s  provider=43  solves=3  iterations=34

STEP 6
  certificate  stage=STEP 6  complete  reason=candidate_set  wall=2.152000e-05s  cpu=2.400000e-05s  provider=0  solves=0  iterations=0

STEP 8
  certificate  stage=STEP 8  complete  reason=step8_complete  wall=3.127722e-02s  cpu=3.127800e-02s  provider=58  solves=1  iterations=10

STEP 9
  certificate  stage=STEP 9  failed  objective=-5.599618e+01  upper=-5.599618e+01  gap= 1.244871e-11  wall=0.000000e+00s  cpu=0.000000e+00s  provider=0  solves=0  iterations=0
  certificate  stage=STEP 9  complete  reason=paper_potential_convergence_failed  wall=1.772940e-03s  cpu=1.774000e-03s  provider=2  solves=0  iterations=0

STEP 7
  certificate  stage=STEP 7  complete  reason=continue_stage_ii  wall=1.990000e-06s  cpu=2.000000e-06s  provider=0  solves=0  iterations=0

STEP 4
  STAGE II STEP 4  major=67  upper=-5.599618e+01  LP_primal= 1.190870e-11  LP_dual= 3.028133e-14  active_cuts=72  certified
  certificate  stage=STEP 4  complete  reason=step4_complete  wall=6.054870e-04s  cpu=6.060000e-04s  provider=0  solves=1  iterations=1

STEP 5
  certificate  stage=STEP 5 LOCAL  major=67  attempt=289  accepted  reason=success  P rel.= 7.182584e-14  objective=-5.315062e+01  upper=-5.599618e+01  gap=-2.845555e+00  wall=0.000000e+00s  cpu=0.000000e+00s  provider=0  solves=0  iterations=0
  certificate  stage=STEP 5 LOCAL  major=67  attempt=290  accepted  reason=success  P rel.= 4.654314e-14  objective=-5.315062e+01  upper=-5.599618e+01  gap=-2.845555e+00  wall=0.000000e+00s  cpu=0.000000e+00s  provider=0  solves=0  iterations=0
  certificate  stage=STEP 5 LOCAL  major=67  attempt=291  accepted  reason=success  P rel.=-1.519002e-09  objective=-5.599618e+01  upper=-5.599618e+01  gap= 1.188738e-11  wall=0.000000e+00s  cpu=0.000000e+00s  provider=0  solves=0  iterations=0
  certificate  stage=STEP 5  complete  reason=step5_complete  wall=6.262818e-02s  cpu=6.263000e-02s  provider=56  solves=3  iterations=51

STEP 6
  certificate  stage=STEP 6  complete  reason=candidate_set  wall=2.227000e-05s  cpu=2.200000e-05s  provider=0  solves=0  iterations=0

STEP 8
  certificate  stage=STEP 8  complete  reason=step8_complete  wall=3.080428e-02s  cpu=3.080600e-02s  provider=58  solves=1  iterations=10

STEP 9
  certificate  stage=STEP 9  failed  objective=-5.599618e+01  upper=-5.599618e+01  gap= 1.244871e-11  wall=0.000000e+00s  cpu=0.000000e+00s  provider=0  solves=0  iterations=0
  certificate  stage=STEP 9  complete  reason=paper_potential_convergence_failed  wall=1.580030e-03s  cpu=1.580000e-03s  provider=2  solves=0  iterations=0

STEP 7
  certificate  stage=STEP 7  complete  reason=continue_stage_ii  wall=1.200000e-06s  cpu=1.000000e-06s  provider=0  solves=0  iterations=0

STEP 4
  STAGE II STEP 4  major=68  upper=-5.599618e+01  LP_primal= 1.190870e-11  LP_dual= 3.028133e-14  active_cuts=73  certified
  certificate  stage=STEP 4  complete  reason=step4_complete  wall=4.587370e-04s  cpu=4.590000e-04s  provider=0  solves=1  iterations=1

STEP 5
  certificate  stage=STEP 5 LOCAL  major=68  attempt=292  accepted  reason=success  P rel.= 5.616781e-14  objective=-5.315062e+01  upper=-5.599618e+01  gap=-2.845555e+00  wall=0.000000e+00s  cpu=0.000000e+00s  provider=0  solves=0  iterations=0
  certificate  stage=STEP 5 LOCAL  major=68  attempt=293  accepted  reason=success  P rel.=-1.522296e-09  objective=-5.599618e+01  upper=-5.599618e+01  gap= 1.189449e-11  wall=0.000000e+00s  cpu=0.000000e+00s  provider=0  solves=0  iterations=0
  certificate  stage=STEP 5  complete  reason=step5_complete  wall=4.856516e-02s  cpu=4.856600e-02s  provider=46  solves=2  iterations=40

STEP 6
  certificate  stage=STEP 6  complete  reason=candidate_set  wall=2.726000e-05s  cpu=2.700000e-05s  provider=0  solves=0  iterations=0

STEP 8
  certificate  stage=STEP 8  complete  reason=step8_complete  wall=3.446525e-02s  cpu=3.446600e-02s  provider=58  solves=1  iterations=10

STEP 9
  certificate  stage=STEP 9  failed  objective=-5.599618e+01  upper=-5.599618e+01  gap= 1.244160e-11  wall=0.000000e+00s  cpu=0.000000e+00s  provider=0  solves=0  iterations=0
  certificate  stage=STEP 9  complete  reason=paper_potential_convergence_failed  wall=1.699800e-03s  cpu=1.700000e-03s  provider=2  solves=0  iterations=0

STEP 7
  certificate  stage=STEP 7  complete  reason=continue_stage_ii  wall=1.580000e-06s  cpu=2.000000e-06s  provider=0  solves=0  iterations=0

STEP 4
  STAGE II STEP 4  major=69  upper=-5.599618e+01  LP_primal= 1.190870e-11  LP_dual= 3.028133e-14  active_cuts=74  certified
  certificate  stage=STEP 4  complete  reason=step4_complete  wall=5.078070e-04s  cpu=5.080000e-04s  provider=0  solves=1  iterations=1

STEP 5
  certificate  stage=STEP 5 LOCAL  major=69  attempt=294  accepted  reason=success  P rel.= 1.412096e-13  objective=-5.315062e+01  upper=-5.599618e+01  gap=-2.845555e+00  wall=0.000000e+00s  cpu=0.000000e+00s  provider=0  solves=0  iterations=0
  certificate  stage=STEP 5 LOCAL  major=69  attempt=295  accepted  reason=success  P rel.=-1.534938e-09  objective=-5.599618e+01  upper=-5.599618e+01  gap= 1.188738e-11  wall=0.000000e+00s  cpu=0.000000e+00s  provider=0  solves=0  iterations=0
  certificate  stage=STEP 5  complete  reason=step5_complete  wall=4.857653e-02s  cpu=4.857800e-02s  provider=41  solves=2  iterations=35

STEP 6
  certificate  stage=STEP 6  complete  reason=candidate_set  wall=2.323000e-05s  cpu=2.300000e-05s  provider=0  solves=0  iterations=0

STEP 8
  certificate  stage=STEP 8  complete  reason=step8_complete  wall=3.410013e-02s  cpu=3.410100e-02s  provider=58  solves=1  iterations=10

STEP 9
  certificate  stage=STEP 9  failed  objective=-5.599618e+01  upper=-5.599618e+01  gap= 1.244871e-11  wall=0.000000e+00s  cpu=0.000000e+00s  provider=0  solves=0  iterations=0
  certificate  stage=STEP 9  complete  reason=paper_potential_convergence_failed  wall=2.020298e-03s  cpu=2.020000e-03s  provider=2  solves=0  iterations=0

STEP 7
  certificate  stage=STEP 7  complete  reason=continue_stage_ii  wall=1.100000e-06s  cpu=1.000000e-06s  provider=0  solves=0  iterations=0

STEP 4
  STAGE II STEP 4  major=70  upper=-5.599618e+01  LP_primal= 1.190870e-11  LP_dual= 3.028133e-14  active_cuts=75  certified
  certificate  stage=STEP 4  complete  reason=step4_complete  wall=4.765680e-04s  cpu=4.770000e-04s  provider=0  solves=1  iterations=1

STEP 5
  certificate  stage=STEP 5 LOCAL  major=70  attempt=297  accepted  reason=success  P rel.= 4.527901e-13  objective=-5.315062e+01  upper=-5.599618e+01  gap=-2.845555e+00  wall=0.000000e+00s  cpu=0.000000e+00s  provider=0  solves=0  iterations=0
  certificate  stage=STEP 5 LOCAL  major=70  attempt=298  accepted  reason=success  P rel.= 1.752551e-14  objective=-5.315062e+01  upper=-5.599618e+01  gap=-2.845555e+00  wall=0.000000e+00s  cpu=0.000000e+00s  provider=0  solves=0  iterations=0
  certificate  stage=STEP 5 LOCAL  major=70  attempt=299  accepted  reason=success  P rel.=-1.520115e-09  objective=-5.599618e+01  upper=-5.599618e+01  gap= 1.188738e-11  wall=0.000000e+00s  cpu=0.000000e+00s  provider=0  solves=0  iterations=0
  certificate  stage=STEP 5  complete  reason=step5_complete  wall=7.836541e-02s  cpu=7.835400e-02s  provider=65  solves=4  iterations=55

STEP 6
  certificate  stage=STEP 6  complete  reason=candidate_set  wall=2.705000e-05s  cpu=2.700000e-05s  provider=0  solves=0  iterations=0

STEP 8
  certificate  stage=STEP 8  complete  reason=step8_complete  wall=5.078545e-02s  cpu=5.078000e-02s  provider=58  solves=1  iterations=10

STEP 9
  certificate  stage=STEP 9  failed  objective=-5.599618e+01  upper=-5.599618e+01  gap= 1.244871e-11  wall=0.000000e+00s  cpu=0.000000e+00s  provider=0  solves=0  iterations=0
  certificate  stage=STEP 9  complete  reason=paper_potential_convergence_failed  wall=1.774959e-03s  cpu=1.775000e-03s  provider=2  solves=0  iterations=0

STEP 7
  certificate  stage=STEP 7  complete  reason=continue_stage_ii  wall=1.930000e-06s  cpu=2.000000e-06s  provider=0  solves=0  iterations=0

STEP 4
  STAGE II STEP 4  major=71  upper=-5.599618e+01  LP_primal= 1.190870e-11  LP_dual= 3.028133e-14  active_cuts=76  certified
  certificate  stage=STEP 4  complete  reason=step4_complete  wall=5.440970e-04s  cpu=5.440000e-04s  provider=0  solves=1  iterations=1

STEP 5
  certificate  stage=STEP 5 LOCAL  major=71  attempt=300  accepted  reason=success  P rel.= 3.303989e-14  objective=-5.315062e+01  upper=-5.599618e+01  gap=-2.845555e+00  wall=0.000000e+00s  cpu=0.000000e+00s  provider=0  solves=0  iterations=0
  certificate  stage=STEP 5 LOCAL  major=71  attempt=301  accepted  reason=success  P rel.= 6.780359e-14  objective=-5.315062e+01  upper=-5.599618e+01  gap=-2.845555e+00  wall=0.000000e+00s  cpu=0.000000e+00s  provider=0  solves=0  iterations=0
  certificate  stage=STEP 5 LOCAL  major=71  attempt=302  accepted  reason=success  P rel.= 6.737264e-14  objective=-5.315062e+01  upper=-5.599618e+01  gap=-2.845555e+00  wall=0.000000e+00s  cpu=0.000000e+00s  provider=0  solves=0  iterations=0
  certificate  stage=STEP 5 LOCAL  major=71  attempt=304  accepted  reason=success  P rel.= 4.884157e-14  objective=-5.315062e+01  upper=-5.599618e+01  gap=-2.845555e+00  wall=0.000000e+00s  cpu=0.000000e+00s  provider=0  solves=0  iterations=0
  certificate  stage=STEP 5 LOCAL  major=71  attempt=305  accepted  reason=success  P rel.= 5.559320e-14  objective=-5.315062e+01  upper=-5.599618e+01  gap=-2.845555e+00  wall=0.000000e+00s  cpu=0.000000e+00s  provider=0  solves=0  iterations=0
  certificate  stage=STEP 5 LOCAL  major=71  attempt=307  accepted  reason=success  P rel.=-1.521762e-09  objective=-5.599618e+01  upper=-5.599618e+01  gap= 1.189449e-11  wall=0.000000e+00s  cpu=0.000000e+00s  provider=0  solves=0  iterations=0
  certificate  stage=STEP 5  complete  reason=step5_complete  wall=1.650715e-01s  cpu=1.650570e-01s  provider=136  solves=8  iterations=123

STEP 6
  certificate  stage=STEP 6  complete  reason=candidate_set  wall=2.954900e-05s  cpu=3.000000e-05s  provider=0  solves=0  iterations=0

STEP 8
  certificate  stage=STEP 8  complete  reason=step8_complete  wall=5.142402e-02s  cpu=5.141600e-02s  provider=58  solves=1  iterations=10

STEP 9
  certificate  stage=STEP 9  failed  objective=-5.599618e+01  upper=-5.599618e+01  gap= 1.243450e-11  wall=0.000000e+00s  cpu=0.000000e+00s  provider=0  solves=0  iterations=0
  certificate  stage=STEP 9  complete  reason=paper_potential_convergence_failed  wall=2.707574e-03s  cpu=2.707000e-03s  provider=2  solves=0  iterations=0

STEP 7
  certificate  stage=STEP 7  complete  reason=continue_stage_ii  wall=1.840000e-06s  cpu=2.000000e-06s  provider=0  solves=0  iterations=0

STEP 4
  STAGE II STEP 4  major=72  upper=-5.599618e+01  LP_primal= 1.190870e-11  LP_dual= 3.028133e-14  active_cuts=77  certified
  certificate  stage=STEP 4  complete  reason=step4_complete  wall=8.104060e-04s  cpu=8.110000e-04s  provider=0  solves=1  iterations=1

STEP 5
  certificate  stage=STEP 5 LOCAL  major=72  attempt=308  accepted  reason=success  P rel.= 7.398062e-14  objective=-5.315062e+01  upper=-5.599618e+01  gap=-2.845555e+00  wall=0.000000e+00s  cpu=0.000000e+00s  provider=0  solves=0  iterations=0
  certificate  stage=STEP 5 LOCAL  major=72  attempt=309  accepted  reason=success  P rel.= 3.303989e-14  objective=-5.315062e+01  upper=-5.599618e+01  gap=-2.845555e+00  wall=0.000000e+00s  cpu=0.000000e+00s  provider=0  solves=0  iterations=0
  certificate  stage=STEP 5 LOCAL  major=72  attempt=310  accepted  reason=success  P rel.= 5.070904e-14  objective=-5.315062e+01  upper=-5.599618e+01  gap=-2.845555e+00  wall=0.000000e+00s  cpu=0.000000e+00s  provider=0  solves=0  iterations=0
  certificate  stage=STEP 5 LOCAL  major=72  attempt=311  accepted  reason=success  P rel.= 3.332719e-14  objective=-5.315062e+01  upper=-5.599618e+01  gap=-2.845555e+00  wall=0.000000e+00s  cpu=0.000000e+00s  provider=0  solves=0  iterations=0
  certificate  stage=STEP 5 LOCAL  major=72  attempt=312  accepted  reason=success  P rel.= 4.395741e-14  objective=-5.315062e+01  upper=-5.599618e+01  gap=-2.845555e+00  wall=0.000000e+00s  cpu=0.000000e+00s  provider=0  solves=0  iterations=0
  certificate  stage=STEP 5 LOCAL  major=72  attempt=313  accepted  reason=success  P rel.=-1.529017e-09  objective=-5.599618e+01  upper=-5.599618e+01  gap= 1.190159e-11  wall=0.000000e+00s  cpu=0.000000e+00s  provider=0  solves=0  iterations=0
  certificate  stage=STEP 5  complete  reason=step5_complete  wall=2.144653e-01s  cpu=1.983780e-01s  provider=122  solves=6  iterations=116

STEP 6
  certificate  stage=STEP 6  complete  reason=candidate_set  wall=2.402000e-05s  cpu=2.400000e-05s  provider=0  solves=0  iterations=0

STEP 8
  certificate  stage=STEP 8  complete  reason=step8_complete  wall=3.046302e-02s  cpu=3.046400e-02s  provider=58  solves=1  iterations=10

STEP 9
  certificate  stage=STEP 9  failed  objective=-5.599618e+01  upper=-5.599618e+01  gap= 1.244160e-11  wall=0.000000e+00s  cpu=0.000000e+00s  provider=0  solves=0  iterations=0
  certificate  stage=STEP 9  complete  reason=paper_potential_convergence_failed  wall=1.551161e-03s  cpu=1.552000e-03s  provider=2  solves=0  iterations=0

STEP 7
  certificate  stage=STEP 7  complete  reason=continue_stage_ii  wall=1.110000e-06s  cpu=2.000000e-06s  provider=0  solves=0  iterations=0

STEP 4
  STAGE II STEP 4  major=73  upper=-5.599618e+01  LP_primal= 1.190870e-11  LP_dual= 3.028133e-14  active_cuts=78  certified
  certificate  stage=STEP 4  complete  reason=step4_complete  wall=4.946370e-04s  cpu=4.830000e-04s  provider=0  solves=1  iterations=1

STEP 5
  certificate  stage=STEP 5 LOCAL  major=73  attempt=314  accepted  reason=success  P rel.= 4.151534e-14  objective=-5.315062e+01  upper=-5.599618e+01  gap=-2.845555e+00  wall=0.000000e+00s  cpu=0.000000e+00s  provider=0  solves=0  iterations=0
  certificate  stage=STEP 5 LOCAL  major=73  attempt=315  accepted  reason=success  P rel.= 4.654314e-14  objective=-5.315062e+01  upper=-5.599618e+01  gap=-2.845555e+00  wall=0.000000e+00s  cpu=0.000000e+00s  provider=0  solves=0  iterations=0
  certificate  stage=STEP 5 LOCAL  major=73  attempt=316  accepted  reason=success  P rel.= 6.191387e-14  objective=-5.315062e+01  upper=-5.599618e+01  gap=-2.845555e+00  wall=0.000000e+00s  cpu=0.000000e+00s  provider=0  solves=0  iterations=0
  certificate  stage=STEP 5 LOCAL  major=73  attempt=317  accepted  reason=success  P rel.= 7.053298e-14  objective=-5.315062e+01  upper=-5.599618e+01  gap=-2.845555e+00  wall=0.000000e+00s  cpu=0.000000e+00s  provider=0  solves=0  iterations=0
  certificate  stage=STEP 5 LOCAL  major=73  attempt=318  accepted  reason=success  P rel.= 6.306309e-14  objective=-5.315062e+01  upper=-5.599618e+01  gap=-2.845555e+00  wall=0.000000e+00s  cpu=0.000000e+00s  provider=0  solves=0  iterations=0
  certificate  stage=STEP 5 LOCAL  major=73  attempt=319  accepted  reason=success  P rel.= 5.200191e-14  objective=-5.315062e+01  upper=-5.599618e+01  gap=-2.845555e+00  wall=0.000000e+00s  cpu=0.000000e+00s  provider=0  solves=0  iterations=0
  certificate  stage=STEP 5 LOCAL  major=73  attempt=320  accepted  reason=success  P rel.= 4.151534e-14  objective=-5.315062e+01  upper=-5.599618e+01  gap=-2.845555e+00  wall=0.000000e+00s  cpu=0.000000e+00s  provider=0  solves=0  iterations=0
  certificate  stage=STEP 5 LOCAL  major=73  attempt=321  accepted  reason=success  P rel.= 5.408486e-13  objective=-5.315062e+01  upper=-5.599618e+01  gap=-2.845555e+00  wall=0.000000e+00s  cpu=0.000000e+00s  provider=0  solves=0  iterations=0
  certificate  stage=STEP 5 LOCAL  major=73  attempt=322  accepted  reason=success  P rel.= 4.137168e-14  objective=-5.315062e+01  upper=-5.599618e+01  gap=-2.845555e+00  wall=0.000000e+00s  cpu=0.000000e+00s  provider=0  solves=0  iterations=0
  certificate  stage=STEP 5 LOCAL  major=73  attempt=323  accepted  reason=success  P rel.= 3.749309e-14  objective=-5.315062e+01  upper=-5.599618e+01  gap=-2.845555e+00  wall=0.000000e+00s  cpu=0.000000e+00s  provider=0  solves=0  iterations=0
  certificate  stage=STEP 5 LOCAL  major=73  attempt=324  accepted  reason=success  P rel.=-1.522919e-09  objective=-5.599618e+01  upper=-5.599618e+01  gap= 1.189449e-11  wall=0.000000e+00s  cpu=0.000000e+00s  provider=0  solves=0  iterations=0
  certificate  stage=STEP 5  complete  reason=step5_complete  wall=2.607736e-01s  cpu=2.607660e-01s  provider=241  solves=11  iterations=216

STEP 6
  certificate  stage=STEP 6  complete  reason=candidate_set  wall=2.303000e-05s  cpu=2.300000e-05s  provider=0  solves=0  iterations=0

STEP 8
  certificate  stage=STEP 8  complete  reason=step8_complete  wall=3.124878e-02s  cpu=3.125000e-02s  provider=58  solves=1  iterations=10

STEP 9
  certificate  stage=STEP 9  failed  objective=-5.599618e+01  upper=-5.599618e+01  gap= 1.244871e-11  wall=0.000000e+00s  cpu=0.000000e+00s  provider=0  solves=0  iterations=0
  certificate  stage=STEP 9  complete  reason=paper_potential_convergence_failed  wall=1.593871e-03s  cpu=1.594000e-03s  provider=2  solves=0  iterations=0

STEP 7
  certificate  stage=STEP 7  complete  reason=continue_stage_ii  wall=1.250000e-06s  cpu=1.000000e-06s  provider=0  solves=0  iterations=0

STEP 4
  STAGE II STEP 4  major=74  upper=-5.599618e+01  LP_primal= 1.190870e-11  LP_dual= 3.028133e-14  active_cuts=79  certified
  certificate  stage=STEP 4  complete  reason=step4_complete  wall=4.628170e-04s  cpu=4.630000e-04s  provider=0  solves=1  iterations=1

STEP 5
  certificate  stage=STEP 5 LOCAL  major=74  attempt=325  accepted  reason=success  P rel.= 7.196949e-14  objective=-5.315062e+01  upper=-5.599618e+01  gap=-2.845555e+00  wall=0.000000e+00s  cpu=0.000000e+00s  provider=0  solves=0  iterations=0
  certificate  stage=STEP 5 LOCAL  major=74  attempt=326  accepted  reason=success  P rel.= 5.027809e-14  objective=-5.315062e+01  upper=-5.599618e+01  gap=-2.845555e+00  wall=0.000000e+00s  cpu=0.000000e+00s  provider=0  solves=0  iterations=0
  certificate  stage=STEP 5 LOCAL  major=74  attempt=327  accepted  reason=success  P rel.=-1.521450e-09  objective=-5.599618e+01  upper=-5.599618e+01  gap= 1.189449e-11  wall=0.000000e+00s  cpu=0.000000e+00s  provider=0  solves=0  iterations=0
  certificate  stage=STEP 5  complete  reason=step5_complete  wall=7.019886e-02s  cpu=7.019000e-02s  provider=63  solves=3  iterations=59

STEP 6
  certificate  stage=STEP 6  complete  reason=candidate_set  wall=2.304000e-05s  cpu=2.300000e-05s  provider=0  solves=0  iterations=0

STEP 8
  certificate  stage=STEP 8  complete  reason=step8_complete  wall=3.168727e-02s  cpu=3.167900e-02s  provider=58  solves=1  iterations=10

STEP 9
  certificate  stage=STEP 9  failed  objective=-5.599618e+01  upper=-5.599618e+01  gap= 1.244871e-11  wall=0.000000e+00s  cpu=0.000000e+00s  provider=0  solves=0  iterations=0
  certificate  stage=STEP 9  complete  reason=paper_potential_convergence_failed  wall=1.588411e-03s  cpu=1.589000e-03s  provider=2  solves=0  iterations=0

STEP 7
  certificate  stage=STEP 7  complete  reason=continue_stage_ii  wall=1.290000e-06s  cpu=2.000000e-06s  provider=0  solves=0  iterations=0

STEP 4
  STAGE II STEP 4  major=75  upper=-5.599618e+01  LP_primal= 1.190870e-11  LP_dual= 3.028133e-14  active_cuts=80  certified
  certificate  stage=STEP 4  complete  reason=step4_complete  wall=5.111870e-04s  cpu=5.120000e-04s  provider=0  solves=1  iterations=1

STEP 5
  certificate  stage=STEP 5 LOCAL  major=75  attempt=328  accepted  reason=success  P rel.=-1.200113e-08  objective=-5.599618e+01  upper=-5.599618e+01  gap= 1.189449e-11  wall=0.000000e+00s  cpu=0.000000e+00s  provider=0  solves=0  iterations=0
  certificate  stage=STEP 5  complete  reason=step5_complete  wall=2.257617e-02s  cpu=2.257700e-02s  provider=20  solves=1  iterations=17

STEP 6
  certificate  stage=STEP 6  complete  reason=candidate_set  wall=2.249000e-05s  cpu=2.200000e-05s  provider=0  solves=0  iterations=0

STEP 8
  certificate  stage=STEP 8  complete  reason=step8_complete  wall=3.315362e-02s  cpu=3.314400e-02s  provider=58  solves=1  iterations=10

STEP 9
  certificate  stage=STEP 9  failed  objective=-5.599618e+01  upper=-5.599618e+01  gap= 1.243450e-11  wall=0.000000e+00s  cpu=0.000000e+00s  provider=0  solves=0  iterations=0
  certificate  stage=STEP 9  complete  reason=paper_potential_convergence_failed  wall=1.719190e-03s  cpu=1.720000e-03s  provider=2  solves=0  iterations=0

STEP 7
  certificate  stage=STEP 7  complete  reason=continue_stage_ii  wall=1.280000e-06s  cpu=2.000000e-06s  provider=0  solves=0  iterations=0

STEP 4
  STAGE II STEP 4  major=76  upper=-5.599618e+01  LP_primal= 5.706369e-11  LP_dual= 1.734723e-18  active_cuts=81  certified
  certificate  stage=STEP 4  complete  reason=step4_complete  wall=5.399560e-04s  cpu=5.400000e-04s  provider=0  solves=1  iterations=1

STEP 5
  certificate  stage=STEP 5 LOCAL  major=76  attempt=329  accepted  reason=success  P rel.= 5.631146e-14  objective=-5.315062e+01  upper=-5.599618e+01  gap=-2.845555e+00  wall=0.000000e+00s  cpu=0.000000e+00s  provider=0  solves=0  iterations=0
  certificate  stage=STEP 5 LOCAL  major=76  attempt=330  accepted  reason=success  P rel.= 4.812331e-14  objective=-5.315062e+01  upper=-5.599618e+01  gap=-2.845555e+00  wall=0.000000e+00s  cpu=0.000000e+00s  provider=0  solves=0  iterations=0
  certificate  stage=STEP 5 LOCAL  major=76  attempt=331  accepted  reason=success  P rel.= 7.024567e-14  objective=-5.315062e+01  upper=-5.599618e+01  gap=-2.845555e+00  wall=0.000000e+00s  cpu=0.000000e+00s  provider=0  solves=0  iterations=0
  certificate  stage=STEP 5 LOCAL  major=76  attempt=332  accepted  reason=success  P rel.= 1.957972e-13  objective=-5.315062e+01  upper=-5.599618e+01  gap=-2.845555e+00  wall=0.000000e+00s  cpu=0.000000e+00s  provider=0  solves=0  iterations=0
  certificate  stage=STEP 5 LOCAL  major=76  attempt=333  accepted  reason=success  P rel.= 6.191387e-14  objective=-5.315062e+01  upper=-5.599618e+01  gap=-2.845555e+00  wall=0.000000e+00s  cpu=0.000000e+00s  provider=0  solves=0  iterations=0
  certificate  stage=STEP 5 LOCAL  major=76  attempt=334  accepted  reason=success  P rel.= 2.021179e-13  objective=-5.315062e+01  upper=-5.599618e+01  gap=-2.845555e+00  wall=0.000000e+00s  cpu=0.000000e+00s  provider=0  solves=0  iterations=0
  certificate  stage=STEP 5 LOCAL  major=76  attempt=335  accepted  reason=success  P rel.= 3.720579e-14  objective=-5.315062e+01  upper=-5.599618e+01  gap=-2.845555e+00  wall=0.000000e+00s  cpu=0.000000e+00s  provider=0  solves=0  iterations=0
  certificate  stage=STEP 5 LOCAL  major=76  attempt=336  accepted  reason=success  P rel.= 5.171460e-14  objective=-5.315062e+01  upper=-5.599618e+01  gap=-2.845555e+00  wall=0.000000e+00s  cpu=0.000000e+00s  provider=0  solves=0  iterations=0
  certificate  stage=STEP 5 LOCAL  major=76  attempt=337  accepted  reason=success  P rel.= 3.131607e-14  objective=-5.315062e+01  upper=-5.599618e+01  gap=-2.845555e+00  wall=0.000000e+00s  cpu=0.000000e+00s  provider=0  solves=0  iterations=0
  certificate  stage=STEP 5 LOCAL  major=76  attempt=338  accepted  reason=success  P rel.= 4.605473e-13  objective=-5.315062e+01  upper=-5.599618e+01  gap=-2.845555e+00  wall=0.000000e+00s  cpu=0.000000e+00s  provider=0  solves=0  iterations=0
  certificate  stage=STEP 5 LOCAL  major=76  attempt=339  accepted  reason=success  P rel.= 6.809090e-14  objective=-5.315062e+01  upper=-5.599618e+01  gap=-2.845555e+00  wall=0.000000e+00s  cpu=0.000000e+00s  provider=0  solves=0  iterations=0
  certificate  stage=STEP 5 LOCAL  major=76  attempt=340  accepted  reason=success  P rel.= 3.275258e-14  objective=-5.315062e+01  upper=-5.599618e+01  gap=-2.845555e+00  wall=0.000000e+00s  cpu=0.000000e+00s  provider=0  solves=0  iterations=0
  certificate  stage=STEP 5 LOCAL  major=76  attempt=341  accepted  reason=success  P rel.= 2.987955e-14  objective=-5.152292e+01  upper=-5.599618e+01  gap=-4.473258e+00  wall=0.000000e+00s  cpu=0.000000e+00s  provider=0  solves=0  iterations=0
  certificate  stage=STEP 5 LOCAL  major=76  attempt=342  accepted  reason=success  P rel.= 6.765994e-14  objective=-5.315062e+01  upper=-5.599618e+01  gap=-2.845555e+00  wall=0.000000e+00s  cpu=0.000000e+00s  provider=0  solves=0  iterations=0
  certificate  stage=STEP 5 LOCAL  major=76  attempt=343  accepted  reason=success  P rel.= 1.222476e-13  objective=-5.315062e+01  upper=-5.599618e+01  gap=-2.845555e+00  wall=0.000000e+00s  cpu=0.000000e+00s  provider=0  solves=0  iterations=0
  certificate  stage=STEP 5 LOCAL  major=76  attempt=344  accepted  reason=success  P rel.= 3.074146e-14  objective=-5.315062e+01  upper=-5.599618e+01  gap=-2.845555e+00  wall=0.000000e+00s  cpu=0.000000e+00s  provider=0  solves=0  iterations=0
  certificate  stage=STEP 5 LOCAL  major=76  attempt=345  accepted  reason=success  P rel.=-1.530620e-09  objective=-5.599618e+01  upper=-5.599618e+01  gap= 5.710632e-11  wall=0.000000e+00s  cpu=0.000000e+00s  provider=0  solves=0  iterations=0
  certificate  stage=STEP 5  complete  reason=step5_complete  wall=4.435514e-01s  cpu=4.435060e-01s  provider=361  solves=17  iterations=340

STEP 6
  certificate  stage=STEP 6  complete  reason=candidate_set  wall=2.832000e-05s  cpu=2.900000e-05s  provider=0  solves=0  iterations=0

STEP 8
  certificate  stage=STEP 8  complete  reason=step8_complete  wall=3.378788e-02s  cpu=3.378800e-02s  provider=58  solves=1  iterations=10

STEP 9
  certificate  stage=STEP 9  failed  objective=-5.599618e+01  upper=-5.599618e+01  gap= 1.778488e-11  wall=0.000000e+00s  cpu=0.000000e+00s  provider=0  solves=0  iterations=0
  certificate  stage=STEP 9  complete  reason=paper_potential_convergence_failed  wall=1.861299e-03s  cpu=1.862000e-03s  provider=2  solves=0  iterations=0

STEP 7
  certificate  stage=STEP 7  complete  reason=continue_stage_ii  wall=7.740000e-06s  cpu=7.000000e-06s  provider=0  solves=0  iterations=0

STEP 4
  STAGE II STEP 4  major=77  upper=-5.599618e+01  LP_primal= 5.710632e-11  LP_dual= 1.734723e-18  active_cuts=82  certified
  certificate  stage=STEP 4  complete  reason=step4_complete  wall=5.111270e-04s  cpu=5.120000e-04s  provider=0  solves=1  iterations=1

STEP 5
  certificate  stage=STEP 5 LOCAL  major=77  attempt=346  accepted  reason=success  P rel.= 5.444399e-14  objective=-5.315062e+01  upper=-5.599618e+01  gap=-2.845555e+00  wall=0.000000e+00s  cpu=0.000000e+00s  provider=0  solves=0  iterations=0
  certificate  stage=STEP 5 LOCAL  major=77  attempt=347  accepted  reason=success  P rel.= 6.191387e-14  objective=-5.315062e+01  upper=-5.599618e+01  gap=-2.845555e+00  wall=0.000000e+00s  cpu=0.000000e+00s  provider=0  solves=0  iterations=0
  certificate  stage=STEP 5 LOCAL  major=77  attempt=348  accepted  reason=success  P rel.= 4.812331e-14  objective=-5.315062e+01  upper=-5.599618e+01  gap=-2.845555e+00  wall=0.000000e+00s  cpu=0.000000e+00s  provider=0  solves=0  iterations=0
  certificate  stage=STEP 5 LOCAL  major=77  attempt=349  accepted  reason=success  P rel.= 3.131607e-14  objective=-5.315062e+01  upper=-5.599618e+01  gap=-2.845555e+00  wall=0.000000e+00s  cpu=0.000000e+00s  provider=0  solves=0  iterations=0
  certificate  stage=STEP 5 LOCAL  major=77  attempt=350  accepted  reason=success  P rel.=-1.511390e-09  objective=-5.599618e+01  upper=-5.599618e+01  gap= 5.709921e-11  wall=0.000000e+00s  cpu=0.000000e+00s  provider=0  solves=0  iterations=0
  certificate  stage=STEP 5  complete  reason=step5_complete  wall=1.164765e-01s  cpu=1.164780e-01s  provider=95  solves=5  iterations=87

STEP 6
  certificate  stage=STEP 6  complete  reason=candidate_set  wall=2.468900e-05s  cpu=2.500000e-05s  provider=0  solves=0  iterations=0

STEP 8
  certificate  stage=STEP 8  complete  reason=step8_complete  wall=3.327651e-02s  cpu=3.327800e-02s  provider=58  solves=1  iterations=10

STEP 9
  certificate  stage=STEP 9  failed  objective=-5.599618e+01  upper=-5.599618e+01  gap= 1.777778e-11  wall=0.000000e+00s  cpu=0.000000e+00s  provider=0  solves=0  iterations=0
  certificate  stage=STEP 9  complete  reason=paper_potential_convergence_failed  wall=1.729079e-03s  cpu=1.729000e-03s  provider=2  solves=0  iterations=0

STEP 7
  certificate  stage=STEP 7  complete  reason=continue_stage_ii  wall=1.220000e-06s  cpu=1.000000e-06s  provider=0  solves=0  iterations=0

STEP 4
  STAGE II STEP 4  major=78  upper=-5.599618e+01  LP_primal= 5.710632e-11  LP_dual= 1.734723e-18  active_cuts=83  certified
  certificate  stage=STEP 4  complete  reason=step4_complete  wall=5.256270e-04s  cpu=5.260000e-04s  provider=0  solves=1  iterations=1

STEP 5
  certificate  stage=STEP 5 LOCAL  major=78  attempt=351  accepted  reason=success  P rel.= 3.648753e-14  objective=-5.315062e+01  upper=-5.599618e+01  gap=-2.845555e+00  wall=0.000000e+00s  cpu=0.000000e+00s  provider=0  solves=0  iterations=0
  certificate  stage=STEP 5 LOCAL  major=78  attempt=352  accepted  reason=success  P rel.= 1.422152e-13  objective=-5.315062e+01  upper=-5.599618e+01  gap=-2.845555e+00  wall=0.000000e+00s  cpu=0.000000e+00s  provider=0  solves=0  iterations=0
  certificate  stage=STEP 5 LOCAL  major=78  attempt=353  accepted  reason=success  P rel.= 6.363769e-14  objective=-5.315062e+01  upper=-5.599618e+01  gap=-2.845555e+00  wall=0.000000e+00s  cpu=0.000000e+00s  provider=0  solves=0  iterations=0
  certificate  stage=STEP 5 LOCAL  major=78  attempt=354  accepted  reason=success  P rel.= 5.279199e-13  objective=-5.315062e+01  upper=-5.599618e+01  gap=-2.845555e+00  wall=0.000000e+00s  cpu=0.000000e+00s  provider=0  solves=0  iterations=0
  certificate  stage=STEP 5 LOCAL  major=78  attempt=355  accepted  reason=success  P rel.= 1.018490e-13  objective=-5.315062e+01  upper=-5.599618e+01  gap=-2.845555e+00  wall=0.000000e+00s  cpu=0.000000e+00s  provider=0  solves=0  iterations=0
  certificate  stage=STEP 5 LOCAL  major=78  attempt=356  accepted  reason=success  P rel.= 5.171460e-14  objective=-5.315062e+01  upper=-5.599618e+01  gap=-2.845555e+00  wall=0.000000e+00s  cpu=0.000000e+00s  provider=0  solves=0  iterations=0
  certificate  stage=STEP 5 LOCAL  major=78  attempt=357  accepted  reason=success  P rel.= 6.291944e-14  objective=-5.315062e+01  upper=-5.599618e+01  gap=-2.845555e+00  wall=0.000000e+00s  cpu=0.000000e+00s  provider=0  solves=0  iterations=0
  certificate  stage=STEP 5 LOCAL  major=78  attempt=358  accepted  reason=success  P rel.= 3.318354e-14  objective=-5.315062e+01  upper=-5.599618e+01  gap=-2.845555e+00  wall=0.000000e+00s  cpu=0.000000e+00s  provider=0  solves=0  iterations=0
  certificate  stage=STEP 5 LOCAL  major=78  attempt=359  accepted  reason=success  P rel.= 2.499539e-13  objective=-5.315062e+01  upper=-5.599618e+01  gap=-2.845555e+00  wall=0.000000e+00s  cpu=0.000000e+00s  provider=0  solves=0  iterations=0
  certificate  stage=STEP 5 LOCAL  major=78  attempt=360  accepted  reason=success  P rel.= 3.907326e-14  objective=-5.315062e+01  upper=-5.599618e+01  gap=-2.845555e+00  wall=0.000000e+00s  cpu=0.000000e+00s  provider=0  solves=0  iterations=0
  certificate  stage=STEP 5 LOCAL  major=78  attempt=361  accepted  reason=success  P rel.= 4.598290e-13  objective=-5.315062e+01  upper=-5.599618e+01  gap=-2.845555e+00  wall=0.000000e+00s  cpu=0.000000e+00s  provider=0  solves=0  iterations=0
  certificate  stage=STEP 5 LOCAL  major=78  attempt=362  accepted  reason=success  P rel.= 2.284062e-13  objective=-5.315062e+01  upper=-5.599618e+01  gap=-2.845555e+00  wall=0.000000e+00s  cpu=0.000000e+00s  provider=0  solves=0  iterations=0
  certificate  stage=STEP 5 LOCAL  major=78  attempt=363  accepted  reason=success  P rel.=-1.527593e-09  objective=-5.599618e+01  upper=-5.599618e+01  gap= 5.712764e-11  wall=0.000000e+00s  cpu=0.000000e+00s  provider=0  solves=0  iterations=0
  certificate  stage=STEP 5  complete  reason=step5_complete  wall=3.081164e-01s  cpu=3.081190e-01s  provider=279  solves=13  iterations=258

STEP 6
  certificate  stage=STEP 6  complete  reason=candidate_set  wall=2.562000e-05s  cpu=2.600000e-05s  provider=0  solves=0  iterations=0

STEP 8
  certificate  stage=STEP 8  complete  reason=step8_complete  wall=3.080271e-02s  cpu=3.079600e-02s  provider=58  solves=1  iterations=10

STEP 9
  certificate  stage=STEP 9  failed  objective=-5.599618e+01  upper=-5.599618e+01  gap= 1.777778e-11  wall=0.000000e+00s  cpu=0.000000e+00s  provider=0  solves=0  iterations=0
  certificate  stage=STEP 9  complete  reason=paper_potential_convergence_failed  wall=1.554731e-03s  cpu=1.555000e-03s  provider=2  solves=0  iterations=0

STEP 7
  certificate  stage=STEP 7  complete  reason=continue_stage_ii  wall=1.090000e-06s  cpu=1.000000e-06s  provider=0  solves=0  iterations=0

STEP 4
  STAGE II STEP 4  major=79  upper=-5.599618e+01  LP_primal= 5.712764e-11  LP_dual= 1.734723e-18  active_cuts=84  certified
  certificate  stage=STEP 4  complete  reason=step4_complete  wall=4.630170e-04s  cpu=4.630000e-04s  provider=0  solves=1  iterations=1

STEP 5
  certificate  stage=STEP 5 LOCAL  major=79  attempt=364  accepted  reason=success  P rel.= 5.372573e-14  objective=-5.315062e+01  upper=-5.599618e+01  gap=-2.845555e+00  wall=0.000000e+00s  cpu=0.000000e+00s  provider=0  solves=0  iterations=0
  certificate  stage=STEP 5 LOCAL  major=79  attempt=365  accepted  reason=success  P rel.= 4.831006e-13  objective=-5.315062e+01  upper=-5.599618e+01  gap=-2.845555e+00  wall=0.000000e+00s  cpu=0.000000e+00s  provider=0  solves=0  iterations=0
  certificate  stage=STEP 5 LOCAL  major=79  attempt=366  accepted  reason=success  P rel.= 5.171460e-14  objective=-5.315062e+01  upper=-5.599618e+01  gap=-2.845555e+00  wall=0.000000e+00s  cpu=0.000000e+00s  provider=0  solves=0  iterations=0
  certificate  stage=STEP 5 LOCAL  major=79  attempt=367  accepted  reason=success  P rel.= 5.473129e-14  objective=-5.315062e+01  upper=-5.599618e+01  gap=-2.845555e+00  wall=0.000000e+00s  cpu=0.000000e+00s  provider=0  solves=0  iterations=0
  certificate  stage=STEP 5 LOCAL  major=79  attempt=368  accepted  reason=success  P rel.=-1.524032e-09  objective=-5.599618e+01  upper=-5.599618e+01  gap= 5.710632e-11  wall=0.000000e+00s  cpu=0.000000e+00s  provider=0  solves=0  iterations=0
  certificate  stage=STEP 5  complete  reason=step5_complete  wall=1.169095e-01s  cpu=1.168980e-01s  provider=107  solves=5  iterations=99

STEP 6
  certificate  stage=STEP 6  complete  reason=candidate_set  wall=2.495000e-05s  cpu=2.500000e-05s  provider=0  solves=0  iterations=0

STEP 8
  certificate  stage=STEP 8  complete  reason=step8_complete  wall=3.098662e-02s  cpu=3.098800e-02s  provider=58  solves=1  iterations=10

STEP 9
  certificate  stage=STEP 9  failed  objective=-5.599618e+01  upper=-5.599618e+01  gap= 1.778488e-11  wall=0.000000e+00s  cpu=0.000000e+00s  provider=0  solves=0  iterations=0
  certificate  stage=STEP 9  complete  reason=paper_potential_convergence_failed  wall=1.560791e-03s  cpu=1.561000e-03s  provider=2  solves=0  iterations=0

STEP 7
  certificate  stage=STEP 7  indeterminate  reason=stage_ii_major_iteration_limit  wall=1.410000e-06s  cpu=1.000000e-06s  provider=0  solves=0  iterations=0
